transaction_id,transaction_date,process_date,product_id,customer_id,transaction_type,transaction_category,amount,currency,amount_usd,channel,branch_id,merchant_name,merchant_category,transaction_country,transaction_city,transaction_status,response_code,is_fraud,fraud_score,latitude,longitude
TRX-2NBKRNPDNMRU92AATTFY,2025-03-15 15:26:46,2025-03-15,PRD-UZETHW95XZAU,CLI-YUJ6TIVMWUHX,Withdrawal,,1703351.72,COP,425.84,ATM,SUC-HAC1OZ8F,,,Colombia,Cartagena,Approved,00,False,18.13,,
TRX-9HFH54BW7ESZ65EKS6ZF,2025-03-15 23:14:19,2025-03-15,PRD-S1A3FNWPYIW8,CLI-SB1BZEM2N4MB,Purchase,Other,5.36,USD,,ATM,SUC-9L4T3P44,Boutique Moda,Other,México,,Approved,00,False,14.96,0.5945256,0.0602031
TRX-DIP40MKC2UM5I4ERK7QW,2025-03-15 10:33:58,2025-03-15,PRD-OZU0W6QPFVHL,CLI-1U6CNI1APJGR,Withdrawal,,284.85,USD,,ATM,SUC-XAEWUJQS,,,México,Querétaro,Approved,00,False,10.5,,
TRX-Q4NHC2MDV8NDOY0KR9JB,2025-03-15 11:34:24,2025-03-15,PRD-VRTDY91LMNLB,CLI-7JVRQV0JYNP1,Deposit,,613073.09,COP,153.27,POS,,,,Colombia,Cartagena,Approved,00,False,,,
TRX-U3F61SSOUY5YZAZRIVGP,2025-03-16 05:52:20,2025-03-15,PRD-O26SI4JBQIYL,CLI-Y71D4BJVMHPV,Purchase,Other,174.2,USD,,POS,,Boutique Moda,Other,Colombia,Bogotá,Approved,00,False,3.98,,
TRX-MLXZT2T7H7BCZ9V2BV5L,2025-03-15 09:12:04,2025-03-15,PRD-G0LX744BRDEO,CLI-9WOP898OYGDG,Deposit,,1326.0,USD,,POS,,,,México,,Approved,00,False,25.62,-0.593989,-0.779059
TRX-434FNI9I35AU3BPFFHGG,2025-03-16 02:38:17,2025-03-15,PRD-AKEJVDYIB3J2,CLI-CXKPRUQG3YPV,Withdrawal,,152.68,USD,,App,,,,México,,Approved,00,False,29.49,,
TRX-38BU28QLG701XCUCI9I6,2025-03-15 13:55:31,2025-03-15,PRD-YPBOVNBYL3XZ,CLI-HVFFKOKCVKMO,Purchase,Services,71.85,USD,,POS,,Cable TV,Services,México,Guadalajara,Approved,00,False,,,
TRX-64L51E8ORVKOQY7CXJDE,2025-03-15 21:00:06,2025-03-15,PRD-MPOYG206OD6U,CLI-0MHHNW65I1Q7,Transfer,,2362296.7,ARS,6749.42,Web,,,,Argentina,La Plata,Approved,00,False,,,
TRX-JLDRF92HOUX2KRSJ5OI4,2025-03-15 11:16:34,2025-03-15,PRD-8DY5PSCQI4VY,CLI-8FBEJU1QJW2S,Withdrawal,,290.95,USD,,POS,,,,México,Monterrey,Approved,00,False,16.69,-0.9122661,0.5866043
TRX-OKWGGDPFJUAY7HVKTXWB,2025-03-15 20:40:38,2025-03-15,PRD-Q0MUY4N5EUX3,CLI-VXZ6UREKFU5T,Transfer,,3950.69,USD,,POS,,,,México,Querétaro,Approved,00,False,7.46,,
TRX-RPVXPKUHJTJFP4FY8R2D,2025-03-15 14:58:20,2025-03-15,PRD-O9VKGRLTRWBV,CLI-2PI6EMEZBTQ1,Purchase,Food,334.02,USD,,App,,Restaurante El Buen Sabor,Food,México,Tijuana,Approved,00,False,24.78,,
TRX-PLW3CKRXWH3IXQFTW6VX,2025-03-15 06:48:19,2025-03-15,PRD-6HCILDSNKTU5,CLI-ET3T1J9UVFUQ,Withdrawal,,407.57,USD,,ATM,SUC-ZXOSBE5D,,,México,Guadalajara,Approved,00,False,15.85,,
TRX-QHDN5V52J7CXZO5005CT,2025-03-15 13:13:54,2025-03-15,PRD-7SNR9QB5F21K,CLI-6W5IB0L4UE2I,Deposit,,1703906.5,ARS,4868.3,ATM,SUC-2VHGDILI,,,Argentina,Mendoza,Pending,,False,23.07,-34.1870501,-59.3729265
TRX-M7NX595ZT62K8NJIZKZ5,2025-03-16 01:49:52,2025-03-15,PRD-CZ747GSH4VN1,CLI-2QNBA8CYVYI1,Transfer,,8124.41,USD,,POS,,,,México,Guadalajara,Approved,00,False,19.97,,
TRX-X463AOC4RAYKR6851O7L,2025-03-15 13:09:15,2025-03-15,PRD-Y60JUBQZES3U,CLI-1OZF3BEG3HTI,Purchase,,112.99,USD,,POS,,Super Ahorro,Food,México,Tijuana,Approved,00,False,9.85,,
TRX-RYELNS9ORI6AX6V8NS4Y,2025-03-15 20:37:14,2025-03-15,PRD-5BTAE3PRW74R,CLI-PSGAR1QCQWTQ,Purchase,Other,490.61,USD,,App,,Boutique Moda,Other,México,Ciudad de México,Approved,00,False,8.31,,
TRX-4L5AL6VLYV6LI7TUEF0I,2025-03-15 14:52:26,2025-03-15,PRD-8YMYOMM4MQOP,CLI-LPQSBNQFQT76,Transfer,,20616808.52,COP,5154.2,Web,,,,Colombia,Cali,Approved,00,False,10.89,,
TRX-VIBCZDBKF0DS5BDUSH9N,2025-03-15 22:39:55,2025-03-15,PRD-TYDJD48QJL9F,CLI-8G80HNN16YAE,Payment,Entertainment,147.17,USD,,ATM,SUC-JJT8C9XQ,,,México,Querétaro,Approved,00,False,16.03,-0.7401804,-0.433222
TRX-NUUR7ZMBLPGGXBUJ43ON,2025-03-15 13:07:27,2025-03-15,PRD-F6WB6RPUVEIM,CLI-AFNTEOFBFS1D,Purchase,Entertainment,35634.0,ARS,101.81,ATM,SUC-C1OF9350,Cine Premium,Entertainment,Argentina,Rosario,Approved,00,False,7.64,-34.4159451,-58.5584571
TRX-90O3U3EBCWM8W1BJVPZE,2025-03-16 05:27:00,2025-03-15,PRD-HHKRM21GFP9J,CLI-C8DBEIGFQH9Z,Purchase,Services,252.58,USD,,ATM,SUC-E4V48SY3,Cable TV,Services,México,Guadalajara,Approved,00,False,24.32,,
TRX-EU4YQE3HKPCJP40E61K3,2025-03-15 13:20:10,2025-03-15,PRD-RBT55N5H48M2,CLI-FKKRQCXQO64V,Purchase,Transport,108.65,USD,,ATM,SUC-1AT6YUKJ,Estación de Servicio,Transport,México,Guadalajara,Approved,00,False,3.93,,
TRX-GWO061EE1I56YLLXU83S,2025-03-15 21:44:37,2025-03-15,PRD-K34YUAYADLJ9,CLI-OZCG2YWR50H4,Withdrawal,,72094.53,ARS,205.98,ATM,SUC-10TO2Y3U,,,Argentina,Rosario,Approved,00,False,,,
TRX-EF0BN3NIRRVT4YAIF9XO,2025-03-15 07:44:10,2025-03-15,PRD-5TCVP1CA170J,CLI-KV6XEZ31KWOO,Transfer,,2070.44,USD,,Web,,,,Colombia,Cali,Approved,00,False,,,
TRX-2HC58EMJOTGKJXAUMM32,2025-03-15 17:18:08,2025-03-15,PRD-TVF2QP0VFTW2,CLI-GM2SQ930TAUY,Payment,Transport,221.82,USD,,POS,,,,Argentina,Mendoza,Approved,00,False,6.44,-0.5265998,0.0596764
TRX-1G6R21AQMPGV996TF5J5,2025-03-15 18:10:03,2025-03-15,PRD-XZ650ADHPDXE,CLI-BZ08Z17BWSJB,Withdrawal,,70672.18,ARS,201.92,POS,,,,Argentina,Mendoza,Approved,00,False,1.21,,
TRX-69E6M3Q3I5FRIQJZ45G7,2025-03-15 22:56:27,2025-03-15,PRD-DPTQ5DH5AUOH,CLI-KHLNPLQL4ZNF,Payment,Transport,459.84,USD,,POS,,,,México,Querétaro,Approved,00,False,29.46,,
TRX-JRZEFXIIO4IWPF7FR60L,2025-03-15 18:39:49,2025-03-15,PRD-P2SM090KX394,CLI-AY4P6THKVK9Q,Withdrawal,,67.55,USD,,App,,,,México,Puebla,Approved,00,False,7.33,,
TRX-XYOKNWDCO0DGRRE08OV7,2025-03-15 19:03:11,2025-03-15,PRD-YP2934PFIIQ3,CLI-6LA15VLEI68T,Payment,Other,1552.45,USD,,ATM,SUC-ECJP9AEQ,,,México,Ciudad de México,Approved,00,False,29.59,,
TRX-F1V2TK1TGHXM8OM9A1CT,2025-03-15 18:38:48,2025-03-15,PRD-ENUW9ZCD3OXM,CLI-28XTR8HSNA01,Transfer,,897.55,USD,,ATM,SUC-QE974U7T,,,México,,Approved,00,False,22.46,0.4784055,-0.8430048
TRX-BKFFK4AEQTAPZOBGV8MK,2025-03-16 00:25:30,2025-03-15,PRD-0G5F7PBXFNN0,CLI-2DXSL42Y76D6,Purchase,Transport,422.88,USD,,POS,,Gasolinera Express,Transport,México,Guadalajara,Approved,00,False,9.61,0.5099756,
TRX-XULNFJ1SE1WGVB06V0DR,2025-03-16 05:31:51,2025-03-15,PRD-T6HY8SSHBI5B,CLI-WLVK2JBVSRAI,Purchase,,1101035.05,COP,275.26,ATM,SUC-E1VTXGEU,Mercado Central,Food,Colombia,Cali,Approved,00,False,13.07,,
TRX-ZPSNUJ9751V3W10ZGAG8,2025-03-15 09:41:37,2025-03-15,PRD-FF6RQTBXHG7T,CLI-082KWU02FPC3,Withdrawal,,304.12,USD,,ATM,SUC-KD93KQ8I,,,México,Guadalajara,Approved,00,False,8.53,-0.3436597,0.2233052
TRX-YSH8A407PFY29WTLBAFN,2025-03-15 13:12:59,2025-03-15,PRD-1DRBCQ5WDC5I,CLI-M10FNB46B57M,Payment,Food,691751.08,ARS,1976.43,POS,,,,Argentina,Mendoza,Approved,00,False,19.74,-34.2951527,-57.6993729
TRX-UQ7FMI0C8V590WN5G752,2025-03-15 22:37:10,2025-03-15,PRD-HBGRNIMN63KL,CLI-MRKHOVK4L9MK,Payment,Other,645157.89,ARS,1843.31,POS,,,,Argentina,Mendoza,Approved,00,False,,,
TRX-5DXOPWE430V1ZGPSQ2SZ,2025-03-15 06:46:19,2025-03-15,PRD-JE24GMYF1D2G,CLI-CKRHF0NRVT5Z,Withdrawal,,125023.36,ARS,357.21,POS,,,,Argentina,Rosario,Approved,00,False,3.68,,
TRX-NX05TGKHVST8ISOTQ0OU,2025-03-16 04:37:46,2025-03-15,PRD-NHHG6P5Q7URJ,CLI-8H8VECJ4ZXI8,Withdrawal,,409.27,USD,,Web,,,,México,Tijuana,Approved,00,False,17.23,,
TRX-QKE5KL0O313B2O89UB60,2025-03-15 07:53:44,2025-03-15,PRD-9DXKGILNXUO9,CLI-QPN4VHIZPR2D,Deposit,,8231774.69,COP,2057.94,ATM,SUC-IKK3G59W,,,USA,New York,Approved,00,False,7.28,,
TRX-Z8CZ1PTIYRNH7M9JNZ9D,2025-03-15 18:12:10,2025-03-15,PRD-RUT27V9K5NQE,CLI-HP0AFEG1MFZQ,Withdrawal,,122.83,USD,,ATM,SUC-4B1UVBW3,,,Colombia,,Approved,00,False,,,
TRX-09KYBJGFTBDYNFLWUTTT,2025-03-15 07:05:30,2025-03-15,PRD-9Y6776WZQ3N4,CLI-PYF56H5J668P,Purchase,Food,111.86,USD,,ATM,SUC-FQBLIDK9,Mercado Central,Food,México,Ciudad de México,Approved,00,False,,-0.2692162,-0.3266432
TRX-A6AAPLW9Z6VIR74FJYFX,2025-03-16 03:12:42,2025-03-15,PRD-BUUXDHJULOED,CLI-HBMKYBUDCVUO,Transfer,,3158.58,USD,,POS,,,,México,Puebla,Approved,00,False,29.73,,
TRX-SNFIITZE7NDD77PZV68M,2025-03-15 16:05:07,2025-03-15,PRD-PBIMLSR4RTIL,CLI-0FHLI5LVRW3S,Withdrawal,,27.24,USD,,POS,,,,México,Ciudad de México,Approved,00,False,,-0.0529601,-0.3604253
TRX-1NYQDODJAJCXA7F98X7V,2025-03-15 17:31:20,2025-03-15,PRD-Q8NHMVMCWXWJ,CLI-8IQJIG8JP98U,Payment,,7155241.7,COP,1788.81,ATM,SUC-A6PLAS9M,,,Colombia,Medellín,Declined,54,False,0.78,,
TRX-EBOEFUNXST262KLRHX8R,2025-03-16 00:32:41,2025-03-15,PRD-GJ00CELRBE03,CLI-XOLL4H8HAP92,Purchase,Food,157.73,USD,,App,,Mercado Central,Food,México,Ciudad de México,Approved,00,False,,,
TRX-U2V2G3L1LEEEIJY3RO4O,2025-03-15 21:17:06,2025-03-15,PRD-6RRBTHLB4FJQ,CLI-1SZYXB4YARJV,Withdrawal,,373489.14,COP,93.37,ATM,SUC-XV4BJ541,,,Colombia,Barranquilla,Reversed,54,False,23.62,,
TRX-Y6LAV2VEI1ITWRPZPMAI,2025-03-15 10:03:38,2025-03-15,PRD-PX26U02XKFJB,CLI-HF39E0T1UYKE,Purchase,Services,453.77,USD,,ATM,SUC-KX44GJKB,Cable TV,Services,México,Monterrey,Approved,00,False,2.76,,
TRX-FBYOGITN4WVIPXRC7EJ7,2025-03-16 02:44:56,2025-03-15,PRD-3JMNDGU0GLMA,CLI-2TP27A6ELGKK,Adjustment,,658.4,USD,,Branch,SUC-6V3PNVG9,,,México,Tijuana,Approved,00,False,,-0.0514102,-0.8188281
TRX-2M641LKPLD1MC7V2YZLY,2025-03-16 04:50:27,2025-03-15,PRD-QYXTVG3YUVFH,CLI-68K8ZAA7PBCX,Withdrawal,,470.11,USD,,ATM,SUC-8GXP9TIM,,,México,Querétaro,Approved,00,False,12.66,,
TRX-2DXC6BIFG6CD8PWBMBBR,2025-03-16 03:48:42,2025-03-15,PRD-3ZQWHCX126FL,CLI-NIV3520UNFP3,Withdrawal,,114.04,USD,,ATM,SUC-4HF4J8KO,,,México,Tijuana,Approved,,False,21.61,,
TRX-OM4Y1HGJD0D01E22681P,2025-03-15 10:05:02,2025-03-15,PRD-RC9DEAAUIWKR,CLI-YRMWA53TYXFS,Transfer,,3059374.42,ARS,8741.07,ATM,SUC-KHBP7W0V,,,Argentina,La Plata,Approved,00,False,21.33,,
TRX-VJOJ4MYY6DUMMWZHVJOJ,2025-03-15 12:27:25,2025-03-15,PRD-XTBYA9V9AHME,CLI-V4WZTYYVDLJW,Purchase,Other,444.07,USD,,App,,Boutique Moda,Other,México,Tijuana,Approved,00,False,20.16,,
TRX-S5ICYF73X7G7XOP3JCT9,2025-03-15 12:27:23,2025-03-15,PRD-U8XLOVCAA0AY,CLI-OF54LT3ASQHS,Deposit,,3181.02,USD,,POS,,,,México,Puebla,Approved,00,False,,-0.4572388,-0.4720102
TRX-501OCOWZQZWFSFAK4SQD,2025-03-15 23:30:50,2025-03-15,PRD-WXKDL3K1VMGD,CLI-VJSO33S9ZTL4,Purchase,Entertainment,934467.67,COP,,Web,,Teatro Nacional,Entertainment,Colombia,Medellín,Approved,00,False,13.39,,
TRX-ZBFIML94FJ84BYNX0USM,2025-03-15 07:05:56,2025-03-15,PRD-VR3K26HRVP5A,CLI-IJU4HAEYQDHR,Withdrawal,,98513.5,ARS,281.47,POS,,,,Argentina,Córdoba,Approved,00,False,16.25,,
TRX-M6ZAQB5RLNWVWIKU8PD3,2025-03-15 14:38:58,2025-03-15,PRD-HE3DWPX2C1QM,CLI-9WZI8RMZ1MK9,Withdrawal,,375.23,USD,,Web,,,,México,Puebla,Approved,00,False,11.84,,
TRX-39F7BG6LMXTMWC6J7P93,2025-03-15 14:01:10,2025-03-15,PRD-KU7NTKHFDD3N,CLI-RNGK4N0FBYSI,Purchase,Services,220.86,USD,,ATM,SUC-RDJC9IH3,Internet Plus,Services,México,Querétaro,Approved,,False,4.67,,
TRX-NGZGYKHQY6JJT7A300OY,2025-03-16 02:10:28,2025-03-15,PRD-RAW359355B4U,CLI-4YO10TEFUN5A,Withdrawal,,92651.29,ARS,264.72,Branch,SUC-2T5PUX8Q,,,Argentina,Mendoza,Declined,14,False,0.35,,
TRX-N66F7BGZEKJXVFSTEKDT,2025-03-16 04:16:32,2025-03-15,PRD-1SPZ1A610ATT,CLI-7NMTKVGUP13C,Transfer,,7930798.81,COP,1982.7,ATM,SUC-LWQND6S8,,,Colombia,Bogotá,Approved,00,False,13.35,,
TRX-9YRFK54QAYXCN7BBS0QE,2025-03-15 19:38:08,2025-03-15,PRD-M3BOAESX7HQJ,CLI-7J50PWRIMA2S,Purchase,Food,214.6,USD,,POS,,Mercado Central,Food,México,Puebla,Declined,54,False,,0.3026454,0.3036055
TRX-4T3DD7NMUCMGGNMO5QYY,2025-03-16 00:20:19,2025-03-15,PRD-0O6DICXUEKFK,CLI-4RZZ7RRTVL8Q,Payment,Food,67.42,USD,,POS,,,,Argentina,Rosario,Approved,00,False,16.99,,
TRX-3EMOZNU0R0ZKY8EK9VYX,2025-03-16 01:01:17,2025-03-15,PRD-TTNM8KERO9XP,CLI-OF5Q1E37VMEU,Purchase,Other,1567755.78,COP,391.94,POS,,Tienda General,Other,Colombia,Barranquilla,Approved,00,False,23.7,,
TRX-N4JKPFWJ6OCEB521BFS6,2025-03-16 02:01:26,2025-03-15,PRD-RVHJ7RBPXILW,CLI-P1LPO7VSV3AY,Withdrawal,,468.32,USD,,App,,,,México,Puebla,Approved,,False,,,
TRX-F9RTJHFD7M1IC7PM9RHQ,2025-03-15 08:59:40,2025-03-15,PRD-TNONHWPIMA4O,CLI-MG31U7Y5Z7S5,Purchase,Other,180.95,USD,,POS,,Boutique Moda,Other,Colombia,,Approved,00,False,,,
TRX-ZMISI7QCIV7QSWFSNT79,2025-03-15 11:05:01,2025-03-15,PRD-JBMIY2NE93DB,CLI-YC54CJIFM11I,Deposit,,4731.97,USD,,ATM,SUC-CJYLJUTF,,,México,Monterrey,Approved,00,False,7.49,,
TRX-3C83P9ABE5V8D1J9WA92,2025-03-16 01:38:56,2025-03-15,PRD-IH90YTYU54AR,CLI-Z6RN83Q6GPP1,Deposit,,17241368.78,COP,4310.34,Transfer,,,,Colombia,Cali,Approved,00,False,5.55,,
TRX-ORM533BPHZGIWBCF74WG,2025-03-15 08:26:38,2025-03-15,PRD-WZOOZCBCPMNG,CLI-MR6H1NM8V1BZ,Transfer,,9115.9,USD,,ATM,SUC-WSUW783S,,,México,Guadalajara,Pending,54,False,28.18,,
TRX-EP2D6FIPSCVWGT7V0FDE,2025-03-15 08:45:00,2025-03-15,PRD-99V2KP03K0Q7,CLI-C77Z3DOT6J8G,Transfer,,2094440.24,ARS,5984.11,POS,,,,Argentina,La Plata,Approved,00,False,7.28,-34.2785582,-58.5982053
TRX-R4ACH8GBBYRX8MJARSF6,2025-03-16 02:35:54,2025-03-15,PRD-UVMBBM4LZNYJ,CLI-1CV57AW6ZXNK,Purchase,Services,135.08,USD,,App,,Empresa Telefónica,Services,México,Querétaro,Approved,00,False,0.64,,
TRX-CNUUUVLPT9N9T85UPGAQ,2025-03-15 12:44:20,2025-03-15,PRD-L6VCAQKGDTYW,CLI-YEWGG4KLJZD0,Withdrawal,,497.99,USD,,POS,,,,México,Puebla,Approved,00,False,,-0.538184,0.3337426
TRX-CV4ML2U5HN1L5J4QQGKC,2025-03-15 22:27:42,2025-03-15,PRD-5D22QSNN76HI,CLI-C5PTI19XM6LD,Transfer,,24262674.27,COP,6065.67,Web,,,,Colombia,,Declined,05,False,13.64,,
TRX-BU9PO974LMP5K10GE2FM,2025-03-15 22:12:45,2025-03-15,PRD-VNAZBI7F2CB6,CLI-CRY46Z1QKUBS,Payment,Food,233573.21,COP,58.39,POS,,,,Colombia,Barranquilla,Approved,00,False,,,
TRX-PLEBDEYYA2DJY6L1WXI7,2025-03-15 21:14:49,2025-03-15,PRD-LD7E245GK9O3,CLI-ULC9L2V6CDUR,Transfer,,2315.47,USD,,POS,,,,México,Querétaro,Approved,00,False,16.55,,
TRX-8ZM2TUJTVPAR3JB1ASJ1,2025-03-16 05:29:38,2025-03-15,PRD-8U4IDGHDDBRA,CLI-ZBJC6J10N6W7,Purchase,Health,489.34,USD,,ATM,SUC-JYU0POJ9,Laboratorio Central,Health,México,Tijuana,Approved,00,False,24.69,,
TRX-H5EVDYOK3PKITGY77K98,2025-03-15 18:07:10,2025-03-15,PRD-HNHIB2ERNB2N,CLI-NTYN7N23UEMO,Transfer,,8663.6,USD,,App,,,,USA,Houston,Approved,00,False,3.95,,
TRX-11L9SK61GJ8M31TZGTNF,2025-03-16 01:35:06,2025-03-15,PRD-WGV8E54MIXFI,CLI-WJ5ZN46XEE91,Transfer,,38765431.54,COP,9691.36,Web,,,,Colombia,,Approved,00,False,10.45,,
TRX-CQCGN2EGIWJQ8YOF660L,2025-03-15 15:07:43,2025-03-15,PRD-G11SIHV7YO9T,CLI-KEDZJHRJ7VLJ,Transfer,,1550434.09,ARS,4429.81,ATM,SUC-RAI81ICG,,,Argentina,Córdoba,Approved,00,False,13.9,-34.5919405,-58.4181743
TRX-6V1O0F47UELSSLJWH0Y3,2025-03-15 06:13:54,2025-03-15,PRD-ZPD5I8IL6WJ3,CLI-3P2FLX2N0TEY,Purchase,Food,1763336.36,COP,440.83,Branch,SUC-2NNWC3AV,Super Ahorro,Food,Colombia,Medellín,Approved,00,False,4.28,,
TRX-8Z23B32O47ASPR36PMNH,2025-03-15 16:02:38,2025-03-15,PRD-SH0WSYPWNFR3,CLI-7NU9QKS5TM00,Purchase,Food,324.75,USD,,POS,,Super Ahorro,Food,México,Ciudad de México,Approved,00,False,8.61,,
TRX-XHP47OGOTYCU7AITW1FH,2025-03-15 15:42:17,2025-03-15,PRD-L4NK0QQM152S,CLI-JD962NMQBRVC,Withdrawal,,432.17,USD,,ATM,SUC-E4V48SY3,,,México,Querétaro,Approved,00,False,2.59,,
TRX-5TPYSYC5S8AI3XMKHG3N,2025-03-16 02:44:38,2025-03-15,PRD-KTTU8LFYDJK9,CLI-P7D22IU3YPNS,Purchase,Other,79365.33,ARS,226.76,ATM,SUC-XHNP3DLP,Ferretería,Other,Argentina,Córdoba,Approved,00,False,0.15,,
TRX-ZBAYBT6TMLOIYJXM1AG1,2025-03-15 10:32:24,2025-03-15,PRD-JEZ8O219RD5H,CLI-6DBBB8DJKKZ3,Withdrawal,,425.25,USD,,App,,,,México,,Approved,00,False,4.87,,
TRX-HK02U54SNPSSOZQ4381X,2025-03-15 12:39:48,2025-03-15,PRD-MVTGT5OO5ZNK,CLI-F342T0BVBJ0L,Transfer,,7670.21,USD,,POS,,,,México,Monterrey,Approved,00,False,11.42,,
TRX-3H6ETC5CZYPTO0FJHUTW,2025-03-15 10:26:18,2025-03-15,PRD-G87GLBOQ4AO7,CLI-SFK3UQ4A1DJ6,Purchase,Transport,82938.36,ARS,236.97,Branch,SUC-FXWYIOXF,Gasolinera Express,Transport,Argentina,,Approved,00,False,1.65,-34.4087121,-59.0044515
TRX-KAH7ZCX6XGWFOYHZ1P7W,2025-03-15 11:04:44,2025-03-15,PRD-4TF4RPDK2GEE,CLI-GC8H6YY8ZZ7F,Payment,Transport,1848.68,USD,,POS,,,,México,Querétaro,Approved,00,False,26.86,,
TRX-1S8G2QMWRW0YIA8FJMPS,2025-03-15 23:36:22,2025-03-15,PRD-CLZ8IV4H5QCG,CLI-HRUDMEVSO7IQ,Deposit,,12426418.94,COP,3106.6,App,,,,Colombia,Bogotá,Approved,00,False,25.14,,
TRX-YAC12DRG4ON6SI7ETYRY,2025-03-15 09:06:38,2025-03-15,PRD-E3O8QLWVLAN5,CLI-276THV5VESLX,Withdrawal,,14023.24,ARS,40.07,POS,,,,Argentina,La Plata,Approved,00,False,13.38,,
TRX-PYFH8PQYMYOLTNLP9PBT,2025-03-16 00:02:28,2025-03-15,PRD-WU734X5NN5NP,CLI-8K3VX1NDD88S,Payment,Food,110.86,USD,,Web,,,,México,Querétaro,Declined,14,False,,,
TRX-V6I8JGXYK0WZZ4AMC6IF,2025-03-16 04:26:30,2025-03-15,PRD-BYYE0I9SRFAG,CLI-HIA1VLCRE8R3,Transfer,,5754.99,USD,,App,,,,Colombia,Bogotá,Approved,00,False,,,
TRX-R278ZZ1MM12R4B392KAV,2025-03-15 19:08:14,2025-03-15,PRD-JGZPTDMICJTB,CLI-WH6TSE1VFTA3,Payment,Transport,3109221.12,COP,777.31,Web,,,,Colombia,Bogotá,Approved,00,False,2.39,,
TRX-T8H76UQE1D6F0ZKRAACW,2025-03-16 00:57:09,2025-03-15,PRD-N33XMD05WPFT,CLI-PHIJHM7Z1OUL,Withdrawal,,264.04,USD,,POS,,,,México,Tijuana,Approved,00,False,10.11,,
TRX-O4XHYLLHORUAMEER431W,2025-03-15 15:12:06,2025-03-15,PRD-61XDUNXWH4M9,CLI-LJTFVZYP59F6,Adjustment,,3388138.71,COP,847.03,App,,,,Colombia,Medellín,Declined,14,False,25.35,,
TRX-SDGWVO9MD62SUJJDVA0V,2025-03-16 04:07:53,2025-03-15,PRD-X7ZNIXA5TINB,CLI-L905SDUK0SD9,Withdrawal,,454.1,USD,,ATM,,,,México,,Declined,54,False,9.54,,
TRX-JE4NJK5ZNE0P2ZCKW2O3,2025-03-16 01:19:38,2025-03-15,PRD-9GKTT75REGBM,CLI-Z44CPDYJQDKM,Purchase,Transport,345.35,USD,,ATM,SUC-6A2UBEHN,Gasolinera Express,Transport,México,Puebla,Approved,00,False,5.87,,
TRX-VV3KU1ZGJISQ1CAC137N,2025-03-15 16:55:59,2025-03-15,PRD-0HSME2HM1LPY,CLI-Q76VTNSKYHDP,Transfer,,29649443.7,COP,7412.36,POS,,,,Colombia,Medellín,Approved,00,False,14.76,,
TRX-W36W9LZCDA6Z2LK0UG5W,2025-03-15 23:12:27,2025-03-15,PRD-AO9LIQX57X4N,CLI-RXR08TEER6AJ,Withdrawal,,118684.97,ARS,339.1,App,,,,Argentina,Mendoza,Approved,00,False,20.6,,
TRX-LL6IBDI4KBFPY2715IPO,2025-03-15 20:32:59,2025-03-15,PRD-176FBA3S20GO,CLI-XR4DVP4G1OYG,Purchase,Food,168220.62,COP,42.06,ATM,SUC-X3OFCBL0,Tienda Don José,Food,Colombia,Cartagena,Approved,00,False,17.92,5.0623252,
TRX-FH6EOQNOM45B7GZ0MS70,2025-03-15 08:38:58,2025-03-15,PRD-LF6B2WWPBE6O,CLI-L702KJ6ZSB9V,Payment,Services,100783.28,ARS,287.95,POS,,,,Argentina,Rosario,Approved,00,False,20.44,,
TRX-53DG5K6XQC8ZTGJ0JF1I,2025-03-15 14:12:04,2025-03-15,PRD-4FB369OWHNZ4,CLI-EWFYZ6INDQ1E,Purchase,Health,132.27,USD,,Web,,Óptica Visión,Health,México,Guadalajara,Approved,00,False,,,
TRX-JRUDSMLCWX01LD66GIGE,2025-03-15 15:18:17,2025-03-15,PRD-ILH4SJKR5ITY,CLI-C0RHNOJ5VXX9,Purchase,Other,164540.33,ARS,470.12,App,,Boutique Moda,Other,Argentina,Buenos Aires,Approved,00,False,22.15,,
TRX-XJZP2C315WUIZ3ET9F5R,2025-03-16 00:22:08,2025-03-15,PRD-KP55ZAARFFVL,CLI-EIB1ICUBOD9V,Purchase,Other,176.52,USD,,POS,,Boutique Moda,Other,México,Querétaro,Pending,54,False,8.09,,
TRX-IZFKJ1LLNTRI58DLPSDK,2025-03-15 08:01:30,2025-03-15,PRD-L29Z81QSXT3D,CLI-NKRP7OH1J75B,Deposit,,3220.58,USD,,POS,,,,México,Tijuana,Approved,00,False,,,
TRX-E8OOW8KBHTRKZ3ZBI013,2025-03-15 11:16:54,2025-03-15,PRD-WV7KHHNGA2WO,CLI-S5VZ2O09Y5C1,Adjustment,,316.1,USD,,ATM,SUC-SFEFYC6O,,,México,Ciudad de México,Approved,00,False,29.86,,
TRX-47VEM76G54DV0T70RHOX,2025-03-16 05:24:24,2025-03-15,PRD-XZEL6BA3GOA3,CLI-9ULE8MEHQXQN,Transfer,,3986.03,USD,,ATM,SUC-SCFDICUT,,,México,Monterrey,Approved,00,False,24.44,,
TRX-CUX8495LKDXYLW6DV88C,2025-03-15 11:39:03,2025-03-15,PRD-QFENYN65W3DC,CLI-4UX20YUSPRPD,Transfer,,23270390.4,COP,5817.6,POS,,,,Colombia,,Approved,00,False,19.68,,-74.0556715
TRX-JIOO1GS5NK45QJTCQ6GN,2025-03-15 11:55:17,2025-03-15,PRD-PE8XXWF6A3XZ,CLI-L5ARPKOY6FCD,Purchase,Other,321.86,USD,,App,,Centro Comercial,Other,México,Guadalajara,Approved,00,False,7.78,,
TRX-2SUXEI41EE7H7VBLRDXY,2025-03-16 04:06:50,2025-03-15,PRD-Q9EPBBGGGXCM,CLI-YMEUVVZY9XE5,Withdrawal,,220.12,USD,,POS,,,,México,Puebla,Approved,00,False,16.04,-0.2169177,-0.4748257
TRX-IDIC31GOUWJ0GWGIZ0PC,2025-03-16 03:06:23,2025-03-15,PRD-SKVQ62PUOIIS,CLI-GCAMI3RZWODM,Withdrawal,,124504.54,ARS,355.73,Branch,SUC-QZP6DNTL,,,Argentina,Buenos Aires,Pending,05,False,21.01,,
TRX-URGSRVU6ECBN3ECEI863,2025-03-16 00:45:02,2025-03-15,PRD-0V9ICKD6CEJB,CLI-VWBM8LPQ8ICZ,Purchase,Services,1891254.74,COP,472.81,App,,,Services,Colombia,Bogotá,Approved,00,False,21.57,,
TRX-0IOV30RJDHXSQTRZIK05,2025-03-15 13:21:20,2025-03-15,PRD-LD5P3ZGJ8G9A,CLI-JBWZJN8PBOM1,Transfer,,1896.48,USD,,App,,,,México,Puebla,Approved,00,False,0.9,,
TRX-9KKM0BBKCNWT7GG1O2L5,2025-03-15 18:39:08,2025-03-15,PRD-LMPM10VYMPOZ,CLI-TMMH96YLKO4G,Transfer,,2228339.31,ARS,6366.68,ATM,SUC-0LZRXHCF,,,Argentina,Buenos Aires,Approved,,False,,,
TRX-1L3B1JR5HCLQIN26UZXB,2025-03-15 16:16:22,2025-03-15,PRD-98L3E5YP3AUH,CLI-3XRGN8F5Y9LU,Purchase,Food,396.48,USD,,Web,,Tienda Don José,Food,México,Querétaro,Approved,00,False,18.97,,
TRX-FE18HS5C7KL05QNBBJ0Y,2025-03-15 19:27:46,2025-03-15,PRD-AHN06OBZWOF4,CLI-8RKF5V7REH3S,Withdrawal,,351.01,USD,,Web,,,,México,Ciudad de México,Approved,00,False,22.45,,
TRX-HDIGWH1HRIC943V4WJWK,2025-03-15 06:45:01,2025-03-15,PRD-ZQDJM6GPYXKW,CLI-RXZEUSK9I2N7,Withdrawal,,257665.34,COP,64.42,ATM,SUC-OGCB7RT2,,,Colombia,Barranquilla,Approved,00,False,28.19,,
TRX-SF6FBIGUUUHCUYLFZXVR,2025-03-16 02:54:59,2025-03-15,PRD-FNPJ5FEGVSGY,CLI-QPJ5AGDTFN1G,Purchase,Food,297.19,USD,,App,,Restaurante El Buen Sabor,Food,México,Puebla,Declined,51,False,26.4,,
TRX-59C1UUWN19WYR0A9P8M6,2025-03-16 01:59:50,2025-03-15,PRD-HOBSI1NHPI7H,CLI-V4O9NOZP3J5F,Deposit,,6610186.59,COP,1652.55,App,,,,Colombia,,Approved,00,False,24.72,,
TRX-GK5WSVQJUGNFP1V60EO9,2025-03-15 15:13:46,2025-03-15,PRD-9C81H2A7BZLV,CLI-KCNO29180BCJ,Transfer,,31322158.32,COP,7830.54,POS,,,,Colombia,Bogotá,Approved,,False,22.34,3.719454,-73.6298098
TRX-JY2U2P7P8M2Y1Y271NXB,2025-03-15 07:56:14,2025-03-15,PRD-A3NJTGO9UBU6,CLI-5JEPIQ37N1P7,Adjustment,,247468.32,COP,61.87,Web,,,,Colombia,Bogotá,Approved,,False,,,
TRX-ZQ44XH6JKRF9UXVJ8O1M,2025-03-15 09:05:02,2025-03-15,PRD-BFPIFGO8JI0M,CLI-MUFUFLRNTZLE,Deposit,,355.89,USD,,POS,,,,México,Ciudad de México,Approved,00,False,2.85,,
TRX-FQUFT2JM6XCD4BS9PBNJ,2025-03-15 14:24:04,2025-03-15,PRD-HPNU7ZRSZ3GG,CLI-V2AW1QVQQ3YK,Withdrawal,,74.67,USD,,Web,,,,México,Ciudad de México,Approved,00,False,4.97,,
TRX-NRDJ03JGZL2KZ7FKF70V,2025-03-15 19:18:08,2025-03-15,PRD-965KASVQLV3V,CLI-32XXPE7APE38,Payment,Services,198090.96,ARS,565.97,POS,,,,Argentina,Córdoba,Approved,00,False,13.07,,
TRX-5VD60CTX16ZQMI0IJX21,2025-03-16 01:48:56,2025-03-15,PRD-Q76Z5B9C3JE2,CLI-12ZCR6L182BV,Purchase,Food,246.72,USD,,POS,,Mercado Central,Food,México,Monterrey,Approved,,False,6.9,,
TRX-QHJLP7MF3M26DNTSFNTA,2025-03-15 16:33:34,2025-03-15,PRD-D1ISMP8X4NTY,CLI-GC6Z5AJF5GMV,Withdrawal,,13766.93,ARS,39.33,ATM,SUC-7ZY1HPL0,,,Argentina,Mendoza,Approved,00,False,9.55,,
TRX-DRNE3ZCJI517WDADWNDQ,2025-03-15 18:25:17,2025-03-15,PRD-QYYHPLL50Q37,CLI-VOPWWDBQ4DOJ,Payment,,984752.92,COP,246.19,ATM,SUC-HAC1OZ8F,,,Spain,Sevilla,Approved,00,False,9.06,4.0273362,-74.6065127
TRX-5CTDB3S3URH1PX2FLZHB,2025-03-15 21:06:36,2025-03-15,PRD-Q8VMC1F6E2YO,CLI-LP1C6H2EGJ9M,Transfer,,2499.58,USD,,POS,,,,México,,Approved,00,False,16.64,-0.3907291,0.7190812
TRX-NWKDLAEXS3G7834MYG4Z,2025-03-15 08:26:50,2025-03-15,PRD-46CA8Y03SK6N,CLI-1FPP1HPZ4BKZ,Payment,,1098.89,USD,,POS,,,,México,Monterrey,Approved,00,False,8.54,,
TRX-QDUUPTM2VLGCFJWNH7LS,2025-03-15 18:12:55,2025-03-15,PRD-FH5IF7VL86TW,CLI-7N8995BO7USG,Withdrawal,,81662.32,ARS,233.32,ATM,SUC-XHNP3DLP,,,Argentina,La Plata,Approved,00,False,9.42,-35.3820407,-58.177996
TRX-MH9ENP8TOXCJLII6RYJO,2025-03-15 21:25:12,2025-03-15,PRD-E45N4LBOQ85J,CLI-6GAYJA85JHKT,Purchase,Food,278.59,USD,,ATM,SUC-FFI5DAEC,Tienda Don José,,México,Guadalajara,Approved,00,False,25.87,0.1646585,0.9255205
TRX-7ZW1JI0G1EWDC5IJBLML,2025-03-15 10:03:30,2025-03-15,PRD-4I109WQ9XNC9,CLI-EBPB84SEW7H3,Adjustment,,3583143.35,COP,895.79,POS,,,,Colombia,Medellín,Approved,00,False,29.56,,
TRX-SK9S4HGWCIRUQFXI5J3E,2025-03-15 12:06:01,2025-03-15,PRD-GUTTWX5ENKXG,CLI-70O9KDZQCM94,Transfer,,9386.18,USD,,App,,,,México,Puebla,Approved,00,False,17.58,,
TRX-KZ0195G1TDUBXU3JQT3H,2025-03-15 16:13:22,2025-03-15,PRD-FE6X3NA3QC2E,CLI-VU8OKMG05M1O,Purchase,Transport,1071085.94,COP,267.77,POS,,Taxi Seguro,Transport,Colombia,Barranquilla,Approved,00,False,1.83,,
TRX-ZREQIBZFKNOGOM8WJKS0,2025-03-15 07:18:01,2025-03-15,PRD-ZF6TJDXA1Z71,CLI-GBNPZXRYP5A1,Transfer,,5314.04,USD,,POS,,,,México,Querétaro,Declined,51,False,14.13,0.7406829,
TRX-J3X1EYCZ6MRE93IN9PCG,2025-03-16 01:36:54,2025-03-15,PRD-ZN6CLY0KIWBO,CLI-JZPPDMGFZ8ZL,Deposit,,4810.89,USD,,App,,,,México,Tijuana,Approved,00,False,8.88,,
TRX-S215GDDCA03AMW90ZQ33,2025-03-15 19:16:42,2025-03-15,PRD-5HOTTF2Q08DL,CLI-C92YD05HUOUO,Purchase,Food,226.64,USD,,POS,,Tienda Don José,Food,México,Querétaro,Approved,00,False,16.84,-0.4067851,-0.8543206
TRX-BT2WHLDEO5IDNB9UMCA7,2025-03-16 04:30:44,2025-03-15,PRD-SJ00KXSSTSRZ,CLI-AZNMFR5YCPYS,Withdrawal,,100.65,USD,,ATM,SUC-SDXPHMG4,,,México,Guadalajara,Approved,00,False,29.3,,
TRX-7ZS81RC890XEJPJHCMPK,2025-03-15 10:06:14,2025-03-15,PRD-T7UX88O864DF,CLI-ZGTI49JO8FBR,Payment,Services,321.6,USD,,POS,,,,México,Querétaro,Approved,00,False,29.21,-0.2510849,0.6486083
TRX-NQ87HPE90EX72WHQ15W5,2025-03-15 17:31:02,2025-03-15,PRD-TCHG1M85BSRR,CLI-2GBWXPVSY5RF,Purchase,Other,1520768.91,COP,380.19,App,,Centro Comercial,Other,Colombia,Cali,Approved,00,False,,,
TRX-DHSZHWMI9247EG5323ID,2025-03-16 01:00:38,2025-03-15,PRD-FZU5F9XVECKB,CLI-LP8XP3MWZI4V,Purchase,Services,76.12,USD,,ATM,,Servicios Públicos,,México,Querétaro,Approved,00,False,,,
TRX-AOVOFPUZ3Y3TP0VWSQAH,2025-03-15 22:38:18,2025-03-15,PRD-K4U55V8O2D32,CLI-66ZRBB2P3Y99,Deposit,,114071.93,ARS,325.92,ATM,SUC-TUCFOESJ,,,Argentina,Buenos Aires,Declined,54,False,6.33,-33.9374164,
TRX-RE7N1GPQLHNE6B0V8VSN,2025-03-15 11:38:07,2025-03-15,PRD-IH8K3XK0V98S,CLI-0IO0MWHGNHH3,Deposit,,290799.88,ARS,830.86,App,,,,Argentina,Buenos Aires,Approved,00,False,9.34,,
TRX-4V4XK82IGKR19YIWYESG,2025-03-15 18:17:02,2025-03-15,PRD-EK0FW483LPW2,CLI-Y5BAT1NUXM0Z,Withdrawal,,190.79,USD,,POS,,,,México,Querétaro,Approved,00,False,25.37,,
TRX-BJYSDGG20CA7J1YMFKAH,2025-03-15 10:02:03,2025-03-15,PRD-E2SWQRFAGVNL,CLI-6J1IVIXP116Y,Withdrawal,,150.46,USD,,POS,,,,México,Querétaro,Declined,05,False,24.78,,
TRX-8ETY7MEKQZL4OEJCKVDQ,2025-03-15 12:53:40,2025-03-15,PRD-12697611Z1VY,CLI-4RFUSRY59ZAE,Payment,Health,4884105.79,COP,1221.03,POS,,,,Colombia,Cali,Approved,00,False,0.97,4.5318728,
TRX-9EXMJKVVCU80OWOVCLSQ,2025-03-15 14:45:05,2025-03-15,PRD-F491O8TW1AZE,CLI-PKWD8HGCMW48,Transfer,,1087.64,USD,,POS,,,,México,Querétaro,Approved,00,False,14.48,,
TRX-P1TOXZ9TY67YTW0IJH9K,2025-03-15 18:38:58,2025-03-15,PRD-QZEH9PKHF0WN,CLI-QACRGB9E8TZV,Purchase,Health,110.02,USD,,Web,,Laboratorio Central,Health,México,Guadalajara,Approved,00,False,12.68,,
TRX-74TMZSPUV7LM6BZVSXTL,2025-03-15 07:17:42,2025-03-15,PRD-M9VQHUJTAV1R,CLI-ZVY3R3TVDRKV,Transfer,,23815013.44,COP,5953.75,ATM,SUC-GPTCLR0Q,,,Colombia,Bogotá,Approved,00,False,12.72,,
TRX-LW1S6Y4ZD5INQHFUVFKO,2025-03-16 02:55:51,2025-03-15,PRD-QBJR5U7KY6Q0,CLI-QDWOIDVAONLD,Payment,,1740.88,USD,,ATM,SUC-1G7XCTV8,,,México,Ciudad de México,Approved,00,False,20.02,,
TRX-S6HE8KQNANXEHYR9QNFZ,2025-03-15 14:23:57,2025-03-15,PRD-JDTCU190WU0U,CLI-YVMTH2UAWRLQ,Purchase,,107448.14,COP,26.86,POS,,Tienda General,Other,Colombia,Cali,Approved,00,False,16.46,,
TRX-Z866PLUNPH72NDXCS21Q,2025-03-15 13:26:23,2025-03-15,PRD-U68MLL7Z9PFL,CLI-BBBKKUE2WYPT,Withdrawal,,80.84,USD,,Web,,,,México,Tijuana,Approved,00,False,6.86,,
TRX-OZK6LEL71QW1E34GWYXM,2025-03-15 17:26:23,2025-03-15,PRD-2XWGDI83SDFV,CLI-TIVT0Q9RQ4YO,Transfer,,1682489.92,ARS,4807.11,POS,,,,Argentina,Buenos Aires,Approved,00,False,,,
TRX-6MD6Q3XDDEMTYVE1RH2B,2025-03-15 18:40:38,2025-03-15,PRD-PF4LTAHWPN13,CLI-OJZOU15J9T07,Payment,Food,1408.55,USD,,POS,,,,México,Ciudad de México,Approved,00,False,,,
TRX-H9ZCTJ59G0JQLM4R7HTM,2025-03-15 14:02:33,2025-03-15,PRD-P1PRMM0Z9CVG,CLI-35N6U2M2GPUM,Purchase,,464.71,USD,,App,,Cable TV,Services,México,Tijuana,Approved,00,False,20.64,,
TRX-WU05XFF95H8O9MI141FU,2025-03-16 02:27:20,2025-03-15,PRD-K5731O4Y1OPD,CLI-IEU6BAOA2BI3,Transfer,,1045951.8,ARS,2988.43,ATM,SUC-KHBP7W0V,,,Argentina,,Approved,00,False,4.52,-34.9043232,-58.941815
TRX-VVJ74BC2L2WVSLV64DOM,2025-03-15 18:20:55,2025-03-15,PRD-MNJJEPU6DM3H,CLI-6TUBPYQ5PL7E,Withdrawal,,222.13,USD,,POS,,,,México,Monterrey,Approved,00,False,1.67,-0.645587,0.0648125
TRX-GV10CD49NWE1X085G32G,2025-03-15 21:20:40,2025-03-15,PRD-OFC8AVC4I2MM,CLI-WFRMB1B1OESI,Withdrawal,,169917.17,ARS,485.48,ATM,SUC-46JOBFMX,,,Argentina,Rosario,Approved,00,False,28.85,,
TRX-G8DDHCQ0RP1XF52O6U4B,2025-03-16 01:13:19,2025-03-15,PRD-IBLBFIMBE2DM,CLI-E0JG6CJB7CYX,Withdrawal,,1466078.16,COP,366.52,ATM,SUC-PNT72MIS,,,Colombia,Cartagena,Approved,00,False,,4.5061158,-74.5239658
TRX-OM6C7NKBZ8AZ7Y8DX1JM,2025-03-15 20:23:47,2025-03-15,PRD-BVSFWO32DNXR,CLI-1F6JMKN6763E,Transfer,,3423.03,USD,,Web,,,,México,Guadalajara,Approved,00,False,4.87,,
TRX-OW8UYP9S08RCOC188L6O,2025-03-15 23:01:04,2025-03-15,PRD-IOI7XMTK6YXG,CLI-JAPSB9TPRWIH,Payment,,1928095.69,COP,482.02,Web,,,,Colombia,,Approved,00,False,28.47,,
TRX-1WZV5RDPFH6C911W3EC3,2025-03-16 04:28:21,2025-03-15,PRD-UK7Y4OTC9YGD,CLI-T1NFHT70OAOD,Payment,Services,286.21,USD,,POS,,,,México,Monterrey,Approved,00,False,,,
TRX-T85GUQ7WB5IKIFZA2FX9,2025-03-16 01:20:11,2025-03-15,PRD-48GO9F4CKPCW,CLI-5BGVX2TVW8BO,Withdrawal,,415.4,USD,,App,,,,México,Tijuana,Approved,00,False,22.73,,
TRX-RDI47EL3I3IDXTO65FW3,2025-03-15 17:14:29,2025-03-15,PRD-4Y6RWK5EKWCK,CLI-GNH38OW2CUYU,Purchase,Services,40945.29,ARS,116.99,POS,,Cable TV,Services,Argentina,Buenos Aires,Declined,05,False,,,
TRX-2ZI2KPSUXR43OKKP5TDL,2025-03-15 09:53:41,2025-03-15,PRD-PW3RVXF94QYW,CLI-N8XZVO75LCXX,Withdrawal,,143.16,USD,,Web,,,,México,Ciudad de México,Approved,00,False,,,
TRX-3HUV2AUGZ6SC3598331K,2025-03-16 01:46:06,2025-03-15,PRD-NMWKW6EHTEMH,CLI-4S1EJQ86VIFI,Deposit,,573.86,USD,,Web,,,,México,,Declined,05,False,,,
TRX-MQCXQSUGFWG4PLA09SOA,2025-03-15 08:48:55,2025-03-15,PRD-SYRSU34TVAS2,CLI-LYSJPRBCWSOU,Transfer,,6530.45,USD,,ATM,SUC-1PSI5W5X,,,México,,Approved,00,False,8.12,-0.223816,-0.7978776
TRX-MZY35JETJSNAPAYHZ89E,2025-03-16 02:05:54,2025-03-15,PRD-MSI1GTUT8NEK,CLI-9VECBBR1JQ2P,Transfer,,3334.84,USD,,POS,,,,México,Tijuana,Approved,00,False,,,
TRX-E2H9GO0MBE9ATBK8PX4W,2025-03-15 14:50:56,2025-03-15,PRD-38AL6L3NCVDL,CLI-8ICI3WLGBYQ8,Withdrawal,,36.65,USD,,ATM,SUC-9FWCAJXI,,,Colombia,Cartagena,Approved,00,False,10.52,,
TRX-NB5LTBZCXG24IZZEVAQO,2025-03-16 05:43:34,2025-03-15,PRD-PAIJKHT1E5TK,CLI-BDWNGH4TDCOW,Withdrawal,,1312988.01,COP,328.25,POS,,,,Colombia,Cartagena,Approved,00,False,1.23,4.5533944,-73.899977
TRX-WJXHYUS6WDUMLTGVJI2Z,2025-03-15 07:52:15,2025-03-15,PRD-IQQWB9KCJYHV,CLI-PHGQB7AUFBBN,Deposit,,13013653.25,COP,3253.41,ATM,,,,Colombia,Cartagena,Approved,,False,14.23,4.9207322,-74.3142824
TRX-AV979UQV1TC6R66PGJW2,2025-03-15 14:56:05,2025-03-15,PRD-4R9TRXD74MR8,CLI-VV3USAL68SRI,Transfer,,4946269.05,COP,1236.57,App,,,,Colombia,Cartagena,Approved,00,False,,,
TRX-RNB1M0Y407GHL99BVJR3,2025-03-16 05:18:27,2025-03-15,PRD-33PGDGNNI83G,CLI-SADM9SEHYNS4,Withdrawal,,1949999.07,COP,487.5,Web,,,,Colombia,Barranquilla,Approved,00,False,4.45,,
TRX-9RHRIR0MFGTV7KVK3AMD,2025-03-15 17:20:34,2025-03-15,PRD-CLZ3KRVN08WK,CLI-8Q2C1MR1B8AS,Withdrawal,,24.48,USD,,ATM,SUC-1PSI5W5X,,,México,Querétaro,Approved,00,False,,,
TRX-AGVJ1GTZVMXOM680A0JP,2025-03-15 06:12:13,2025-03-15,PRD-21SLJW1HGS1N,CLI-8TDWNNNB5SQE,Withdrawal,,352.47,USD,,ATM,SUC-GV2TU3NJ,,,México,Querétaro,Approved,00,False,18.58,,
TRX-N5GW8Y3EGP2R7QLLC1NS,2025-03-15 20:31:54,2025-03-15,PRD-KK58745TZP91,CLI-J71GBNNMUCL9,Transfer,,352.02,USD,,ATM,,,,México,Querétaro,Approved,00,False,21.64,0.8412643,-0.7766328
TRX-CNKV7J46ILR8IKOS7993,2025-03-16 03:51:09,2025-03-15,PRD-7J2TEUFDV5FB,CLI-1GC3NPHS3LSP,Payment,Services,5661281.27,COP,1415.32,ATM,SUC-4IFX1CUR,,,Colombia,Medellín,Approved,00,False,11.61,4.7680599,-74.154561
TRX-9MOV13NJ6CUYQ48L9IOR,2025-03-15 11:42:31,2025-03-15,PRD-3N9ORPREE9QR,CLI-4EAENM6HMXWO,Purchase,Health,24830.17,ARS,70.94,Web,,Laboratorio Central,Health,Argentina,Buenos Aires,Approved,00,False,10.53,,
TRX-MDTOHEKL65I4X9UEY3N8,2025-03-15 20:14:52,2025-03-15,PRD-WT0J5J2D3OTP,CLI-74PF5JEWHRAY,Withdrawal,,520205.85,COP,130.05,ATM,SUC-IKK3G59W,,,Colombia,Medellín,Approved,00,False,11.85,4.6807829,-73.6407125
TRX-BXQPGCHCMPZY1ZZZ0IMR,2025-03-15 21:02:26,2025-03-15,PRD-U6FZ62QXJZGF,CLI-6QOKMZ3TS1W4,Withdrawal,,408.42,USD,,App,,,,México,Monterrey,Approved,,False,9.9,,
TRX-687FLN1DLHGKRM177EAI,2025-03-16 01:18:31,2025-03-15,PRD-DVDFZC5YL10E,CLI-UUIKYTOE7ZT6,Transfer,,604.49,USD,,ATM,SUC-LQXENAY2,,,México,,Approved,00,False,10.64,,
TRX-6USRPOX9FMJXB95LZ84D,2025-03-15 06:03:19,2025-03-15,PRD-BKHM6WLX8A7N,CLI-P06T8LYE9RVI,Payment,,526457.88,ARS,1504.17,ATM,,,,Argentina,La Plata,Approved,00,False,10.59,,
TRX-5RDAOC5UMCJA46S34REH,2025-03-15 22:30:29,2025-03-15,PRD-OJANY64Y68BD,CLI-GUZSZMBPLHMP,Transfer,,2881.64,USD,,ATM,SUC-1G7XCTV8,,,México,Monterrey,Approved,00,False,,-0.1379223,-0.0978349
TRX-ZLRA3XCLITFXVS6ARSFO,2025-03-15 22:56:34,2025-03-15,PRD-MXN8ACFY3NPE,CLI-6GQHCGFE8SW7,Transfer,,15431265.35,COP,3857.82,POS,,,,Colombia,Medellín,Approved,00,False,25.33,,
TRX-5M8234U39WIVN3T5E2CJ,2025-03-15 19:53:02,2025-03-15,PRD-JYPE4IYB82AW,CLI-XNCDBD5NEIVW,Purchase,Entertainment,1404522.5,COP,351.13,POS,,Teatro Nacional,Entertainment,Colombia,Bogotá,Approved,00,False,21.32,,
TRX-J5KC1PJ1YQ7PROS9W3P4,2025-03-15 23:02:16,2025-03-15,PRD-96QG90SK79RI,CLI-YNYT9WPTCG99,Transfer,,38142161.1,COP,9535.54,POS,,,,Colombia,Bogotá,Approved,00,False,25.36,,
TRX-J43LXSWBX64SAUBTSVTE,2025-03-16 04:23:21,2025-03-15,PRD-3DFJKNQI9C2V,CLI-OOUWONFO7WY9,Transfer,,25790577.35,COP,6447.64,Web,,,,Colombia,Bogotá,Approved,00,False,,,
TRX-1SAN5EQZH8LL83LX3GI4,2025-03-15 12:46:58,2025-03-15,PRD-DO7GE7JJDJ65,CLI-GOV4NW8DU8KW,Withdrawal,,150.84,USD,,Web,,,,México,Tijuana,Approved,00,False,16.79,,
TRX-LQOTEZKZTN77T3YHC8R8,2025-03-15 19:34:03,2025-03-15,PRD-M1D5K5F4AQPE,CLI-HC5DCCM8L97B,Payment,Food,1865.76,USD,,POS,,,,México,Monterrey,Approved,00,False,18.6,,
TRX-TI4P6IFIV0LOF7X5UPH8,2025-03-15 12:12:09,2025-03-15,PRD-MJKX4ZXH7QCL,CLI-6RTPPUBGKRO9,Purchase,Other,59637.85,ARS,170.39,App,,Ferretería,Other,Argentina,Rosario,Approved,00,False,19.09,,
TRX-6XCRAK7J200APBR4521P,2025-03-15 21:42:49,2025-03-15,PRD-6M4UJK41TE9P,CLI-U9ATQZJFUOO6,Transfer,,6867.23,USD,,App,,,,México,Puebla,Approved,00,False,,,
TRX-ZVFDO24TWB5O7PN1Y6JY,2025-03-15 22:47:32,2025-03-15,PRD-OQ3TAAAUD0ZO,CLI-SESVQ7GNIC8H,Purchase,Entertainment,132775.0,ARS,379.36,App,,Conciertos Live,Entertainment,Argentina,,Approved,00,False,18.29,,
TRX-Y4TIPY8ZDPYSCJXURLKJ,2025-03-15 12:32:59,2025-03-15,PRD-WXJ9UJO1IVJE,CLI-JZYO9PCL9D39,Payment,Services,559654.79,ARS,1599.01,POS,,,,Argentina,Buenos Aires,Approved,00,False,23.55,,
TRX-3IPBSDZTK5A32XOGM5NO,2025-03-15 17:42:51,2025-03-15,PRD-7AG5Y5KLN7MM,CLI-1YZD9T25YHXQ,Withdrawal,,397.14,USD,,Branch,SUC-2QR0HN01,,,Colombia,,Approved,00,False,6.9,,
TRX-Y333TW84CDG40NH02KG7,2025-03-15 11:22:18,2025-03-15,PRD-CWDKWAGQ4LJS,CLI-0IUG54JHHIGI,Withdrawal,,378.25,USD,,ATM,SUC-9L4T3P44,,,México,Querétaro,Approved,00,False,27.11,,
TRX-KWPU76GW8KKILEIZT1PM,2025-03-15 06:00:27,2025-03-15,PRD-Q0NZJDKLGKNC,CLI-303TYJEETQRZ,Transfer,,18122308.11,COP,4530.58,Transfer,,,,Colombia,Cartagena,Approved,00,False,,,
TRX-4V541N1QN1JZOCZK3U54,2025-03-15 13:34:34,2025-03-15,PRD-7AL8LCZPWGCS,CLI-TK4UM2URNXIS,Transfer,,9515.29,USD,,Web,,,,México,Puebla,Approved,00,False,5.65,,
TRX-AI8MOLRK9L9FGZT8JL4F,2025-03-15 13:13:07,2025-03-15,PRD-NNEVL68DBOMV,CLI-P4BND5X8Y4U9,Transfer,,65084.08,ARS,185.95,ATM,SUC-QZP6DNTL,,,Argentina,,Approved,00,False,28.05,-34.0908646,-57.3818046
TRX-KAPLR0RZTKYNZQO81M32,2025-03-16 04:13:57,2025-03-15,PRD-KDE6F0PVV3MN,CLI-F6SMOTOEKOMF,Payment,Food,1615.1,USD,,App,,,,México,,Approved,00,False,2.41,,
TRX-Q5NSMDWDR0PD8AFBECO6,2025-03-15 18:37:29,2025-03-15,PRD-39OU5QXF6JQM,CLI-2H6X9CV45AV7,Purchase,Transport,936354.32,COP,234.09,App,,,,Colombia,Barranquilla,Approved,00,False,9.7,,
TRX-WOEQRG2RNC5MMHFB6SNZ,2025-03-15 06:43:07,2025-03-15,PRD-YQ77LCZZ84QO,CLI-DVQNWBLDNRWN,Payment,Transport,383.62,USD,,ATM,SUC-W04NBWY9,,,México,Querétaro,Approved,00,False,2.12,-0.0753387,0.4967559
TRX-48W1L6ILTZSZQ3FX501U,2025-03-15 23:52:21,2025-03-15,PRD-YQZD394F3ZIF,CLI-M6200J47PRHY,Purchase,Other,361.96,USD,,App,,Centro Comercial,Other,México,Puebla,Approved,00,False,0.16,,
TRX-FBRDS4W11512RUMO5QH4,2025-03-15 08:39:23,2025-03-15,PRD-3GCW6HXDQLDO,CLI-XGV6XPDAYY94,Transfer,,8941.49,USD,,App,,,,México,Ciudad de México,Approved,00,False,24.26,,
TRX-RTDM57HIFFDUZHT2F53J,2025-03-16 01:25:38,2025-03-15,PRD-W57ESO8EA7E8,CLI-UMQS73J5E84I,Transfer,,8545.28,USD,,ATM,SUC-552N76DP,,,México,Monterrey,Approved,00,False,26.21,,
TRX-LJ5I7ZXWN966UV6FCZ6N,2025-03-15 14:40:50,2025-03-15,PRD-04TR3CQYSVMI,CLI-BK5UDOQBV7JD,Transfer,,9934.85,USD,,ATM,SUC-8HPG0AE8,,,México,Guadalajara,Approved,00,False,8.44,-0.7789272,-0.7330772
TRX-H60YEPSWU8Z44LV5FF5T,2025-03-15 22:26:31,2025-03-15,PRD-ET83VT4Y4B2R,CLI-1T9UBAED8LQE,Payment,Other,6149983.65,COP,1537.5,ATM,SUC-KY2QIURA,,,Colombia,Barranquilla,Approved,00,False,7.22,,
TRX-29RSOUQYFUGI3QGZG4XC,2025-03-15 20:45:06,2025-03-15,PRD-DCQ8CRTXMEQK,CLI-9ZECKSNCRKVX,Deposit,,2116.01,USD,,App,,,,México,Tijuana,Approved,00,False,9.78,,
TRX-R7UHZPXSBBRFU18HZBK0,2025-03-15 11:52:35,2025-03-15,PRD-A9HICWUIGGIA,CLI-H33P7RLZOTZ8,Purchase,Other,64310.09,ARS,183.74,Web,,Ferretería,Other,Argentina,Buenos Aires,Approved,00,False,21.14,,
TRX-E3PMS2PD31HS4Q51BT9D,2025-03-15 09:31:53,2025-03-15,PRD-0ILBUC6K1J7J,CLI-ZJI3FVKEKXAN,Purchase,Food,351.54,USD,,POS,,Mercado Central,Food,México,Guadalajara,Approved,00,False,,-0.8072166,-0.7024912
TRX-IS6KQMGVSNQ78EB67NDD,2025-03-16 02:22:14,2025-03-15,PRD-98WCIZF7TQKJ,CLI-4B3L5B4FRN3A,Transfer,,7582.79,USD,,POS,,,,México,Monterrey,Approved,00,False,1.2,,
TRX-F533RWSVV7PTV74TFELH,2025-03-16 04:05:36,2025-03-15,PRD-5NKMU1ZRBU9H,CLI-FCXZ6P4UEIUQ,Withdrawal,,295.39,USD,,POS,,,,México,,Approved,00,False,0.71,,
TRX-JAI48OHIU7QVFT350RVR,2025-03-16 02:23:49,2025-03-15,PRD-2MMOXO79G47L,CLI-UF0HYX6I0W7S,Payment,Food,389.25,USD,,Web,,,,México,Guadalajara,Approved,00,False,16.97,,
TRX-V129V16A1PI5YDF1MIVS,2025-03-16 02:45:40,2025-03-15,PRD-SN2GCUL94QRN,CLI-AJQ55IFQ5GIR,Transfer,,2758418.62,ARS,7881.2,ATM,SUC-G7HRTTDE,,,Argentina,La Plata,Reversed,05,False,2.23,,
TRX-W53KTFW7U65KF938A5DJ,2025-03-15 15:49:53,2025-03-15,PRD-RP5RFR0CLF58,CLI-4VLP50XCFFFQ,Transfer,,6648.33,USD,,ATM,SUC-74OJEV5Z,,,México,Guadalajara,Approved,00,False,0.22,,
TRX-SCW2O3P7UZKO85FSENDH,2025-03-15 11:04:03,2025-03-15,PRD-QD3CW0G80QVH,CLI-R0VVNVR66JRR,Purchase,Entertainment,842094.1,COP,210.52,POS,,Cine Premium,Entertainment,Colombia,Medellín,Approved,00,False,,,
TRX-LCBM9YYNW4B7OKURJL3Z,2025-03-16 05:09:09,2025-03-15,PRD-L17N47650BZH,CLI-4RE2FT718IKR,Deposit,,4130.33,USD,,ATM,SUC-JRR5Z8WK,,,México,Ciudad de México,Approved,00,False,17.61,,
TRX-ET9B0JRI0WI0HI3UC30W,2025-03-15 08:28:31,2025-03-15,PRD-CTQCXK8ILFES,CLI-3XL83TBIACIV,Withdrawal,,59301.87,ARS,169.43,Web,,,,Argentina,Mendoza,Approved,00,False,29.64,,
TRX-DDWHGRDRA0BNEQ0I7I91,2025-03-15 11:07:42,2025-03-15,PRD-KM99PMA5LN2W,CLI-3GYMJATQMKQQ,Deposit,,12054939.39,COP,3013.73,App,,,,Colombia,Medellín,Approved,00,False,8.13,,
TRX-F42USCEH0AYG1NRA1DYT,2025-03-15 09:45:55,2025-03-15,PRD-7CY45IOVMWR8,CLI-BWMOHN7R4BXX,Deposit,,4189.3,USD,,ATM,SUC-P65ZGVH3,,,México,Guadalajara,Declined,54,False,25.88,,
TRX-OUT1EKUH7JILSPNIJAKO,2025-03-15 17:48:17,2025-03-15,PRD-ZUU76EBWOA2Q,CLI-77T8QMD2KWMC,Withdrawal,,234.71,USD,,Web,,,,Colombia,Cartagena,Approved,00,False,29.77,,
TRX-Y61D6HWB592XXROQSAXJ,2025-03-15 20:50:47,2025-03-15,PRD-H0W3JCYW0S1K,CLI-PFSURMUZJ3QD,Withdrawal,,28.66,USD,,POS,,,,Colombia,Bogotá,Approved,00,False,6.26,,
TRX-O0RWT0YKWXHU1DKMGC1J,2025-03-15 19:08:52,2025-03-15,PRD-03P0SC4PONFQ,CLI-V60K54TJ40D4,Purchase,Food,64.52,USD,,POS,,Tienda Don José,Food,México,Querétaro,Approved,00,False,22.56,,0.5483023
TRX-L6PK4TBDCYI5TO7A8P6P,2025-03-15 09:06:59,2025-03-15,PRD-WC08UXMDURU5,CLI-94LGUWGRM0RV,Withdrawal,,250.29,USD,,POS,,,,México,Querétaro,Approved,00,False,,0.9770625,-0.1297511
TRX-354Q57D71GDK1IMP48PD,2025-03-15 06:50:51,2025-03-15,PRD-C6JOAGQ2DMU8,CLI-FNO0LQ741M5N,Purchase,Food,306.2,USD,,POS,,,,México,Monterrey,Approved,00,False,6.11,-0.6995893,0.3112507
TRX-A6Q2P4JZDGI5PPI1MPK2,2025-03-15 10:03:35,2025-03-15,PRD-IY056PJYIK67,CLI-9NA8OIR77BVI,Withdrawal,,304.64,USD,,POS,,,,México,Querétaro,Approved,,False,,,
TRX-IIJXNV7N3GTT02WBAV0E,2025-03-15 23:59:04,2025-03-15,PRD-AHL87C8XESL6,CLI-2RURQQ5WFXGF,Payment,Services,949.5,USD,,POS,,,,México,Puebla,Approved,00,False,7.44,,
TRX-4IBP4FC4F2W9YSVM00P7,2025-03-15 19:03:16,2025-03-15,PRD-3ZN4KJ621AXO,CLI-QX73VDL62MET,Adjustment,,1640863.49,COP,410.22,POS,,,,Colombia,Cali,Approved,00,False,4.68,,
TRX-EKZP44R7V7W4HLJ0Z64I,2025-03-16 01:07:33,2025-03-15,PRD-8EAN9QR0NRGZ,CLI-9N72RSKUQ4R8,Transfer,,34134629.17,COP,8533.66,POS,,,,Colombia,Medellín,Approved,00,False,22.5,4.1493762,-74.598026
TRX-E72JGDE6F1EK2FE9RTK9,2025-03-16 02:57:02,2025-03-15,PRD-7OQT3FAXXIYY,CLI-ICFDOE0R61B6,Withdrawal,,287.03,USD,,POS,,,,México,Tijuana,Approved,00,False,16.23,,
TRX-7K7AGBZQQLH5SSHZS0WX,2025-03-15 22:48:59,2025-03-15,PRD-FTHPV0PFXCTQ,CLI-155YYZ4YQRCX,Deposit,,2094.74,USD,,App,,,,México,Ciudad de México,Approved,00,False,16.37,,
TRX-M09MGBC7JITQXO55N4R4,2025-03-15 07:09:23,2025-03-15,PRD-PQ7X1AZT24HQ,CLI-DYOQRU9I1Y56,Transfer,,36364081.63,COP,9091.02,App,,,,Colombia,Barranquilla,Declined,14,False,10.43,,
TRX-O36TKCH734CIIV8S27OD,2025-03-15 06:18:27,2025-03-15,PRD-MH6GOFITKJWA,CLI-S43BK8LPIZC4,Deposit,,1709.75,USD,,App,,,,México,Guadalajara,Approved,00,False,,,
TRX-W2VQT8BUR0KVZEXUQ0HG,2025-03-16 01:32:13,2025-03-15,PRD-1GL7P9WXWVFG,CLI-ZP1G7MSSJA5M,Purchase,Transport,67.77,USD,,App,,Gasolinera Express,Transport,México,Puebla,Approved,00,False,5.16,,
TRX-I4UY6JGMQHTCLHRI5H5K,2025-03-15 22:39:09,2025-03-15,PRD-WNUMZ5OC56XQ,CLI-UUME9LMKWMLA,Transfer,,21933731.88,COP,5483.43,POS,,,,Colombia,Cartagena,Approved,00,False,14.07,5.3248393,
TRX-TK6GPKNX0RPKB5LCQX6U,2025-03-15 14:31:52,2025-03-15,PRD-XZTLIE8JO3KA,CLI-D3QEP042IMJM,Withdrawal,,94.75,USD,,Web,,,,México,Guadalajara,Approved,00,False,20.9,,
TRX-LUR7K4UHDKVFAGWPHLII,2025-03-15 13:59:57,2025-03-15,PRD-2PA2GP3S82QL,CLI-IVHNPT6E2OX4,Withdrawal,,229.19,USD,,App,,,,México,Puebla,Declined,51,False,29.92,,
TRX-ED5Q6YX6T1QTMK8L9D2U,2025-03-15 07:40:12,2025-03-15,PRD-46E51G6WVXM8,CLI-9FCI9TB4PMSC,Purchase,Entertainment,143096.57,ARS,408.85,App,,Streaming Music,Entertainment,Argentina,Mendoza,Approved,00,False,9.22,,
TRX-R7SIWXXXKGGPUD8A2KZ6,2025-03-15 09:46:52,2025-03-15,PRD-5FI5ARQMNLP1,CLI-11P0EATRCHAM,Adjustment,,1103490.36,COP,275.87,ATM,SUC-MSYTX2WG,,,Colombia,Barranquilla,Approved,00,False,9.19,,
TRX-YFODLLJ6TY8RA3DXXULY,2025-03-15 10:17:30,2025-03-15,PRD-35T59P89AJCU,CLI-IPXJH8PHA9XL,Transfer,,2574.4,USD,,ATM,SUC-DYPJLQVN,,,México,Guadalajara,Approved,00,False,9.53,,
TRX-UBVSQS4EJ1SNYVS2J96E,2025-03-15 12:57:37,2025-03-15,PRD-NPX3VDC6WKJM,CLI-WOLMAXKL2O3F,Payment,Other,30065.19,ARS,85.9,POS,,,,Argentina,Mendoza,Approved,00,False,7.79,-34.8196998,-58.732379
TRX-NCKFD6N72YPYCB0AAZVZ,2025-03-15 07:18:27,2025-03-15,PRD-262MBC3ZSXVX,CLI-OVWWSI3VOQKT,Purchase,Entertainment,1476030.19,COP,369.01,POS,,Conciertos Live,Entertainment,Colombia,Bogotá,Declined,,False,29.2,,
TRX-0CI2GCIUIEIIUY5DWW0E,2025-03-15 18:47:42,2025-03-15,PRD-H8VXSA4AQNML,CLI-ZPKQ8TY1T6QM,Transfer,,3118324.92,COP,779.58,POS,,,,Colombia,,Approved,00,False,1.44,,
TRX-B9CTX9NIC4TUG21UAV0V,2025-03-15 11:28:53,2025-03-15,PRD-R0ORGD4I3P0U,CLI-ZYA5MHFSD87A,Payment,Other,209360.49,ARS,598.17,POS,,,,Argentina,Buenos Aires,Declined,14,False,29.83,,
TRX-0TI2G7HFJ9E5QFNNA057,2025-03-16 03:42:50,2025-03-15,PRD-LN2QIBC7QEXQ,CLI-FY1FXQBSYRGR,Purchase,Services,58178.71,ARS,166.22,POS,,Servicios Públicos,Services,Argentina,Rosario,Approved,,False,8.6,-34.0739289,-59.3699688
TRX-1OG0674PJHOYAE477UTL,2025-03-15 17:24:02,2025-03-15,PRD-3AS8S1RYYWOO,CLI-6RNDUBLO8X8U,Payment,,321.67,USD,,ATM,SUC-P65ZGVH3,,,México,Tijuana,Approved,00,False,20.13,0.4852816,0.6031852
TRX-INHVZF5BOT3AZOLUEVE7,2025-03-15 08:30:57,2025-03-15,PRD-5LFL0UZMRFJN,CLI-OZ7N9IL1ZGRY,Purchase,Food,1979873.01,COP,494.97,POS,,Tienda Don José,Food,Colombia,Cartagena,Approved,00,False,18.73,,
TRX-HI73XJ4XJ1HCRMVS775M,2025-03-15 20:22:18,2025-03-15,PRD-MG4SP9FAZMNE,CLI-6VRABVHSXAF2,Purchase,Other,315.99,USD,,Web,,Ferretería,Other,México,Querétaro,Approved,00,False,27.24,,
TRX-5NDYY0XOZP6JE38HX0S8,2025-03-16 02:15:04,2025-03-15,PRD-BIDEPK35JKGI,CLI-FCK6B6KTYLDP,Purchase,Services,293.28,USD,,POS,,Empresa Telefónica,Services,México,Monterrey,Approved,00,False,23.91,,
TRX-MKNW5AXKOH5R1FWMN4TI,2025-03-15 09:23:00,2025-03-15,PRD-MJO14FLWRZMC,CLI-Q23W9TOAJRIE,Withdrawal,,577663.2,COP,144.42,Web,,,,Colombia,Cali,Approved,00,False,23.3,,
TRX-9PCT6QOSE92DMWLALH5B,2025-03-15 18:03:06,2025-03-15,PRD-GSV4W6CIHTNT,CLI-4QTT3QNVYRFK,Transfer,,29424122.73,COP,7356.03,App,,,,Colombia,Barranquilla,Approved,,False,1.53,,
TRX-POZF6H7X44IYLS4IVYHA,2025-03-16 00:33:03,2025-03-15,PRD-AZUTBF3E6OYX,CLI-V67QQS2PU2YN,Withdrawal,,130.66,USD,,POS,,,,México,Tijuana,Approved,00,False,11.97,-0.2240672,0.8895061
TRX-2BRSARWGACGWIN081ZII,2025-03-15 08:36:37,2025-03-15,PRD-A49W5ZHPHWCA,CLI-2WEQKFZWHSY2,Withdrawal,,460.56,USD,,POS,,,,México,Guadalajara,Approved,00,False,28.07,-0.0595798,0.7782745
TRX-FLPFB8ERJQA9SMZP6EGV,2025-03-16 01:50:39,2025-03-15,PRD-4EGVHZ7WZOBX,CLI-L0S912DNECCL,Transfer,,10496554.69,COP,2624.14,ATM,SUC-QLV3J046,,,Colombia,Cartagena,Approved,00,False,,,
TRX-ZKJZF1VVMREHI0EH075W,2025-03-15 07:41:13,2025-03-15,PRD-O605ONKVKRNG,CLI-9QW4LJLB2SFS,Transfer,,29818940.93,COP,7454.74,POS,,,,Colombia,Medellín,Approved,00,False,11.94,,
TRX-421BJHAXCS2EQSY0OGXJ,2025-03-16 04:14:13,2025-03-15,PRD-K9325DQ09SXD,CLI-BNQS789C03SW,Transfer,,990962.08,ARS,2831.32,App,,,,Argentina,La Plata,Approved,00,False,9.36,,
TRX-H48E3NKJ56IZ8XXJARJY,2025-03-16 00:17:16,2025-03-15,PRD-QV1P73HEEX0H,CLI-29XH7MES4R0S,Purchase,Other,397.15,USD,,POS,,Tienda General,Other,Argentina,,Approved,00,False,20.48,,
TRX-FWEOFGG0DR590PRF6OPE,2025-03-16 01:12:41,2025-03-15,PRD-OGR6DOGNY9QB,CLI-TWPRCLMTDUGH,Payment,Food,4311098.73,COP,1077.77,ATM,SUC-PNT72MIS,,,Colombia,Cali,Approved,,False,17.64,,
TRX-OLH5Z6A0MGZIL7NE0ZMT,2025-03-15 20:35:49,2025-03-15,PRD-RA746M3J7KC3,CLI-UWKJM08FZR39,Purchase,Services,103160.39,ARS,294.74,App,,Internet Plus,Services,Argentina,Córdoba,Approved,00,False,21.84,,
TRX-ZH14UFGYEKUW9V2YWHHO,2025-03-16 01:40:30,2025-03-15,PRD-1KMSKDVN4LWZ,CLI-TGDNBHYQ9MBD,Purchase,Health,498.09,USD,,POS,,Clínica Médica,Health,México,,Approved,00,False,22.94,,
TRX-4RG3YXKBYB1DOFL2HV3T,2025-03-16 00:51:10,2025-03-15,PRD-94EBZ37Y2TGF,CLI-NRQXYSXQJNOH,Purchase,Services,195.89,USD,,ATM,SUC-JQ7BZNFI,Servicios Públicos,Services,México,Tijuana,Approved,00,False,9.94,,
TRX-6YD296NEJM9N7J37VREA,2025-03-15 10:39:14,2025-03-15,PRD-W1Q6YTQ71C00,CLI-VX4KYD88Q1GJ,Withdrawal,,411.72,USD,,App,,,,México,,Approved,00,False,23.41,,
TRX-V6U9FTIIHIMU50JSYJLU,2025-03-15 13:04:26,2025-03-15,PRD-EMMEH8OO99LN,CLI-GGXUVEFQ36US,Withdrawal,,119998.35,ARS,342.85,POS,,,,Argentina,Mendoza,Reversed,05,False,19.27,,
TRX-QVG7BVLCKWUT06RQPM8H,2025-03-15 18:56:52,2025-03-15,PRD-T2QVD2ZYP53J,CLI-0J10NO9BAC8Y,Payment,Food,574939.2,ARS,1642.68,ATM,SUC-0MPZUQLJ,,,Argentina,,Approved,00,False,28.32,,
TRX-8RXV2H0YSICBNOAI9G47,2025-03-15 20:33:27,2025-03-15,PRD-K55JR0OIYLRZ,CLI-E0KL604IWHW2,Deposit,,2408964.39,COP,602.24,ATM,SUC-A1FLMPEF,,,Colombia,Barranquilla,Approved,00,False,,,
TRX-VXWRPIXU1QK0HIYPO4PU,2025-03-15 19:37:44,2025-03-15,PRD-TS5K3YIP503V,CLI-035XKR3TC5MT,Transfer,,4893.39,USD,,POS,,,,México,,Approved,00,False,26.5,-0.6455187,-0.6827238
TRX-BOD57GN2S7L08VCK72B8,2025-03-15 09:54:34,2025-03-15,PRD-5JB5RWCYG934,CLI-KCZR4XM25GQU,Withdrawal,,189217.99,COP,,Transfer,,,,Colombia,Medellín,Declined,14,False,14.65,,
TRX-MYF2ZCD3D1ZKPKWOU2ZP,2025-03-15 22:47:41,2025-03-15,PRD-Q7WMFQ6ICUPZ,CLI-WHFJNL26JK0A,Withdrawal,,949358.94,COP,237.34,App,,,,Colombia,Cali,Approved,00,False,14.94,,
TRX-E99WB27SDNBNAUYK9HPA,2025-03-15 09:26:06,2025-03-15,PRD-PTTI6CF04UID,CLI-47W5BR73300S,Withdrawal,,273.98,USD,,ATM,SUC-1PYKK6ZV,,,México,Tijuana,Approved,00,False,,,-0.3502352
TRX-E2DW1CI2TAOLONAX7OAH,2025-03-15 23:53:40,2025-03-15,PRD-GSCPJQAYEO77,CLI-XM2O1L1BRV57,Withdrawal,,75613.44,ARS,216.04,POS,,,,Argentina,,Approved,00,False,11.57,,
TRX-ZLV1FN7QS104XLGB8YEH,2025-03-15 16:18:47,2025-03-15,PRD-1EMN6RY8NIWP,CLI-4U6P59E9TIC3,Withdrawal,,114556.06,ARS,327.3,ATM,SUC-K32WS6T0,,,Argentina,Rosario,Approved,00,False,25.54,,
TRX-PX5MKNL5TFWTEVJC5T83,2025-03-16 05:50:47,2025-03-15,PRD-7W59B80800G3,CLI-3JWF6H5GZFXH,Purchase,Other,450648.72,COP,112.66,Branch,SUC-RFQLK7RX,Ferretería,Other,Colombia,Medellín,Approved,00,False,28.44,,
TRX-BJQ5XEMXT183P2C6TUBJ,2025-03-15 17:16:16,2025-03-15,PRD-GKUMJULQUY25,CLI-ZEP5TWP0BV13,Payment,Entertainment,3458797.08,COP,864.7,App,,,,Colombia,Medellín,Approved,00,False,5.21,,
TRX-TD7R6S1WRWKGYYLZ0YFW,2025-03-15 22:58:56,2025-03-15,PRD-Q3HKXMECDU03,CLI-JNGC7WDR78HB,Payment,Entertainment,603422.61,ARS,1724.06,Web,,,,Argentina,La Plata,Approved,,False,0.74,,
TRX-WIU3Q528AFSDAM8VEOHH,2025-03-15 12:09:32,2025-03-15,PRD-91AX6KTZLQ82,CLI-BJGLKVASEC8J,Withdrawal,,102.72,USD,,ATM,SUC-YZRQJS5X,,,México,Guadalajara,Approved,00,False,5.81,0.7379097,0.850486
TRX-LIX554HM3DK11AD0NKVN,2025-03-15 18:52:02,2025-03-15,PRD-UQEY8R3VVAE3,CLI-KKQ7YQF2COEK,Transfer,,3065921.14,ARS,8759.77,App,,,,Argentina,Córdoba,Declined,14,False,7.47,,
TRX-UAZ9VAYKTIAK8VBZECE9,2025-03-15 17:39:38,2025-03-15,PRD-D9DL05ECDJWO,CLI-E83C38SI821J,Transfer,,3702.76,USD,,POS,,,,Spain,Sevilla,Approved,00,False,14.75,0.1893607,0.3499105
TRX-IVZMVHN505NVA51FW5K0,2025-03-16 03:00:52,2025-03-15,PRD-RIAUFXZ9QVU4,CLI-N9G3NFAP1GPA,Purchase,Services,49182.76,COP,12.3,POS,,Internet Plus,Services,Colombia,Cali,Approved,00,False,8.1,,
TRX-RB08FTAROSZJ9PYG4WB5,2025-03-15 16:28:27,2025-03-15,PRD-N39CZSBW0ARF,CLI-JID6T9FYO4JK,Withdrawal,,70.95,USD,,Transfer,,,,México,Querétaro,Approved,00,False,27.19,,
TRX-3W2HQ53ONKCUVJFLRYFB,2025-03-15 06:09:19,2025-03-15,PRD-4PNNZXOU7L92,CLI-L0QMPXDNTGJN,Payment,Entertainment,937.69,USD,,POS,,,,México,Querétaro,Approved,00,False,21.25,,
TRX-SCDI8T613Q6X3QA7VE6T,2025-03-15 10:47:21,2025-03-15,PRD-7Z56N5BNIFSW,CLI-DAEV33J8OJZU,Withdrawal,,1883759.83,COP,470.94,POS,,,,Colombia,Barranquilla,Approved,00,False,,4.5805257,-74.8434675
TRX-VQBBB7OZZFDB6I3A122F,2025-03-15 09:46:50,2025-03-15,PRD-0EVJTIHPLAHX,CLI-TI7R4WMC9RIH,Payment,Other,173128.61,ARS,494.65,POS,,,,Argentina,,Approved,00,False,25.25,,
TRX-XPS94OB7P72R6ZR61EE5,2025-03-15 06:26:33,2025-03-15,PRD-OYP9COH5IMKK,CLI-BHXC1KETF52V,Withdrawal,,214.32,USD,,App,,,,México,Guadalajara,Approved,00,False,7.66,,
TRX-1KRAX1F1KCXDZIJXSG0I,2025-03-16 04:36:12,2025-03-15,PRD-H244OD9NED44,CLI-NDQKRRQPN1JF,Transfer,,39151097.12,COP,9787.77,ATM,SUC-IKK3G59W,,,Colombia,Bogotá,Approved,00,False,,,
TRX-GDXTLK6E06Y15GH99VSP,2025-03-15 11:35:52,2025-03-15,PRD-PQUGA3XXOMXU,CLI-6RPYVCOE2PMN,Transfer,,767484.84,ARS,2192.81,ATM,SUC-BMVBUHCL,,,Argentina,Mendoza,Approved,00,False,18.27,-34.7361549,-59.1923577
TRX-TKGPFZJ5IFAD40U0U2ED,2025-03-15 14:22:59,2025-03-15,PRD-3CMAP7MHXR9W,CLI-FS9BPGQ9FKKB,Payment,Services,520523.14,ARS,1487.21,App,,,,Argentina,Córdoba,Approved,00,False,14.39,,
TRX-KIRRXTKI3DI0VN7Z5IG1,2025-03-16 01:26:01,2025-03-15,PRD-49SL29SDCEYG,CLI-B7ZGUUWV7GFJ,Withdrawal,,111.43,USD,,ATM,SUC-UHIX6KQ4,,,México,Guadalajara,Approved,00,False,26.94,,
TRX-HLLYDGEWJQEZZSOAPEUY,2025-03-15 06:43:07,2025-03-15,PRD-I6OFBVBY18LW,CLI-IBVDRFZTKO8W,Purchase,Food,328.56,USD,,ATM,SUC-9YYT37NY,Tienda Don José,Food,México,Querétaro,Approved,00,False,7.41,,
TRX-2QIAWRY70UY2Q1RDW89S,2025-03-16 05:19:50,2025-03-15,PRD-BMYLN78MSW1E,CLI-LZS8JNMKFXTB,Transfer,,2323.67,USD,,Web,,,,México,Puebla,Approved,00,False,0.27,,
TRX-COTR0RGZC66ZPR5M7O9S,2025-03-15 17:38:51,2025-03-15,PRD-CDOZBKMRA67D,CLI-FNB77EBXGCAD,Withdrawal,,322.63,USD,,ATM,SUC-2ATW7QMQ,,,México,Guadalajara,Approved,00,False,8.7,,
TRX-7N1BZONLI0ZIMGPMLK4A,2025-03-15 20:16:47,2025-03-15,PRD-49OQVW29IDOE,CLI-GEY66RN8LOF6,Withdrawal,,1797782.48,COP,449.45,App,,,,Colombia,Cartagena,Approved,00,False,12.55,,
TRX-J98WR8ZRAVIUZKSSG5BF,2025-03-15 07:49:01,2025-03-15,PRD-JT1DL12SLO77,CLI-VNJ3K0CT2Q9S,Deposit,,4468707.04,COP,1117.18,POS,,,,Colombia,Barranquilla,Approved,00,False,,,
TRX-SO7SVUU7D6YW9063TBNN,2025-03-15 08:32:46,2025-03-15,PRD-EGOU1UBVKPRI,CLI-ZG3V6KHD6JO7,Deposit,,2627.91,USD,,POS,,,,México,Guadalajara,Approved,00,False,,-0.4189783,0.803564
TRX-4CY5XCKBB00K1VLWFY1X,2025-03-15 20:38:51,2025-03-15,PRD-VX4KNUIT5E3S,CLI-1FZK3HHWJ2RV,Withdrawal,,588689.07,COP,147.17,App,,,,Colombia,Cali,Approved,00,False,,,
TRX-MXZY7WQRGI2C9EEBM5RU,2025-03-16 03:00:50,2025-03-15,PRD-6HHL70MH24P1,CLI-8NHTNE9U705D,Transfer,,8009.64,USD,,ATM,SUC-DL6TAAQL,,,México,Puebla,Approved,00,False,,,
TRX-JC9YBW04ELFE17ELPMM5,2025-03-15 07:56:45,2025-03-15,PRD-0ZI9DVO6PXG3,CLI-A8QL94KFGPKV,Purchase,Services,2622.7,ARS,,Transfer,,Internet Plus,Services,Argentina,La Plata,Approved,00,False,25.68,,
TRX-ICM2632XOHSAPAXXSYX3,2025-03-15 09:39:49,2025-03-15,PRD-88NEOLRH07CR,CLI-HILV4IVX7USA,Deposit,,3645.28,USD,,ATM,SUC-GOTE3INU,,,México,Tijuana,Approved,00,False,29.1,0.6518421,-0.2120436
TRX-7CO0R7ZQABMQP3OTMR1Q,2025-03-15 13:44:09,2025-03-15,PRD-BWZ1QTS27PF5,CLI-NW5I9XZED4CI,Purchase,Entertainment,139991.57,ARS,399.98,App,,Cine Premium,Entertainment,Argentina,,Declined,54,False,,,
TRX-B80DCZ2OATP2OUPH8MP3,2025-03-15 16:57:04,2025-03-15,PRD-IE2G8H13FBPT,CLI-1I8ZONG2I8QF,Transfer,,9523480.6,COP,2380.87,App,,,,Colombia,Medellín,Declined,54,False,16.32,,
TRX-5SNHRG2UQR7EGHHJJ1UA,2025-03-15 09:55:56,2025-03-15,PRD-D9J4E64AH0O5,CLI-CYUUNFU47RAR,Transfer,,5806072.6,COP,1451.52,POS,,,,Colombia,Medellín,Approved,00,False,23.33,3.9585784,-74.706963
TRX-M0DC4TXRUAY9NVFFMBPW,2025-03-16 00:39:40,2025-03-15,PRD-F1ZA8EUGH4L8,CLI-D7MU1NQX6FTJ,Deposit,,14249444.48,COP,3562.36,ATM,SUC-RFQLK7RX,,,Colombia,Bogotá,Approved,00,False,24.53,,
TRX-QLHHHV53E8KP76OROP65,2025-03-15 09:24:57,2025-03-15,PRD-XYXS8HGRXY4M,CLI-GLXX0KCP2KVD,Deposit,,16686528.94,COP,4171.63,Web,,,,Colombia,Barranquilla,Approved,00,False,,,
TRX-6ZMRSEUR8T0BJXJ5H10G,2025-03-15 11:57:03,2025-03-15,PRD-MTF54491TD17,CLI-PHGQ5U1T1AER,Transfer,,9043.59,USD,,ATM,SUC-Q9LRLZTA,,,México,Tijuana,Approved,00,False,9.68,,
TRX-ARMGL9S1CYZ047OB9ELH,2025-03-15 23:03:55,2025-03-15,PRD-15VW91XGPXXH,CLI-H5TACAGRK5NZ,Purchase,Other,50.04,USD,,Web,,Boutique Moda,Other,México,Monterrey,Approved,00,False,,,
TRX-FGA04C0H4BTO50WSDZ79,2025-03-15 23:41:14,2025-03-15,PRD-WNOYDBNSBFQG,CLI-RZIUW4CF2J2K,Purchase,Food,10562.84,ARS,30.18,POS,,Restaurante El Buen Sabor,Food,Argentina,La Plata,Approved,00,False,1.41,,
TRX-75161A5VW5E3WFG99L70,2025-03-15 20:26:49,2025-03-15,PRD-OGZA8MA6GEGG,CLI-K4RR5N1F4US0,Purchase,Food,623313.88,COP,155.83,POS,,Mercado Central,Food,Colombia,Bogotá,Declined,14,False,10.83,,
TRX-2KPHF12I8B139F3R2NNS,2025-03-15 18:27:35,2025-03-15,PRD-4FER66DMFU0Q,CLI-0WOCT634BLD3,Withdrawal,,1056295.19,COP,264.07,ATM,SUC-XZM2NPS4,,,Colombia,,Approved,00,False,5.15,,
TRX-HGW8JCXTKCC0LWFEUOH2,2025-03-15 11:40:51,2025-03-15,PRD-PHTBEKZYTG09,CLI-AM206GSDGAXM,Payment,Transport,4395039.72,COP,1098.76,POS,,,,Colombia,Medellín,Approved,00,False,,,
TRX-EGBTBQZBYR8D3QNOLCVN,2025-03-15 11:27:01,2025-03-15,PRD-7QYQ1K5Z3CUF,CLI-P1DKX6SJEMDZ,Purchase,Other,57912.56,ARS,165.46,App,,Ferretería,,Argentina,La Plata,Approved,00,False,7.13,,
TRX-ZJVV1UAOCZS6NE4CEAEB,2025-03-15 16:32:03,2025-03-15,PRD-6874BMA7WA25,CLI-QUJ2Z78H83L2,Transfer,,6709.21,USD,,App,,,,México,,Approved,00,False,,,
TRX-3HLOETATN28548EW6G6S,2025-03-15 21:55:42,2025-03-15,PRD-XQREI1WJH6HA,CLI-3JSFRJV2LFK5,Transfer,,634.18,USD,,Web,,,,Argentina,Buenos Aires,Approved,,False,23.52,,
TRX-N6CIUBDHPALP9RC3WL4H,2025-03-15 06:14:40,2025-03-15,PRD-CGEK3369WY4Z,CLI-KQFRP1FVBNBE,Purchase,Food,1933124.52,COP,483.28,POS,,Mercado Central,Food,Colombia,Medellín,Approved,00,False,,,
TRX-7XX3MSWKRQ3DQJJ01CT2,2025-03-15 07:00:53,2025-03-15,PRD-4W1E1DOPMYOY,CLI-1BVMKL4M4ELW,Transfer,,7725.11,USD,,Branch,SUC-P65ZGVH3,,,México,Tijuana,Approved,00,False,0.49,,
TRX-QYDHOSEWHUE2LYN32OV4,2025-03-15 09:10:32,2025-03-15,PRD-BV5Z5TALZ0G1,CLI-Y6QM29P2ATVV,Payment,Food,168436.23,ARS,481.25,POS,,,,Argentina,La Plata,Approved,00,False,5.17,,
TRX-AYR8LS81863YD9OHHJHV,2025-03-15 09:49:22,2025-03-15,PRD-5OW5WWPO0FU3,CLI-64OKM4HQQZC5,Withdrawal,,1180207.45,COP,,POS,,,,Colombia,Cartagena,Approved,00,False,,,
TRX-A2YDU5KOR65ZQQJWE36D,2025-03-15 10:47:26,2025-03-15,PRD-KDP0GLHGJKEW,CLI-WUI7JG18JT3T,Deposit,,8385318.37,COP,2096.33,POS,,,,Colombia,Barranquilla,Approved,00,False,14.66,,
TRX-8FCZNZIRR5CXJQLB0F0C,2025-03-15 07:23:08,2025-03-15,PRD-YGLU4JXRTHIS,CLI-4RTDIKMSS6V1,Withdrawal,,1618408.35,COP,404.6,POS,,,,Colombia,Barranquilla,Approved,00,False,4.59,,
TRX-FJ5H2CSLLGVP31RYZRLQ,2025-03-15 10:24:07,2025-03-15,PRD-12JWUF1MCRSH,CLI-PTLX26F1208L,Withdrawal,,177.19,USD,,Transfer,,,,México,Tijuana,Approved,00,False,17.43,,
TRX-19C4ETQ4BQTHMARJ3JB3,2025-03-15 07:33:08,2025-03-15,PRD-45FFMZF6EHHN,CLI-4OY4RNOFAIPQ,Withdrawal,,95402.68,ARS,272.58,ATM,SUC-F321UEME,,,Argentina,La Plata,Approved,00,False,9.17,,
TRX-HK8V78AEV7TJ3MCNR4FP,2025-03-15 14:59:04,2025-03-15,PRD-95LNHPR56G7B,CLI-UGAY17TDIA24,Transfer,,9871.68,USD,,ATM,SUC-Y15GDF24,,,México,Tijuana,Approved,00,False,12.52,0.0623331,-0.4485496
TRX-PNLO5LPFXD9OCLPKHK09,2025-03-15 12:08:47,2025-03-15,PRD-XO1NDVBODUI4,CLI-DKMLOWVFNV5M,Deposit,,782.34,USD,,ATM,SUC-Q9LRLZTA,,,México,Guadalajara,Reversed,51,False,10.38,0.9944547,-0.2864706
TRX-KDCTFQALFUR5NTFEKQVS,2025-03-16 01:13:05,2025-03-15,PRD-NZCZMU511QBV,CLI-FLXI8TYZMKGK,Payment,Other,3495620.72,COP,873.91,Web,,,,Colombia,Cali,Declined,51,False,12.49,,
TRX-ZT190DUHUYSELB1KCDWX,2025-03-16 02:19:38,2025-03-15,PRD-4Z9BYOC6IYZW,CLI-2Q2MMIT7NULP,Purchase,Entertainment,757313.38,COP,189.33,POS,,Cine Premium,Entertainment,Colombia,,Approved,00,False,,,
TRX-QNXZH0PVQTO6I35CBLHA,2025-03-15 13:10:45,2025-03-15,PRD-1X09Y38W5FG9,CLI-GAKOV4SP7548,Deposit,,13418363.72,COP,3354.59,POS,,,,Colombia,,Approved,00,False,28.17,,
TRX-6XDQZSIMVA0ZZMV224T3,2025-03-15 14:39:30,2025-03-15,PRD-H337LHDEJVIK,CLI-KZXV8ZIM9DPR,Purchase,Services,16039.88,ARS,45.83,App,,Empresa Telefónica,,Argentina,La Plata,Declined,51,False,1.63,,
TRX-77OBMX4SSKAF7NZ3Y0HU,2025-03-15 15:00:41,2025-03-15,PRD-NNQIUOUVQAAW,CLI-25UC6EYD368L,Purchase,Services,301.75,USD,,ATM,SUC-3DCC91G4,Cable TV,Services,México,Ciudad de México,Approved,00,False,6.81,,
TRX-QRCSX28CNSF6BL1GJZPC,2025-03-15 21:46:02,2025-03-15,PRD-RFY1S074IDX8,CLI-Z2Q70V65K11B,Purchase,Services,317227.41,COP,79.31,ATM,SUC-PNT72MIS,Servicios Públicos,Services,Spain,Sevilla,Approved,00,False,24.49,5.3204421,
TRX-B02GK0YRK94B39675UB9,2025-03-15 14:00:55,2025-03-15,PRD-SJRFELSY1T2Y,CLI-8BUA4XZBXIY4,Payment,Food,1471.2,USD,,ATM,SUC-RDJC9IH3,,,México,Tijuana,Approved,00,False,17.14,0.6078856,-0.1687776
TRX-1IE3H4TEGGO6BKG7FE0Q,2025-03-15 19:44:04,2025-03-15,PRD-19ZOIUHU7FQO,CLI-ZA32UQQACL32,Purchase,Transport,130191.31,COP,32.55,POS,,Uber,Transport,Colombia,Medellín,Approved,00,False,,4.1816217,-73.916969
TRX-9258HYCSGEHLH4UUGKD8,2025-03-15 06:40:57,2025-03-15,PRD-NEENP1OIT54W,CLI-W578YEAM13IF,Payment,Entertainment,1742.24,USD,,ATM,SUC-8UUCS42Y,,,Colombia,Bogotá,Declined,14,False,3.44,,
TRX-5ETUSWMQVUA1YGC5JK63,2025-03-15 16:53:57,2025-03-15,PRD-2Y8U3L1VXZWY,CLI-UC61ZOMFRSSI,Withdrawal,,303.83,USD,,POS,,,,México,Ciudad de México,Pending,54,False,23.36,,
TRX-DMJUFLBORYK8KXAWOQUS,2025-03-15 14:50:43,2025-03-15,PRD-UGTWIV9UHH3P,CLI-CVP93AKOGRPL,Withdrawal,,12509.54,ARS,35.74,App,,,,Argentina,Rosario,Approved,,False,0.31,,
TRX-JR36IRVUYDXISU8547HG,2025-03-16 04:47:44,2025-03-15,PRD-7U9EB0LDJZL5,CLI-G68WEH6LEP3G,Transfer,,588.77,USD,,POS,,,,USA,New York,Approved,,False,10.77,,
TRX-A8CIXY3YXUQWVBSO8WIU,2025-03-15 16:51:16,2025-03-15,PRD-FA7FSOE6NI6I,CLI-P34T3WGG5MKO,Deposit,,705710.95,ARS,2016.32,App,,,,Argentina,La Plata,Approved,00,False,28.86,,
TRX-1YJOMZIQWYCU6VNSPO6S,2025-03-15 08:38:58,2025-03-15,PRD-ACGEOI1HZ77Y,CLI-DJ8YGZYKOMC8,Deposit,,11574448.37,COP,2893.61,Web,,,,Colombia,Cartagena,Approved,00,False,,,
TRX-YQUF6U6NVS4U5HY6ZLGB,2025-03-15 07:05:22,2025-03-15,PRD-NCVNKCG9XNHB,CLI-GE1TCA7N8RQQ,Withdrawal,,386379.61,COP,96.59,Web,,,,Colombia,Cali,Approved,00,False,,,
TRX-CE6SOZ9GGI2ZJVONCZXU,2025-03-15 10:55:04,2025-03-15,PRD-ZTPMTH97DVNG,CLI-IXNE2AGY6TK7,Purchase,Health,265877.9,COP,66.47,App,,Óptica Visión,Health,Colombia,Barranquilla,Approved,00,False,3.3,,
TRX-YKB8LQMUA3XGL9T5XPHJ,2025-03-15 22:26:27,2025-03-15,PRD-KHKBOENQO5P3,CLI-YXXIRG86H2J2,Purchase,Services,7608.68,ARS,21.74,App,,Servicios Públicos,Services,Argentina,Mendoza,Approved,00,False,22.52,,
TRX-FQYW2HYQOPQFSI9KKJOW,2025-03-15 23:21:07,2025-03-15,PRD-XVPP4GSEFE87,CLI-TXAWO6OYQ6A4,Withdrawal,,124.75,USD,,ATM,SUC-OZH64PX1,,,México,Puebla,Approved,00,False,4.55,,
TRX-KYJVWBIZU4ICD30XYNY7,2025-03-15 10:52:08,2025-03-15,PRD-RJU2LVTZK6O7,CLI-SYCG3BQUMKIQ,Transfer,,2940096.59,ARS,8400.28,POS,,,,Argentina,Buenos Aires,Declined,54,False,15.59,-34.0261907,-57.6077691
TRX-2TCQT4AA3FCH5K4AOF5I,2025-03-16 01:28:06,2025-03-15,PRD-R54J6GX6EGVP,CLI-JIXW2TAO39NZ,Purchase,Entertainment,62.91,USD,,Web,,Cine Premium,Entertainment,Colombia,,Approved,00,False,,,
TRX-Z2GY2SJ1GUJI9L00O1CD,2025-03-16 02:47:18,2025-03-15,PRD-IGAUQDGXVH7A,CLI-C7G618R7YCDK,Transfer,,3052.77,USD,,POS,,,,México,Querétaro,Approved,,False,12.1,,
TRX-TAU9ZTLWAVMSDGG04RCE,2025-03-15 09:34:58,2025-03-15,PRD-F3V1W62ZLQ8I,CLI-T9EYVHGUZZ09,Transfer,,12493522.55,COP,3123.38,POS,,,,Colombia,Cali,Approved,00,False,3.22,,
TRX-ZS68SZ3QACU0XNIOA34T,2025-03-15 11:42:43,2025-03-15,PRD-8F3WCHIKBUCX,CLI-G08FI4NDJPOR,Transfer,,101.9,USD,,ATM,SUC-IPX8M3BR,,,Argentina,La Plata,Approved,00,False,,,
TRX-RMNIQS8HHTP4BDVNHOON,2025-03-15 20:49:56,2025-03-15,PRD-JJ4HA89JMXM6,CLI-UI6HVA5OKCVH,Withdrawal,,377.62,USD,,POS,,,,México,Tijuana,Approved,00,False,20.03,,
TRX-WSHXIJOTHHB5S8APDZET,2025-03-16 04:23:37,2025-03-15,PRD-4B22YB9GJ2WW,CLI-1EDDTACQF41R,Withdrawal,,16624.99,ARS,47.5,POS,,,,Argentina,Buenos Aires,Approved,00,False,22.13,-34.4862682,-58.6600395
TRX-X23BNPY47GP821A6FPDH,2025-03-15 14:32:52,2025-03-15,PRD-ZWXF630E078H,CLI-NYHJUZJSCQ10,Withdrawal,,178.82,USD,,Transfer,,,,México,Puebla,Approved,00,False,,,
TRX-9FTYJ3NSUHQCEL6UY5UO,2025-03-15 23:17:23,2025-03-15,PRD-YKG0VF0ZB78Q,CLI-76M7Z4C2FZC4,Deposit,,3988.1,USD,,POS,,,,Argentina,Córdoba,Approved,00,False,14.26,,
TRX-10KU1FDSI2XW1JTG93XU,2025-03-15 06:56:47,2025-03-15,PRD-668QDV3DPXNR,CLI-BOKXXD7UBCX9,Purchase,Food,68.15,USD,,POS,,Mercado Central,Food,México,Guadalajara,Approved,00,False,19.37,,
TRX-UQJ27RK9R6TDG7BXIK7O,2025-03-16 00:37:03,2025-03-15,PRD-S3F6SYKOVXNN,CLI-G4GYZDG1U4WH,Transfer,,948.73,USD,,POS,,,,Brazil,Salvador,Approved,00,False,,,
TRX-XNDR2YTOJMPAHT8CQPJZ,2025-03-15 16:54:03,2025-03-15,PRD-P9NEGZLZYERB,CLI-ZQE24JUGM1VP,Withdrawal,,444.48,USD,,POS,,,,Mexico,Monterrey,Approved,00,False,,-0.1776966,0.8164945
TRX-G11RRCGM1ARE7MBXFZ8D,2025-03-15 11:27:14,2025-03-15,PRD-2CWB948L1PNI,CLI-MVDU6FJYWYS8,Purchase,Other,374.16,USD,,App,,Centro Comercial,Other,México,Puebla,Approved,00,False,16.91,,
TRX-MJRW54EMBVYIENDNM15F,2025-03-15 07:16:56,2025-03-15,PRD-9A2V4H4R3KNX,CLI-P86IYNZB2NVN,Payment,Entertainment,1660.92,USD,,ATM,SUC-6RHR3MME,,,México,Guadalajara,Reversed,14,False,10.22,-0.6795988,-0.0377171
TRX-0YF1D6S8N1V93X4YPZTM,2025-03-16 01:37:12,2025-03-15,PRD-UB6PA6S3QN0N,CLI-XOV1SSR43OAO,Deposit,,1513.38,USD,,Web,,,,México,Guadalajara,Approved,00,False,6.78,,
TRX-QBVI5YRCGXJ1VD6KKNC6,2025-03-15 11:18:29,2025-03-15,PRD-6PGN6TNJS9RO,CLI-7MU15NA27BS6,Transfer,,2945657.44,ARS,8416.16,Web,,,,Argentina,Rosario,Approved,00,False,22.92,,
TRX-6V4BKNS2TOV34XFZ8W7G,2025-03-15 22:03:53,2025-03-15,PRD-NC37BWT5N14D,CLI-LO927PGFZJKY,Payment,Other,6640418.58,COP,1660.1,POS,,,,Colombia,Cartagena,Approved,00,False,,,
TRX-AUVSQR0LBN53T2GO2D8L,2025-03-15 06:12:56,2025-03-15,PRD-F8JZXL598S68,CLI-W5ZXBU16LTWD,Withdrawal,,1004311.57,COP,251.08,ATM,SUC-22RCTEVV,,,Colombia,Cartagena,Approved,00,False,8.15,,
TRX-55LE08P5PDPNYK47M3AI,2025-03-15 07:04:15,2025-03-15,PRD-LJSGXIVAGKYO,CLI-WYXIOO3ZYNK1,Deposit,,388.19,USD,,Branch,SUC-2LW7L4Y3,,,Colombia,,Approved,00,False,8.29,,
TRX-LFRHSRYPWSSMEN16VNV2,2025-03-16 01:19:42,2025-03-15,PRD-I2JJ3ED9TFPO,CLI-CROA3YRPRBBE,Payment,Entertainment,973.08,USD,,Web,,,,México,Ciudad de México,Approved,00,False,,,
TRX-4OWW9Y6QYZKKUXUTLZ9V,2025-03-15 14:18:48,2025-03-15,PRD-7TUTSMFTIV1J,CLI-ZCZ4YBIP7MI8,Purchase,Entertainment,449.66,USD,,POS,,Teatro Nacional,Entertainment,México,Querétaro,Approved,00,False,,,
TRX-5Y7RH6QY48I82AN8DOU7,2025-03-15 11:31:23,2025-03-15,PRD-V2GU9VGYTD5P,CLI-22REUFQW24C5,Deposit,,2674.16,USD,,POS,,,,México,Querétaro,Approved,00,False,18.37,,
TRX-K1MYHWKFWUZT4R5W39SY,2025-03-15 09:33:33,2025-03-15,PRD-WUBHQE44Q3B4,CLI-FQXVK66Z4G0V,Withdrawal,,480.72,USD,,ATM,SUC-ADIYTS49,,,México,Tijuana,Approved,,False,21.34,,
TRX-N9W0Y21F5WFNCT2NW8BT,2025-03-15 18:44:05,2025-03-15,PRD-3U50O9LXRR31,CLI-48T8PS8RACD5,Withdrawal,,11937.01,ARS,34.11,Transfer,,,,Argentina,La Plata,Approved,00,False,18.57,,
TRX-S6B80J0VJTDP1T0HEO1I,2025-03-15 14:38:41,2025-03-15,PRD-ISS1M7SZPYJ7,CLI-TJCN98XRXP68,Purchase,Services,273.11,USD,,Web,,Servicios Públicos,Services,México,Tijuana,Approved,00,False,,,
TRX-QIYHEM2U54I1PPW8KJVT,2025-03-15 17:46:41,2025-03-15,PRD-4TLGKWJ443XH,CLI-D7L2ZGYSAJ16,Purchase,Transport,492.17,USD,,POS,,Estación de Servicio,Transport,Argentina,,Approved,00,False,20.54,-33.7642291,-58.292176
TRX-NAYI1MRS8GQGEJD987NK,2025-03-16 02:55:11,2025-03-15,PRD-5J9MF9X509S3,CLI-JP8ZG8CQ3CBG,Transfer,,1208812.66,ARS,3453.75,ATM,SUC-UUF77WSC,,,Argentina,Buenos Aires,Approved,00,False,16.78,-34.032881,-58.8722206
TRX-263VR28JXQFB5T7SMU77,2025-03-16 01:37:20,2025-03-15,PRD-ZC42ZXABL4Y0,CLI-VJTBH1DD7N30,Withdrawal,,117.0,USD,,ATM,SUC-85YWBJ74,,,Colombia,Bogotá,Approved,00,False,21.78,,
TRX-BRDOL8NUOQ97Y09W2D97,2025-03-15 21:39:30,2025-03-15,PRD-DQCWE638MSRN,CLI-IXQ67NPYM9ZN,Payment,,432083.38,ARS,1234.52,Web,,,,Argentina,La Plata,Approved,00,False,3.06,,
TRX-ZJKBRC3O0PB2NV226CSV,2025-03-15 15:12:53,2025-03-15,PRD-9KA73UTN0TRW,CLI-BFJ68VKS33PR,Withdrawal,,133.93,USD,,ATM,SUC-XV1N3YM9,,,México,Tijuana,Approved,00,False,27.9,,
TRX-7UGEJV9XIASQP13STKLH,2025-03-15 11:15:22,2025-03-15,PRD-TO3CHRA440R1,CLI-4KC3ILOSBIRA,Deposit,,3564533.88,COP,891.13,Web,,,,Colombia,Cartagena,Approved,00,False,1.81,,
TRX-ITPGXEGVQ95CT1YGGRLT,2025-03-15 21:57:45,2025-03-15,PRD-WS80LF0GHUTX,CLI-B3NVN0WN1UE6,Purchase,Services,107298.15,ARS,306.57,POS,,Empresa Telefónica,Services,Argentina,La Plata,Approved,00,False,27.2,,
TRX-PUEPMITN74PDUZXSKU2W,2025-03-15 23:01:08,2025-03-15,PRD-L975I72E78XD,CLI-Y81XIO8R5NIM,Deposit,,4730.97,USD,,ATM,SUC-GOTE3INU,,,México,Tijuana,Approved,00,False,10.61,0.4916058,-0.4286846
TRX-7KCM5SRP82H0XGD71ZUZ,2025-03-15 18:54:28,2025-03-15,PRD-HIEUGEYWWC20,CLI-UHJ13JN9AB05,Transfer,,21586677.88,COP,5396.67,App,,,,Colombia,,Approved,00,False,1.16,,
TRX-XNHDTMHPOTUHTDFYBMNV,2025-03-15 17:16:58,2025-03-15,PRD-JKDX49QUN5QG,CLI-NESNBZ14MYJV,Transfer,,33483376.77,COP,,ATM,SUC-4BEKYT6U,,,Colombia,Barranquilla,Approved,00,False,14.71,4.8326807,-73.9106453
TRX-D7CPAPRZKOCW6V1S23HL,2025-03-16 01:25:54,2025-03-15,PRD-O3S66V4J40PW,CLI-JPFK5TGNGRFJ,Transfer,,7964.13,USD,,Web,,,,México,Monterrey,Declined,05,False,24.64,,
TRX-E4FEX9H729Q0SZXUNVM5,2025-03-15 09:05:23,2025-03-15,PRD-R9BS4OB8B5CU,CLI-CPR4T3LDZ9Q1,Payment,Transport,669260.49,ARS,1912.17,Web,,,,Argentina,La Plata,Approved,00,False,3.57,,
TRX-37OIEJ4668YT46NL6QVW,2025-03-15 20:32:00,2025-03-15,PRD-LR235RTVX47N,CLI-JCFEF6EFOTEB,Deposit,,196.01,USD,,ATM,SUC-P92DIW6S,,,México,Monterrey,Approved,00,False,,,
TRX-7F01KLU93ZDLFCSCB6AE,2025-03-15 13:23:18,2025-03-15,PRD-0WEJ5J3TJUO7,CLI-N0JOPW2B9CQZ,Payment,,1158608.53,COP,289.65,Branch,SUC-JARPMK7O,,,Colombia,Cali,Approved,00,False,4.44,,
TRX-6ZZQRFH8EU0XQD2ZE9ZU,2025-03-16 01:10:36,2025-03-15,PRD-DIQ1SSNEE0AG,CLI-BQ78G5RBB6QO,Payment,Transport,100.33,USD,,App,,,,México,Guadalajara,Approved,00,False,,,
TRX-YC267D001E8AMB97XNRN,2025-03-15 22:23:04,2025-03-15,PRD-F81ACFFB4167,CLI-VW6Y441PBXV2,Withdrawal,,489153.09,COP,122.29,ATM,SUC-HO849Z2Q,,,Colombia,Medellín,Approved,00,False,17.7,4.4436143,-74.6837771
TRX-80D0YLUQN49N6OCCB7CO,2025-03-15 11:58:47,2025-03-15,PRD-W07EYR8NFQMI,CLI-AV9SW076MLWI,Purchase,Other,460.01,USD,,POS,,Ferretería,Other,Colombia,Bogotá,Pending,05,False,16.63,,
TRX-60U0Q7CEE8BHLU7PC4AU,2025-03-15 07:56:55,2025-03-15,PRD-1DDF614F9IBH,CLI-PFZZQ9I0N4P9,Purchase,Other,1527840.24,COP,,Web,,Boutique Moda,Other,Colombia,Cartagena,Approved,00,False,16.03,,
TRX-0TTPOMWOW29DPB1VKEXS,2025-03-16 03:46:57,2025-03-15,PRD-NP2NPJ2UBVEZ,CLI-4WLXGMG4LQ0P,Purchase,Services,102.79,USD,,Web,,,Services,México,Ciudad de México,Approved,00,False,,,
TRX-5W1SJTCYSKG79PCYSCS2,2025-03-16 02:00:31,2025-03-15,PRD-VLYHZ4D3117I,CLI-P4ULA9CXC21J,Withdrawal,,203.14,USD,,POS,,,,México,Puebla,Approved,00,False,1.57,0.9381246,0.2787615
TRX-RRY7QW1F6U2KWKBIH08N,2025-03-16 05:42:32,2025-03-15,PRD-XIZWT3B9BNR7,CLI-NLLSGY6WK7V9,Withdrawal,,384.23,USD,,POS,,,,México,Ciudad de México,Approved,00,False,25.15,,
TRX-NWN35R8023WWY4SE9QZ4,2025-03-15 22:23:16,2025-03-15,PRD-K3NXZ9SN59OF,CLI-A014JK5Z0TGK,Deposit,,2730.37,USD,,App,,,,México,Ciudad de México,Approved,00,False,1.06,,
TRX-Y4ZOHWEU7V6TMGU9JFNI,2025-03-15 19:55:18,2025-03-15,PRD-7HIQHV9Q6LEG,CLI-WQ5J0YPRNA5B,Purchase,Entertainment,70469.43,COP,17.62,Web,,Streaming Music,Entertainment,Colombia,Cali,Approved,00,False,25.07,,
TRX-Z5D9UKSOJKJPD4HT1WZW,2025-03-15 13:58:37,2025-03-15,PRD-L2D3J2NU7NZE,CLI-VTP75RZGH3DH,Purchase,Food,305.87,USD,,POS,,Tienda Don José,Food,México,Tijuana,Approved,00,False,24.74,,
TRX-D2JGYBLPWRA0IC9U3Y7O,2025-03-15 20:44:56,2025-03-15,PRD-1MZTL7CGSHM6,CLI-OGCQPVG5NCHX,Payment,Food,950.57,USD,,App,,,,México,Monterrey,Approved,00,False,10.7,,
TRX-8QFGQXNMS3NWLKDL5MIT,2025-03-15 16:08:43,2025-03-15,PRD-7IBG4WSPLKBU,CLI-P1WZ5A9XMADN,Withdrawal,,166658.29,ARS,476.17,POS,,,,Argentina,Córdoba,Approved,00,False,1.14,,
TRX-A4E2T0QNVNAXGQ9YYMNO,2025-03-16 03:04:55,2025-03-15,PRD-DFYEOUDIKWFH,CLI-7XC8EL8HOMTS,Transfer,,2139136.0,ARS,6111.82,POS,,,,Argentina,,Approved,00,False,16.05,,
TRX-JMBFGD1YC301V8847AB2,2025-03-16 05:44:48,2025-03-15,PRD-OQ8KFXHV39HE,CLI-Q1P7UC3JG5DC,Deposit,,2185.34,USD,,ATM,SUC-M8AEJ2A4,,,México,Ciudad de México,Approved,00,False,,,
TRX-OVVJF06MU14N5RTGV4JO,2025-03-15 13:46:14,2025-03-15,PRD-NBDM8NTQLWB2,CLI-5H5QTGR8RJ8I,Purchase,,465.34,USD,,Web,,Gasolinera Express,Transport,México,Monterrey,Approved,00,False,10.44,,
TRX-U3J5IQ6R4A6X97MTDF4E,2025-03-15 07:26:17,2025-03-15,PRD-3INZB50CXKUI,CLI-BFRGQOULPDEV,Payment,Transport,1748.2,USD,,ATM,SUC-H2ROE7C8,,,Colombia,Cartagena,Approved,00,False,17.2,,
TRX-S6VPXAQ25NT7JOGN15LI,2025-03-15 08:02:41,2025-03-15,PRD-ATE6HK0UQ60Z,CLI-F2YTU5OV9GRU,Purchase,Services,459446.46,COP,114.86,ATM,SUC-P6VSAH4U,Internet Plus,Services,Colombia,Barranquilla,Approved,00,False,25.01,5.5606482,-73.4044176
TRX-UETG5MZ9SAYZVL7T72OE,2025-03-15 08:30:32,2025-03-15,PRD-D5U6P6I0D6C9,CLI-AWGFXLJRQHIN,Transfer,,623.04,USD,,App,,,,México,Puebla,Approved,00,False,4.07,,
TRX-97LUBWTNU885J2FT27TR,2025-03-15 21:26:27,2025-03-15,PRD-02D8RXUIJKYG,CLI-JHTY052HRIBH,Transfer,,901.45,USD,,ATM,SUC-S49Q0IRI,,,México,Monterrey,Approved,00,False,25.26,0.5783958,0.1002124
TRX-KNXPUMUBE42ZALJGX4AH,2025-03-15 06:05:09,2025-03-15,PRD-130WR1MT5SFX,CLI-OXMC3YYWNBTL,Withdrawal,,330.39,USD,,App,,,,México,Puebla,Approved,00,False,27.98,,
TRX-VI45AJOX7AQIZ94B76WP,2025-03-15 13:31:48,2025-03-15,PRD-NFW3NBSVTUYO,CLI-83L4WS36D5Z6,Transfer,,3217250.77,ARS,9192.15,ATM,SUC-TUCFOESJ,,,Argentina,Mendoza,Approved,00,False,,,
TRX-56Q1K651V7ZOY9KOA0GQ,2025-03-16 02:40:59,2025-03-15,PRD-4GS9A9F6A8Y4,CLI-PW59V1KYCS8T,Deposit,,906428.6,ARS,2589.8,ATM,SUC-YO2Y6PA3,,,Argentina,Córdoba,Approved,00,False,18.21,,
TRX-I9BNVLD7LVOT8K884099,2025-03-15 13:51:05,2025-03-15,PRD-I7DA89AS9EFB,CLI-OHRS10I44L8H,Transfer,,5447.34,USD,,POS,,,,México,Ciudad de México,Approved,00,False,2.54,,
TRX-HKLUBXAMJO3WY5GPST6K,2025-03-15 22:51:49,2025-03-15,PRD-Q09AXFETDS9H,CLI-CLU01JCSF1GV,Purchase,Other,74.65,USD,,Transfer,,Boutique Moda,Other,México,Tijuana,Approved,00,False,19.57,,
TRX-3KCSAB0RFX1D3ZL1YMTR,2025-03-16 05:37:31,2025-03-15,PRD-256NHBEVZIAI,CLI-EFNE95FPYV7U,Purchase,Food,130978.64,COP,32.74,Web,,Super Ahorro,Food,Colombia,,Approved,00,False,6.02,,
TRX-803T29OKXGP5T9ZJ2DLB,2025-03-15 14:56:17,2025-03-15,PRD-XTVPM5KIQDBD,CLI-9GOLTGB1244V,Purchase,Transport,55.24,USD,,ATM,SUC-WU56M94O,Gasolinera Express,Transport,México,Monterrey,Approved,00,False,11.83,,
TRX-F04HQRBN9FULX9P4C40S,2025-03-15 22:25:14,2025-03-15,PRD-ZZMEUIB4I4OX,CLI-I6RS8Z9ELMAC,Withdrawal,,112.87,USD,,App,,,,México,Puebla,Approved,00,False,12.49,,
TRX-TJIJLE085FNR83VO1TUY,2025-03-15 15:31:40,2025-03-15,PRD-91XRBG64QW9W,CLI-UJLHHTR5NLC3,Transfer,,2141818.16,ARS,6119.48,ATM,SUC-G7HRTTDE,,,Argentina,La Plata,Approved,00,False,7.07,-34.8929939,-58.6414249
TRX-VDJE8HKVLT58A6YC9ECR,2025-03-15 07:49:21,2025-03-15,PRD-UU7ZEXQXB85K,CLI-N7N4LZYXHGYO,Transfer,,728.83,USD,,App,,,,México,Tijuana,Approved,00,False,5.39,,
TRX-PRHDEVCYFR0BXCSPRAOB,2025-03-15 20:47:27,2025-03-15,PRD-K6FIRGUQBG9T,CLI-OKQ8C4CEUMWG,Payment,,501.11,USD,,ATM,SUC-M8AEJ2A4,,,México,Puebla,Approved,00,False,11.61,0.1364438,-0.9158401
TRX-EIM5VZRHDKUUB428ALKC,2025-03-15 06:49:01,2025-03-15,PRD-VGKYVG8GY1IQ,CLI-8R9Q5VTG1TYO,Deposit,,224030.38,COP,56.01,Web,,,,Colombia,Cali,Approved,00,False,7.17,,
TRX-WFTBA67DX65AOK9D6CV0,2025-03-16 05:33:26,2025-03-15,PRD-6RXRCTGVNDU3,CLI-44A8JR1GKP1P,Transfer,,22697828.19,COP,5674.46,POS,,,,Colombia,Barranquilla,Declined,05,False,2.2,,
TRX-W991APTVGFMSAB83BWBF,2025-03-15 10:20:53,2025-03-15,PRD-5JZIRJAAUBFK,CLI-1ZCFOZBOBQ2D,Transfer,,1153852.51,ARS,3296.72,POS,,,,Argentina,La Plata,Approved,00,False,2.84,,
TRX-YITHAQ2QUH1N92J7JJFZ,2025-03-16 03:05:47,2025-03-15,PRD-B33H8ZA3TYKV,CLI-8C9F65DOA4RZ,Deposit,,4719.81,USD,,Branch,SUC-HFPBAT4U,,,México,Puebla,Approved,00,False,25.46,,
TRX-9XAA152WYOGE7IMB7V27,2025-03-16 00:56:11,2025-03-15,PRD-6BSCOUXB2IPK,CLI-7CPJ55UUS5AD,Purchase,Transport,280321.58,COP,70.08,POS,,Taxi Seguro,Transport,Colombia,Cartagena,Approved,00,False,8.76,4.1239135,-73.1894599
TRX-IQTY2UFZBHY0ED7RBUZ6,2025-03-15 15:35:03,2025-03-15,PRD-9NRB7ISGWPOT,CLI-8LFB9Z4WY052,Payment,Other,41447.45,ARS,118.42,POS,,,,Argentina,Buenos Aires,Approved,00,False,29.04,,
TRX-QEGWWPSW14G9AYNDTK7G,2025-03-15 13:28:54,2025-03-15,PRD-PP92JRPSF7JD,CLI-QAJ2HYXU2RCQ,Transfer,,2611633.92,ARS,7461.81,App,,,,Argentina,La Plata,Approved,00,False,28.62,,
TRX-8DJRD9AEAP5QXWQ7F837,2025-03-15 19:22:24,2025-03-15,PRD-3OVPM8LHYZ4G,CLI-GKJMX39ITIGE,Transfer,,7936.15,USD,,ATM,SUC-CGL8D37U,,,México,Puebla,Approved,00,False,6.1,,
TRX-O2PH8R9JY03WIEFL8FJY,2025-03-15 16:55:43,2025-03-15,PRD-CNULJQ5141W0,CLI-9DKQPJ6NFEWX,Transfer,,632201.36,COP,158.05,Web,,,,Colombia,Cali,Approved,00,False,12.55,,
TRX-EHGL6RZCB5O0H3H13A7D,2025-03-15 21:16:17,2025-03-15,PRD-R3W3HU7RFTF6,CLI-5J0QNBIPHC1B,Deposit,,1232.43,USD,,App,,,,México,Querétaro,Approved,00,False,7.15,,
TRX-Q5SVCUA4WJN2DSVDY15I,2025-03-15 20:20:25,2025-03-15,PRD-KQG0UDCUI8C8,CLI-GY8YSF8IDCP3,Payment,Services,548.47,USD,,ATM,,,,México,Querétaro,Pending,05,False,23.78,0.5305902,-0.9660792
TRX-YMKIHU2Q9R7QECLQAM6U,2025-03-15 18:28:15,2025-03-15,PRD-RUWOZTBHAGOU,CLI-PKWCAABFVSNF,Purchase,Food,246.83,USD,,ATM,,Restaurante El Buen Sabor,,México,Guadalajara,Approved,,False,1.59,,
TRX-L068KZTYSW8BLGOZ0H2I,2025-03-15 16:46:05,2025-03-15,PRD-NAXUBMQOBET2,CLI-J99BPTCXZLF0,Transfer,,2756.36,USD,,App,,,,México,Ciudad de México,Approved,,False,0.78,,
TRX-P8UH9ZF3UD7FS3R96DWS,2025-03-15 19:34:01,2025-03-15,PRD-N5X9AO3MB4F4,CLI-8AA0UYNY0ZJH,Transfer,,8676.43,USD,,ATM,SUC-KNGCTTUB,,,México,Guadalajara,Approved,00,False,,-0.9384868,-0.8509003
TRX-2MLAXTQMIDARX62EN7S7,2025-03-15 20:04:22,2025-03-15,PRD-G50ZKDSMKRFZ,CLI-A5QJYUI6T89H,Deposit,,13975594.1,COP,3493.9,POS,,,,Colombia,Bogotá,Approved,00,False,14.26,3.7333504,-74.9974584
TRX-JAQ3W4A7CIHIM0SIFDMI,2025-03-15 06:44:54,2025-03-15,PRD-5UKY4EJL6E5C,CLI-1MZHNA3G2IDZ,Purchase,Services,344.15,USD,,App,,Internet Plus,Services,México,Guadalajara,Approved,00,False,,,
TRX-CW5MH0TIQRJJSVRGA0SV,2025-03-15 13:07:52,2025-03-15,PRD-RM7IQITJ7PEK,CLI-M7LDL8PGYXZG,Purchase,Transport,414.43,USD,,POS,,Taxi Seguro,Transport,México,Guadalajara,Approved,00,False,25.42,,
TRX-3EWW5NHXN3V4LGTCFWZD,2025-03-16 04:30:34,2025-03-15,PRD-JPTB52QXZLBN,CLI-3WJ4IOYEUMCB,Withdrawal,,100093.0,ARS,285.98,ATM,SUC-XHNP3DLP,,,Argentina,Rosario,Approved,00,False,4.53,,
TRX-SR9FY4UW03PLZISS8EU6,2025-03-15 18:23:47,2025-03-15,PRD-XDXBAW31QE9X,CLI-Q6L5A1RO28M8,Purchase,,1603114.82,COP,400.78,App,,Boutique Moda,Other,Colombia,Cartagena,Approved,00,False,25.85,,
TRX-IS70A46XVJZZPFB22RZZ,2025-03-15 17:49:55,2025-03-15,PRD-OKRK4LQXIU4K,CLI-D3M30E8YUPPI,Transfer,,6355.93,USD,,POS,,,,Argentina,Mendoza,Approved,00,False,19.25,-34.2753319,-57.6197827
TRX-VM1DY11D5N0J0UGDEEHG,2025-03-15 20:00:26,2025-03-15,PRD-VS2VMOT40T5X,CLI-PVA552D745GF,Transfer,,3097704.33,ARS,8850.58,ATM,SUC-39R34AY6,,,Argentina,Buenos Aires,Approved,00,False,27.17,,
TRX-5R6RGQKNUMV2XPG073YM,2025-03-15 18:48:23,2025-03-15,PRD-1X41KKFNGXU8,CLI-AS16M4KVELLZ,Purchase,Food,189.24,USD,,App,,Restaurante El Buen Sabor,Food,Brazil,Brasília,Approved,00,False,14.86,,
TRX-A23MP7CZWXH7IM52XA1N,2025-03-15 17:24:46,2025-03-15,PRD-SLSSAX9AS7U3,CLI-XSWG0EJFBZQD,Deposit,,2076.23,USD,,ATM,SUC-1G7XCTV8,,,Spain,Valencia,Approved,00,False,18.66,,
TRX-ZG57MYTAMANLT3T9MNVH,2025-03-15 14:56:23,2025-03-15,PRD-90SU49S0C005,CLI-HZOI7SVG1HVL,Transfer,,8071.04,USD,,POS,,,,México,Guadalajara,Approved,00,False,2.2,-0.88043,0.1667449
TRX-VY85GQF96TMIR9AAON9P,2025-03-16 05:04:41,2025-03-15,PRD-Y4ZPKVNNHT3W,CLI-WUELYV9AMUC6,Deposit,,138606.36,ARS,396.02,Transfer,,,,Argentina,Mendoza,Approved,00,False,3.64,,
TRX-522YG4X6N9S2WAN0S0R5,2025-03-15 22:08:12,2025-03-15,PRD-WCS3LHQOAENA,CLI-ZW9FP0M50ZL7,Transfer,,1243.48,USD,,ATM,SUC-QVGF07AP,,,México,Ciudad de México,Approved,00,False,29.32,-0.4117622,0.4748005
TRX-TVB32L933VMMKMXSVUIO,2025-03-15 06:25:07,2025-03-15,PRD-4KTB46Q6ICQC,CLI-AYT7FQPLLPSK,Payment,Services,1294.66,USD,,Transfer,,,,México,Guadalajara,Approved,00,False,,,
TRX-CQ9Q1YQWW6NBJGNS6IC5,2025-03-15 08:56:59,2025-03-15,PRD-ME9LMKWMLAEC,CLI-4QB7ZVIM0EKF,Payment,Services,1874287.18,COP,,POS,,,,Colombia,Cali,Approved,00,False,8.27,,
TRX-5O5SI56UXOLIKMGKXG1N,2025-03-15 08:19:16,2025-03-15,PRD-94UURPSFQ5DY,CLI-5662EY35CJUB,Payment,,2690870.65,COP,672.72,Web,,,,Colombia,Cartagena,Approved,00,False,23.83,,
TRX-Y3M1IXEPLASQ7OF1J806,2025-03-15 18:19:28,2025-03-15,PRD-EZ0L4WSM8E4R,CLI-KZPRX9K30XN8,Payment,Services,7394112.3,COP,1848.53,App,,,,Colombia,Cali,Approved,,False,29.03,,
TRX-V6II1JDLRKJHR3QB1YTG,2025-03-15 16:33:34,2025-03-15,PRD-66WWON0LOTJV,CLI-3HEW9XQP1Y8C,Transfer,,1319741.67,ARS,3770.69,POS,,,,Argentina,La Plata,Approved,00,False,13.43,,
TRX-QXF91GWKX796UXNX0QEM,2025-03-15 12:35:17,2025-03-15,PRD-Z2S0VOH6V1HU,CLI-KEVLP7ZXP1TR,Withdrawal,,1923352.7,COP,480.84,POS,,,,Colombia,Barranquilla,Approved,00,False,8.48,,
TRX-YF9YMIZJBCM35ETTIEGW,2025-03-16 04:46:32,2025-03-15,PRD-RJVSU1A8AH1V,CLI-OVZ1NFEZO406,Payment,Other,6366667.41,COP,1591.67,App,,,,Colombia,Medellín,Approved,00,False,0.72,,
TRX-TSBTDQVM7HC0YYLF2IW5,2025-03-15 15:38:09,2025-03-15,PRD-79IKPO3SV1HB,CLI-CNGK5SEUAV43,Transfer,,2897.23,USD,,POS,,,,México,Tijuana,Approved,00,False,,,
TRX-LLKBZYPKA9RFB8B58G2G,2025-03-15 20:43:27,2025-03-15,PRD-O5MGXX8DISOW,CLI-F4ODEPEEBRAQ,Withdrawal,,373.17,USD,,ATM,SUC-PUPXM7MA,,,México,Querétaro,Approved,00,False,21.5,,
TRX-HGKDHKO3K66JAOUKO3MU,2025-03-15 19:19:28,2025-03-15,PRD-LN7N7M0BT59P,CLI-X2O6A7AGRJI3,Purchase,Services,229418.87,COP,57.35,POS,,Internet Plus,Services,Colombia,Medellín,Approved,,False,28.32,4.4364505,-73.9380106
TRX-NFECDKWFQMBGW8GRQ58H,2025-03-15 11:58:12,2025-03-15,PRD-SMQHALKMMFIH,CLI-BLZTR2QGAWN6,Transfer,,3113.62,USD,,App,,,,México,Monterrey,Approved,00,False,27.77,,
TRX-CUTJZPV5YWJN4CETSCAI,2025-03-15 21:27:49,2025-03-15,PRD-JN2Y5UMPVFK9,CLI-O0R1QOH7FCO8,Withdrawal,,412991.4,COP,103.25,POS,,,,Colombia,Bogotá,Declined,14,False,25.81,4.3651982,-74.0693885
TRX-EMBRUACPDYANNWDX5FYN,2025-03-16 05:01:31,2025-03-15,PRD-U76FX4MRWVPZ,CLI-L4QF6XDNF9OK,Purchase,Food,374.39,USD,,App,,Tienda Don José,Food,México,,Approved,00,False,28.46,,
TRX-3YPFTY60P95ZRNOC480H,2025-03-15 20:03:33,2025-03-15,PRD-6ONB5Y4LSZFI,CLI-4L1EWNKSMDO8,Transfer,,1391070.43,ARS,3974.49,Transfer,,,,Argentina,Mendoza,Approved,00,False,5.59,,
TRX-XIS3RIUBATKLGPLKASR1,2025-03-15 22:34:14,2025-03-15,PRD-EMTGAYPPLKKL,CLI-L7DS2BB8YC9Q,Transfer,,11171515.1,COP,2792.88,ATM,SUC-JA4P9IIP,,,Colombia,Cartagena,Declined,05,False,,4.5404676,
TRX-0VJLFHA6NAMRSYB9WN1Q,2025-03-15 15:40:13,2025-03-15,PRD-9SWJNBFGFOTY,CLI-B6QATN6IR6CF,Payment,Entertainment,19699.51,ARS,56.28,ATM,SUC-YV8Q78LJ,,,Argentina,Córdoba,Approved,00,False,26.65,,
TRX-JW9BACVUJ8VVUW3WTYHJ,2025-03-16 03:27:16,2025-03-15,PRD-UB65RA3G6H4C,CLI-0379JGY9BJR9,Transfer,,7435.79,USD,,ATM,SUC-7TVQFT2O,,,México,Tijuana,Approved,00,False,9.51,,
TRX-I59097HTRW29PL5QB53B,2025-03-15 09:17:03,2025-03-15,PRD-HNXPUD1IACLK,CLI-IGJMJ1T5Q0IZ,Withdrawal,,306.92,USD,,POS,,,,México,Ciudad de México,Approved,00,False,19.6,,
TRX-TQDNCMUFGXUFQ1B9IND5,2025-03-15 13:32:24,2025-03-15,PRD-W8OAUWKLJOL9,CLI-RC5MCRM1O8KR,Withdrawal,,332.81,USD,,Web,,,,México,Ciudad de México,Approved,00,False,13.46,,
TRX-BPIBWCS0Q10CUXAVU73H,2025-03-15 11:08:20,2025-03-15,PRD-B7NNALM238EP,CLI-5EFXUHCA1HYF,Purchase,Other,387.15,USD,,App,,Boutique Moda,Other,México,Querétaro,Approved,00,False,25.88,,
TRX-YMIROUYF2ZWY07HZYIUI,2025-03-15 15:25:10,2025-03-15,PRD-Z5I6YVDT0GA3,CLI-YZNBQKSNMRC1,Payment,Food,3519925.77,COP,879.98,App,,,,Spain,Barcelona,Approved,00,False,,,
TRX-J4AA6NY1K9E45JLILO4R,2025-03-15 18:40:22,2025-03-15,PRD-SHLRF9UD6O8U,CLI-GQ5LFCT5SQAQ,Payment,Food,1260.95,USD,,ATM,SUC-LBZFJAU6,,,Colombia,Medellín,Approved,00,False,19.22,,
TRX-4URPVQKF73MFYN0M0A39,2025-03-16 04:46:37,2025-03-15,PRD-0F4YV2YAQKTV,CLI-J3ZPL0GF1U12,Purchase,Services,88112.91,ARS,251.75,POS,,Servicios Públicos,Services,Argentina,Buenos Aires,Pending,51,False,4.34,,
TRX-2LXLE9F46CTG9C5RDYMA,2025-03-16 02:22:04,2025-03-15,PRD-V9A0VAIMZQ06,CLI-F7XNFEVMB3I3,Transfer,,5864855.34,COP,1466.21,POS,,,,Colombia,Medellín,Approved,00,False,6.47,,
TRX-XCVT34K24QE2ERD8VZFH,2025-03-15 14:22:23,2025-03-15,PRD-6U5STAPN2A5G,CLI-F3KT1AVZ701V,Payment,Food,1675.33,USD,,Branch,SUC-F61XHTE2,,,México,Monterrey,Approved,00,False,5.75,,
TRX-RBDWDQJMKSY2NASYHWZI,2025-03-15 06:38:17,2025-03-15,PRD-CA6609E5DNV8,CLI-94TPE0IFK1AV,Adjustment,,133.95,USD,,Web,,,,México,Puebla,Approved,00,False,17.69,,
TRX-NEC3VL9VKJ8OPQIK1MJY,2025-03-15 17:09:23,2025-03-15,PRD-DB2BIR22BW8H,CLI-00R1HD1YN0Z6,Purchase,Food,150183.58,COP,37.55,Web,,Super Ahorro,Food,Colombia,Bogotá,Approved,00,False,18.84,,
TRX-NOXPMYAVFDKKY1F58D4Y,2025-03-15 10:30:03,2025-03-15,PRD-IVY2S9T7PPJF,CLI-XIVKH1HUULTB,Purchase,Entertainment,160.81,USD,,ATM,SUC-4ML8OJM1,Streaming Music,Entertainment,México,Querétaro,Approved,00,False,4.52,,
TRX-3YI1UZFI1JPH24Q23DBF,2025-03-15 07:26:09,2025-03-15,PRD-12B6GYWGW0R4,CLI-W8GTHQDHPJGF,Purchase,Services,1398829.93,COP,349.71,ATM,SUC-1NFIF0G0,Empresa Telefónica,Services,Colombia,Cartagena,Approved,00,False,9.1,4.23517,-74.4497447
TRX-OUMAE1R4O65H5YOQWPZ0,2025-03-15 09:33:47,2025-03-15,PRD-Q0N9I17YQSKW,CLI-NJ7FHFFJSKBZ,Transfer,,411.36,USD,,ATM,SUC-6RHR3MME,,,México,Tijuana,Approved,00,False,,,
TRX-CQZJ3HASODFOCLO7D306,2025-03-15 20:13:53,2025-03-15,PRD-E0988H2NB85U,CLI-GP23DNRHX36P,Transfer,,5998.93,USD,,ATM,SUC-ADIYTS49,,,México,Monterrey,Approved,00,False,0.0,,
TRX-K6QTH5LL178B95Q9PLOH,2025-03-15 14:31:55,2025-03-15,PRD-VFYZZ7Y09LCN,CLI-JOHC2SBR5BNP,Payment,Services,457994.45,ARS,1308.56,App,,,,Argentina,Córdoba,Declined,51,False,24.66,,
TRX-HCH3D9L1V129O9UKBBF7,2025-03-16 00:01:23,2025-03-15,PRD-8B4SJBU84D0U,CLI-4K9UF9DG1HBL,Withdrawal,,95092.09,ARS,,POS,,,,Argentina,Buenos Aires,Approved,00,False,14.17,-33.7863528,-58.3398358
TRX-WGLMKW9XOYAPP5BJZ4DQ,2025-03-15 13:22:26,2025-03-15,PRD-75NXDSKTWMFU,CLI-6LCH2OJO7JYC,Deposit,,1312.76,USD,,Branch,SUC-8RYAQ0NO,,,México,Ciudad de México,Approved,00,False,17.11,,
TRX-4299YSVX9FGT4Z4P2OPB,2025-03-15 08:35:48,2025-03-15,PRD-X66PH1LZH7PI,CLI-UHJWK5U9JPWT,Payment,Transport,515166.23,ARS,1471.9,ATM,SUC-VPCJ60UW,,,Argentina,Buenos Aires,Approved,,False,3.95,-34.0342449,-58.1492835
TRX-3RD2JCGMAUQ04DE6YJTL,2025-03-15 17:28:00,2025-03-15,PRD-YNGFJSVL961Q,CLI-IS55U1HD91U2,Deposit,,1861.02,USD,,POS,,,,Argentina,La Plata,Approved,00,False,21.78,,
TRX-U4FJACEK93O5ZXYE4BP1,2025-03-15 09:16:12,2025-03-15,PRD-7JX6W3THHHMI,CLI-TBOD6W3QVP2T,Transfer,,174.12,USD,,ATM,SUC-NZJH5BG1,,,México,Querétaro,Approved,00,False,18.19,,
TRX-MTTVE0RVWHCKJXFMURRO,2025-03-15 08:39:15,2025-03-15,PRD-FWA3Y0HFBVRL,CLI-KJLKUBEYN5VB,Transfer,,8627380.28,COP,2156.85,Web,,,,Colombia,Barranquilla,Approved,00,False,6.61,,
TRX-WNJA6IPXI8PNK6X7UDF3,2025-03-15 23:22:03,2025-03-15,PRD-L4BM95VC4E48,CLI-9Q9LOVE4RVNP,Deposit,,9036161.24,COP,2259.04,App,,,,Colombia,,Approved,00,False,29.31,,
TRX-HB93VVFK9UG7WQNVU4AQ,2025-03-15 07:31:37,2025-03-15,PRD-4FVMKAI36KC3,CLI-C5LMBHQCRRHX,Transfer,,2450.56,USD,,POS,,,,México,Tijuana,Approved,00,False,17.0,0.6914955,-0.1028322
TRX-Y9GK3QYBYMB6FZNHGHO0,2025-03-15 12:04:51,2025-03-15,PRD-TPEQTD7E1MH0,CLI-T3W9Z6ECQV76,Payment,Services,1652.95,USD,,Web,,,,México,Monterrey,Approved,00,False,,,
TRX-D0Q4RWE3KI3078MMKZG7,2025-03-16 04:33:28,2025-03-15,PRD-6GSNWKDWR86T,CLI-GSEV0QSXWIPS,Transfer,,4318.79,USD,,App,,,,México,,Approved,00,False,,,
TRX-KPUBEXNBFVO3PWDATW5R,2025-03-15 11:08:40,2025-03-15,PRD-GI7J1UB03K3W,CLI-ELQXAUDFKBFX,Purchase,Health,1876480.76,COP,469.12,POS,,Farmacia Salud,Health,Colombia,Barranquilla,Approved,00,False,1.0,,
TRX-OYZJPJ8WSL4Z3WIHMM6Q,2025-03-15 22:21:29,2025-03-15,PRD-SJUY9XMPPN65,CLI-2MYEUTQMALNR,Purchase,Services,68684.12,ARS,196.24,POS,,Servicios Públicos,Services,Argentina,Mendoza,Approved,00,False,19.89,,
TRX-BJR2UGP26YI4L4CWSLNK,2025-03-15 22:05:48,2025-03-15,PRD-V6I1B6LLJ37N,CLI-QQQHQ9F9EO32,Purchase,Other,133.08,USD,,App,,Tienda General,Other,USA,New York,Approved,00,False,23.94,,
TRX-PLED4XGXBJSNXG4RAW6Q,2025-03-15 20:35:30,2025-03-15,PRD-YD9QQQOQ1ZCV,CLI-LTCHLZI3TA0L,Transfer,,4357.84,USD,,POS,,,,México,Ciudad de México,Approved,00,False,9.24,,
TRX-QOF2QV35HNUFGN6ZW4XL,2025-03-15 19:05:19,2025-03-15,PRD-16ONHM5LGZTH,CLI-QK9DG9XNWEN4,Purchase,Other,268.11,USD,,Web,,Centro Comercial,Other,Colombia,Bogotá,Approved,00,False,1.07,,
TRX-BRZVMJF96HF1E3L0SOHB,2025-03-16 00:36:33,2025-03-15,PRD-CPX5IMKVHLD0,CLI-YF5BOGKTLMBR,Transfer,,496530.45,ARS,1418.66,Web,,,,Argentina,Rosario,Approved,00,False,6.93,,
TRX-SCUM0TFWIP1V1N9NE8T9,2025-03-15 23:43:23,2025-03-15,PRD-NBRA6S8TFFZT,CLI-SN0PBI512AHA,Payment,Services,2875560.11,COP,718.89,POS,,,,Colombia,,Approved,00,False,29.64,5.5259603,-74.8997156
TRX-UMHF67LTWURGYSFCM5Q3,2025-03-15 22:23:12,2025-03-15,PRD-M2YQZ2EGN2LK,CLI-0VX4D8DWYBEP,Purchase,Health,307.15,USD,,ATM,SUC-COPO2MJ8,Farmacia Salud,Health,México,Ciudad de México,Approved,00,False,,,
TRX-W3TZB5LETTXI7RY8P3CC,2025-03-15 06:42:23,2025-03-15,PRD-RYG1FLTPNHA6,CLI-CP2XMUHI1GY2,Withdrawal,,436.4,USD,,POS,,,,México,,Approved,00,False,15.22,,
TRX-N68OZGU5N2O97M3SILU8,2025-03-15 06:02:39,2025-03-15,PRD-TFWGLH6Z26O2,CLI-JUTTXBCJLAXA,Transfer,,3361660.05,ARS,9604.74,POS,,,,Argentina,La Plata,Approved,00,False,24.33,-35.2398391,-58.1344726
TRX-2NK0G9GYEADXJT09ZRMJ,2025-03-15 20:30:15,2025-03-15,PRD-SMR9C3P84L91,CLI-CYYV6YJPOFPN,Withdrawal,,225.99,USD,,ATM,,,,México,Ciudad de México,Approved,00,False,12.44,,
TRX-VE3BWC81H5RDKF35BUQ5,2025-03-15 08:15:19,2025-03-15,PRD-LE1CAPQFDK9M,CLI-GHD2NX20CZ3K,Purchase,Entertainment,228.46,USD,,ATM,SUC-ISPO1DES,Cine Premium,Entertainment,México,Monterrey,Approved,00,False,1.8,,
TRX-6XN588YKDH27R8YZC9UE,2025-03-15 14:57:09,2025-03-15,PRD-BYDBZ6PC787Q,CLI-KHGCAQE5GGEH,Payment,Entertainment,1448.14,USD,,POS,,,,México,,Approved,00,False,1.66,-0.4444837,-0.5004501
TRX-RWPYGOS8N0ZK3HTMD2KV,2025-03-15 20:00:22,2025-03-15,PRD-K4JF8FJVZ1OS,CLI-74Y5BZXV2PA6,Transfer,,30048201.55,COP,7512.05,App,,,,Colombia,Bogotá,Approved,00,False,19.19,,
TRX-PLRM5DD30L2CEC8WYDJ7,2025-03-15 22:58:49,2025-03-15,PRD-CGK1A8MIQ5X5,CLI-XCZI9RMJ16T1,Purchase,Food,339.63,USD,,ATM,SUC-6IDFK4L9,Mercado Central,Food,México,,Approved,00,False,7.38,,
TRX-T58PW88RBHALYXTZL5AH,2025-03-15 06:47:17,2025-03-15,PRD-JZWFPS98J1CU,CLI-E9TF2I5XPOPR,Transfer,,1888109.85,ARS,5394.6,Web,,,,Argentina,Buenos Aires,Approved,00,False,19.23,,
TRX-Q52XSUYPI7JH6QHQ90L2,2025-03-15 18:57:50,2025-03-15,PRD-SSRDCPKD350R,CLI-GPU0OVFV4C1X,Transfer,,6156.3,USD,,Web,,,,México,Tijuana,Approved,00,False,,,
TRX-VKPFIJF24TUP12LNIRKC,2025-03-15 15:40:46,2025-03-15,PRD-TGLVZJY4XK27,CLI-SCGMRQ1HPGYC,Payment,Entertainment,7364584.66,COP,1841.15,POS,,,,Colombia,Bogotá,Declined,14,False,,,
TRX-VKCEY8RLGVC8M5OMA8AL,2025-03-15 12:04:27,2025-03-15,PRD-KA0IVTUSRAOP,CLI-ANPZ5GHAE7A4,Withdrawal,,145253.36,ARS,415.01,App,,,,Argentina,Córdoba,Approved,00,False,14.86,,
TRX-KLK7K47Z7P2DQ1UZJ7UU,2025-03-15 18:17:55,2025-03-15,PRD-BHUP5CI3X1EN,CLI-BBP83G369IE0,Purchase,Transport,1866490.98,COP,466.62,Web,,Estación de Servicio,Transport,Colombia,Cartagena,Approved,00,False,,,
TRX-0JKBP83A8UQ52RNBV7P8,2025-03-15 19:32:02,2025-03-15,PRD-938LNE4XI2HA,CLI-SYJ69MOII2O7,Deposit,,4505.66,USD,,POS,,,,México,Monterrey,Declined,54,False,,,
TRX-84ZNSM09FLFTDHC4DVQS,2025-03-15 17:57:27,2025-03-15,PRD-EV1RKOTWC9O8,CLI-VK1ZAACEGWFP,Purchase,Services,275.43,USD,,POS,,Internet Plus,Services,México,Querétaro,Approved,00,False,3.51,,
TRX-I18KDNHZJ6LEF3QIJRQW,2025-03-16 03:14:14,2025-03-15,PRD-MD1JADVGGD5P,CLI-I8NPLGEFOS6T,Payment,Food,1649.75,USD,,ATM,SUC-4ML8OJM1,,,México,Tijuana,Approved,00,False,12.69,,
TRX-91R9TLVM4329SQ4SFB4A,2025-03-15 06:13:57,2025-03-15,PRD-VAGYB8SLXPY6,CLI-WKHRHDKZ11XX,Purchase,Transport,246.55,USD,,ATM,SUC-IC4I9JS9,Estación de Servicio,Transport,México,Querétaro,Approved,00,False,5.51,0.7475322,-0.9632387
TRX-TUO8PBP1OM8H6GYRQFKU,2025-03-15 22:29:11,2025-03-15,PRD-WGI76GZR7MSI,CLI-MMJTG943LZ1K,Transfer,,602948.96,ARS,1722.71,Web,,,,Argentina,Mendoza,Approved,00,False,3.52,,
TRX-ZWCRTIW575VPXLQX5FZ9,2025-03-15 09:55:34,2025-03-15,PRD-05H0KJ64CDBS,CLI-EX56LICQOOZ5,Transfer,,826071.23,ARS,2360.2,POS,,,,Argentina,Córdoba,Approved,00,False,11.13,-35.5110533,-58.9430171
TRX-PFP5TMI2J2CEGD5DCGSI,2025-03-15 14:31:36,2025-03-15,PRD-RZ4FG9H4JX4V,CLI-PHAY93I0GGXE,Transfer,,9659.57,USD,,Web,,,,México,Puebla,Approved,00,False,,,
TRX-GUDQ8M0V53Q6BBVA1KTE,2025-03-15 16:38:42,2025-03-15,PRD-9U3HIUFCA22F,CLI-Y1YRUA98AN7L,Withdrawal,,475.86,USD,,Web,,,,México,Querétaro,Approved,00,False,,,
TRX-GNIF2Z1Z68UGX0466SUJ,2025-03-16 05:30:25,2025-03-15,PRD-QMPGP05EYZ35,CLI-9A7ZRAPZFHNA,Purchase,Food,269.64,USD,,Web,,Restaurante El Buen Sabor,Food,México,Puebla,Approved,00,False,23.81,,
TRX-UY5Y99R0ZD8L788IDBA6,2025-03-16 04:05:07,2025-03-15,PRD-J4UD1ZD6KSY8,CLI-AFS3WDH1EGWY,Deposit,,437.06,USD,,App,,,,México,Querétaro,Approved,00,False,4.67,,
TRX-LWYGVSZFD329R78TKD6D,2025-03-15 14:13:58,2025-03-15,PRD-8AH53GUQ89YY,CLI-5JU3X4J08ASQ,Transfer,,10746060.41,COP,,Web,,,,Colombia,Barranquilla,Approved,00,False,20.87,,
TRX-6D01HCWEZ2RIRB9VRFM4,2025-03-15 07:08:44,2025-03-15,PRD-BY0U6J0R1PO9,CLI-8W6GN9M0M7KF,Transfer,,2259336.68,ARS,6455.25,Web,,,,Argentina,Rosario,Approved,00,False,22.72,,
TRX-I2VLE048BSAK7BN0E9S5,2025-03-15 12:53:00,2025-03-15,PRD-816H964T0ISG,CLI-ZSKBV4LMJKPA,Purchase,Food,931051.43,COP,,ATM,SUC-KY2QIURA,Restaurante El Buen Sabor,Food,Colombia,Medellín,Approved,00,False,,,
TRX-N98P56GYWRPIRC4UMNB0,2025-03-15 08:42:31,2025-03-15,PRD-KCGJ9OK8GBMQ,CLI-AY2APU023DHC,Transfer,,29393245.19,COP,7348.31,ATM,SUC-KXMF616G,,,Colombia,Barranquilla,Approved,00,False,23.28,4.566217,-74.6519406
TRX-50DMVWQZIMELSB9C7ITL,2025-03-16 02:59:30,2025-03-15,PRD-LVCG43M4SYBR,CLI-JAQ2N29S3SWM,Payment,Transport,3389410.47,COP,847.35,App,,,,Colombia,Medellín,Approved,00,False,9.24,,
TRX-2IRILUJGKHZQT38UL4B3,2025-03-15 09:51:37,2025-03-15,PRD-171KT2S02ZD6,CLI-4DTAET1N5430,Transfer,,2571197.61,ARS,7346.28,ATM,SUC-NRVN9ND4,,,Argentina,Mendoza,Approved,00,False,26.14,,
TRX-W509DVQ0HO8TAII13EH6,2025-03-15 19:19:15,2025-03-15,PRD-KG8UOUZTDBWC,CLI-Z1WO9JBD98N3,Deposit,,18202461.14,COP,4550.62,App,,,,Colombia,Bogotá,Approved,00,False,0.09,,
TRX-KVGP2NU2JIAFJS2B0ZPQ,2025-03-15 16:49:16,2025-03-15,PRD-L5YAOJ69N2OF,CLI-CBQHYEZ4VPJF,Payment,Food,573.58,USD,,ATM,SUC-WSSLNOPN,,,Colombia,Cali,Approved,00,False,20.77,,
TRX-9KI620FYFRO3AS2NJ218,2025-03-15 12:59:19,2025-03-15,PRD-KWB8HJD3NRTX,CLI-LM6SLSX1W57J,Purchase,Entertainment,805685.2,COP,201.42,ATM,SUC-4IFX1CUR,Streaming Music,Entertainment,Colombia,Cartagena,Approved,00,False,3.49,,
TRX-9ZW91ZMUBV8GS8BMELUA,2025-03-15 10:08:59,2025-03-15,PRD-02M6LJFPGW2U,CLI-BR2LY8P36EDI,Purchase,Food,42.56,USD,,ATM,SUC-4XKHST63,Mercado Central,Food,México,Tijuana,Approved,,False,,,
TRX-G0D6QDGKGD21E6943HKZ,2025-03-16 03:43:17,2025-03-15,PRD-ZGGOSFSECHWR,CLI-CTFBJA8EP310,Adjustment,,144.16,USD,,ATM,SUC-9DE11KDA,,,México,,Approved,00,False,19.6,-0.2377956,
TRX-BFZ6NY5HQ9E9QUP747DM,2025-03-16 04:55:03,2025-03-15,PRD-VXI2C72LXFCC,CLI-GVM3WSID1GXA,Deposit,,800184.44,ARS,2286.24,ATM,SUC-OJAQW0AJ,,,Argentina,Rosario,Approved,00,False,11.34,,
TRX-U7U1KJ3XEDHMN0CMH5K9,2025-03-15 11:35:52,2025-03-15,PRD-CMK0SWWZAIT5,CLI-WPP2BC1IJTKZ,Deposit,,9194659.68,COP,,POS,,,,Colombia,Bogotá,Approved,00,False,,,
TRX-PMN97UE0WOFSTA6HWINV,2025-03-16 00:40:58,2025-03-15,PRD-64UZGE3HBGPD,CLI-5OBLPM9SNYUJ,Deposit,,3245.66,USD,,POS,,,,México,Puebla,Approved,00,False,4.25,0.9428735,-0.3154531
TRX-G33VKL1GRH260V46IU9N,2025-03-15 21:16:10,2025-03-15,PRD-PTC5ZKIBVJKQ,CLI-D8WS12TR2HG0,Withdrawal,,367.3,USD,,POS,,,,México,Puebla,Approved,00,False,5.72,,
TRX-VJKGC3NK1DSCCY4LYDSF,2025-03-15 12:40:59,2025-03-15,PRD-2187DPLKSD9Q,CLI-1XZLGK3XML65,Withdrawal,,101.06,USD,,POS,,,,México,Ciudad de México,Approved,00,False,,,
TRX-TLO49WP8MCVZYRBQ6YJR,2025-03-15 10:34:43,2025-03-15,PRD-HWEHZOW4WWRG,CLI-G3KYCIW9B6UX,Payment,Food,7875660.74,COP,1968.92,Web,,,,Colombia,Cali,Approved,00,False,9.43,,
TRX-CKURLOWWPEJ1HAKJQQ9R,2025-03-15 16:53:27,2025-03-15,PRD-IGNQRANNM6B9,CLI-UT8YX3EHIFX4,Purchase,Services,266.42,USD,,Web,,Empresa Telefónica,Services,México,Tijuana,Approved,00,False,,,
TRX-9G2EUWB5HIKP8F7BB8GB,2025-03-15 18:24:42,2025-03-15,PRD-CQW4VWDHYNQD,CLI-DP1KIQ0S8C8M,Deposit,,5140872.76,COP,,POS,,,,Colombia,Cartagena,Approved,00,False,20.91,,
TRX-SFSV6WV07LMIOXZUO6NF,2025-03-15 07:49:39,2025-03-15,PRD-1IV3EMT4NLFJ,CLI-W9WL2HA2P3BE,Withdrawal,,129529.47,ARS,370.08,Transfer,,,,Argentina,Córdoba,Approved,00,False,0.69,,
TRX-5OUCUW0S78CZDBJKAF9W,2025-03-15 07:01:25,2025-03-15,PRD-G9TC95X1LM5Z,CLI-DV1WXG4J27MS,Payment,Food,1102.45,USD,,Web,,,,México,Guadalajara,Approved,00,False,27.74,,
TRX-GLJGX4OTFWTIGOU3KM48,2025-03-15 23:09:30,2025-03-15,PRD-EBBL9PRZUC8Z,CLI-9Y0MNU2NRNA7,Withdrawal,,88655.16,ARS,253.3,POS,,,,Argentina,Córdoba,Approved,00,False,0.2,,
TRX-PVUMSB47T52P5J66A3CB,2025-03-16 03:20:56,2025-03-15,PRD-O7N81OZVFBIR,CLI-M4YAX9UXQ2A0,Deposit,,4019.37,USD,,POS,,,,México,Tijuana,Approved,00,False,21.98,0.7010399,0.2258424
TRX-1WTVW0WDG2KJMW7LPYNN,2025-03-15 20:50:15,2025-03-15,PRD-VH12561XC4VI,CLI-MKYHBRZX5RK2,Transfer,,4546.08,USD,,ATM,SUC-QMYSBASD,,,México,Ciudad de México,Approved,00,False,,,
TRX-P7VOHDW5EN4EKPVH8DM6,2025-03-15 16:39:12,2025-03-15,PRD-44M8I73OCU0D,CLI-K02510TRI8E5,Transfer,,687.34,USD,,Web,,,,México,Tijuana,Approved,00,False,20.79,,
TRX-7USUOUPSLIYWWKAE0NFW,2025-03-15 17:30:34,2025-03-15,PRD-WPCI9BZ7T7XW,CLI-O4WORYT88OMB,Purchase,Entertainment,3810.72,ARS,10.89,POS,,Teatro Nacional,Entertainment,Argentina,Córdoba,Approved,00,False,29.53,-35.2808306,-58.6026355
TRX-JUDA00WR039YHFPOIKPG,2025-03-15 21:17:46,2025-03-15,PRD-GYW48EFVZ4UA,CLI-3VXH7MXUSYV3,Transfer,,1812315.13,ARS,5178.04,POS,,,,Argentina,Córdoba,Approved,00,False,21.94,,
TRX-BDTZG5KFYEYRCBFO21YZ,2025-03-16 04:00:35,2025-03-15,PRD-2IF17UIS7MJ9,CLI-CFLVYYS4OUA4,Purchase,Transport,309.3,USD,,POS,,Gasolinera Express,Transport,México,Ciudad de México,Approved,00,False,10.84,,
TRX-YBX30FP8MVYTK84PC7I2,2025-03-15 22:36:44,2025-03-15,PRD-C1N0EW6GRHDR,CLI-BYKLWAXZCGBV,Withdrawal,,169874.83,COP,42.47,ATM,SUC-X57ITSKO,,,Colombia,Cartagena,Approved,00,False,16.05,4.6100512,-74.2942607
TRX-5VE00G9VJR8YE0PDI4LO,2025-03-15 13:42:10,2025-03-15,PRD-7X9WC5X1ZH5I,CLI-VQZZFE7AZH75,Deposit,,642193.27,ARS,1834.84,App,,,,Argentina,,Approved,00,False,,,
TRX-REDLSJXN136SVAI3ENXW,2025-03-15 14:54:53,2025-03-15,PRD-ZAA4H5U8Y7KH,CLI-RXU8CDOM9XBD,Transfer,,4573.42,USD,,POS,,,,México,Querétaro,Approved,00,False,11.31,-0.7727343,-0.1448012
TRX-WFH1E9M7YZU6DBYDEFCI,2025-03-15 17:02:47,2025-03-15,PRD-RHHFMOR2DXDY,CLI-6GE3ORP0ZOJ1,Adjustment,,788.97,USD,,App,,,,México,Guadalajara,Pending,05,False,,,
TRX-M5UAVF88W6G4UBSI9JFW,2025-03-15 15:48:55,2025-03-15,PRD-0Z0JKR2DI273,CLI-B30V3RHBI9G8,Purchase,Services,19.99,USD,,ATM,SUC-BSMTX3U8,Internet Plus,,México,Monterrey,Approved,00,False,27.54,,
TRX-3UGU25DAT8QDPYQHTCCW,2025-03-15 23:45:47,2025-03-15,PRD-SQEWJ7JETFCZ,CLI-KAJAOHAFRC1Q,Deposit,,4812.36,USD,,POS,,,,Argentina,Córdoba,Approved,00,False,12.83,-34.9715753,-58.4192011
TRX-CHP4I3B9INWXDX4929LV,2025-03-15 17:34:11,2025-03-15,PRD-OYZ4AROIPBAN,CLI-5YMJV5US87TE,Withdrawal,,278.57,USD,,Web,,,,México,Querétaro,Approved,00,False,19.77,,
TRX-11TS1HH8IBBBA7BEQ62R,2025-03-16 00:34:37,2025-03-15,PRD-WSQULXVGV8I4,CLI-SA4J8JULC4Y0,Transfer,,552.01,USD,,ATM,SUC-XXUHP6O3,,,Colombia,Barranquilla,Approved,00,False,,,
TRX-0TU3Y8LJWQN4NL8GR5R9,2025-03-15 10:07:58,2025-03-15,PRD-OS49V87EKFQN,CLI-BJ9XU6QH8C47,Adjustment,,247947.0,ARS,708.42,Web,,,,Argentina,Mendoza,Approved,00,False,3.51,,
TRX-7JFHC2ZLWR7PY325VSIW,2025-03-15 06:38:52,2025-03-15,PRD-8BNKWULNZOGR,CLI-C9ZWWZ9CIKUL,Withdrawal,,481.68,USD,,ATM,SUC-9DE11KDA,,,México,Puebla,Approved,00,False,5.43,,
TRX-G3B5JIKAVK8O7NABV6EI,2025-03-15 13:49:05,2025-03-15,PRD-PRC6TEI9HP5D,CLI-BIFHZ8XX8T7V,Withdrawal,,479740.31,COP,119.94,Web,,,,Colombia,Cartagena,Approved,00,False,19.65,,
TRX-BBG3I8EXY22PJ20DZSBF,2025-03-15 19:18:53,2025-03-15,PRD-DF92PR8WPBCP,CLI-0MS72QZYHPN5,Purchase,Transport,523491.47,COP,130.87,Branch,SUC-C93NERQQ,Taxi Seguro,Transport,Colombia,Medellín,Approved,00,False,19.31,4.1252626,-73.5996651
TRX-5RX1S58UFVD3AEWORFKI,2025-03-15 23:42:30,2025-03-15,PRD-FDVQDL74W39L,CLI-FHBL3CA4N9OJ,Transfer,,540.47,USD,,Web,,,,México,Monterrey,Approved,00,False,,,
TRX-DA6DIUUUMLHY8SSNKTKE,2025-03-15 12:06:47,2025-03-15,PRD-NBRUMO44AZ06,CLI-S467VP2B4SV3,Withdrawal,,496.28,USD,,ATM,SUC-KKZOCIP3,,,México,Monterrey,Approved,00,False,28.77,,
TRX-SJAK3ET7ARFDHW225LPV,2025-03-15 23:24:01,2025-03-15,PRD-0BKS9SL26EYB,CLI-UHSO9P723EI3,Purchase,Food,474251.28,COP,118.56,POS,,Mercado Central,Food,Colombia,Barranquilla,Approved,00,False,17.76,,
TRX-RQUMB5CB8T17UHRJUVPO,2025-03-15 14:21:09,2025-03-15,PRD-2JQPE7TM448J,CLI-1FCVO68O7RS1,Transfer,,34553802.75,COP,8638.45,App,,,,Colombia,Cali,Approved,00,False,29.28,,
TRX-K6VHV8EZWIQMDOMQMXVN,2025-03-15 23:10:26,2025-03-15,PRD-X6I66B53ZYWU,CLI-86BPDJW2Z6DA,Payment,Other,238.43,USD,,Transfer,,,,Colombia,Cartagena,Approved,00,False,28.97,,
TRX-E7Y6WMOVH3FAYAWDWI9J,2025-03-16 03:09:41,2025-03-15,PRD-699XY5DE84UG,CLI-W5ZXBU16LTWD,Deposit,,15315989.17,COP,3829.0,POS,,,,Colombia,,Approved,00,False,,,
TRX-GQR9W7NJYN2GU4E10BD3,2025-03-15 08:16:11,2025-03-15,PRD-KDV7957Z88YI,CLI-DMPL3YXWHIJ2,Withdrawal,,48.1,USD,,Web,,,,Colombia,Cali,Approved,00,False,17.53,,
TRX-5MTOJ6ZGIR4X1ZSCUI07,2025-03-16 00:04:40,2025-03-15,PRD-YFN6NGC0RTYS,CLI-MUZKX3P28XE1,Adjustment,,519.51,USD,,ATM,SUC-NBZZWX8W,,,México,Monterrey,Approved,00,False,17.13,,
TRX-SQZ4VQWFY5ZXEKBGBKKX,2025-03-15 18:06:57,2025-03-15,PRD-EUOH9AM5KXPL,CLI-I7LKZUI5TWJB,Transfer,,165.71,USD,,ATM,SUC-DYPJLQVN,,,México,,Approved,00,False,17.42,,
TRX-ETTU8JF491F0Y65P85ED,2025-03-15 16:51:11,2025-03-15,PRD-HWFT8VFULB05,CLI-TS93XRX0ZAK2,Withdrawal,,1671615.87,COP,417.9,ATM,SUC-DIHJMBN3,,,Colombia,Cali,Approved,00,False,,,
TRX-143Q4C1BZIWP9FUDKPFS,2025-03-15 16:18:11,2025-03-15,PRD-Q5EYON15WFZ0,CLI-IHFKOB1XOA4H,Purchase,Transport,401.7,USD,,Web,,Estación de Servicio,Transport,México,,Declined,05,False,23.09,,
TRX-RZIRH8BIN8I94A9R6D5Q,2025-03-15 21:59:21,2025-03-15,PRD-AAOJZADEURDF,CLI-4SKRACGNRSJY,Transfer,,9290.49,USD,,App,,,,México,,Pending,05,False,14.77,,
TRX-BSU9KFAYJTIPV6MG9BH7,2025-03-15 10:09:52,2025-03-15,PRD-PUDL8WGE7X3Z,CLI-HW6426Q507MC,Withdrawal,,1605366.3,COP,401.34,Web,,,,Colombia,Cali,Approved,00,False,15.29,,
TRX-MEXS4SDQ8OM6SLSR0Z7V,2025-03-15 17:48:05,2025-03-15,PRD-OYG3YVPAAJAW,CLI-3P62GHT26XY3,Deposit,,991.03,USD,,POS,,,,México,,Approved,00,False,17.11,,
TRX-HQ7N1JM1ORZM8AZMJWJB,2025-03-16 01:32:55,2025-03-15,PRD-OTE6UXOFRPRG,CLI-0GAB5T02MYON,Purchase,Food,247.88,USD,,POS,,Mercado Central,Food,México,Tijuana,Approved,00,False,23.58,,
TRX-DBVEH2DFURA6PA0Z7VMH,2025-03-15 23:17:27,2025-03-15,PRD-JRRNZGB0NOME,CLI-3D3KS2OY5MUK,Transfer,,5230.2,USD,,ATM,SUC-F61XHTE2,,,México,Guadalajara,Approved,,False,11.45,,
TRX-JOW249M6BKSYY9JSC1PL,2025-03-16 03:54:05,2025-03-15,PRD-A91P5JYE9OVD,CLI-0F6WHMIDRGJF,Transfer,,4624.59,USD,,POS,,,,México,Monterrey,Approved,00,False,22.43,,
TRX-WHJD3PLUW47WDUN0UMMA,2025-03-15 06:42:04,2025-03-15,PRD-GOP0J30V06TH,CLI-5J9BHSD72PP6,Adjustment,,3845731.88,COP,961.43,App,,,,Colombia,,Approved,00,False,11.27,,
TRX-3CLUTKAGPQRFB3OQZ8E9,2025-03-15 06:32:38,2025-03-15,PRD-KW06ZGUEXT9Z,CLI-GIACJQDCUIRS,Withdrawal,,107263.15,ARS,,ATM,,,,Argentina,Buenos Aires,Approved,00,False,26.24,-35.0818282,-58.8326914
TRX-32SKWURDZSXZM4RCR8ZM,2025-03-15 19:20:33,2025-03-15,PRD-01PCK6KS0DED,CLI-TUMWP3KIRVHG,Withdrawal,,71195.1,ARS,203.41,POS,,,,Argentina,La Plata,Approved,00,False,25.79,,
TRX-FNT1P7XNEF29L0HYB5X3,2025-03-15 22:42:08,2025-03-15,PRD-49INA7AB9ZV0,CLI-TI2QNGHPS9QB,Purchase,Health,17254.06,ARS,,Web,,Farmacia Salud,Health,Argentina,Buenos Aires,Approved,00,False,26.59,,
TRX-2V51AAIJTXPN5B11SQSO,2025-03-16 01:02:30,2025-03-15,PRD-0BD7W7ID7J3B,CLI-0LF2KOG8HMW8,Payment,Food,329907.67,ARS,942.59,Web,,,,Argentina,Córdoba,Approved,00,False,14.51,,
TRX-O5F0MX1P93RDV8HIXQSA,2025-03-15 10:26:50,2025-03-15,PRD-CAW09B4E8571,CLI-U2SYYZOBOEVH,Payment,Food,685619.11,COP,171.4,ATM,SUC-CBL7ISR7,,,Colombia,Cartagena,Approved,00,False,23.35,4.7151893,-73.7949636
TRX-205CSWN6OZDROA0MA7SY,2025-03-15 17:48:39,2025-03-15,PRD-5GBR7MMLBEL0,CLI-JGLJUJLGZ9C7,Purchase,,1321152.59,COP,330.29,ATM,SUC-JZCA1ZND,Estación de Servicio,Transport,Colombia,Medellín,Approved,00,False,8.05,4.932527,-74.4062863
TRX-0A9661CBZ0VA5IOXODWF,2025-03-16 04:17:32,2025-03-15,PRD-AC0G67PX7EIS,CLI-44RJJBNRH1Q5,Purchase,Food,25566.33,ARS,73.05,POS,,Restaurante El Buen Sabor,Food,Argentina,Buenos Aires,Approved,00,False,10.39,,
TRX-FXZ7VW373XYXEFN06210,2025-03-15 11:11:18,2025-03-15,PRD-BY8WXBSUYUQL,CLI-J6Y00NF3FUPG,Purchase,Health,281.49,USD,,Web,,Óptica Visión,Health,México,Tijuana,Approved,00,False,27.32,,
TRX-KB54DL9JRPUERFCMZDFI,2025-03-15 06:25:18,2025-03-15,PRD-B4RA8ZNJCH8G,CLI-88HZPA5BFC26,Withdrawal,,1706864.25,COP,426.72,ATM,SUC-3NEGSLF6,,,Colombia,Medellín,Approved,00,False,,5.60945,-74.7860467
TRX-0WCZAG3LMUBBGNPBB0J9,2025-03-15 11:21:29,2025-03-15,PRD-SJRNH72XCESR,CLI-GG4VXHGSG8WQ,Payment,Transport,1953.63,USD,,ATM,SUC-KYUNO9E0,,,México,Tijuana,Approved,00,False,,,
TRX-WD6JW9Y3L78IWM5Q6HJ1,2025-03-15 23:47:11,2025-03-15,PRD-WVKQDUGWG4WO,CLI-J2BBYOPHIEKX,Purchase,Entertainment,116.11,USD,,ATM,SUC-N1ZUF3PF,Cine Premium,,México,Puebla,Approved,00,False,26.57,,
TRX-83MH3BRWU3SBQX3P6O4Q,2025-03-15 18:47:14,2025-03-15,PRD-OIDL7FJQ951A,CLI-1QBTJS7R5FI7,Withdrawal,,23917.02,ARS,68.33,App,,,,Argentina,Córdoba,Approved,00,False,7.68,,
TRX-6ULHJP2KV9MV7NT63U29,2025-03-16 01:16:46,2025-03-15,PRD-G1C0JD5FTCWY,CLI-HRVASOCDB1HX,Withdrawal,,105659.38,ARS,301.88,Transfer,,,,Argentina,Córdoba,Approved,00,False,17.53,,
TRX-RWH95QY5V4TNEZO1N0H6,2025-03-16 03:16:27,2025-03-15,PRD-6UET2O5G3DYN,CLI-M3JADIV6Z1ZR,Payment,Food,738.58,USD,,Web,,,,México,Tijuana,Approved,00,False,1.51,,
TRX-A28V3AP4BUX7ZL1RMWFF,2025-03-15 08:36:55,2025-03-15,PRD-B7YWU6EBT2TL,CLI-YYD1H5ARAUPI,Withdrawal,,740149.59,COP,185.04,App,,,,Colombia,Bogotá,Approved,,False,11.76,,
TRX-491UKJIYUP71LZUWG3NN,2025-03-15 20:05:18,2025-03-15,PRD-UT9IA08EUXX8,CLI-7W1G58H2PVFT,Purchase,Health,108771.33,ARS,310.78,ATM,SUC-2T5PUX8Q,Farmacia Salud,Health,Argentina,Mendoza,Approved,00,False,2.78,,
TRX-FFGOL4ZKNBLEMB3K6JKC,2025-03-16 00:10:49,2025-03-15,PRD-RGWBQ3J97EWE,CLI-8MN4I6ZY9OEK,Withdrawal,,447.92,USD,,POS,,,,México,Ciudad de México,Approved,00,False,28.85,,
TRX-CWWWJGNUM5TE2ORBVB5J,2025-03-15 22:19:27,2025-03-15,PRD-VXLN031FGDTH,CLI-JLCVG9O46ZIN,Purchase,Services,230.78,USD,,POS,,Empresa Telefónica,Services,México,Ciudad de México,Approved,00,False,7.01,,
TRX-ERTCB2NXDKA81A36P28P,2025-03-16 00:19:59,2025-03-15,PRD-0PAARDMCUHNC,CLI-45I93XB335LO,Deposit,,275665.62,ARS,787.62,ATM,SUC-ZSZKWMJL,,,Spain,Valencia,Approved,00,False,21.56,-33.7194832,-58.0625829
TRX-9HRMDGJ8LLXL74O5OOG8,2025-03-16 00:14:44,2025-03-15,PRD-XHCRRTMDMU4O,CLI-X3U1WT7YXX56,Withdrawal,,676103.42,COP,169.03,POS,,,,Colombia,Cartagena,Approved,,False,1.22,,
TRX-5EQD94PPBK7JB7N2A270,2025-03-15 06:25:16,2025-03-15,PRD-X4IZGVS44ENF,CLI-3LGPK10BNP2M,Purchase,Entertainment,296.47,USD,,ATM,SUC-XEEDD28B,Conciertos Live,Entertainment,México,Puebla,Approved,00,False,0.17,0.0558378,0.7674292
TRX-9B9WJSBFIFCD1T0X81FZ,2025-03-15 14:44:30,2025-03-15,PRD-E9EFHT2DRMAA,CLI-5QC7P329N74F,Payment,Services,490.65,USD,,App,,,,México,Ciudad de México,Approved,00,False,23.98,,
TRX-TL7XV23Y39F2A6FUI4BC,2025-03-15 21:56:04,2025-03-15,PRD-ANYW0Y2E3XV7,CLI-3FD8KHB2J7F6,Payment,Entertainment,1883.72,USD,,App,,,,México,Ciudad de México,Approved,00,False,20.15,,
TRX-A4TKPCNCKRR6WKUY33M9,2025-03-15 18:00:07,2025-03-15,PRD-TCSXCE55T0L9,CLI-33O1V1YKKY04,Withdrawal,,1801456.41,COP,450.36,POS,,,,Colombia,Cali,Approved,00,False,17.16,,
TRX-TWU5KJXDU3ZN9E41E9Y8,2025-03-15 09:40:49,2025-03-15,PRD-A0EON8UNB1F8,CLI-H622PRRJYT0L,Purchase,Services,117.25,USD,,ATM,SUC-4ZFT9FN6,Empresa Telefónica,Services,México,Guadalajara,Approved,00,False,7.9,,
TRX-Y8DSPOWPWVNR6Y8KJT2Y,2025-03-15 07:21:56,2025-03-15,PRD-JVT825YKASTA,CLI-0FVYZMM7AA35,Withdrawal,,297.33,USD,,ATM,SUC-POHHKXPA,,,México,Monterrey,Approved,00,False,,,
TRX-1L2FDBGZV5NICNO2LIDJ,2025-03-16 05:28:06,2025-03-15,PRD-O202WE5XEV9P,CLI-1UIN8ZMZ0MJO,Payment,Food,195655.54,ARS,559.02,ATM,SUC-OSJVEL9O,,,Argentina,Mendoza,Approved,00,False,,-35.0245352,-58.8353609
TRX-2MO4SX5E7PSZU11STWJH,2025-03-16 04:08:28,2025-03-15,PRD-R8B9UKMLZ6RC,CLI-TSPKN5N8ZG8B,Withdrawal,,1942693.75,COP,485.67,Web,,,,Colombia,Bogotá,Approved,00,False,20.37,,
TRX-CNPFKSJK35J71EYG0OIP,2025-03-15 16:25:01,2025-03-15,PRD-VM0LW9JPYV87,CLI-Y3SNBLQ5I0YC,Withdrawal,,749978.03,COP,187.49,ATM,SUC-C93NERQQ,,,Colombia,Cartagena,Approved,00,False,,4.0017938,-73.7644338
TRX-MRISPKX2T6TTGASHOMXK,2025-03-16 00:07:42,2025-03-15,PRD-4NCNOQ8OBOZV,CLI-OUCOGWJ51NIH,Withdrawal,,165.21,USD,,POS,,,,México,Monterrey,Approved,00,False,25.61,,
TRX-RFJSQVV5XFRGAXHNNQBI,2025-03-15 11:37:29,2025-03-15,PRD-11CZ4FZ66RTZ,CLI-XT0YUSQULNVF,Purchase,Entertainment,760236.13,COP,190.06,POS,,Cine Premium,Entertainment,Colombia,Cali,Approved,00,False,17.9,,
TRX-669O8Y3GQA55MH0I8SM9,2025-03-15 20:42:45,2025-03-15,PRD-X3DJ3PQDMJUD,CLI-96GECCSWRAES,Payment,Other,245085.59,ARS,700.24,App,,,,Argentina,Córdoba,Approved,00,False,28.26,,
TRX-AWEMHSSAOWORABJQMUC0,2025-03-16 05:56:20,2025-03-15,PRD-NTZI9ZYXPTOG,CLI-QGU223ZIVYDD,Purchase,Transport,1697621.04,COP,,POS,,Taxi Seguro,Transport,Mexico,Puebla,Approved,00,False,17.87,,
TRX-EHUQZTNIRQOIJ9DH14C8,2025-03-15 09:32:51,2025-03-15,PRD-VVN70ICYZWW8,CLI-FLT04XYG6CU2,Withdrawal,,83117.29,ARS,237.48,Web,,,,Argentina,La Plata,Approved,00,False,14.23,,
TRX-G0T6YI84ND7SGTTJKHXI,2025-03-15 14:02:32,2025-03-15,PRD-I1VQCVDP90RF,CLI-GE2FROW6H4F5,Deposit,,1565.73,USD,,App,,,,México,Monterrey,Approved,00,False,18.09,,
TRX-8DJ6XJ4AXDAYM2PRYPHP,2025-03-15 22:40:13,2025-03-15,PRD-26MTHMDMQUEH,CLI-5BLGM9EPJGKL,Transfer,,35618506.22,COP,8904.63,ATM,SUC-06LBAMRN,,,Colombia,Barranquilla,Approved,00,False,,,
TRX-14R4WL1WQC83LJSAKTEM,2025-03-15 19:46:46,2025-03-15,PRD-QX9RNDMMAQKA,CLI-AYETDBPGVH7E,Purchase,Food,221.95,USD,,ATM,SUC-2Z7NT3UT,Super Ahorro,Food,México,,Approved,00,False,7.84,,
TRX-QQ94K03FO1LBL45038TQ,2025-03-15 08:44:49,2025-03-15,PRD-068UHXYRCLN9,CLI-8IXN4U28K5IW,Purchase,Health,51.26,USD,,Web,,Óptica Visión,Health,México,Querétaro,Approved,00,False,29.85,,
TRX-LUJXCOQWDPPPBY3K30NE,2025-03-15 11:44:11,2025-03-15,PRD-M21Q2XHDJ6NY,CLI-2MEYFV47MOHG,Withdrawal,,52.47,USD,,ATM,SUC-7SL55GEJ,,,México,,Approved,00,False,24.31,,
TRX-ALKWZA9IJ24CP44MU3I0,2025-03-15 14:37:15,2025-03-15,PRD-8J19PA7NZDWC,CLI-SJPI4DLTUK0I,Withdrawal,,1121017.62,COP,280.25,POS,,,,Colombia,Bogotá,Approved,00,False,,,
TRX-2CO62A0ZM6R39JSA56X6,2025-03-15 15:38:45,2025-03-15,PRD-FDQ8SKL0DDPN,CLI-3PKIE9EKWHJL,Transfer,,26515042.09,COP,6628.76,Web,,,,Colombia,,Approved,00,False,21.84,,
TRX-CB2KP5A2BYD6HWYPCX3W,2025-03-16 01:48:43,2025-03-15,PRD-L27YX3FJJCXZ,CLI-1OVL4TMJ80CT,Purchase,Health,123960.08,ARS,354.17,App,,Óptica Visión,Health,Argentina,Buenos Aires,Approved,00,False,,,
TRX-RBQBYZIKMTR5ZVBD3I96,2025-03-15 21:35:52,2025-03-15,PRD-W6OQ6DU945YP,CLI-MU90T3FUMKG6,Purchase,Entertainment,26.09,USD,,App,,Streaming Music,Entertainment,México,Ciudad de México,Approved,00,False,23.28,,
TRX-8CIEZJP69RFI7KIBA5YT,2025-03-15 11:25:26,2025-03-15,PRD-IYFJB2BVGKVJ,CLI-NBEKO0458HF5,Purchase,Other,786657.54,COP,196.66,ATM,SUC-4IFX1CUR,Centro Comercial,Other,Colombia,Bogotá,Approved,00,False,4.16,,
TRX-J8MI5G3RWS30MYP0R8R4,2025-03-15 12:41:07,2025-03-15,PRD-5FIFOA1PIA44,CLI-AH3PEOKTL04P,Transfer,,2335.29,USD,,ATM,SUC-Y15GDF24,,,México,Ciudad de México,Approved,00,False,,,
TRX-UI8Z7QUVGB5PR5CM7D39,2025-03-15 15:47:44,2025-03-15,PRD-OC8L5FP7PBT0,CLI-FXVL491GQAGA,Withdrawal,,75.11,USD,,ATM,SUC-RJSJ0B0X,,,México,Monterrey,Reversed,54,False,12.79,,
TRX-T155M08PQB2I7DU0OS1G,2025-03-15 17:25:28,2025-03-15,PRD-UDYTHES1LJ4T,CLI-3D90FDSQIOV6,Payment,Food,425022.74,ARS,1214.35,ATM,,,,Argentina,Buenos Aires,Approved,00,False,18.18,,
TRX-VYMRD4U388STODCUDX56,2025-03-15 16:44:31,2025-03-15,PRD-O1MDDLFHCV18,CLI-8PU69TVY074F,Purchase,Services,34.52,USD,,App,,Cable TV,,México,Puebla,Approved,00,False,18.73,,
TRX-WJUSMIORL33ABS5VZ2HT,2025-03-16 01:41:49,2025-03-15,PRD-2KW8BWA97RCN,CLI-S9J1G4D4LRX5,Transfer,,9669.77,USD,,App,,,,México,Querétaro,Approved,00,False,2.39,,
TRX-5PMECGFILE3MK9Q6GGC9,2025-03-15 13:20:22,2025-03-15,PRD-KHPALKVUPYY0,CLI-VJAYL2FLOIMU,Payment,Services,1002.9,USD,,POS,,,,México,Ciudad de México,Approved,,False,,,
TRX-9QHR3UWJZAJ8OB6TY3GU,2025-03-15 08:34:23,2025-03-15,PRD-KJQ5AS0W2DSY,CLI-EM6FAMK3AOLN,Payment,,1481.25,USD,,POS,,,,México,Puebla,Pending,05,False,13.91,,
TRX-T36OPT5NN9XEQXQC0NZZ,2025-03-15 08:20:02,2025-03-15,PRD-Q0HS6C3Y05XX,CLI-PQ8A7S99XB49,Withdrawal,,1351612.0,COP,337.9,ATM,SUC-HQWDAM56,,,Colombia,Barranquilla,Approved,00,False,14.11,3.9952723,-74.5438731
TRX-RXYHCYKO0ESWLKS6ZXIS,2025-03-15 06:51:42,2025-03-15,PRD-7R4W0DYITSZA,CLI-HO93TNECR2KD,Withdrawal,,395.41,USD,,POS,,,,México,Ciudad de México,Declined,05,False,10.65,-0.8572816,-0.5367812
TRX-S8ZXAWIM3G5DL9LFTG7M,2025-03-16 03:59:35,2025-03-15,PRD-S2QQ5RN7NYKA,CLI-GFGRTN88WW6J,Purchase,Entertainment,1837592.88,COP,459.4,ATM,SUC-5NGX1P46,Teatro Nacional,Entertainment,Colombia,Barranquilla,Approved,00,False,13.65,,
TRX-X3X2PLIZE1VANJVFP3Z2,2025-03-15 15:06:23,2025-03-15,PRD-2N475GCQXVOP,CLI-D05I1TNOPGR2,Adjustment,,691.33,USD,,POS,,,,México,Ciudad de México,Approved,00,False,12.22,,
TRX-5F90GED9N8LNK1C86QUX,2025-03-15 16:18:18,2025-03-15,PRD-5VHH8WT2T5LA,CLI-RFOFJ8CSLZF3,Transfer,,5596.37,USD,,App,,,,México,Puebla,Approved,00,False,5.64,,
TRX-T0VN4HEV6Z54GZINHEYI,2025-03-16 01:29:41,2025-03-15,PRD-6UZU8ZQ2GDH6,CLI-GMS1A82VJGYD,Transfer,,9618.05,USD,,ATM,,,,México,Guadalajara,Approved,00,False,21.42,0.2944581,-0.4507966
TRX-GTWLVIS0PNO1J1Y3ONFG,2025-03-16 03:12:25,2025-03-15,PRD-FYCHOE0EUAGR,CLI-VL7MR42W6V0N,Payment,Food,711.67,USD,,App,,,,México,Puebla,Approved,00,False,10.09,,
TRX-TBJ1SC68OD9AOV4PXJ0Z,2025-03-15 11:40:58,2025-03-15,PRD-PI1HEJJIHRCI,CLI-HLKSUNN5ZS6K,Purchase,Transport,335.33,USD,,ATM,SUC-9DE11KDA,Gasolinera Express,Transport,México,Querétaro,Approved,00,False,10.47,0.8742439,0.5091004
TRX-OTTQIFYB2JPZHYW6UXLJ,2025-03-15 14:20:58,2025-03-15,PRD-ZG6KWFJZMHCR,CLI-4S4OEVTJY9BU,Deposit,,19999156.4,COP,4999.79,Web,,,,Colombia,,Approved,00,False,27.5,,
TRX-0VPX3RP19GPA18PWT534,2025-03-15 08:56:51,2025-03-15,PRD-24ZQVRSUSYLZ,CLI-SCBX9MVYJT86,Payment,Other,1530644.6,COP,382.66,Transfer,,,,Colombia,Cartagena,Reversed,14,False,12.87,,
TRX-5KHINPPT8TB4DFON1Q3I,2025-03-16 05:21:47,2025-03-15,PRD-XV8RJHKKZ723,CLI-U0KZIW9WV2UU,Payment,Transport,1809.26,USD,,App,,,,México,Monterrey,Approved,00,False,5.83,,
TRX-HZ8RS33EFG2URECNL6IW,2025-03-16 03:24:57,2025-03-15,PRD-89PCJS526ZR6,CLI-WGKIVYSSO63J,Withdrawal,,1929870.19,COP,482.47,POS,,,,Colombia,Cartagena,Approved,00,False,2.71,,
TRX-LV8WFUNBJRFTP6PXFDE6,2025-03-16 00:23:02,2025-03-15,PRD-QQPJ2S0BURCE,CLI-H61GNQQW7P90,Purchase,Services,365.97,USD,,ATM,SUC-BSMTX3U8,Servicios Públicos,Services,México,Puebla,Approved,00,False,,,
TRX-A9TDA2WGL6B7EQECVIDO,2025-03-15 12:13:15,2025-03-15,PRD-SP7NJLOLAIUK,CLI-AVH7YP01XO5D,Payment,Other,663.31,USD,,POS,,,,México,Guadalajara,Declined,14,False,,,
TRX-RMG9L575WEKHOQP34LY0,2025-03-15 06:40:53,2025-03-15,PRD-KWA5LK7HQXXX,CLI-0WUIQG9GG0LM,Purchase,Food,804458.38,COP,201.11,POS,,Restaurante El Buen Sabor,Food,Colombia,Cartagena,Approved,00,False,15.88,,
TRX-7Y6B46R26CA8LCHJNUWT,2025-03-15 12:15:55,2025-03-15,PRD-9JRHZHOAHYNH,CLI-PH6PPAXKY48E,Transfer,,2410336.39,ARS,6886.68,POS,,,,Argentina,Córdoba,Approved,00,False,26.47,-33.9230972,
TRX-O7N6FZ53768WAHK67YKV,2025-03-15 17:14:19,2025-03-15,PRD-B0ZTPMXV0XC7,CLI-J03UMK6P16KG,Purchase,Transport,169.04,USD,,ATM,,Estación de Servicio,Transport,Colombia,Cali,Approved,00,False,18.3,4.4744647,-73.1100045
TRX-VTLASI0M5CJAKR6UUGFO,2025-03-15 10:05:46,2025-03-15,PRD-PAE7VDTU00LG,CLI-KAFKW2S4DFWG,Transfer,,377.79,USD,,Web,,,,México,Ciudad de México,Approved,00,False,19.48,,
TRX-NP7WLQQHHJC4OA890S3Y,2025-03-15 19:28:48,2025-03-15,PRD-9D48FXUXD3Y7,CLI-UYL0CP8LRFIP,Purchase,,288.81,USD,,POS,,Taxi Seguro,Transport,México,,Approved,00,False,9.15,,
TRX-Y2JYNVXF9560GIK5L3PV,2025-03-15 19:11:32,2025-03-15,PRD-DL47ZYOYA01K,CLI-PYQRAJVNG4R2,Purchase,Health,413.94,USD,,Web,,Laboratorio Central,Health,México,Tijuana,Approved,00,False,1.28,,
TRX-DEDP995B6AKCZA1U3BCE,2025-03-15 08:35:59,2025-03-15,PRD-458IPX7YWYOF,CLI-RBS7FLYWXS2L,Deposit,,4998.92,USD,,POS,,,,México,Monterrey,Approved,00,False,20.19,-0.3224927,-0.0754588
TRX-0XPJVQJFEDNWNG7R9H6E,2025-03-15 13:13:12,2025-03-15,PRD-WHWUQ7VGSIK3,CLI-0N9CO5NQA9JJ,Transfer,,1247619.52,ARS,3564.63,POS,,,,Argentina,Buenos Aires,Approved,00,False,24.71,,
TRX-4EUK8DUE9RTV8IBPPWWT,2025-03-15 09:14:32,2025-03-15,PRD-JDQKBYFJ6LIL,CLI-IEWGZUYVGM65,Purchase,Other,51592.04,ARS,,POS,,Boutique Moda,Other,Argentina,Mendoza,Declined,05,False,16.93,,
TRX-LBHG0G4P7Y7S29PZ2VEC,2025-03-15 13:32:19,2025-03-15,PRD-AWVYQPTX69X6,CLI-Q2SG9OL4WX6V,Purchase,Entertainment,580194.34,COP,145.05,POS,,Streaming Music,Entertainment,Colombia,Cartagena,Declined,51,False,9.8,5.5690416,-73.2581458
TRX-67EZAVLWG4VMMC7VS1M5,2025-03-15 19:29:45,2025-03-15,PRD-PLYN35BAWZGP,CLI-X0N2TNURKPDT,Payment,Entertainment,5365651.32,COP,1341.41,ATM,SUC-AXEH5GB0,,,Colombia,Cartagena,Approved,00,False,0.54,,
TRX-SHW9697L4NQ3V7YWNK3Q,2025-03-15 22:56:33,2025-03-15,PRD-N0ZT3LMOAEVI,CLI-K7IHFPGAPPB3,Payment,Services,651.48,USD,,POS,,,,México,Puebla,Approved,00,False,10.61,,
TRX-XR591QLEYTEJ6J7RCIA2,2025-03-16 01:30:34,2025-03-15,PRD-PR3F8O9NI9V2,CLI-3G0HGX6GGQYI,Transfer,,4661.95,USD,,ATM,SUC-BDUFJ6GZ,,,México,Guadalajara,Approved,00,False,0.38,-0.5416384,
TRX-UINBPHAWSTR9UF0H84XA,2025-03-16 03:39:50,2025-03-15,PRD-LKKW1BE02RBH,CLI-R0X4YMI2PCL9,Purchase,Food,319.46,USD,,ATM,SUC-QZU3WHKF,Mercado Central,,México,Tijuana,Approved,00,False,12.57,0.0571098,0.5341711
TRX-QPY449AD59RE22D7G5UU,2025-03-16 00:31:29,2025-03-15,PRD-D7ZXZV5KKUSF,CLI-UZ79V3CGVU7N,Purchase,Entertainment,1600130.66,COP,400.03,ATM,SUC-X3OFCBL0,Streaming Music,Entertainment,Colombia,Barranquilla,Reversed,54,False,16.6,,
TRX-597OICJOYAQ70V628ON7,2025-03-15 07:50:24,2025-03-15,PRD-P28AFJT5DDXP,CLI-UOTN5BIXLUSL,Purchase,Other,1836746.18,COP,459.19,POS,,Ferretería,Other,Colombia,Barranquilla,Approved,00,False,,,
TRX-DSDSG519U0R79RYIYU3D,2025-03-15 18:49:44,2025-03-15,PRD-9ZUNQXDFAX79,CLI-CYC8O3CEJM65,Transfer,,1451.01,USD,,ATM,SUC-U3Q69OLV,,,México,Querétaro,Declined,05,False,4.73,,
TRX-6ZHXYNTMKB7NCKY41UA0,2025-03-15 19:26:10,2025-03-15,PRD-48LEKV65S453,CLI-1PDGE8GFMFEM,Purchase,Other,65.64,USD,,ATM,SUC-1TATGCL8,Centro Comercial,Other,México,Puebla,Approved,00,False,13.93,,
TRX-762EJKKXE3FROPWE28FO,2025-03-16 03:49:19,2025-03-15,PRD-K6CSR82IGORW,CLI-46TM9O7MDLJ1,Withdrawal,,143375.94,ARS,409.65,App,,,,Argentina,Rosario,Approved,00,False,6.38,,
TRX-TP02L0VVBJV25J0G7GER,2025-03-15 17:36:41,2025-03-15,PRD-NHGYJ59AGB6V,CLI-6ZVNYE8F6OY1,Transfer,,8101.8,USD,,ATM,SUC-U3Q69OLV,,,México,,Approved,00,False,,,
TRX-X17FP1VNQVLT5J6J3EXM,2025-03-15 06:48:42,2025-03-15,PRD-QQ2X8TJZIEVU,CLI-FNJOFGGWCHSC,Withdrawal,,229.36,USD,,ATM,SUC-KT11NKNR,,,México,Querétaro,Approved,00,False,20.24,0.7131779,0.8099787
TRX-88N9ZLO4YBLP9X50LJYX,2025-03-15 18:53:33,2025-03-15,PRD-L9O0I9JNZAAE,CLI-D35HMF4I2PMI,Payment,,1042.43,USD,,Web,,,,México,Puebla,Approved,00,False,20.9,,
TRX-1653N5N02YEOMBFGJA8D,2025-03-15 07:20:53,2025-03-15,PRD-HMHIII5WXZIH,CLI-XS0DZ890SW04,Purchase,Food,100.2,USD,,POS,,Restaurante El Buen Sabor,Food,México,Monterrey,Approved,00,False,27.4,-0.049557,0.6773327
TRX-LWJH7BEYIWBEYOSWVTM9,2025-03-15 22:52:11,2025-03-15,PRD-3GL1ZQJYC867,CLI-5PR6FMCKJSUB,Withdrawal,,98.2,USD,,App,,,,México,Ciudad de México,Approved,00,False,,,
TRX-2OQ3ANZRUDIYWQVC4LAI,2025-03-15 07:16:07,2025-03-15,PRD-F873BT3SR32G,CLI-S3B8UM8E9MLT,Withdrawal,,499.12,USD,,Transfer,,,,México,Puebla,Approved,00,False,15.54,,
TRX-AS95WBLONGWU6ROD8FPI,2025-03-16 01:04:06,2025-03-15,PRD-5PO917DNKB9K,CLI-G74OIIHUCDDG,Withdrawal,,40112.63,ARS,114.61,POS,,,,Argentina,La Plata,Approved,00,False,3.83,-33.6917465,-59.122029
TRX-WSHLSJAD9FPKOVVLDYLD,2025-03-15 18:26:10,2025-03-15,PRD-DX4TBQYJ0EN3,CLI-VKOB1AFKEST0,Purchase,Health,166259.17,ARS,475.03,App,,Clínica Médica,,Argentina,Rosario,Approved,00,False,18.03,,
TRX-6OGX8H7HU0CO4RHDSXCO,2025-03-15 15:48:13,2025-03-15,PRD-M0QU3F0PHCE4,CLI-DLXMYQCLD9S8,Purchase,Other,362.02,USD,,ATM,SUC-S3V4CSL0,Ferretería,Other,México,,Approved,00,False,14.13,,
TRX-P8720WW292UHN487P22J,2025-03-15 09:50:13,2025-03-15,PRD-S8C6O5DCTMG9,CLI-PC2QQHF9A98G,Deposit,,1782474.8,COP,445.62,Web,,,,Colombia,Bogotá,Approved,00,False,23.31,,
TRX-EKKXG3DXKR2U8247IVMQ,2025-03-15 13:57:21,2025-03-15,PRD-MHJ0VCKGEIKY,CLI-1N15O3JGZSMI,Deposit,,1961.99,USD,,ATM,SUC-POHHKXPA,,,México,Ciudad de México,Approved,00,False,,,
TRX-XWB67B365VWEMSU3OTKW,2025-03-15 12:06:39,2025-03-15,PRD-2JVH7N7LW84N,CLI-Y61I6D32DBPX,Deposit,,1074183.63,ARS,3069.1,POS,,,,Colombia,Barranquilla,Approved,00,False,19.44,-35.1402441,-59.3775034
TRX-F45N948LNHRN4RWPPTYV,2025-03-15 12:48:46,2025-03-15,PRD-SWOKZTOECBMH,CLI-EIIQGAA445U2,Purchase,Services,21900.28,ARS,62.57,Branch,SUC-8433QXQ4,Empresa Telefónica,Services,Argentina,La Plata,Approved,00,False,14.44,,
TRX-7BK8IRZVB0NH9D7DZTK3,2025-03-15 13:35:33,2025-03-15,PRD-6TIKSPK91009,CLI-225T03NDORCN,Transfer,,5454.22,USD,,Web,,,,México,Puebla,Approved,00,False,,,
TRX-E9Y2ZU0ANFPC4FUOVPCV,2025-03-15 07:32:47,2025-03-15,PRD-W53QS0C4WNSZ,CLI-5ONF1XQ9ZTM9,Purchase,Food,34.72,USD,,POS,,Restaurante El Buen Sabor,Food,México,Monterrey,Approved,00,False,7.21,,
TRX-4SX1HMV3U1YJLZU6ZT4N,2025-03-16 02:42:48,2025-03-15,PRD-YNI4LM1NXJAG,CLI-L4GV5FGTI7Q3,Purchase,Entertainment,350.46,USD,,ATM,SUC-5R12FFLE,Conciertos Live,Entertainment,México,Querétaro,Approved,00,False,5.3,,
TRX-RO2SSGRH9LHKB0B9B6RS,2025-03-15 17:47:37,2025-03-15,PRD-OGKX4MMU1MKE,CLI-60KQVFFRR1IT,Withdrawal,,106654.81,ARS,304.73,App,,,,Argentina,Rosario,Approved,00,False,27.92,,
TRX-R3CGM58RS6CK9EVHP5OU,2025-03-15 06:33:12,2025-03-15,PRD-OBWFNSPOJ9JA,CLI-4VW86FJXR533,Transfer,,20078236.71,COP,5019.56,POS,,,,Colombia,Bogotá,Approved,00,False,21.44,,
TRX-BUKGIDRH3FDCV9T6YE51,2025-03-15 10:58:40,2025-03-15,PRD-PODT5FDHXE75,CLI-M9YFFKVY23X3,Purchase,Services,393551.53,COP,98.39,Web,,Servicios Públicos,Services,Colombia,Cali,Approved,00,False,26.96,,
TRX-0ZACG0AH5RLDRRGQ3LSU,2025-03-15 06:02:12,2025-03-15,PRD-IKZ2PYZ0W8FL,CLI-CNWUKFAWTUPA,Withdrawal,,326.92,USD,,POS,,,,México,Tijuana,Approved,00,False,18.03,,
TRX-AJW2R5VFUV08KEMT1K5V,2025-03-15 08:05:37,2025-03-15,PRD-U4SQRL240AZO,CLI-ZLNWS3KWLLW2,Purchase,Food,320.84,USD,,POS,,Super Ahorro,Food,México,Querétaro,Approved,00,False,,,
TRX-PN10D8JPAGNBR3KF3YEM,2025-03-15 09:51:11,2025-03-15,PRD-EX8VPNWZUUGQ,CLI-B8IRT9TPZV9A,Transfer,,3468944.13,COP,867.24,ATM,,,,Colombia,Bogotá,Approved,00,False,,,
TRX-4VICGKKWPGLQL4MFETVS,2025-03-15 17:15:45,2025-03-15,PRD-U388OBYG3KJX,CLI-8QNJ5YO2JIWP,Deposit,,2257.4,USD,,ATM,SUC-NZJH5BG1,,,México,Tijuana,Approved,00,False,10.66,,
TRX-5GZMNSZ2JGTGKKT94B1Q,2025-03-15 21:29:59,2025-03-15,PRD-9WH0LHGAFJ9H,CLI-L0CY93UH5KJT,Purchase,Other,335.71,USD,,POS,,Ferretería,Other,México,,Approved,00,False,,,
TRX-4UYR70AR08VU8S18ZVOV,2025-03-15 14:08:03,2025-03-15,PRD-RA3T3KLITNKJ,CLI-H6VGTFKQOPZG,Payment,Food,883.05,USD,,App,,,,México,,Approved,00,False,,,
TRX-RNUR39Z7QBWHPKLLNGK9,2025-03-15 15:44:12,2025-03-15,PRD-0WS81YBG04OR,CLI-RVEU8Z929RTM,Transfer,,3269.18,USD,,POS,,,,México,Monterrey,Approved,00,False,14.96,-0.1193718,-0.9753576
TRX-8OAR6RBRBZR1992J3UJJ,2025-03-15 07:26:47,2025-03-15,PRD-GVRDM2YD2M77,CLI-UVSAAFVAERUA,Transfer,,5641.22,USD,,POS,,,,México,Monterrey,Approved,00,False,16.11,,
TRX-C4UYAMISL0K46GALP30B,2025-03-15 23:09:57,2025-03-15,PRD-CK57JOOM7AB9,CLI-EO3VSDMW132X,Payment,Transport,5239732.23,COP,1309.93,POS,,,,Colombia,Cali,Approved,00,False,13.8,4.6618239,-73.0759262
TRX-X2J51ZXYEI5EJBT9EBBO,2025-03-15 10:57:08,2025-03-15,PRD-D0W9AQLMACVZ,CLI-DCWHROB0TAKK,Withdrawal,,174.77,USD,,POS,,,,México,Guadalajara,Approved,00,False,10.38,,
TRX-85JM1E43HDQTSW09WKMK,2025-03-15 07:14:09,2025-03-15,PRD-IY944HLHXP06,CLI-SOKIRIUYI7VV,Withdrawal,,1070017.8,COP,267.5,Web,,,,Colombia,Cartagena,Approved,00,False,3.66,,
TRX-JJHJLM8JIG5FA0KLMF18,2025-03-15 07:11:55,2025-03-15,PRD-8SQ4CFAE6AZS,CLI-IJSAB022LBGI,Purchase,Food,230.51,USD,,Web,,Super Ahorro,Food,México,,Approved,00,False,18.85,,
TRX-UDQX78CZZQ1FKOBCFVMF,2025-03-15 17:45:06,2025-03-15,PRD-KZY62P8A01YJ,CLI-U1BCWAQZHGSW,Deposit,,155974.13,ARS,445.64,POS,,,,Argentina,La Plata,Approved,00,False,,-35.3234552,-57.8167412
TRX-4O7MXWDIF3A0AOZE3JVD,2025-03-16 04:57:41,2025-03-15,PRD-53YQ0HLEK8J4,CLI-UTO424ZEDZHH,Transfer,,1638.75,USD,,ATM,SUC-MGUQPIKZ,,,México,Puebla,Approved,00,False,27.56,,
TRX-XXCUZ4SNFCINMYD8DRVU,2025-03-16 03:27:10,2025-03-15,PRD-13YXXDYVNX4K,CLI-YTOERHKH74WR,Adjustment,,303.62,USD,,POS,,,,México,Querétaro,Approved,00,False,4.95,,
TRX-LLJBYU32U9B86SP15IBJ,2025-03-15 08:17:08,2025-03-15,PRD-VX17JS5LVP9S,CLI-HRPU2ZL5WH6I,Payment,Entertainment,1531.57,USD,,Transfer,,,,México,,Approved,00,False,19.97,,
TRX-A1AS914PW398D4U4CY3F,2025-03-15 08:35:04,2025-03-15,PRD-X6NKIT7KMK2B,CLI-UKIT8C0TD502,Withdrawal,,269.69,USD,,POS,,,,Colombia,Cartagena,Approved,00,False,19.17,4.4719353,-73.457787
TRX-ZWYSWZLMY1XWTRU1Z16R,2025-03-15 15:09:59,2025-03-15,PRD-0IT5Q4GBS1GG,CLI-L3JKDAF2MZU4,Purchase,Other,336.11,USD,,Web,,Ferretería,Other,México,Ciudad de México,Approved,00,False,,,
TRX-GJW6JXZPL3NX44UO8TXE,2025-03-15 11:05:07,2025-03-15,PRD-SNJM40TCRA0P,CLI-ROSLE4MM45BW,Payment,Services,48998.87,ARS,140.0,POS,,,,Argentina,La Plata,Approved,00,False,8.21,,
TRX-MR2AVMMT4WAZW4ATESYB,2025-03-16 04:14:42,2025-03-15,PRD-RBJIK8HI69QZ,CLI-OYJIL87OUQR6,Payment,Services,805.08,USD,,ATM,SUC-8RYAQ0NO,,,México,Puebla,Approved,00,False,,,
TRX-4BS3KBFWJ68KK5TA5UUP,2025-03-16 02:35:27,2025-03-15,PRD-OZ932IW9D6UK,CLI-UHGW7SJAXHNP,Payment,Health,6901679.78,COP,1725.42,ATM,,,,Colombia,Medellín,Approved,00,False,23.4,,
TRX-SB2UVLWMNKJKT5IYTTD9,2025-03-16 04:37:49,2025-03-15,PRD-NUYPG0UY7LWT,CLI-VB5OOQZ5XG9H,Deposit,,842178.21,ARS,2406.22,POS,,,,Argentina,La Plata,Approved,00,False,,-35.0828035,-58.3420307
TRX-VN5OMDY0ICW0UVRNOK1G,2025-03-15 15:51:51,2025-03-15,PRD-8SS8MUUYM3Q6,CLI-TZR7WGHV9EDV,Payment,Services,5908322.41,COP,1477.08,ATM,SUC-7P0XNXTG,,,Colombia,Medellín,Approved,00,False,11.47,3.7451672,-73.3204168
TRX-0ALZR76Y737IZOGULM6W,2025-03-15 21:28:17,2025-03-15,PRD-XGCDS7J0YH8S,CLI-XS0FOLATR98L,Purchase,Health,460.96,USD,,Web,,Farmacia Salud,Health,México,Tijuana,Approved,00,False,23.78,,
TRX-QQH8WFE7J4VXQ26GS7ZL,2025-03-15 13:17:55,2025-03-15,PRD-R4MN1J96E8BK,CLI-ICFXK2TMOHZK,Withdrawal,,385.84,USD,,POS,,,,México,Monterrey,Approved,00,False,9.15,-0.797242,-0.5794422
TRX-YLXCVRKLQ1BW7HLTISKO,2025-03-15 10:57:22,2025-03-15,PRD-XMNFKT6CE1Z7,CLI-9FJN4LA9JEWH,Payment,Other,543.56,USD,,POS,,,,México,Tijuana,Approved,00,False,15.25,,
TRX-0JYVDXVXLMA5RXHQ8AXF,2025-03-15 12:30:11,2025-03-15,PRD-NV64K8Y99HRP,CLI-PJ2YATYD6Q1Z,Payment,Food,1523.42,USD,,POS,,,,México,Ciudad de México,Approved,00,False,4.64,-0.6578569,0.0413487
TRX-8IIB30TM07K7DK3R5M30,2025-03-15 23:02:41,2025-03-15,PRD-GQPX268T4KRU,CLI-AH1BOZXRQ0JA,Withdrawal,,102.73,USD,,ATM,SUC-XT96PBC0,,,México,Querétaro,Approved,00,False,10.44,,
TRX-T73P4RJ97S6DXVGGZSR8,2025-03-15 10:22:15,2025-03-15,PRD-H4UW7BX2PCZ7,CLI-4K6H7OUBIQA1,Withdrawal,,155628.24,ARS,444.65,ATM,SUC-D4W8JR4A,,,Argentina,Buenos Aires,Approved,00,False,20.6,-34.0783239,-58.6743379
TRX-1MWKFO4IV13PC3OSDRIQ,2025-03-15 13:18:08,2025-03-15,PRD-719KSZNI0MMS,CLI-1HOXRDUZTWVC,Withdrawal,,1765327.18,COP,441.33,POS,,,,Brazil,Brasília,Approved,00,False,23.38,,
TRX-R0B7TPA54SUVHFRXJ8S6,2025-03-15 17:39:36,2025-03-15,PRD-VZ7MOG9A8VMD,CLI-WYV07NB77LLR,Transfer,,35666614.31,COP,8916.65,ATM,SUC-DG6C9C1K,,,Colombia,Medellín,Approved,00,False,24.9,,
TRX-DMMYRM58ITM5C7UCHGTE,2025-03-15 20:16:04,2025-03-15,PRD-D6E8VDQD3E2K,CLI-VDYCAWHA8C9C,Withdrawal,,451328.28,COP,112.83,POS,,,,Colombia,Medellín,Reversed,14,False,20.86,,
TRX-EE286AX9GGM7XE9YCKAU,2025-03-15 06:44:42,2025-03-15,PRD-VMGR8A43P36H,CLI-ENI6LMHW06SO,Deposit,,678.56,USD,,App,,,,Colombia,Bogotá,Approved,00,False,,,
TRX-Y0UI3N1ZNYHKU4XN9ECF,2025-03-15 16:17:23,2025-03-15,PRD-EX2G1I50270G,CLI-J6X2NCCGB0B9,Withdrawal,,421905.62,COP,105.48,ATM,SUC-07AK38PR,,,Colombia,Barranquilla,Approved,00,False,26.4,,
TRX-24CBBSLGT0RHHQA0VWCR,2025-03-15 06:40:17,2025-03-15,PRD-FXH77B1USJ0E,CLI-WYXIOO3ZYNK1,Transfer,,14202952.91,COP,3550.74,POS,,,,Colombia,Cali,Approved,00,False,11.73,,
TRX-JMCLGNO48XQEBF91SN2S,2025-03-15 13:55:13,2025-03-15,PRD-B7B1IXXWGN5W,CLI-2P6YOD1JYZ0K,Transfer,,9841.86,USD,,POS,,,,México,Monterrey,Approved,00,False,10.11,,
TRX-J2W6ILFE4Q1F1L1RP9YP,2025-03-15 10:36:48,2025-03-15,PRD-JVTQPIN88Q1M,CLI-XNF2SH5FH1M4,Payment,Services,4788866.14,COP,1197.22,POS,,,,Colombia,Medellín,Reversed,54,False,26.28,,
TRX-2QT85SSJUI1CLH64DZSI,2025-03-15 08:38:27,2025-03-15,PRD-BXVDU3Y4I11Y,CLI-2TDDRE93SHQO,Withdrawal,,1407292.3,COP,351.82,ATM,SUC-TQX7379E,,,Colombia,Barranquilla,Approved,00,False,5.37,3.7827545,-73.1765169
TRX-IIKK1MGK286HU9G2OF1X,2025-03-16 01:12:41,2025-03-15,PRD-35TGU3GR6TQD,CLI-B0ZLHHF411VB,Payment,Services,456901.1,ARS,1305.43,POS,,,,Argentina,Buenos Aires,Approved,00,False,8.37,,
TRX-WBBFMF3IPQBM7XESH8FK,2025-03-15 17:17:19,2025-03-15,PRD-O002KYCKTKHC,CLI-3BMVDXLC8DON,Deposit,,1570220.45,ARS,4486.34,POS,,,,Argentina,La Plata,Approved,00,False,24.16,-33.9785057,-57.9755504
TRX-1CW6HY9F8I0U9X8TJ03E,2025-03-15 15:33:44,2025-03-15,PRD-RG8IYLN21R18,CLI-CXDSDBGJ59VM,Transfer,,4044.56,USD,,App,,,,México,Querétaro,Approved,00,False,2.99,,
TRX-TPMBO9MZSJDJPR4S6XMI,2025-03-15 14:06:50,2025-03-15,PRD-SQJRARJ7L4XH,CLI-E0JHJOSV792F,Transfer,,11399621.09,COP,2849.91,ATM,SUC-HQWDAM56,,,Colombia,Medellín,Approved,00,False,6.91,5.5965822,-74.9441688
TRX-FU89GO3YT6D6CZG22LK4,2025-03-15 18:47:45,2025-03-15,PRD-NYQ9B2QP79O9,CLI-SI332XG5E0IZ,Purchase,Food,12414.93,ARS,35.47,POS,,Tienda Don José,Food,Argentina,Córdoba,Approved,00,False,,-34.3963273,-57.399399
TRX-6IE4QFNL0PNF3UMGT7A8,2025-03-15 13:57:50,2025-03-15,PRD-SPVZLWL6WFDT,CLI-3P169TZ320YY,Purchase,Other,110.37,USD,,ATM,SUC-HTV8A64G,Ferretería,Other,Colombia,Bogotá,Declined,05,False,6.95,,
TRX-B9BWWZYQNQBMNFO4GBAO,2025-03-15 16:07:39,2025-03-15,PRD-EAP2NC5DN2HY,CLI-VJW4ECXV2ZDS,Transfer,,655.91,USD,,ATM,SUC-HVN55QJQ,,,México,Querétaro,Approved,00,False,,,
TRX-BG5CE76Y8DD1D8V9RS8Z,2025-03-15 11:32:25,2025-03-15,PRD-GEVYBGKQ8SGO,CLI-YN3S89OQDX0G,Purchase,Other,92727.9,ARS,264.94,App,,Ferretería,Other,Argentina,,Approved,00,False,27.74,,
TRX-CU6XR69J3J1V57877U1X,2025-03-15 14:47:01,2025-03-15,PRD-UVYUK1H2WTKK,CLI-P0PP7LK33J9Q,Purchase,Food,48.33,USD,,ATM,SUC-QO0HYSRK,Tienda Don José,Food,México,Monterrey,Approved,00,False,14.65,-0.1735919,0.9402919
TRX-8VZX5296T8TM10UHNLT4,2025-03-15 19:57:18,2025-03-15,PRD-XB5WTJSCHASN,CLI-P2SNL8H66QIE,Withdrawal,,1452703.45,COP,363.18,Branch,SUC-1NFIF0G0,,,Colombia,Bogotá,Approved,00,False,24.27,,
TRX-PXESJ7MQCBFRCG7YWT0D,2025-03-16 02:53:16,2025-03-15,PRD-4ICL5ERPUZ2G,CLI-HQK054UM7ZCQ,Transfer,,5408.44,USD,,ATM,SUC-RDJC9IH3,,,México,Ciudad de México,Approved,00,False,,,
TRX-M94XX1FMWGOJ7SZYOPKK,2025-03-16 03:11:55,2025-03-15,PRD-9PAUMXJJ43EI,CLI-LLYH0PWXVPYH,Purchase,Other,94863.85,ARS,,App,,Centro Comercial,Other,Argentina,Córdoba,Approved,00,False,,,
TRX-SA89RXUO0BWNU5E049RG,2025-03-15 20:31:12,2025-03-15,PRD-E1XYSKX7JCRT,CLI-YYG5JI6AJYXK,Purchase,Food,425.11,USD,,POS,,Tienda Don José,Food,México,Guadalajara,Approved,00,False,5.46,,
TRX-MN9OROZ35IUY11UO2RQD,2025-03-15 19:54:05,2025-03-15,PRD-EOX6J0F9ZP21,CLI-EPJA1RGVUHMR,Payment,Food,4898019.15,COP,1224.5,Web,,,,Colombia,,Declined,54,False,14.59,,
TRX-XNHIWWPD6PJCWM3GICMW,2025-03-15 12:33:12,2025-03-15,PRD-GTIS9SU7643Q,CLI-A0O9EHV30URK,Deposit,,12398988.58,COP,3099.75,POS,,,,Colombia,Bogotá,Approved,00,False,25.03,3.8502436,-74.0390859
TRX-W0WQPEW35N5BFCQLYTXG,2025-03-16 00:19:13,2025-03-15,PRD-Z9DZKPL02DAT,CLI-3YPM8R2B52LW,Withdrawal,,462.11,USD,,Web,,,,México,Puebla,Approved,00,False,11.17,,
TRX-GT7SPCBFG866R4JC9YME,2025-03-15 19:37:13,2025-03-15,PRD-TRRGFRUSHFDO,CLI-AZDDNLXNZA1Q,Purchase,Health,15490.67,ARS,44.26,Web,,,Health,Argentina,Rosario,Approved,00,False,5.06,,
TRX-ZGHG5KQ3HOQJ3LHXA7G8,2025-03-15 23:55:56,2025-03-15,PRD-N9EQJS196OC5,CLI-M734TOOSOYW3,Transfer,,6009.73,USD,,ATM,SUC-N1ZUF3PF,,,México,Querétaro,Approved,00,False,,,
TRX-KCRWU73ZKIXII6LCRGL5,2025-03-16 00:11:17,2025-03-15,PRD-PLN0YG1IHORG,CLI-O1ODPD31I53I,Withdrawal,,69883.96,ARS,199.67,App,,,,Argentina,Córdoba,Approved,00,False,26.56,,
TRX-PCBEP370KSWKNNV9J6GI,2025-03-15 21:52:50,2025-03-15,PRD-7OCVK8NYW288,CLI-HZZZY8VMWZ98,Payment,Entertainment,7524460.21,COP,1881.12,Web,,,,Colombia,,Approved,00,False,10.61,,
TRX-G14MVLKDPQ51J14NZGUX,2025-03-15 13:24:49,2025-03-15,PRD-YTAKRNHT4NH9,CLI-VWIQR1KHC4VZ,Payment,Entertainment,969.75,USD,,Web,,,,México,Tijuana,Approved,00,False,4.1,,
TRX-0GLQC8O581Y3F8IT20PV,2025-03-15 22:55:39,2025-03-15,PRD-9J9AGBOIXH0T,CLI-1SCVAR2CDWBG,Transfer,,7315.23,USD,,POS,,,,México,Tijuana,Approved,00,False,21.5,-0.2964639,0.4440762
TRX-VF0NTAMS751A7WHMFGNR,2025-03-15 12:44:41,2025-03-15,PRD-SGN15LXXKQXI,CLI-LYYUET2J4JTS,Withdrawal,,933281.78,COP,233.32,ATM,SUC-2LW7L4Y3,,,Colombia,Cartagena,Approved,00,False,28.13,,
TRX-ESC0R0NITNMIJPWCVISF,2025-03-15 16:10:25,2025-03-15,PRD-B2DIXYZ5MZLZ,CLI-ONJYNBB9LT61,Purchase,Entertainment,79.79,USD,,Web,,Streaming Music,Entertainment,Argentina,La Plata,Approved,00,False,6.9,,
TRX-2EL139BGVS713JCSLNFV,2025-03-16 05:59:31,2025-03-15,PRD-28XWZ7IZBKJ0,CLI-WWIHBSUR0B7L,Payment,Other,271.14,USD,,POS,,,,México,Querétaro,Approved,,False,,,
TRX-BSYNA772ZK7A28MKFPZB,2025-03-15 10:53:58,2025-03-15,PRD-EKLMNE0JCP7Z,CLI-QRS5AKILMO2U,Payment,Health,1906.95,USD,,POS,,,,México,Guadalajara,Approved,00,False,,,
TRX-0FBRTL0X5HFH1ISYKTNK,2025-03-15 20:35:49,2025-03-15,PRD-GK08IJIYTTRT,CLI-YC1FVU41PNDE,Purchase,Transport,122.74,USD,,ATM,SUC-NOBD5N9U,,Transport,México,,Pending,05,False,11.71,-0.2260187,0.3846679
TRX-H5R8HAS8MZAX0YQAMLK4,2025-03-15 12:16:57,2025-03-15,PRD-2YXCQLC8S92Y,CLI-CWT9LFBAHJD9,Withdrawal,,258.58,USD,,POS,,,,México,Guadalajara,Approved,00,False,3.93,-0.0763112,0.5245603
TRX-FLAQST5WVT9C47NSOWXH,2025-03-15 08:35:56,2025-03-15,PRD-K4J110SYDTX5,CLI-ODI40I4H5X36,Purchase,Other,73.92,USD,,ATM,SUC-57LRN6RH,Ferretería,Other,México,Querétaro,Approved,00,False,,,
TRX-WZVGW650B22W3BNT4K5N,2025-03-15 11:38:56,2025-03-15,PRD-YP8VB5C0YRGR,CLI-GPN5ZWZH0DNJ,Withdrawal,,452.91,USD,,POS,,,,México,Ciudad de México,Approved,00,False,11.25,,
TRX-38ZPYCM2U4NK2LDINN7D,2025-03-15 12:28:10,2025-03-15,PRD-RMXF6X6WIAIE,CLI-XBNDPX3C78V4,Transfer,,2694.98,USD,,POS,,,,México,,Approved,,False,12.98,0.1179221,0.6877485
TRX-II5PZAYPYOSHLL0GWYMC,2025-03-15 13:34:48,2025-03-15,PRD-G09BSXIMC7N5,CLI-Z8GXFP8X3LBL,Deposit,,1701038.74,ARS,4860.11,App,,,,Argentina,Buenos Aires,Approved,00,False,28.97,,
TRX-DEKZBR63LUNVD51RZVWO,2025-03-15 17:12:03,2025-03-15,PRD-13EDUYFKRGSJ,CLI-QMZX07TX1YHF,Payment,Other,346.92,USD,,POS,,,,Argentina,Mendoza,Approved,00,False,3.97,,
TRX-6UOW64JJVAWNUE9XDT94,2025-03-15 19:45:52,2025-03-15,PRD-LR0IJGTWIQSO,CLI-MFRF8YAQ72OH,Deposit,,4540.57,USD,,ATM,SUC-ZAMLQY77,,,México,Guadalajara,Approved,00,False,3.63,0.6413321,-0.2066795
TRX-USHTOXOY3EK58MESHKC8,2025-03-15 10:46:34,2025-03-15,PRD-QGXH9R5RGRDE,CLI-AE27LZ49YCQG,Transfer,,34428255.88,COP,8607.06,ATM,SUC-DIHJMBN3,,,Colombia,Cali,Pending,51,False,6.08,4.9637519,
TRX-PEQOE7YUO38BGHWHYV0R,2025-03-15 06:02:34,2025-03-15,PRD-4U59Q17VPXLG,CLI-J3OZUWDZBWCJ,Purchase,Food,12.78,USD,,ATM,SUC-SUAMAVYV,Restaurante El Buen Sabor,Food,México,Puebla,Approved,00,False,6.34,,
TRX-VDC6LD0OMO999L9XB4BX,2025-03-15 18:49:51,2025-03-15,PRD-9FF00Y5EO4RS,CLI-N41SNEXPOGAE,Purchase,Services,95738.63,ARS,273.54,POS,,Cable TV,Services,Argentina,Buenos Aires,Approved,00,False,9.06,-35.084368,-59.1687729
TRX-CHO49X9PEVQURPE9BW97,2025-03-16 01:50:37,2025-03-15,PRD-5B72D5Q5ULE7,CLI-7MKH2W5L3RDK,Purchase,Food,181.42,USD,,POS,,Super Ahorro,Food,Colombia,Bogotá,Approved,00,False,,,
TRX-BQKMK00SSUY39VNJIXG4,2025-03-15 14:02:11,2025-03-15,PRD-BLMVHYD7KGG9,CLI-6G9YV6SII5UR,Transfer,,827775.38,COP,206.94,POS,,,,Spain,Sevilla,Approved,00,False,,4.7539876,-73.702435
TRX-ZDP92PSPF699TB0PZCAW,2025-03-16 01:16:32,2025-03-15,PRD-TZQ7B2HB7KH7,CLI-1JVXXR7MYXNB,Transfer,,9860.03,USD,,POS,,,,México,Tijuana,Approved,00,False,27.6,0.1170125,
TRX-LSJBOXNJK892SFDURYBL,2025-03-15 19:23:38,2025-03-15,PRD-2T0CH3PIH8AV,CLI-Y73VZ31C3RVE,Payment,Food,773.36,USD,,Web,,,,México,Ciudad de México,Approved,00,False,18.62,,
TRX-3OAMQQF2P62UE4FDTLS9,2025-03-15 07:54:02,2025-03-15,PRD-9HSUOB48XZL5,CLI-MD4RDJ38Q7VE,Transfer,,1323.91,USD,,Web,,,,México,Puebla,Approved,00,False,,,
TRX-M4EJFO7R22PMPLG119ZU,2025-03-15 23:09:37,2025-03-15,PRD-9SISS6MLHJQ8,CLI-A2MTD5DUD18C,Transfer,,2807183.15,ARS,8020.52,ATM,SUC-QZP6DNTL,,,Argentina,Córdoba,Approved,00,False,23.78,,
TRX-91MM1BJ0OK43BFV06E9F,2025-03-15 10:17:19,2025-03-15,PRD-5JFSIOB2DBNW,CLI-LJ51W8G36RTF,Withdrawal,,146573.03,ARS,418.78,Web,,,,Argentina,Buenos Aires,Approved,00,False,19.96,,
TRX-KMQIDKG5ANKWIQIEHQ8Y,2025-03-16 01:51:24,2025-03-15,PRD-3YDJ0S6XDDQG,CLI-TSO94MOIBH0J,Transfer,,516.11,USD,,App,,,,Brazil,São Paulo,Approved,00,False,22.48,,
TRX-HWMU4BRJGK2GVCT7LZR8,2025-03-16 00:44:03,2025-03-15,PRD-H36KOQG0T89U,CLI-AJ2CVL0FKHNX,Adjustment,,3560353.84,COP,890.09,POS,,,,Colombia,Cartagena,Approved,00,False,,,
TRX-3485QRZ3M089BXVTO1WB,2025-03-15 21:04:17,2025-03-15,PRD-LNGO26A6PGYT,CLI-OKZAECPPT5K0,Purchase,Transport,121205.55,COP,30.3,ATM,SUC-GPHM9NB1,Gasolinera Express,Transport,Colombia,Cali,Approved,00,False,8.81,,
TRX-PNHAZ8VKC6FOO14MDL6M,2025-03-15 14:47:23,2025-03-15,PRD-8BS42AUEZGQH,CLI-TSFSETFI1ZAE,Purchase,Services,315.97,USD,,Web,,Cable TV,Services,México,Querétaro,Approved,00,False,9.29,,
TRX-INXB125FW3T8YR6HQBMN,2025-03-15 09:17:12,2025-03-15,PRD-EVNCHV332O8A,CLI-PWWJ9FER1WMR,Purchase,Services,170469.44,ARS,487.06,POS,,Servicios Públicos,Services,Argentina,Mendoza,Approved,00,False,1.63,-34.1588904,-58.0449668
TRX-S5097ZW7CQZH2DMY7LWQ,2025-03-15 18:57:54,2025-03-15,PRD-6Z595LZSOQTF,CLI-1KKB6T0USTDU,Deposit,,1664616.67,ARS,4756.05,App,,,,Argentina,Mendoza,Approved,00,False,10.97,,
TRX-YE7DDSOFOB5R0EXUAKBC,2025-03-15 08:13:35,2025-03-15,PRD-R2NFXU2XKWYO,CLI-UVYIYQOA18QV,Purchase,Services,1945322.25,COP,486.33,App,,Servicios Públicos,Services,Colombia,Medellín,Approved,00,False,,,
TRX-KWZ18YGT6S916A82L9DL,2025-03-15 17:41:06,2025-03-15,PRD-ROVMDDW741UQ,CLI-FVDM402W3WWQ,Transfer,,390.82,USD,,ATM,SUC-QVGF07AP,,,México,Ciudad de México,Approved,00,False,21.27,,
TRX-L0HZ9T44I6B1J5VXOE7P,2025-03-15 08:31:19,2025-03-15,PRD-6ZY9XJZ17FD9,CLI-CN8DM652UEWN,Deposit,,3746.31,USD,,ATM,SUC-NOBD5N9U,,,México,Tijuana,Approved,00,False,,,
TRX-427TIFKCMOV4ERSBOKJ6,2025-03-15 23:47:49,2025-03-15,PRD-O2SSBY6FECR4,CLI-LVPVZKGZ2VJH,Payment,Health,1726.94,USD,,POS,,,,México,Monterrey,Approved,00,False,21.89,,
TRX-FIESLMTVG3BY1HGVBKNY,2025-03-16 00:11:56,2025-03-15,PRD-EKEMZGB5Q94N,CLI-9I3E81PPAX8M,Purchase,Other,1768535.41,COP,442.13,Web,,Tienda General,Other,Colombia,Barranquilla,Approved,,False,,,
TRX-2JWOD2TY0ANZLOVYPPDP,2025-03-15 06:06:39,2025-03-15,PRD-0PJDFKUZHL35,CLI-9D95RT3CWMT0,Purchase,Other,1944601.38,COP,486.15,Transfer,,Boutique Moda,Other,Colombia,Cali,Approved,00,False,6.64,,
TRX-S0KRX0M8Y2LA319IXGIO,2025-03-15 14:04:47,2025-03-15,PRD-OGXZKX8K4ZLT,CLI-LUX0SHDDJYNE,Deposit,,3910.16,USD,,ATM,SUC-8GXP9TIM,,,México,Tijuana,Approved,00,False,12.2,-0.5818925,0.8187708
TRX-TOTSEINMMCEW2S49NVMC,2025-03-15 09:15:04,2025-03-15,PRD-875AUSLB95UV,CLI-CCX3BRIWU816,Purchase,Transport,930342.6,COP,232.59,Web,,Estación de Servicio,Transport,Colombia,Cali,Approved,00,False,6.23,,
TRX-8ZOM4UOAZ3Q6PYR1HXAQ,2025-03-16 05:23:17,2025-03-15,PRD-3LOJXU25NYNH,CLI-2HQM3T0ZKNS0,Withdrawal,,512858.13,COP,128.21,App,,,,Colombia,Cartagena,Approved,00,False,7.78,,
TRX-Y81TGLWTARFGEWM5735Q,2025-03-15 09:48:25,2025-03-15,PRD-NXOOZLFUSPWV,CLI-JI9CB5DZ57E7,Purchase,Services,1978183.8,COP,494.55,Branch,SUC-OGCB7RT2,Empresa Telefónica,Services,Colombia,Barranquilla,Approved,00,False,14.37,,
TRX-6PSOR952V36E1GYLZEL7,2025-03-15 15:28:45,2025-03-15,PRD-ZP750A1AW8WR,CLI-5YRQXEELWM6Z,Transfer,,6650.27,USD,,POS,,,,México,Puebla,Approved,00,False,8.87,0.4777329,-0.71012
TRX-9HQ48X4LGF213818ZM8Q,2025-03-16 04:06:21,2025-03-15,PRD-43ZDQH1KM9KZ,CLI-F47VOXD1L7J6,Purchase,Entertainment,287.89,USD,,App,,Streaming Music,Entertainment,México,Ciudad de México,Approved,00,False,18.23,,
TRX-BGEH3T181903A6PH1RAS,2025-03-16 01:02:57,2025-03-15,PRD-5IDZ227XYILH,CLI-WM65262QSREJ,Payment,Food,505845.24,ARS,1445.27,App,,,,Argentina,La Plata,Declined,05,False,,,
TRX-5ZZQ2AN23Z8TOFU7AML3,2025-03-16 03:55:40,2025-03-15,PRD-SWDUCPIL8U8I,CLI-NFJE4EBE3OK4,Withdrawal,,1784800.76,COP,446.2,App,,,,Colombia,Cali,Approved,00,False,19.42,,
TRX-EB8TCLJJH4TUW26AM8SY,2025-03-15 07:57:45,2025-03-15,PRD-63EIPV7QWKFF,CLI-EN8HN1YBSNG5,Withdrawal,,481070.98,COP,120.27,POS,,,,Mexico,Guadalajara,Approved,00,False,,,
TRX-J0R5RS5ILZQQS6OJILPK,2025-03-15 07:10:37,2025-03-15,PRD-JB6RXZMLMS2K,CLI-WTFPZUJCC2K0,Adjustment,,2617093.7,COP,654.27,Web,,,,Colombia,Cartagena,Approved,00,False,21.8,,
TRX-XZ6MZAOW8IC563HQOGEC,2025-03-15 18:21:00,2025-03-15,PRD-AAOJZADEURDF,CLI-4SKRACGNRSJY,Transfer,,8460.03,USD,,ATM,SUC-ZXOSBE5D,,,México,Ciudad de México,Approved,00,False,15.29,,
TRX-NEB9B02XP03MSK0LENOZ,2025-03-15 10:50:59,2025-03-15,PRD-B7AB6K4V00VQ,CLI-V9K5JYW12R53,Purchase,Transport,154.98,USD,,ATM,SUC-1PSI5W5X,Estación de Servicio,Transport,México,Puebla,Approved,00,False,24.46,,
TRX-T7FXM6MR0RRPX13K1FDR,2025-03-15 10:26:01,2025-03-15,PRD-07KN6H8LLIS2,CLI-R5A6BMA5ANWU,Payment,Other,152765.43,ARS,436.47,App,,,,Argentina,Córdoba,Approved,00,False,16.57,,
TRX-VRCJ9TXHB5DQQVD05X0Z,2025-03-16 03:57:47,2025-03-15,PRD-6RSAITBKCOIU,CLI-5OR94WX4MB71,Withdrawal,,299.94,USD,,POS,,,,México,Querétaro,Approved,00,False,,,
TRX-N8LGM0Z9BQLV3A7OXXUA,2025-03-15 18:12:30,2025-03-15,PRD-UXA7JOW6CVBI,CLI-UCXI4ZHNRYSL,Transfer,,3083945.83,ARS,8811.27,Web,,,,Argentina,Córdoba,Approved,00,False,23.72,,
TRX-4XSL4B6DKC2GFDXZ2NAK,2025-03-15 11:44:57,2025-03-15,PRD-AT9575POALDO,CLI-J8T9H1RUVGVB,Transfer,,9595.28,USD,,Web,,,,México,Querétaro,Approved,00,False,20.8,,
TRX-03QUHEI1OZHML6UJ6JF2,2025-03-16 05:16:10,2025-03-15,PRD-MSEO7DV2J1V5,CLI-VNAXII8ZEE5P,Payment,Services,301.17,USD,,App,,,,México,Querétaro,Approved,00,False,10.24,,
TRX-GX4Q64DSAGGK6X3K4CEQ,2025-03-15 06:34:09,2025-03-15,PRD-DQS38FUPO5P1,CLI-CBY37BBRHVD8,Withdrawal,,35955.55,ARS,102.73,Web,,,,Spain,Valencia,Approved,00,False,10.13,,
TRX-3GYQUZFVMN9ZZXXQ0PZG,2025-03-15 22:56:12,2025-03-15,PRD-6Z17B870HP48,CLI-KIGD58PQCG6M,Withdrawal,,256.96,USD,,POS,,,,Colombia,Medellín,Approved,00,False,,,
TRX-TMTAV4FKHP3JRG7THTVG,2025-03-15 16:01:29,2025-03-15,PRD-FIEMRCZGS0YY,CLI-AS3C1S2DZJAX,Payment,Entertainment,466.34,USD,,POS,,,,México,Tijuana,Approved,00,False,10.59,,
TRX-1QZRFSUAIPUW3R895IS0,2025-03-15 12:03:52,2025-03-15,PRD-AJ6G9M3CSHUF,CLI-MPV0MTW1V11P,Payment,,4416104.46,COP,1104.03,POS,,,,Colombia,Bogotá,Approved,00,False,8.78,,
TRX-N2Y02EF43WK44KK2Z458,2025-03-15 06:12:21,2025-03-15,PRD-J138V7440HV2,CLI-URE577D2CCRM,Transfer,,1510081.29,ARS,4314.52,ATM,SUC-39R34AY6,,,Argentina,Rosario,Approved,00,False,28.69,-34.7478619,-57.7680605
TRX-84ZVMDAFJANJO8S5BRFS,2025-03-15 16:02:08,2025-03-15,PRD-8LPUC9A82HGO,CLI-V7TQJCEBM3JI,Transfer,,2763656.94,ARS,7896.16,Transfer,,,,Argentina,Rosario,Approved,,False,21.22,,
TRX-J0QH9IYLNL86MGIMDORD,2025-03-16 05:16:18,2025-03-15,PRD-NRA10MGUWZB6,CLI-0L76VVEP3HX7,Adjustment,,57.86,USD,,ATM,SUC-DL6TAAQL,,,México,Monterrey,Approved,00,False,12.16,,
TRX-ILE7UCPHLJBT7HAXYIE5,2025-03-15 23:53:14,2025-03-15,PRD-Y0U1IXRS6ZW1,CLI-XQENW9LABXZK,Purchase,Other,106436.5,ARS,304.1,Web,,Ferretería,Other,Argentina,Rosario,Approved,00,False,3.26,,
TRX-GIR61JKIT78TI8LXFUSH,2025-03-15 07:24:11,2025-03-15,PRD-2L4Y1X6146X9,CLI-CF5N4R96XION,Withdrawal,,590291.7,COP,147.57,App,,,,Colombia,Barranquilla,Approved,00,False,20.35,,
TRX-EWPNO7M2S926RAFJZ6TP,2025-03-15 23:29:27,2025-03-15,PRD-TCFAR263UNRJ,CLI-YLBUHJAE3XAR,Payment,Transport,519062.91,ARS,1483.04,ATM,SUC-Y7VHYCDG,,,Argentina,Buenos Aires,Approved,00,False,12.78,,
TRX-KI3YWE1M6HQM6GK50E4I,2025-03-16 04:53:44,2025-03-15,PRD-6HFUE87YYTAN,CLI-P2SA7AGMT7SU,Purchase,Services,47.92,USD,,POS,,Servicios Públicos,Services,México,Tijuana,Pending,14,False,17.97,,
TRX-REVP9Y6IYZNZKSZCH4QX,2025-03-15 09:04:29,2025-03-15,PRD-L62FMKDPI8XU,CLI-1IK6KDEKCS3J,Transfer,,8803.15,USD,,POS,,,,México,Monterrey,Approved,00,False,,,
TRX-M36OMTLRJSTE7LWYAQK1,2025-03-16 01:01:37,2025-03-15,PRD-IURFWBY6U6GL,CLI-SXQG0BF0W1KN,Deposit,,2747.14,USD,,POS,,,,México,Monterrey,Approved,00,False,15.82,,
TRX-KN83TH033SEARMN9OGFL,2025-03-15 13:33:43,2025-03-15,PRD-2RANFO8BMRBR,CLI-Q4YJJJ5QMJ7I,Transfer,,2542092.25,ARS,7263.12,ATM,,,,Argentina,,Approved,00,False,,,
TRX-T8BEWIB8NEYR6BX5TE71,2025-03-15 16:33:37,2025-03-15,PRD-55C3WIVRX26X,CLI-5H347RB9N0RP,Adjustment,,3796764.81,COP,949.19,ATM,SUC-3FS5CHQJ,,,Colombia,Medellín,Approved,00,False,4.4,5.3461137,-74.6358522
TRX-F7L7HW3EL6V7DVA1KM9G,2025-03-15 16:40:48,2025-03-15,PRD-DFOFDD1BGIRO,CLI-K8WXMPJ3L2Q4,Payment,Transport,2483668.95,COP,620.92,App,,,,Colombia,Cartagena,Approved,00,False,12.48,,
TRX-C3Q027JOH4FVWVU5E1NR,2025-03-15 20:47:20,2025-03-15,PRD-WESSWBQ8LU7G,CLI-5XU2WZUKSG7G,Purchase,Entertainment,319.7,USD,,Web,,Conciertos Live,Entertainment,México,,Approved,00,False,3.07,,
TRX-7XY021E8AB164USMA76R,2025-03-15 08:26:13,2025-03-15,PRD-YYCN5RNDQXOL,CLI-OCNV46OZSKIN,Withdrawal,,1858750.93,COP,464.69,POS,,,,Colombia,Bogotá,Approved,,False,29.37,,
TRX-8Y305EV4QXGZAIY72Y1X,2025-03-16 05:01:40,2025-03-15,PRD-J6M6JRW8VE18,CLI-2BPJAN2FRZ78,Transfer,,5554.31,USD,,POS,,,,México,Puebla,Approved,00,False,18.88,,
TRX-7U9S1POSVMS5KMASH2YB,2025-03-15 11:41:35,2025-03-15,PRD-M9XYN5QQDDHL,CLI-GW7GZVWF9M35,Deposit,,2291.89,USD,,Web,,,,México,Guadalajara,Approved,00,False,,,
TRX-XW3LRL18509DRHDLNZCZ,2025-03-15 22:19:58,2025-03-15,PRD-E3S8AX8OPI5A,CLI-5K5QBGZ27BZV,Payment,Services,646.99,USD,,App,,,,Argentina,Rosario,Approved,,False,8.09,,
TRX-UPGXP9UTFFIRQO44OGWO,2025-03-15 16:55:37,2025-03-15,PRD-SXWYNTMC348Z,CLI-MSYEZEY8FLJJ,Purchase,Transport,405.07,USD,,Branch,SUC-1PYKK6ZV,Gasolinera Express,Transport,México,Puebla,Approved,00,False,26.38,0.5937363,-0.1503838
TRX-K9ZGFA1H19HOU6M4B07S,2025-03-15 18:23:24,2025-03-15,PRD-S89KS403JFTI,CLI-Q07I56TEZ4ET,Purchase,Food,157120.11,ARS,448.91,ATM,SUC-UE04XBQH,Super Ahorro,Food,Argentina,Buenos Aires,Approved,00,False,18.3,,
TRX-RBMW76Y8B8NONCHJQRET,2025-03-16 02:34:04,2025-03-15,PRD-3BLGUOSRM3FI,CLI-J0W9BEZJGNYL,Payment,Other,644.94,USD,,POS,,,,México,,Approved,00,False,27.89,,
TRX-4HS5ARJ4OC2VA7AQVJ2W,2025-03-16 01:14:03,2025-03-15,PRD-ZCO878XLWP6K,CLI-E3EE0W6LGMC5,Payment,Services,4280754.74,COP,1070.19,Web,,,,Colombia,,Approved,00,False,20.51,,
TRX-4JWRPAK26IV1U9SOZDN5,2025-03-16 03:19:44,2025-03-15,PRD-S6GP74ZO02YJ,CLI-43AM37Q5FE1B,Deposit,,3129.12,USD,,POS,,,,México,,Approved,00,False,14.81,,
TRX-E6M7JONFQGCH8MOB6WAS,2025-03-15 07:50:38,2025-03-15,PRD-I6NC7WL434CF,CLI-UD52TFOV42JY,Transfer,,4616000.15,COP,,Transfer,,,,Colombia,Bogotá,Approved,00,False,,,
TRX-JJZ6MV9Z73HRZPH70UHF,2025-03-16 03:54:59,2025-03-15,PRD-D8DWS6TEXLVM,CLI-SZVODZD33CDI,Purchase,Food,564066.69,COP,141.02,POS,,Tienda Don José,Food,Colombia,Barranquilla,Approved,00,False,15.46,,
TRX-8Z6MZZM7POS0N3UL2GK2,2025-03-15 18:36:53,2025-03-15,PRD-JO2WV1WMOI45,CLI-GRTMVXUD1DE3,Transfer,,161087.92,ARS,460.25,App,,,,Argentina,Rosario,Approved,00,False,18.2,,
TRX-XKRZ3J8BD1BU0MEHFWTI,2025-03-15 20:29:25,2025-03-15,PRD-5SIOE3XN390S,CLI-ZTA7PYXEFU7W,Purchase,Entertainment,30303.24,ARS,86.58,ATM,SUC-GKQAVGPP,Streaming Music,Entertainment,Argentina,La Plata,Approved,00,False,,,
TRX-3QNY4QH3SDN0MA94ZCWB,2025-03-16 00:58:24,2025-03-15,PRD-S96ED35C49UL,CLI-Z43A9OXSBP0T,Deposit,,1404540.77,COP,351.14,Web,,,,Colombia,Bogotá,Approved,00,False,7.63,,
TRX-CPEQD3Q37ISO52DWR2HU,2025-03-16 04:56:00,2025-03-15,PRD-VDCWEH4ZNN0Z,CLI-WBN9KELMTGKU,Withdrawal,,194.05,USD,,ATM,SUC-KUOJDQSO,,,México,Ciudad de México,Approved,00,False,28.49,,
TRX-F8F9YRL0ATFOFYJKVJIQ,2025-03-16 02:30:02,2025-03-15,PRD-HDEGPOHLVMVI,CLI-5Q9TKZ0Q501C,Deposit,,1560.83,USD,,POS,,,,México,Guadalajara,Approved,00,False,27.18,,
TRX-XY9T3G0L8XYMRMDASEPO,2025-03-16 00:25:29,2025-03-15,PRD-MX1CI3FCO4UB,CLI-FBAL62A33TA2,Transfer,,36895757.01,COP,9223.94,Web,,,,Colombia,Cartagena,Approved,00,False,29.05,,
TRX-8MYMJKSCZXH4CV65Z3UA,2025-03-15 21:43:05,2025-03-15,PRD-QJXJWY09F2KT,CLI-0VIHRNLTU6EL,Transfer,,1899433.31,ARS,5426.95,App,,,,Brazil,São Paulo,Approved,00,False,20.4,,
TRX-HTM5B8AQ5O0N0FNR6VZ6,2025-03-15 14:05:39,2025-03-15,PRD-XTPAKLTT9CLF,CLI-KJ7LC5MRB91T,Purchase,Services,274.96,USD,,POS,,Servicios Públicos,Services,México,,Approved,00,False,13.44,,
TRX-GGN71VIUKJO6CM436VUU,2025-03-16 01:07:47,2025-03-15,PRD-91V8MM68W89O,CLI-ZGTREJ8QC143,Purchase,Food,48081.06,ARS,137.37,POS,,Restaurante El Buen Sabor,Food,Argentina,Rosario,Approved,,False,,,
TRX-O3DRUYZFQL9JEXJRG63A,2025-03-16 01:41:35,2025-03-15,PRD-DBQX6WL6QQE8,CLI-QYZVMVD0VCDH,Withdrawal,,1940617.73,COP,485.15,POS,,,,Colombia,Barranquilla,Approved,00,False,21.37,5.3296311,-74.6547446
TRX-9GW0FNX1N89EO5I906E1,2025-03-15 15:36:23,2025-03-15,PRD-YS5F9DSP5SE0,CLI-YWKMEKNAA8MR,Transfer,,1121.08,USD,,POS,,,,México,Tijuana,Declined,05,False,7.47,,
TRX-01ZLNGCSGPL12W0YD3KE,2025-03-16 01:50:14,2025-03-15,PRD-PSHNRCWASIK6,CLI-IC91JI8KZMC2,Withdrawal,,362.27,USD,,App,,,,México,Querétaro,Approved,00,False,,,
TRX-OKB8AI7CD8Q5FC36SET8,2025-03-16 00:17:40,2025-03-15,PRD-VO3IMXHYEPOT,CLI-0Z1LDHGRXGQ1,Payment,Services,797.23,USD,,POS,,,,Colombia,Barranquilla,Approved,00,False,18.33,,
TRX-NKFF5WGHWGNDAVASU76S,2025-03-15 21:11:38,2025-03-15,PRD-P4AAVGFA8T5P,CLI-3QDM3MD7KFJN,Deposit,,2097574.28,COP,524.39,ATM,SUC-U5SARN4H,,,Colombia,Cartagena,Approved,00,False,24.81,,
TRX-DK713PF30JMYAZBZS7HA,2025-03-15 18:40:51,2025-03-15,PRD-C2HQWWIN1DIQ,CLI-FZABM8ZZRYPF,Purchase,Health,1964655.13,COP,491.16,Branch,SUC-HO849Z2Q,Óptica Visión,Health,Colombia,Cartagena,Approved,00,False,13.65,4.5273356,
TRX-G5SN8BKUIVN8LOEEA9A2,2025-03-16 04:01:50,2025-03-15,PRD-DR0SOYPQWUGW,CLI-VQP749S8E8PF,Transfer,,18061975.28,COP,4515.49,ATM,,,,USA,Los Angeles,Approved,00,False,15.43,4.7819078,-73.8511727
TRX-Q2O1P1M385OIYMVLUYM5,2025-03-15 08:23:25,2025-03-15,PRD-OU2TKX796O80,CLI-X2OAM2G7L3AB,Purchase,Other,290846.21,COP,72.71,POS,,Centro Comercial,Other,Colombia,Medellín,Approved,00,False,,,
TRX-TONKPE3S7Y2PR0X1VR7R,2025-03-15 17:15:40,2025-03-15,PRD-591LZ1VT9KJE,CLI-8IE17CE70R9Q,Purchase,Services,395279.56,COP,98.82,ATM,SUC-GPTCLR0Q,Cable TV,Services,Colombia,Cali,Approved,00,False,29.62,,
TRX-5EXYBLXM0T9PAR0HX4N6,2025-03-15 17:54:50,2025-03-15,PRD-0GQR6PS43QNE,CLI-X5X8AOC9B131,Payment,Other,1484.42,USD,,Web,,,,Colombia,Bogotá,Approved,00,False,,,
TRX-N0XZPQ52VAZ7IBXPWQ60,2025-03-15 19:15:34,2025-03-15,PRD-JM96G77L2375,CLI-R63WU1CSGCYX,Withdrawal,,245.72,USD,,Web,,,,México,Monterrey,Approved,00,False,10.48,,
TRX-6MRZOWWP4HICSE250ZDN,2025-03-15 14:06:45,2025-03-15,PRD-4RD8NYZJU00L,CLI-JLS80GGDR0TG,Transfer,,2852608.35,ARS,8150.31,App,,,,Argentina,Buenos Aires,Approved,00,False,6.78,,
TRX-06ENJ8FRV7ORHGYOTSXF,2025-03-16 00:32:42,2025-03-15,PRD-V6ETLCJHBHLN,CLI-DNIULP6YGCOR,Payment,Other,6046719.17,COP,1511.68,Web,,,,Colombia,Medellín,Approved,00,False,,,
TRX-AM5ARGY8C350YU9HBHH3,2025-03-16 00:07:16,2025-03-15,PRD-3PTVPLVQE3C0,CLI-2JGIXNQQ957T,Deposit,,905068.75,ARS,2585.91,ATM,SUC-YV8Q78LJ,,,Argentina,Córdoba,Approved,00,False,9.35,,
TRX-SR4BB2S5457DELOIBIIY,2025-03-15 13:01:23,2025-03-15,PRD-ZI6194ER9W7M,CLI-9UNGTADKQIQZ,Purchase,Transport,313.09,USD,,POS,,Taxi Seguro,Transport,México,Querétaro,Approved,00,False,23.78,-0.2525083,
TRX-CXY4DG63XR9Y7CT5T063,2025-03-16 05:59:01,2025-03-15,PRD-2AKCR6BIJG2S,CLI-9PXN2DN0N0VP,Purchase,Services,254.68,USD,,POS,,Empresa Telefónica,Services,México,Tijuana,Approved,00,False,15.54,,
TRX-EU86UBOZXSPHL6I203SQ,2025-03-15 10:44:41,2025-03-15,PRD-BYNOKEL6SPZ4,CLI-2VRJG3DIIREY,Withdrawal,,1742889.44,COP,435.72,ATM,SUC-A4SSWF0H,,,Colombia,Cartagena,Approved,00,False,22.4,,
TRX-NGXY6FOR9Z1IDQNJR225,2025-03-15 07:24:51,2025-03-15,PRD-A8MV1UIFPVMK,CLI-1JXQK2XFWTNI,Withdrawal,,1661405.87,COP,415.35,POS,,,,Colombia,Cali,Approved,00,False,7.0,,
TRX-LPG561UDTML9VPCVDCWA,2025-03-15 09:39:38,2025-03-15,PRD-4I3G1JW98BJ3,CLI-P17UAQI7JJT5,Deposit,,18682013.48,COP,4670.5,App,,,,Colombia,Medellín,Approved,00,False,11.15,,
TRX-NRWXOJX19RMG2H9NMQ2C,2025-03-16 03:58:59,2025-03-15,PRD-ALCGW6FEM8LL,CLI-5KFNEEFDYU88,Payment,Transport,785.31,USD,,Web,,,,México,Monterrey,Approved,00,False,23.64,,
TRX-5RY8LFKDUVVXE3E0JVN9,2025-03-15 06:18:47,2025-03-15,PRD-8QC9LKDDYHYH,CLI-ZSZ1MLV01DBV,Purchase,Other,66404.74,ARS,189.73,ATM,SUC-YO2Y6PA3,Boutique Moda,Other,Argentina,Rosario,Approved,00,False,26.99,,
TRX-3KM8JS2SFSDIBXCELK5M,2025-03-15 15:26:43,2025-03-15,PRD-9WTNHNK63VN9,CLI-QSDR0AXV0CQ1,Withdrawal,,133688.85,ARS,381.97,ATM,SUC-ISVYMZP9,,,Argentina,Rosario,Approved,00,False,8.03,,
TRX-AO1RL9BJN2J445CA5G6B,2025-03-15 06:36:13,2025-03-15,PRD-V9LR5056LEM6,CLI-GNN6LI4GJKAZ,Purchase,Services,122960.67,ARS,,POS,,Internet Plus,Services,Argentina,Rosario,Approved,00,False,20.96,,
TRX-0D0P59ONOKBIFU55ETLM,2025-03-15 11:07:33,2025-03-15,PRD-97Z46LBDBCUN,CLI-EKRZEHBM6C19,Adjustment,,1860284.25,COP,465.07,ATM,SUC-4USRLC45,,,Colombia,Medellín,Approved,00,False,8.01,,
TRX-YLBBBUC1OM28910K7J19,2025-03-15 20:00:52,2025-03-15,PRD-UQKOV3CKKIUX,CLI-HHBB4RUVNIJ5,Deposit,,1550655.46,COP,387.66,POS,,,,Colombia,Cartagena,Approved,00,False,17.28,,
TRX-FLX9UWCZ4F2PKA2K875R,2025-03-15 08:19:33,2025-03-15,PRD-3TXV7CXA98FK,CLI-LD6PL4ZZYFWN,Deposit,,16770689.97,COP,4192.67,Web,,,,Colombia,,Approved,00,False,27.44,,
TRX-FZENTS4K34SDBLKCPETT,2025-03-15 15:07:04,2025-03-15,PRD-5NDZ5YKBR680,CLI-E6Z2YOUZUTGD,Adjustment,,203574.89,ARS,581.64,POS,,,,Argentina,Rosario,Approved,00,False,20.17,,
TRX-B95P0NHZ2PJZ20055UEF,2025-03-15 21:29:44,2025-03-15,PRD-8K9LFWSWRPGF,CLI-QFBNNLPKGV7J,Transfer,,5733.1,USD,,POS,,,,México,Guadalajara,Approved,00,False,8.68,,
TRX-2S8P4RZNOBRC5HJ0J2UK,2025-03-16 04:47:39,2025-03-15,PRD-T1DRWJ5BGGMQ,CLI-JG48THWG8H7C,Deposit,,902.11,USD,,App,,,,México,Guadalajara,Approved,,False,2.09,,
TRX-243XGCJHH8IT8Z26TM8D,2025-03-15 12:08:15,2025-03-15,PRD-4RG6RUDINLE6,CLI-R0DSEGDBLEVY,Deposit,,1816.27,USD,,POS,,,,México,Tijuana,Approved,00,False,3.11,-0.1899739,0.1329499
TRX-6S6QRZWUC8X3G7DHAY1Q,2025-03-15 20:34:14,2025-03-15,PRD-B1VIK86EHMQM,CLI-NI0NCM98MF4F,Deposit,,1366011.9,ARS,3902.89,App,,,,Argentina,Buenos Aires,Approved,00,False,24.53,,
TRX-JMI026XOLY3NDF0YRVU0,2025-03-16 00:58:40,2025-03-15,PRD-9L2DUQQNR0QF,CLI-0QX9IX0SFCNQ,Payment,Transport,1692882.13,COP,423.22,POS,,,,Colombia,Cali,Declined,54,False,13.73,,
TRX-PQAM0W33GGFOXE475M6R,2025-03-15 23:47:47,2025-03-15,PRD-0JT13DPDFFJ1,CLI-6MWQ5PLHX3F0,Deposit,,1225791.04,ARS,3502.26,Web,,,,Argentina,La Plata,Pending,14,False,1.36,,
TRX-ZFFNMPZRDWZA3BGGA4AB,2025-03-16 04:09:59,2025-03-15,PRD-GTADXE6IOHB4,CLI-ITB2EU5R9EE2,Purchase,Entertainment,1643237.71,COP,410.81,App,,Streaming Music,Entertainment,Colombia,,Approved,,False,7.79,,
TRX-VSF7O1I7JZQEYPOUGEVM,2025-03-15 07:17:27,2025-03-15,PRD-I51YAWEYXT01,CLI-071M0ON8AJ5K,Transfer,,2464.89,USD,,ATM,SUC-MGUQPIKZ,,,México,Guadalajara,Approved,00,False,24.52,,
TRX-84AS1YCZDZCNYHVHJFTF,2025-03-15 07:55:40,2025-03-15,PRD-ZQ7JYYV0RBYQ,CLI-BZNBLESFPIH1,Withdrawal,,68.72,USD,,ATM,SUC-8GXP9TIM,,,Colombia,Bogotá,Approved,00,False,5.02,-0.0668175,-0.1690246
TRX-P1I86JQVZ9X1QHOM1DB1,2025-03-15 10:36:41,2025-03-15,PRD-0XPM5TWUUL8J,CLI-AXTWOCHLCBZB,Transfer,,2276652.28,COP,569.16,POS,,,,Colombia,Bogotá,Approved,00,False,,,
TRX-2EQESOZ1VCR4DYLJ34A3,2025-03-15 23:01:21,2025-03-15,PRD-J5SKT5PGIIP8,CLI-VOE2WM7RZGKI,Transfer,,1858.14,USD,,POS,,,,México,Querétaro,Approved,00,False,10.04,,
TRX-E0KQNDYNDAMI7SNQ3CJW,2025-03-15 17:10:05,2025-03-15,PRD-4GL7ZYJCWW2O,CLI-XTRCSU789PS2,Deposit,,924741.45,ARS,2642.12,POS,,,,Argentina,Rosario,Approved,00,False,,,
TRX-4C3P0OR17CS5MDGGLC7H,2025-03-15 15:23:33,2025-03-15,PRD-PNO9U9I92SNI,CLI-9A0L41XL9IJV,Adjustment,,690596.89,COP,172.65,Web,,,,Colombia,Medellín,Approved,00,False,22.62,,
TRX-9CZYH7FK57LU6KMC6FCX,2025-03-16 03:48:51,2025-03-15,PRD-SWC4MXS57MCH,CLI-Z99L8HCC6181,Purchase,Services,471.82,USD,,POS,,Servicios Públicos,Services,México,Guadalajara,Approved,00,False,,,
TRX-UTUWMMIUUQSCNRL8DA3G,2025-03-15 17:51:45,2025-03-15,PRD-7IVWV2ZS7PRM,CLI-JOISM5BUCWBR,Payment,Food,340392.95,ARS,972.55,App,,,,Argentina,La Plata,Approved,00,False,5.25,,
TRX-941I11S3W284VFJKV0A0,2025-03-15 07:28:54,2025-03-15,PRD-OPTWC45XYRL7,CLI-69VWXMUCZ03S,Payment,Food,7824125.16,COP,1956.03,ATM,SUC-3NEGSLF6,,,Colombia,Bogotá,Approved,00,False,16.41,,
TRX-X0662DZZER895CCMCPAM,2025-03-16 00:42:59,2025-03-15,PRD-GFIIMQ2X0PD5,CLI-QVYPS8XZNSPT,Purchase,Entertainment,1204821.1,COP,301.21,Web,,Cine Premium,Entertainment,Colombia,Medellín,Pending,51,False,17.28,,
TRX-G4CHHK9FNXQLO1YPXCDW,2025-03-16 01:28:24,2025-03-15,PRD-34KTOUU0TVDZ,CLI-56HELQLPT6UI,Payment,Entertainment,366825.19,ARS,1048.07,Web,,,,Argentina,La Plata,Approved,00,False,5.63,,
TRX-1YZBIRDHJE4A491SMUSA,2025-03-16 00:52:05,2025-03-15,PRD-BBBQGDGO1635,CLI-R0MGY8AC1HOM,Withdrawal,,76898.62,ARS,219.71,ATM,SUC-ZVPEMWQP,,,Argentina,Rosario,Approved,00,False,4.87,,
TRX-QCEFB18M2LK5NSN2U8UX,2025-03-16 02:38:34,2025-03-15,PRD-80O07TJ3FRGT,CLI-4MO91N84X1ZS,Deposit,,2106.34,USD,,ATM,,,,México,,Approved,00,False,29.14,,
TRX-VOXXCSP1QZ8OQ0G0G4O5,2025-03-15 14:23:24,2025-03-15,PRD-Z60WAIF13HAQ,CLI-D8VA1OGQYJV1,Deposit,,3531.62,USD,,ATM,SUC-NBZZWX8W,,,México,Monterrey,Approved,00,False,5.69,,
TRX-0Y5MI0MFL5PFUMLTTHV7,2025-03-15 20:33:59,2025-03-15,PRD-UCKOGLXQZUGG,CLI-42B3R9L9RDU6,Deposit,,1478514.16,ARS,4224.33,POS,,,,Argentina,La Plata,Declined,,False,3.08,,
TRX-UA9PF5LX12LGOA6H5ODV,2025-03-15 09:32:49,2025-03-15,PRD-VZUBBS94PK6B,CLI-9RWAE910VPUC,Purchase,Other,337.26,USD,,ATM,SUC-6IDFK4L9,Ferretería,Other,México,,Approved,,False,20.96,,
TRX-M0NWTY3XH6NBL3YR3CF6,2025-03-15 06:12:11,2025-03-15,PRD-2YOJ6M1XOTX9,CLI-MPFDK3MIBG8I,Withdrawal,,363.34,USD,,Transfer,,,,México,Guadalajara,Approved,00,False,19.16,,
TRX-6HNHFT8RI68PDDM9EG8X,2025-03-16 00:04:10,2025-03-15,PRD-EUF69SBYABIU,CLI-SU9YN4KVBEG5,Deposit,,4857838.79,COP,1214.46,ATM,SUC-HTV8A64G,,,Colombia,Medellín,Approved,00,False,19.89,,
TRX-M8K58ODIAVHHS0W1I56T,2025-03-16 03:29:11,2025-03-15,PRD-TZTLPMAE7O1C,CLI-MG81X148FQXN,Payment,Other,3505622.87,COP,876.41,POS,,,,Colombia,Cartagena,Approved,00,False,3.01,,
TRX-CIRR3O7SYJYL8VS501FH,2025-03-15 16:22:13,2025-03-15,PRD-SID1TPRFS44P,CLI-HIZ2I28QCGQ3,Deposit,,4681.44,USD,,Web,,,,México,Puebla,Approved,00,False,4.23,,
TRX-ASSDZ5EZNIAYUFRKRM43,2025-03-16 01:22:04,2025-03-15,PRD-995SS1LDLEGL,CLI-036GU5D1M55O,Purchase,Health,82.76,USD,,POS,,Clínica Médica,Health,México,Ciudad de México,Approved,00,False,28.64,,
TRX-B9S2V2LEWYH4EWCCCVJM,2025-03-15 08:42:09,2025-03-15,PRD-QYU3S1946GHJ,CLI-OJJHN1U1NR0U,Withdrawal,,1135855.23,COP,,POS,,,,Colombia,Bogotá,Approved,00,False,,,
TRX-HSLV0CV0DALRGF1L28Z0,2025-03-15 11:49:15,2025-03-15,PRD-OK4T8GXBHR0F,CLI-BVCXBNGBNO21,Purchase,Services,507424.53,COP,126.86,ATM,SUC-OPPQ932B,,Services,Colombia,Bogotá,Approved,00,False,15.25,4.8119816,-74.4932034
TRX-LIY17ULNGAKQFYRJGCN0,2025-03-15 08:29:14,2025-03-15,PRD-OHP8GFH1SW6I,CLI-Y2KVSTINVY9W,Payment,Health,1592.11,USD,,ATM,SUC-FGQWMFNS,,,México,Ciudad de México,Approved,00,False,4.89,-0.0622932,0.5435622
TRX-BZ0OHFBRYXYEVC7D7P8B,2025-03-16 01:36:26,2025-03-15,PRD-W9D5X00F379X,CLI-LJ31J6QI2MXT,Withdrawal,,208899.48,COP,52.22,POS,,,,Colombia,Cali,Approved,00,False,12.33,,
TRX-TDDZCOSYXS45C92KEPF4,2025-03-16 02:08:46,2025-03-15,PRD-SX0ZMKP1Z102,CLI-HHNDDMH6XZ2C,Withdrawal,,358325.07,COP,89.58,POS,,,,Colombia,Barranquilla,Approved,00,False,11.52,5.6736652,-74.170672
TRX-KFZJXZXI0NIO8IVOAPZB,2025-03-16 02:48:57,2025-03-15,PRD-N2YZCUKKMXIM,CLI-OL93W3RBOV54,Transfer,,8166132.47,COP,2041.53,ATM,SUC-DH7PDUA6,,,Colombia,Bogotá,Approved,00,False,12.68,,
TRX-8EE13V6RB3V17HT20XJM,2025-03-15 20:59:28,2025-03-15,PRD-R10LE2QR95LM,CLI-KVQNXBBY3MVB,Deposit,,2479.99,USD,,App,,,,México,Monterrey,Declined,05,False,,,
TRX-3AFAPZECCQJV9FC7IO44,2025-03-15 14:03:20,2025-03-15,PRD-0BOSJ0U7BLCX,CLI-UD3I6MBY8N04,Payment,Food,1204.33,USD,,ATM,SUC-QMYSBASD,,,México,Guadalajara,Approved,00,False,18.22,,
TRX-HAFYRUJTTHTS2V53KCHP,2025-03-16 01:27:32,2025-03-15,PRD-XV4WH4YBJIK7,CLI-OPCVWSJPSNOQ,Payment,Services,1063.97,USD,,POS,,,,México,,Approved,00,False,4.15,,
TRX-N9YGPAFP65KMS49XBKYU,2025-03-15 14:49:33,2025-03-15,PRD-SD7YQLR2X6SL,CLI-ZRAM0GINNA0G,Purchase,Transport,322.84,USD,,App,,Taxi Seguro,,México,Puebla,Approved,00,False,,,
TRX-ZQ0F740590QMTBLPPTZB,2025-03-15 10:14:29,2025-03-15,PRD-GEFY6VWOU2F3,CLI-EOT94C9U7T8R,Payment,Food,87.64,USD,,POS,,,,México,,Approved,00,False,,,
TRX-O0QB9O8IGJNP60XA378V,2025-03-15 17:15:39,2025-03-15,PRD-2DKT7WC9V37I,CLI-934EFPUCHBPX,Purchase,Entertainment,83944.48,ARS,239.84,POS,,Teatro Nacional,Entertainment,Argentina,,Approved,00,False,18.83,,
TRX-L810IPR6M2EVJV1TUW05,2025-03-15 20:23:41,2025-03-15,PRD-PEB8ZWCL4YBF,CLI-EW04UUEJ7AUD,Purchase,Entertainment,155826.55,ARS,445.22,ATM,SUC-39R34AY6,Conciertos Live,Entertainment,Argentina,Córdoba,Approved,00,False,4.38,,
TRX-361WBF13BSRUMPCY59WB,2025-03-15 08:18:02,2025-03-15,PRD-WTQLJLGOXVEM,CLI-O5SLFC7EN386,Transfer,,5564.23,USD,,App,,,,México,Monterrey,Approved,00,False,5.7,,
TRX-PAFSIBUXLJBJB7LKGQ26,2025-03-15 23:42:08,2025-03-15,PRD-VA445ZSKMDGX,CLI-GF5SGK976HTX,Withdrawal,,65.03,USD,,Branch,SUC-WSSLNOPN,,,México,,Approved,00,False,26.91,,
TRX-Z6T163V66UMA9VLUFYI0,2025-03-15 21:30:32,2025-03-15,PRD-WYUWM9PBV70E,CLI-AECOFZ2Q4F5L,Transfer,,6975.53,USD,,ATM,SUC-9W1MT1C4,,,México,Monterrey,Approved,00,False,,,
TRX-HVITY0QUI2GP0R5DZM27,2025-03-15 18:41:08,2025-03-15,PRD-VXOF1CX8DTAH,CLI-D2TTFDG9H6JT,Deposit,,863.68,USD,,ATM,SUC-ZXOSBE5D,,,México,Tijuana,Approved,00,False,12.89,,
TRX-2NG7UOIJZ6F7EAXO81GY,2025-03-16 02:07:20,2025-03-15,PRD-YD133C1H337A,CLI-5D4NTCC3ZUJX,Purchase,Food,159140.31,ARS,454.69,ATM,SUC-2T5PUX8Q,Restaurante El Buen Sabor,Food,Argentina,Mendoza,Approved,00,False,6.24,-35.1795049,-57.5580585
TRX-VPS71KD68VEXHLOZS91R,2025-03-15 23:26:26,2025-03-15,PRD-0BBNBOJ9ONYM,CLI-JJY4EO2KYKIE,Transfer,,3916.9,USD,,ATM,SUC-IW55XIEY,,,México,Querétaro,Approved,00,False,,,
TRX-R8B8QTCWLY0GGQM4RG2Z,2025-03-15 23:18:06,2025-03-15,PRD-ZE9OICHDYRJ0,CLI-RVLD9NNGTGIN,Transfer,,8666.28,USD,,POS,,,,México,Querétaro,Approved,,False,,0.911821,-0.6891572
TRX-URICFKBFHR4DWDQ614P7,2025-03-15 09:31:39,2025-03-15,PRD-TRLF22CLL7L8,CLI-HO03T1G1AVG1,Purchase,Food,176.81,USD,,Branch,SUC-DYPJLQVN,Mercado Central,Food,México,Monterrey,Approved,00,False,7.12,,
TRX-99CBJSYBTDZZU2W9O1ZF,2025-03-15 18:11:38,2025-03-15,PRD-GUND8S6OLTPR,CLI-MMRFUZTNVFAN,Purchase,Transport,269.76,USD,,ATM,SUC-JDXIVV9S,Uber,Transport,México,,Approved,00,False,1.34,,
TRX-H40COS1FUL7YZVICAI3E,2025-03-16 04:12:19,2025-03-15,PRD-YQD33T23WNWR,CLI-3ELG5JCYHC5C,Payment,Services,603.66,USD,,POS,,,,México,Guadalajara,Approved,00,False,13.55,,
TRX-4426HYSGAZB8LVB4RR0I,2025-03-15 12:36:29,2025-03-15,PRD-WJKO76QIKQT8,CLI-Q14LTC1G3V92,Transfer,,22286490.82,COP,5571.62,App,,,,Colombia,Barranquilla,Approved,00,False,13.49,,
TRX-SRZXLM5AXI4M7PKOQ6U9,2025-03-15 11:55:40,2025-03-15,PRD-EGCI8TD9FW4J,CLI-0X6D1N2K4X19,Purchase,,86381.94,ARS,246.81,POS,,Cine Premium,Entertainment,Argentina,Córdoba,Approved,00,False,22.38,,
TRX-VIVXJUJ50ZC6V3AS0YRI,2025-03-16 03:17:28,2025-03-15,PRD-UM0BMKJSFYPW,CLI-07G0STWS0XFL,Deposit,,96902.75,ARS,276.87,POS,,,,Argentina,Córdoba,Pending,,False,18.17,,
TRX-6FYVECUTFPILJ576HY11,2025-03-15 10:36:21,2025-03-15,PRD-BJ7VU1A7IT4G,CLI-HQRKRGTBTJ8E,Deposit,,3184.77,USD,,ATM,SUC-JGJN78RV,,,México,Guadalajara,Approved,00,False,,,
TRX-3NCEF73R0XHGEKIUVBFD,2025-03-16 02:34:28,2025-03-15,PRD-AL3VHZ6R3PB4,CLI-10CZRPGC5H9I,Deposit,,1320600.57,ARS,3773.14,Web,,,,Argentina,Buenos Aires,Approved,00,False,,,
TRX-EN3RHB0V4B73Y9256X1E,2025-03-16 04:26:39,2025-03-15,PRD-KMHLCY0S8WLV,CLI-UTL3MRFP5X34,Payment,Other,974.13,USD,,POS,,,,México,Monterrey,Approved,00,False,28.16,,
TRX-RQ6DR0FZ25ZY0RU6VK4P,2025-03-15 08:57:37,2025-03-15,PRD-NM0FDRV28S21,CLI-FH5TWLWWPVZS,Transfer,,867673.2,ARS,2479.07,ATM,SUC-XCP0A6C8,,,Argentina,Rosario,Approved,00,False,11.16,,
TRX-0MWBFA6K9EVMQWCI9I5X,2025-03-15 23:08:19,2025-03-15,PRD-XI6TIFO7XPW7,CLI-AF1N4O2EBQ4Z,Deposit,,4322.38,USD,,POS,,,,México,Querétaro,Approved,00,False,3.3,,
TRX-Z55JAUAP1M0GOMULEQW3,2025-03-15 13:39:57,2025-03-15,PRD-8KGF3048470R,CLI-T1QSB2DWW7UV,Payment,Services,1112.78,USD,,ATM,SUC-ZXOSBE5D,,,México,Monterrey,Approved,00,False,10.31,,
TRX-52TNOXTU3QN35WSZC1D4,2025-03-15 14:31:18,2025-03-15,PRD-JQ0F74UNJT2D,CLI-HS8E570B1APV,Transfer,,33314129.65,COP,8328.53,Web,,,,Colombia,Bogotá,Approved,00,False,,,
TRX-GJP6ONJQHLSK3INC5T2A,2025-03-15 11:05:02,2025-03-15,PRD-POOCTCQAU774,CLI-MQMSX8V7E2T3,Deposit,,1092114.52,ARS,3120.33,POS,,,,Argentina,Mendoza,Approved,00,False,1.43,,
TRX-30HF2ECP7ITUIVXQ9ATB,2025-03-15 14:21:12,2025-03-15,PRD-GYYGAZR3L2T7,CLI-1UKXYBFZV5QU,Purchase,Transport,238.21,USD,,App,,Gasolinera Express,Transport,México,Ciudad de México,Approved,00,False,18.43,,
TRX-4LSQFMEQ37OUXF4QQQRX,2025-03-15 14:44:28,2025-03-15,PRD-ZQXIDXDWWI17,CLI-SBYC0JUZ7WKE,Adjustment,,514.54,USD,,ATM,SUC-0OJNMRLP,,,USA,Los Angeles,Approved,00,False,10.19,,
TRX-6HQ1L7TQ66B4I10S7IC1,2025-03-15 21:51:48,2025-03-15,PRD-WWMX2R6MQPJO,CLI-FFGA98LDEEC2,Payment,Health,1341.26,USD,,POS,,,,México,Querétaro,Approved,00,False,,,-0.0448815
TRX-S8X4QIQF284Y00FNBGQZ,2025-03-15 08:43:54,2025-03-15,PRD-A4E7VGRB3FDL,CLI-3S6EF1QQK38M,Payment,Entertainment,234.36,USD,,POS,,,,Mexico,Monterrey,Approved,00,False,12.87,-0.8291208,-0.9997232
TRX-1MGEL4F61K0R7H3K0AKJ,2025-03-15 20:02:58,2025-03-15,PRD-8WXX6BK08IC1,CLI-XAW9EJQEKOO7,Payment,Transport,165.07,USD,,ATM,SUC-PFXHRCSW,,,México,Ciudad de México,Approved,00,False,5.71,,
TRX-TU9373PI0S01ICXN6EHB,2025-03-15 12:16:40,2025-03-15,PRD-U174OWIZSXC5,CLI-XCBL7D7D7YR2,Transfer,,2118.04,USD,,POS,,,,México,Ciudad de México,Approved,00,False,19.82,,
TRX-XI1U4YLZVTMT5BF3WBMT,2025-03-16 03:42:13,2025-03-15,PRD-M2ZKUKJH8N0M,CLI-T8CSOBFPAAQ3,Withdrawal,,1173987.74,COP,293.5,ATM,SUC-KJBGVLU5,,,Colombia,Medellín,Approved,00,False,4.57,4.2475897,-74.7729604
TRX-J07S64EOII7DE15K03J0,2025-03-15 18:37:25,2025-03-15,PRD-BMQFRALR0Y63,CLI-YUSOH3O1EI05,Adjustment,,3254601.52,COP,813.65,ATM,SUC-U7NNFMS6,,,Colombia,Bogotá,Approved,00,False,28.12,,
TRX-ERUSNLCVHKNMNCS0QHSZ,2025-03-15 22:08:32,2025-03-15,PRD-DAZ3HJJ25RNE,CLI-FXZED2AWM1F2,Payment,,699.75,USD,,App,,,,México,Querétaro,Approved,00,False,,,
TRX-WUCBUIKS7FARNS4OLLED,2025-03-15 22:18:51,2025-03-15,PRD-MF7BOCWIK2LC,CLI-UIX5QG75R4E5,Deposit,,2869357.98,COP,717.34,App,,,,Colombia,,Pending,51,False,,,
TRX-X7DYW7KB93EZA2O70CVW,2025-03-15 22:10:01,2025-03-15,PRD-8CHT7UVA338B,CLI-9OJ21ET2ERCL,Withdrawal,,71215.34,ARS,203.47,Web,,,,Argentina,La Plata,Approved,00,False,20.01,,
TRX-TZSSULBZA0EA9492BKKS,2025-03-15 20:46:27,2025-03-15,PRD-FMIH8P0J3VQB,CLI-7KAX1D3FLLX7,Transfer,,3895.83,USD,,App,,,,Colombia,,Approved,00,False,5.97,,
TRX-SLN1NHN8P50LA3QM5XX9,2025-03-16 00:06:27,2025-03-15,PRD-A3QEZKKSK8KU,CLI-P5IY0S2R9GUZ,Transfer,,23543874.92,COP,5885.97,POS,,,,Colombia,Cali,Approved,00,False,9.6,,
TRX-AHXFT63U55IP1CTSOG33,2025-03-15 18:15:30,2025-03-15,PRD-24TJC4X9GPSW,CLI-Q19DCBZXZM7Y,Transfer,,2555.08,USD,,Web,,,,Spain,Sevilla,Approved,00,False,0.22,,
TRX-0SAU8XYQ5KT1EP0H7TI3,2025-03-15 13:36:47,2025-03-15,PRD-XB87JNAHV9Z6,CLI-M0ZXZSTH0IKF,Payment,Services,374180.75,ARS,1069.09,ATM,SUC-115U74JL,,,Argentina,Mendoza,Approved,00,False,26.54,,
TRX-AEX0FGGQ1N7A0DVM8CYM,2025-03-15 11:24:55,2025-03-15,PRD-JL7PHBYAVYMZ,CLI-6OV9BARYEJQ9,Transfer,,3333162.7,ARS,9523.32,Web,,,,Argentina,Rosario,Approved,,False,11.69,,
TRX-W8EDEPUXCZT2OUAIMQ59,2025-03-16 03:16:35,2025-03-15,PRD-YR0ZOBQP8769,CLI-VLYESNC5SWH3,Deposit,,5396053.14,COP,1349.01,POS,,,,Colombia,Cali,Approved,00,False,24.02,,
TRX-RZV0LX8EGMH5788MEVI6,2025-03-15 22:10:28,2025-03-15,PRD-KAKSBI4KXOTJ,CLI-VE49TNCHFR7H,Payment,Food,943.15,USD,,POS,,,,México,Ciudad de México,Approved,00,False,3.73,0.6843754,0.7855439
TRX-MAEFLSVFTVBK1DIOV73G,2025-03-15 07:28:31,2025-03-15,PRD-RV9257XI4YBR,CLI-OP920AZM6LRD,Purchase,Entertainment,128264.3,COP,32.07,POS,,Streaming Music,Entertainment,Colombia,Cali,Approved,00,False,7.96,3.7628864,-73.4009688
TRX-W79DQOAHINAK3LNRCJA0,2025-03-15 15:45:14,2025-03-15,PRD-VPUGH1DLFH5H,CLI-NJYF85NAG46A,Transfer,,37832992.82,COP,9458.25,ATM,SUC-E1VTXGEU,,,Colombia,Medellín,Approved,00,False,16.72,,
TRX-H7A4IA4TYCUP3MWNGDAZ,2025-03-15 08:51:18,2025-03-15,PRD-S9KF1QE3LJHW,CLI-7UKXXVGOHLAL,Withdrawal,,490.38,USD,,ATM,SUC-SKR8GS10,,,México,Querétaro,Approved,00,False,16.54,,
TRX-3RACGNDKO050PHO0OXAU,2025-03-15 11:59:53,2025-03-15,PRD-V5NKARO000E1,CLI-S3900O52PJRO,Deposit,,541684.13,ARS,1547.67,ATM,SUC-ZSZKWMJL,,,Argentina,Mendoza,Approved,00,False,17.26,,
TRX-J9DUPP1SJKG287YBX8UQ,2025-03-15 14:47:51,2025-03-15,PRD-L7ULSX3ENWZX,CLI-ZXOE8DKN20K2,Transfer,,2972440.49,ARS,8492.69,Web,,,,Argentina,Mendoza,Approved,00,False,13.64,,
TRX-TEHU8DWNCHSY11K58RL6,2025-03-15 21:08:25,2025-03-15,PRD-CT1DXCZVXGVH,CLI-1IBUX1IZA94E,Withdrawal,,228.91,USD,,POS,,,,México,Tijuana,Approved,00,False,6.36,-0.7708513,-0.0606419
TRX-Q0KIDFG8XOP2FHIX8M1T,2025-03-15 21:04:18,2025-03-15,PRD-89WF96D1NURS,CLI-MQIXZ79KFQD8,Purchase,Services,314614.6,COP,78.65,App,,Internet Plus,Services,Colombia,Medellín,Approved,00,False,4.53,,
TRX-FI4LN4IIUWKKGSHRH0H3,2025-03-15 12:25:53,2025-03-15,PRD-5T8KB0UXKYIM,CLI-FC4YSHRBRZSM,Deposit,,4912.43,USD,,POS,,,,Colombia,Bogotá,Approved,00,False,3.56,,
TRX-X9JZ21EKZOI48MPRY9RS,2025-03-15 18:15:27,2025-03-15,PRD-M3T1D31HWSSC,CLI-2O6WYORX30WV,Payment,,1817.84,USD,,POS,,,,México,Puebla,Approved,00,False,25.94,,
TRX-P36KPQNKJJXO4N44Q4LJ,2025-03-16 00:11:02,2025-03-15,PRD-1OAA4L1ZH8CX,CLI-MTLBAE7LJHUY,Withdrawal,,371.03,USD,,Transfer,,,,México,Tijuana,Approved,00,False,12.88,,
TRX-UBG30KP28535JHENN77Q,2025-03-15 10:54:54,2025-03-15,PRD-D6XUHAHCKB7C,CLI-VH6CD5NMHTRQ,Purchase,Other,31.52,USD,,POS,,Ferretería,Other,México,Ciudad de México,Approved,00,False,16.61,,
TRX-WR2EZC00SOLNV30P90SJ,2025-03-15 08:20:33,2025-03-15,PRD-OC9S6X7T6OKV,CLI-72QT6EY0L8DV,Purchase,Food,263.28,USD,,POS,,Tienda Don José,Food,México,Ciudad de México,Approved,00,False,26.42,,
TRX-DDEO99K3M14BTVOQXIOB,2025-03-15 17:20:17,2025-03-15,PRD-2QNYXAKU0CHK,CLI-JKPUKZ0YK2YU,Transfer,,4610.03,USD,,POS,,,,México,Guadalajara,Approved,00,False,29.41,,
TRX-3EWGGF91IHBGOB3A7RGT,2025-03-15 22:10:15,2025-03-15,PRD-T2A77Z9G7STF,CLI-VMZ6P42PNGOW,Purchase,Transport,214113.87,COP,53.53,ATM,SUC-VZIGM714,Uber,Transport,Colombia,Bogotá,Approved,,False,27.19,,
TRX-6GMYAOTDMD6X7CMAUDRM,2025-03-15 09:01:24,2025-03-15,PRD-FIZBQLQKULPV,CLI-DQLM0G9O2HTW,Purchase,Services,1509044.86,COP,377.26,ATM,SUC-TQX7379E,Internet Plus,Services,Colombia,,Approved,00,False,15.53,,
TRX-1Q4FJMDO70IGVSHAB9T8,2025-03-15 18:36:54,2025-03-15,PRD-YLVWWKODSUQI,CLI-LDMXM0GIVMPT,Deposit,,2074.29,USD,,App,,,,México,Guadalajara,Approved,00,False,26.53,,
TRX-DQASPUDXPNRSFTMJJ3UK,2025-03-15 19:31:47,2025-03-15,PRD-4IYWRF9FI4KP,CLI-QWXP0E1ZHMHY,Withdrawal,,36.27,USD,,POS,,,,México,,Approved,00,False,9.03,,
TRX-R0L8BNUNNKRFYT3BAO0R,2025-03-15 08:43:18,2025-03-15,PRD-1P4KEPFI8DPO,CLI-9EMGPEOCAKY7,Deposit,,275.73,USD,,App,,,,México,Ciudad de México,Approved,00,False,17.82,,
TRX-WS6TIENDTLQ2IN25TRQU,2025-03-15 16:16:24,2025-03-15,PRD-LM3YJ2G4S8XS,CLI-7PSWNUIPWLVV,Withdrawal,,65870.21,ARS,188.2,ATM,SUC-RNIHGBDP,,,Argentina,Buenos Aires,Approved,,False,15.18,-34.3819289,-59.0644643
TRX-8YNFVRGYM0CH3O8LUTXX,2025-03-16 01:04:11,2025-03-15,PRD-QT69M28CIB0G,CLI-992Z9X17H992,Deposit,,298.44,USD,,ATM,SUC-VV9NKH6E,,,México,Ciudad de México,Approved,00,False,,,
TRX-YHS29B06PU5ZT1PF5JD5,2025-03-16 04:57:10,2025-03-15,PRD-INR825RCX50N,CLI-QRZMTQB0S8FP,Purchase,Transport,1340274.61,COP,335.07,Web,,Uber,Transport,Colombia,Bogotá,Approved,00,False,27.37,,
TRX-JY1UFFI4HNM3K0KE2HJF,2025-03-15 22:11:08,2025-03-15,PRD-6MKOEUEJI4GX,CLI-6KEYT99MJ5OU,Purchase,Services,601200.77,COP,150.3,POS,,Cable TV,Services,Colombia,Cartagena,Approved,00,False,,4.5585553,-74.4458127
TRX-R1EEARM2BCXCQ6PG7WJI,2025-03-15 06:31:33,2025-03-15,PRD-PSZAW45H2U2J,CLI-S7NYQPWBNPTU,Withdrawal,,313.48,USD,,ATM,SUC-5FCLNF9U,,,México,Ciudad de México,Approved,00,False,26.76,0.1664852,
TRX-QNCJU4TJWGSITD5PA3SG,2025-03-15 17:56:24,2025-03-15,PRD-FKH1XJ918YBO,CLI-6514AONM87R4,Purchase,Entertainment,22589.93,ARS,64.54,App,,Conciertos Live,Entertainment,Argentina,Mendoza,Approved,00,False,,,
TRX-7I7GXEEQKGDCNRJ6JRZ8,2025-03-15 12:48:36,2025-03-15,PRD-19S63GV028IA,CLI-H1PXOF51UZLG,Purchase,Health,128937.05,ARS,368.39,ATM,SUC-IPX8M3BR,Óptica Visión,Health,Argentina,,Approved,00,False,6.37,-34.2417241,-58.0912273
TRX-149LTPPW4W0F3ITKQ99X,2025-03-16 05:36:48,2025-03-15,PRD-I8YK6NTMJOS6,CLI-SN3W4N7S8IQA,Purchase,Food,367.26,USD,,ATM,SUC-06H3RFFA,Restaurante El Buen Sabor,Food,Argentina,Rosario,Approved,00,False,17.58,,
TRX-RPM9N8G28EVQDDK8XTA7,2025-03-16 02:39:53,2025-03-15,PRD-ZEGAFAE74V39,CLI-49NHDO1FDS3V,Transfer,,25145750.28,COP,6286.44,App,,,,Colombia,Medellín,Approved,00,False,,,
TRX-1NZA9K84HPCPJDRRMLYT,2025-03-15 18:59:17,2025-03-15,PRD-PXUZ54PAOFU3,CLI-S4TOE7Y21OJQ,Purchase,Food,162.97,USD,,POS,,Super Ahorro,Food,México,Monterrey,Approved,00,False,,0.6742971,0.369212
TRX-J3F5G9ZOKW3RWJGMHWAM,2025-03-16 03:34:43,2025-03-15,PRD-F33D9G6BXQW6,CLI-LP1X10UI4VK0,Payment,Other,401346.16,ARS,1146.7,Web,,,,Argentina,Córdoba,Declined,54,False,13.71,,
TRX-AIBF2MO6C8Q9WACPGBCZ,2025-03-15 21:16:28,2025-03-15,PRD-0LHCWIH6P0N6,CLI-7O0Z657TNB5T,Deposit,,37236.56,ARS,106.39,POS,,,,Argentina,Mendoza,Approved,00,False,,,
TRX-7FIDO4165G1VZR13VDEA,2025-03-15 19:32:01,2025-03-15,PRD-45N0WFZEZMQN,CLI-4IFIBZPAMN1P,Adjustment,,362319.53,COP,90.58,POS,,,,Brazil,São Paulo,Approved,00,False,16.15,3.7918982,-74.2384453
TRX-BRMKDIEUEEYLV2G0KH1H,2025-03-16 05:28:39,2025-03-15,PRD-PD4P0Y46RDGB,CLI-IBJCRHA6SJLE,Purchase,Health,101482.03,ARS,289.95,App,,Óptica Visión,Health,Argentina,Buenos Aires,Approved,00,False,,,
TRX-B62MZXL3DE4FFQQMORWG,2025-03-15 17:30:41,2025-03-15,PRD-EDZ4D8FIYTU2,CLI-GGSGKTNZTFCA,Payment,Other,1063.4,USD,,POS,,,,México,Puebla,Approved,00,False,21.12,0.7925254,-0.6651024
TRX-AS22Z3B78G58WL00ZOD5,2025-03-15 22:18:32,2025-03-15,PRD-NOH1VSID4X8U,CLI-Z55VWSVGI0WM,Withdrawal,,153.06,USD,,ATM,,,,México,Puebla,Approved,00,False,22.11,,
TRX-ES28YS9SWE5WQ6JTRER4,2025-03-15 20:07:27,2025-03-15,PRD-59MVL7FRRSON,CLI-SO0JGIFFK5YB,Transfer,,6626.07,USD,,Web,,,,México,Querétaro,Approved,00,False,7.37,,
TRX-3XONGY6BG9TX9YWWKEWR,2025-03-15 06:03:13,2025-03-15,PRD-MTI5KLOAWISK,CLI-QMWG1OMBE0YL,Withdrawal,,1698483.56,COP,,POS,,,,Colombia,Cartagena,Approved,00,False,21.63,,
TRX-UQOYV16EAABGFDXPP5RJ,2025-03-15 12:06:38,2025-03-15,PRD-0QPO51QXTNLG,CLI-9VDKJW7311K3,Transfer,,1402179.36,ARS,4006.23,ATM,SUC-RAI81ICG,,,Argentina,Córdoba,Approved,00,False,23.67,,
TRX-9YDPJYGEVR5HQDZW4G1B,2025-03-15 08:23:43,2025-03-15,PRD-8LU43O6R1049,CLI-HS2N2A1M2DI3,Payment,Services,545224.81,ARS,1557.79,App,,,,Argentina,Buenos Aires,Declined,14,False,23.73,,
TRX-2FCBC1L5KHXUDDQ4B1S0,2025-03-15 17:04:06,2025-03-15,PRD-SFUAWSPEKUDE,CLI-UZP1J0D0V29M,Payment,Health,386.94,USD,,ATM,SUC-DIHJMBN3,,,Colombia,Medellín,Approved,00,False,11.35,,
TRX-C6XABSR0YRJ9AEUI2ROX,2025-03-15 16:22:37,2025-03-15,PRD-S1JZONKKG4FZ,CLI-G12SVPMCEWCA,Purchase,Entertainment,111.62,USD,,ATM,SUC-Y18NE8GS,Teatro Nacional,Entertainment,México,,Approved,00,False,19.01,,
TRX-XLXMQU54KI3JL05PEOP8,2025-03-16 04:25:57,2025-03-15,PRD-YBUI0USK11V8,CLI-RTCIF95TI2Q2,Payment,Entertainment,874.51,USD,,ATM,SUC-6RHR3MME,,,México,Puebla,Approved,00,False,29.09,-0.6812753,-0.3408749
TRX-G0KJ24HPDOWD6WT3U6DY,2025-03-16 05:41:12,2025-03-15,PRD-7GB8DF8IX08C,CLI-9N0PM4HWP4WW,Transfer,,9215.69,USD,,POS,,,,México,Tijuana,Approved,00,False,9.8,,
TRX-YV3CZ2JYQOFFORXYPBBC,2025-03-15 23:56:04,2025-03-15,PRD-YNS6H0KSZISL,CLI-HS1F4D20VWA7,Withdrawal,,1377209.66,COP,344.3,Web,,,,Colombia,Cartagena,Approved,00,False,24.61,,
TRX-4F32P5MZBWFH2ZBHPT8D,2025-03-15 22:11:33,2025-03-15,PRD-PEZPALA1UQIR,CLI-BN0TZTO3X3Z5,Withdrawal,,761256.2,COP,190.31,ATM,SUC-JA4P9IIP,,,Colombia,Barranquilla,Approved,00,False,29.55,,
TRX-56BZG8UC59BZ8VV5PUHK,2025-03-15 19:03:03,2025-03-15,PRD-ENWVSZ7CN1YP,CLI-38CVK52OJ86F,Transfer,,482.15,USD,,App,,,,México,Puebla,Approved,00,False,3.25,,
TRX-EMJY958Z94C79W7HOG92,2025-03-15 17:57:02,2025-03-15,PRD-O2KORP6M9UXJ,CLI-4J42GK29PV2Z,Purchase,Food,1948611.13,COP,487.15,POS,,Mercado Central,Food,Colombia,Cali,Declined,05,False,11.86,,
TRX-8L8YM3ES6FHZG3F8QR98,2025-03-15 23:16:20,2025-03-15,PRD-Z6NEJKS5OLB9,CLI-NTTIQ3WBLEZW,Withdrawal,,356404.81,COP,89.1,POS,,,,Colombia,Medellín,Pending,14,False,,,
TRX-GBRFAFAWQ9E93ZMUOHK7,2025-03-16 03:35:57,2025-03-15,PRD-AA9BL59HOW3K,CLI-CAS60Y6J7KEP,Payment,Food,205978.94,ARS,588.51,POS,,,,Argentina,Córdoba,Approved,00,False,,,
TRX-FS236Z8QK24DHA3NOL98,2025-03-15 08:42:04,2025-03-15,PRD-C7F0ULOTF7RK,CLI-SRVKUTB4LF9H,Withdrawal,,54351.13,ARS,155.29,ATM,SUC-10TO2Y3U,,,Argentina,Córdoba,Approved,00,False,25.1,,
TRX-WCYUEQJGSQP46KOENDRQ,2025-03-15 15:52:23,2025-03-15,PRD-CYVBVZ4IXRH7,CLI-0U77ARREPCGX,Payment,Services,966.28,USD,,ATM,SUC-UBOAYTJG,,,México,Ciudad de México,Approved,00,False,20.5,,
TRX-MGFP32LPFEQUGUUSG6QZ,2025-03-15 10:29:37,2025-03-15,PRD-QFKE17H1NOW3,CLI-CZEHFZCJ05RX,Withdrawal,,64907.49,ARS,,ATM,SUC-39R34AY6,,,Argentina,La Plata,Approved,00,False,7.97,,
TRX-4H43NR10492O3SIM6CJ0,2025-03-15 18:20:10,2025-03-15,PRD-MYMDH97MFB7C,CLI-2GBIR7ZYB76D,Purchase,Services,34.85,USD,,ATM,SUC-8RYAQ0NO,Internet Plus,Services,México,Querétaro,Approved,00,False,27.21,,
TRX-C30UUSY86S5TPJYYN5FN,2025-03-15 12:23:02,2025-03-15,PRD-DYIXFLGI196V,CLI-R4F2TWPVT3IU,Purchase,,612295.89,COP,153.07,POS,,Internet Plus,Services,Colombia,Cali,Approved,00,False,4.88,,
TRX-45UVTPKL9YTUKYXLMANT,2025-03-15 17:04:28,2025-03-15,PRD-17BKSE9HVEUW,CLI-QHEKMHVOBBWB,Payment,Food,371452.88,ARS,1061.29,App,,,,Argentina,Buenos Aires,Approved,00,False,5.57,,
TRX-ITWJR9AJB8ZSX686W32P,2025-03-15 12:36:20,2025-03-15,PRD-6D0JFKML2G7M,CLI-ZFLY2PTYP49V,Purchase,Other,493.1,USD,,ATM,SUC-SKR8GS10,Boutique Moda,Other,México,Ciudad de México,Approved,00,False,21.77,-0.3727405,-0.6607217
TRX-2PNF60FLIIDVUQU47D5W,2025-03-15 17:52:28,2025-03-15,PRD-6OA3Q18Y7NTI,CLI-E00BIDYAR2KY,Deposit,,903.58,USD,,POS,,,,México,Ciudad de México,Approved,00,False,17.96,,
TRX-JVMBH5ZYE81YD6B295N9,2025-03-15 11:34:55,2025-03-15,PRD-N5XXGOV2DSH4,CLI-IH5QILP23Y0S,Transfer,,5025.26,USD,,POS,,,,México,Monterrey,Reversed,14,False,16.02,,
TRX-MVV8MTHSVJMSKUKIYBJB,2025-03-15 08:08:00,2025-03-15,PRD-YVDK8AVJY3YM,CLI-X3H7MF1HD1YD,Purchase,Transport,135678.84,ARS,387.65,POS,,Taxi Seguro,Transport,Argentina,Mendoza,Approved,00,False,25.85,,
TRX-IQ69SNOIZJTNE6FVXHM6,2025-03-15 09:37:07,2025-03-15,PRD-KLIKDWUG5WRU,CLI-Y54JP9QT16RX,Payment,Transport,1400.68,USD,,POS,,,,México,Monterrey,Approved,00,False,27.9,,0.9492827
TRX-IXRQNCW5VP3XXADB361E,2025-03-15 11:54:58,2025-03-15,PRD-04TE6A7YVLCN,CLI-1PS8Q4ZYKTC7,Transfer,,224066.54,ARS,640.19,ATM,SUC-NRVN9ND4,,,Argentina,La Plata,Approved,00,False,,-34.7688452,-57.9560875
TRX-7R73A3HWRA937CU7ZD0Q,2025-03-16 01:37:06,2025-03-15,PRD-7I3QW9C04B4H,CLI-KLXF0NPYGXUX,Purchase,Transport,1686578.55,COP,421.64,ATM,SUC-4OOB7ZFR,Uber,Transport,Colombia,Cali,Approved,00,False,26.65,,
TRX-QE6VA8SGG25UXAIICO55,2025-03-15 16:30:44,2025-03-15,PRD-6JTN085EALQY,CLI-U535VR90AYH8,Purchase,Services,1927.45,ARS,5.51,POS,,Servicios Públicos,Services,Argentina,Rosario,Approved,00,False,15.65,-35.0541839,-58.9758026
TRX-GMP1A4BVQW5KF98N5JG6,2025-03-15 12:48:04,2025-03-15,PRD-9QII4ZS14MCM,CLI-FFKCAGE82XL8,Payment,Other,1988.88,USD,,ATM,SUC-KT11NKNR,,,México,Querétaro,Approved,00,False,19.3,0.4417216,-0.3448766
TRX-BOOEQ5XGAI33WESFBQU2,2025-03-15 12:38:56,2025-03-15,PRD-28O20G2AD3AR,CLI-LGH5RJU2MJI4,Purchase,Health,302.64,USD,,ATM,SUC-0OJNMRLP,Farmacia Salud,Health,México,Guadalajara,Approved,00,False,29.91,,
TRX-DY7QVZ80U11ZVY5BB190,2025-03-15 20:59:24,2025-03-15,PRD-XBLR77LFFGU8,CLI-QV1WZQSUYKDP,Deposit,,5855817.88,COP,1463.95,Web,,,,Colombia,Medellín,Approved,00,False,14.23,,
TRX-KNOY2GTJLV0SO9GTC0LA,2025-03-15 14:44:38,2025-03-15,PRD-SMYOHWBBS2F9,CLI-L445VEMLMZIH,Withdrawal,,93006.98,ARS,265.73,Web,,,,Argentina,Buenos Aires,Approved,00,False,9.78,,
TRX-8HR2V5RWB7KBL7C5VWT0,2025-03-15 12:43:52,2025-03-15,PRD-JZZRMY5TEK4Q,CLI-62FYPVNG3371,Payment,Services,1903.03,USD,,ATM,SUC-SCFDICUT,,,México,Puebla,Approved,00,False,29.84,,
TRX-SR8SJW9EBIQCLITT3I2S,2025-03-15 14:45:45,2025-03-15,PRD-2YXY0DLCC3MH,CLI-GO9ZNE4DWA2W,Transfer,,1799029.06,ARS,5140.08,POS,,,,Argentina,Buenos Aires,Approved,00,False,,-35.2812454,-59.3629446
TRX-NDUDDA35NN9MTR2VOZFK,2025-03-16 04:51:52,2025-03-15,PRD-L3NGC2UHGW8W,CLI-1TMAQM77LFWA,Withdrawal,,496.91,USD,,Branch,SUC-T4RE29NP,,,México,Ciudad de México,Approved,00,False,18.37,,
TRX-5DKKK02BBV3ICCZL30EV,2025-03-15 07:27:02,2025-03-15,PRD-M3WG8NLXFLP5,CLI-8M2IIOXA231Y,Transfer,,6292.37,USD,,ATM,SUC-RNIHGBDP,,,Argentina,Rosario,Approved,00,False,21.83,,
TRX-2DX2UPAU32UK0HT2Q1I2,2025-03-15 20:16:15,2025-03-15,PRD-VDLAIRRUKWKM,CLI-8NPDBL6LIV5T,Transfer,,934.1,USD,,POS,,,,México,Ciudad de México,Approved,00,False,23.27,,
TRX-EFRM6O2FV839GD1WMXN9,2025-03-15 20:08:43,2025-03-15,PRD-ZC6DEIM4YHRI,CLI-UIEF09ALF9F2,Transfer,,2527.07,USD,,Web,,,,México,Puebla,Approved,00,False,11.92,,
TRX-NQGG49PODDIE738TVGHM,2025-03-15 07:31:40,2025-03-15,PRD-C79ZU4L9EOVN,CLI-8A1YV9NLPBIJ,Purchase,Food,158.73,USD,,Web,,Restaurante El Buen Sabor,Food,México,Puebla,Approved,00,False,1.38,,
TRX-MJ6PIVVQIAIA7NU9KON7,2025-03-15 20:36:12,2025-03-15,PRD-1OOYQXTWTRB5,CLI-PPMCM10M4R86,Purchase,Food,191.38,USD,,App,,Restaurante El Buen Sabor,Food,México,,Approved,00,False,,,
TRX-QTKS4I8OOK9PEYB07H8M,2025-03-15 07:01:59,2025-03-15,PRD-XW8PTV9IRUSV,CLI-V497AC1OTTJD,Deposit,,1034286.66,ARS,2955.1,ATM,SUC-5XWR79HW,,,Argentina,Córdoba,Approved,00,False,25.5,,
TRX-AMM9C50LWSI83SU8QM2J,2025-03-15 12:18:55,2025-03-15,PRD-IIKH3S8ENXUZ,CLI-WFVF4WXUBEUJ,Transfer,,6235.82,USD,,Web,,,,Colombia,Medellín,Declined,14,False,,,
TRX-T4IJNWN4X5A76SYFODDY,2025-03-16 02:44:02,2025-03-15,PRD-ER86OR26NEZO,CLI-KCGBIHWOTZXJ,Payment,Food,782.14,USD,,ATM,SUC-552N76DP,,,México,Puebla,Declined,,False,18.75,,
TRX-H35MM4UG6HKSWUPGY85M,2025-03-15 14:22:59,2025-03-15,PRD-NG37JB77XQ0J,CLI-5H6JGV9G08ZG,Withdrawal,,292.81,USD,,App,,,,Spain,,Declined,14,False,13.56,,
TRX-URSSCJCS6C7PSSTXLICV,2025-03-15 14:28:26,2025-03-15,PRD-MQVDLW829QEX,CLI-XLVMMMEIBASH,Deposit,,2092.29,USD,,POS,,,,México,Tijuana,Approved,00,False,1.36,-0.8968657,-0.1090423
TRX-KDPW8N8V0EZN52S8V2CW,2025-03-15 16:47:13,2025-03-15,PRD-4NQ9ITNUEQ1H,CLI-0UTIU1GYYXTZ,Deposit,,1775.26,USD,,POS,,,,México,Tijuana,Approved,00,False,,,
TRX-OWFRF28VYLX5L9WJZBBX,2025-03-16 04:16:00,2025-03-15,PRD-CP3HMPFQFEV9,CLI-7T6K2JFJRWV9,Withdrawal,,305.3,USD,,App,,,,México,Guadalajara,Approved,00,False,,,
TRX-51PYDYWK85QH4QUTQKEZ,2025-03-15 22:13:51,2025-03-15,PRD-XID87JQM88FI,CLI-HX03W2M7Q7B8,Deposit,,10893825.18,COP,2723.46,App,,,,Colombia,Medellín,Approved,00,False,14.87,,
TRX-CJS8E7AS0VP3N176YW63,2025-03-16 03:44:11,2025-03-15,PRD-DZS13Q5L97CP,CLI-8LVNIIGGG5TC,Purchase,Food,1093578.4,COP,273.39,POS,,Restaurante El Buen Sabor,Food,Colombia,Cali,Approved,00,False,3.77,,-73.7256891
TRX-ARW742T2ECRYY2Y8RY0M,2025-03-16 02:04:48,2025-03-15,PRD-YGU56V5X0B8S,CLI-UWKPQ7MWXBAQ,Payment,Transport,1827.62,USD,,ATM,SUC-TVNO2KL5,,,México,Guadalajara,Approved,00,False,,,
TRX-GN81YF2Y6GHYGTZPL7M7,2025-03-15 21:55:27,2025-03-15,PRD-IJC0ZHW5LMB0,CLI-BF1HXIS7QDS8,Purchase,Health,436.37,USD,,ATM,SUC-UB0LXRUU,Laboratorio Central,Health,México,Querétaro,Declined,51,False,7.93,,
TRX-9GESM2BOZBKZ8KY80TEH,2025-03-15 09:13:28,2025-03-15,PRD-7TX4FBMCGOQD,CLI-WNHVYVRWUL67,Deposit,,4377.15,USD,,Web,,,,México,Tijuana,Approved,00,False,23.25,,
TRX-UDADCW9CI84BM5FJ526C,2025-03-15 23:46:33,2025-03-15,PRD-OPVRMCUDXDID,CLI-2U73SAPUP87P,Transfer,,542529.39,ARS,1550.08,POS,,,,Argentina,Buenos Aires,Approved,00,False,,-34.9815815,-58.2691661
TRX-DUXR3M2MUJ7MRASJ01D5,2025-03-15 19:16:06,2025-03-15,PRD-P8BB80NFKO5H,CLI-HZ1MFTZVT7FJ,Payment,Entertainment,94390.1,ARS,269.69,Web,,,,Argentina,La Plata,Approved,00,False,10.17,,
TRX-N0KDHCPP93PZLSFDLCYN,2025-03-15 11:57:10,2025-03-15,PRD-EKR9KX2X43CT,CLI-DKVOZ0AP47G7,Payment,Other,609.91,USD,,ATM,SUC-57LRN6RH,,,México,,Approved,00,False,8.9,0.028693,0.551385
TRX-2FZGKU0Y197YUFY75XT3,2025-03-15 18:41:49,2025-03-15,PRD-73J2QWYCWC9C,CLI-CPFG24UMIW1M,Payment,Entertainment,527992.02,COP,132.0,POS,,,,Colombia,Barranquilla,Approved,00,False,21.94,,
TRX-GAEQJEU4YLLIXVYXGRCX,2025-03-15 17:21:13,2025-03-15,PRD-QY9BIMCWLLCW,CLI-3JLYRPRJ67FB,Withdrawal,,101039.6,ARS,288.68,ATM,SUC-5S93Z8YS,,,Argentina,La Plata,Approved,00,False,18.67,,
TRX-5YL1ZA05JO76Q9X8VPEH,2025-03-15 09:59:20,2025-03-15,PRD-HNU7RR3LMQY1,CLI-OLTP4D1FAIE3,Deposit,,8128941.93,COP,2032.24,ATM,SUC-A4SSWF0H,,,Colombia,Cartagena,Approved,00,False,10.51,5.1635224,-73.9442032
TRX-U2DSLRUZM0OTO2IELVJ2,2025-03-15 09:11:29,2025-03-15,PRD-VT51DH3JZ36B,CLI-VVBWZZLI91F3,Deposit,,843216.94,ARS,2409.19,ATM,SUC-EHE8V9YO,,,Argentina,,Declined,51,False,12.5,,
TRX-DIYZDPDAUF7SDJMNINA7,2025-03-15 09:58:34,2025-03-15,PRD-D8FC60FED3WU,CLI-EGAGASTNEUCW,Transfer,,3237792.75,ARS,9250.84,ATM,SUC-XCP0A6C8,,,Argentina,Córdoba,Approved,00,False,14.36,,
TRX-U4MSRK9KDFQ28E5JDOSF,2025-03-16 00:47:49,2025-03-15,PRD-EJDTXY3EX69M,CLI-PZZ5353QARGI,Payment,Food,410938.15,ARS,1174.11,Web,,,,Argentina,Córdoba,Approved,00,False,7.94,,
TRX-UKT5AOWAQMAHQ46S4QS1,2025-03-16 04:08:18,2025-03-15,PRD-HLGZ3POP3UWS,CLI-L4HZEA18VC05,Withdrawal,,1920854.19,COP,,Web,,,,Colombia,Cali,Approved,00,False,,,
TRX-AI1EPOFBO2DCAWAQY86L,2025-03-16 03:09:45,2025-03-15,PRD-ZR28M0ACKUU0,CLI-KRLFTAINYE56,Transfer,,1156093.66,ARS,3303.12,POS,,,,Argentina,Mendoza,Approved,00,False,29.9,,
TRX-J9QRQKGM5WQXM5HAIFE1,2025-03-15 16:20:58,2025-03-15,PRD-USJ515CE9TN2,CLI-QYQWEBND5EEU,Withdrawal,,106990.96,ARS,305.69,POS,,,,Argentina,La Plata,Approved,00,False,22.24,,
TRX-R8F9U31LDB10CQT4H3I5,2025-03-15 16:40:03,2025-03-15,PRD-5Y8Z5TJHWDYJ,CLI-33SELR28WIGX,Purchase,Health,1075174.79,COP,268.79,App,,Clínica Médica,Health,Colombia,Bogotá,Approved,00,False,11.24,,
TRX-NLR7I4Y3VMN24BM1RG7K,2025-03-15 09:41:27,2025-03-15,PRD-OIQRQOE73PWB,CLI-L6PLYF3CV1DK,Transfer,,6291.41,USD,,Web,,,,México,Puebla,Approved,00,False,,,
TRX-67U73JRZ0M8RH77R9OV9,2025-03-15 06:23:07,2025-03-15,PRD-OK23Y2IHX18T,CLI-NZRTL5ECFK77,Purchase,Services,763723.59,COP,190.93,POS,,Empresa Telefónica,Services,Colombia,Cartagena,Approved,00,False,,4.6168589,-74.8902314
TRX-QBK3A3YSJ3AVA9H6CCBT,2025-03-15 20:56:43,2025-03-15,PRD-DPXJRF02IVHQ,CLI-31S7QJ3KKY0U,Payment,Entertainment,95.52,USD,,ATM,SUC-W04NBWY9,,,México,Monterrey,Approved,00,False,29.63,-0.2364938,-0.1732153
TRX-FOOWT9HDSUJ92PHXTOEV,2025-03-16 04:06:07,2025-03-15,PRD-5GEJN7KCY1P4,CLI-V9768VNH12FC,Transfer,,529.67,USD,,POS,,,,México,Puebla,Approved,,False,9.87,,
TRX-AQKO9CPJ1HNNG1YQ9LB7,2025-03-15 07:45:40,2025-03-15,PRD-FYJIE6DXZ1RU,CLI-ZDM4E5NZX7VE,Deposit,,729.25,USD,,POS,,,,México,Monterrey,Approved,,False,,,
TRX-JKCASM6CV2BMPEGBIROQ,2025-03-15 23:05:16,2025-03-15,PRD-JYVRI2UAASXU,CLI-2AALPJZBP4XN,Transfer,,3450861.96,ARS,9859.61,App,,,,Argentina,La Plata,Approved,00,False,,,
TRX-T9TQCWYP1UDFR6PBYKR8,2025-03-15 12:00:32,2025-03-15,PRD-5QQA0IJGXTPW,CLI-EVQLA1TWYGL6,Withdrawal,,154756.6,ARS,442.16,Branch,SUC-4ICHM641,,,Argentina,Rosario,Approved,00,False,12.04,,
TRX-EI6YZMLKQJJ20L02FP4U,2025-03-15 21:57:37,2025-03-15,PRD-16VPWQD0YIKB,CLI-3WRO9IU7P046,Purchase,Services,248.29,USD,,ATM,SUC-06H3RFFA,Internet Plus,Services,Argentina,Mendoza,Approved,00,False,24.59,-33.9786103,-58.2103832
TRX-A1T7P7C6HRG225I86ZBF,2025-03-16 05:53:46,2025-03-15,PRD-OC7LBRDHR7NJ,CLI-TAD9HKF6M6CI,Transfer,,2581999.62,ARS,7377.14,ATM,SUC-2VHGDILI,,,Argentina,Mendoza,Approved,00,False,2.27,,
TRX-YLF841TS59AQSH0LIQUS,2025-03-15 09:11:13,2025-03-15,PRD-WA1OA7UQL2XA,CLI-QUWF9OGA4Y6S,Deposit,,4417.93,USD,,App,,,,Brazil,Brasília,Approved,00,False,1.36,,
TRX-C95CAROD9WCHHBQ4Q1LK,2025-03-16 04:16:23,2025-03-15,PRD-GLPEHISLNE2S,CLI-1DKPZBEXITCT,Deposit,,8571647.28,COP,2142.91,ATM,SUC-9S92DZ9T,,,Colombia,Cali,Approved,00,False,12.02,3.9741069,-73.453587
TRX-9PS2H4Q442LTAGK1D6TZ,2025-03-15 21:59:13,2025-03-15,PRD-25OGRPELSLVO,CLI-DGFE4N8VU9ZH,Withdrawal,,466.46,USD,,POS,,,,México,Ciudad de México,Approved,00,False,27.71,0.7512086,0.235394
TRX-PCQ7P1S3DSSSMZWV8UCH,2025-03-15 23:17:51,2025-03-15,PRD-PDCOUAKMJIYQ,CLI-K7FECYUXQ07S,Payment,Food,4279085.07,COP,1069.77,POS,,,,Colombia,Barranquilla,Approved,00,False,20.7,,
TRX-K6OFWJZMZUBM1W88OKV0,2025-03-15 20:54:56,2025-03-15,PRD-ZFFF9QI7QYFQ,CLI-HYU8LNFNQEM1,Withdrawal,,1027873.91,COP,256.97,App,,,,Colombia,Barranquilla,Approved,00,False,10.46,,
TRX-PB6VUKFM36VR038L9F2C,2025-03-15 10:18:01,2025-03-15,PRD-4EGEMDHFCVPM,CLI-DU2NXH17CNE3,Payment,Food,1818245.78,COP,454.56,ATM,,,,Colombia,,Approved,00,False,18.24,,
TRX-B5W8WJQBJZ8BV1YZVEX2,2025-03-16 02:27:53,2025-03-15,PRD-C571QWVV6XSC,CLI-AGIB84W3EIFR,Purchase,Health,208.79,USD,,POS,,Farmacia Salud,Health,México,,Approved,00,False,22.77,,
TRX-I7RZ01WJJKKDWK1CFPLU,2025-03-16 03:56:00,2025-03-15,PRD-CL5ZLZDIORET,CLI-T0EQXYK7E4AH,Purchase,Other,169746.1,ARS,484.99,POS,,Tienda General,Other,Argentina,,Approved,00,False,26.96,,
TRX-1JQB5QGS58RDYY8NZIV1,2025-03-15 07:54:34,2025-03-15,PRD-DZW6JLOOKYI3,CLI-Z2WTFIC5LETO,Deposit,,2616.79,USD,,ATM,SUC-6RHR3MME,,,México,Ciudad de México,Approved,00,False,,,
TRX-B1NK603EWB25NA3X7K1C,2025-03-15 18:48:42,2025-03-15,PRD-G3XW6T2TT41I,CLI-YF976OV86P6L,Transfer,,2453637.39,ARS,7010.39,App,,,,Argentina,Rosario,Approved,00,False,,,
TRX-EGFY2MA9RXRCYZ1CX8X7,2025-03-15 22:23:17,2025-03-15,PRD-W3JG4OGHP0O8,CLI-2TSWVHDC7FZM,Transfer,,6012.63,USD,,POS,,,,México,Querétaro,Approved,00,False,,,
TRX-FVPAKQOWQM38HCCI23L4,2025-03-16 03:00:04,2025-03-15,PRD-J8L3K2RF5EK7,CLI-5I0RKBWTRPKN,Purchase,Other,59374.89,ARS,169.64,ATM,SUC-V5DT47YR,Ferretería,Other,Argentina,La Plata,Approved,00,False,25.23,,
TRX-EBOFU59W2JVA0AOBDG18,2025-03-15 07:54:06,2025-03-15,PRD-NS6T8CJW8ML0,CLI-S454BZEACKCT,Transfer,,3974.45,USD,,POS,,,,México,Puebla,Declined,14,False,29.12,,
TRX-HWS3G57E3CGZMHV6WGKY,2025-03-16 00:56:06,2025-03-15,PRD-HJNLX7VYX5XU,CLI-H9ICP8S93FHD,Transfer,,18185762.97,COP,4546.44,App,,,,USA,New York,Approved,00,False,6.97,,
TRX-02KX873DY4299H1NY3IN,2025-03-15 14:59:33,2025-03-15,PRD-ZPXEG5K2OCAB,CLI-I4UF46LDSFFY,Purchase,Entertainment,349.25,USD,,Web,,Conciertos Live,Entertainment,México,Tijuana,Approved,00,False,12.59,,
TRX-BOY6SFW5ZIV3FZGKJDXA,2025-03-15 12:05:45,2025-03-15,PRD-E0LBPFG6VDK9,CLI-ZSTFKRZ2PJCE,Transfer,,9241.53,USD,,ATM,SUC-0LZRXHCF,,,Argentina,La Plata,Approved,00,False,17.25,,
TRX-KEC53HU6WTB8F3AJF1AT,2025-03-16 05:57:27,2025-03-15,PRD-7U4WLIT75UZP,CLI-XH137K04JYY6,Deposit,,5513416.48,COP,,ATM,SUC-KXMF616G,,,Colombia,Cali,Approved,00,False,5.42,,
TRX-Z1WETNOSXXOZ69004Q1T,2025-03-15 22:48:55,2025-03-15,PRD-EVQZD5NHAAGU,CLI-SL510GRKD8KM,Purchase,Food,16.99,USD,,POS,,,Food,México,Querétaro,Approved,00,False,3.85,,
TRX-HHRSNYWH2SMY497ZBUI5,2025-03-15 19:07:00,2025-03-15,PRD-C24UF4L7UGB2,CLI-EIDKHTRSEN0W,Purchase,Services,171.44,USD,,App,,Servicios Públicos,Services,México,Puebla,Declined,54,False,9.11,,
TRX-8DVS04XR41HMQDDA8D72,2025-03-15 09:10:51,2025-03-15,PRD-6604KDV3IH7T,CLI-BRDNKQAMS6ND,Payment,Food,285.19,USD,,POS,,,,México,,Approved,00,False,24.31,0.3819797,-0.494735
TRX-BL2481RAOK5DHLI95ENU,2025-03-16 01:12:53,2025-03-15,PRD-6VCBJXS28Q5A,CLI-IQKUF48QK8AO,Payment,Health,294.36,USD,,Transfer,,,,México,Monterrey,Approved,00,False,27.47,,
TRX-YQYD0FNUYG6DTN2GIOSG,2025-03-15 18:20:36,2025-03-15,PRD-AFJUIGKDQ1L2,CLI-NNJXSVVKH7VY,Deposit,,3853.07,USD,,ATM,SUC-NBZZWX8W,,,México,Guadalajara,Approved,00,False,2.62,,
TRX-P58K293ULHIPSC450J1G,2025-03-15 14:48:21,2025-03-15,PRD-2E733AC5OEYD,CLI-RBFSEJZBPNHV,Purchase,Entertainment,18.46,USD,,POS,,Cine Premium,Entertainment,México,,Approved,00,False,6.97,0.9367778,-0.3068213
TRX-ZMLH96IHT2DGM1IV6E3F,2025-03-15 07:24:23,2025-03-15,PRD-D2XTLIRXMA82,CLI-IBK1XBMGFV99,Deposit,,228.32,USD,,POS,,,,México,Tijuana,Approved,00,False,12.81,,
TRX-CWXFWT7N8I0JOVI2EKCB,2025-03-15 08:23:38,2025-03-15,PRD-NXFTN5BCO524,CLI-IC90JKC83YSA,Purchase,Other,385.32,USD,,App,,Tienda General,Other,México,Querétaro,Approved,00,False,,,
TRX-ZLN1K3IHKRN8I7WAVSDR,2025-03-15 19:22:35,2025-03-15,PRD-TGPIFEIVHUYN,CLI-K57WXAZLL873,Transfer,,4003.08,USD,,ATM,SUC-GV2TU3NJ,,,México,Ciudad de México,Approved,00,False,7.88,,
TRX-JY65YEYT6HP11OKCPMHW,2025-03-16 00:36:35,2025-03-15,PRD-1C6YG2NDOKQD,CLI-RL3SOXO72VXI,Payment,Entertainment,666897.97,ARS,1905.42,ATM,SUC-JBECVTZ8,,,Argentina,Mendoza,Approved,00,False,0.36,,
TRX-6OV4WAQ1HXF1N5ZIH4S0,2025-03-15 10:12:02,2025-03-15,PRD-C7BW089J3LKK,CLI-7O141SLSKPU5,Withdrawal,,420.85,USD,,App,,,,México,Tijuana,Approved,00,False,1.63,,
TRX-VOVHYH4EFHAKZZPXE4MS,2025-03-15 13:00:44,2025-03-15,PRD-42UP7JRTW1D0,CLI-WVWEF2MBH236,Deposit,,342.07,USD,,ATM,,,,México,Guadalajara,Approved,00,False,7.38,,
TRX-C59L3MK0RWTMLIHBK6JY,2025-03-15 12:39:24,2025-03-15,PRD-MKW4T7Q3GBWM,CLI-DTLLY89OPD0P,Payment,Entertainment,539560.47,ARS,1541.6,ATM,SUC-RAI81ICG,,,Argentina,Rosario,Approved,00,False,20.64,,
TRX-5BDD3GAXZ6SDGX0EBV9C,2025-03-15 13:47:39,2025-03-15,PRD-P7L2DQLEAXWA,CLI-XS2FDMTU5J33,Payment,Other,446.24,USD,,POS,,,,México,Puebla,Approved,00,False,22.9,-0.8079141,0.3823804
TRX-EE8U1PHRY7WSFDDZ9MU4,2025-03-15 22:28:14,2025-03-15,PRD-9SPURA5LQVT8,CLI-R0VDT7EWU5R9,Purchase,Transport,424.29,USD,,POS,,Taxi Seguro,Transport,Argentina,Rosario,Approved,00,False,12.18,,
TRX-K9VK2F7C0EBXLV38E0M5,2025-03-16 05:42:29,2025-03-15,PRD-WJU0RSJGQ12E,CLI-AWTDEZ5YRM6H,Deposit,,4005.96,USD,,POS,,,,México,Puebla,Approved,00,False,19.34,,
TRX-3K4A6EPL0LCCS0HWK6U1,2025-03-15 13:46:13,2025-03-15,PRD-0NYRJZ1IR5WG,CLI-JO17VXHANRTK,Purchase,Transport,1982899.74,COP,495.72,POS,,Taxi Seguro,Transport,Colombia,Medellín,Declined,51,False,5.09,,
TRX-YQZ1D4L2SM90R5390A3S,2025-03-16 02:24:02,2025-03-15,PRD-RPZNLJKG51RF,CLI-Y4B7Y01841CH,Purchase,Food,368.31,USD,,POS,,Mercado Central,Food,México,Tijuana,Approved,00,False,24.66,,
TRX-I6C2JWB2ILY3X5JTQ1IB,2025-03-15 10:28:15,2025-03-15,PRD-OAOUVP1XKMOZ,CLI-0Q28SIN7L38E,Purchase,Services,245.23,USD,,POS,,Servicios Públicos,Services,México,Ciudad de México,Approved,00,False,10.21,,
TRX-JGBRFIWK59144U00ZDKG,2025-03-15 16:20:06,2025-03-15,PRD-0AYCSLGUBE9A,CLI-UPCUKO14L3NR,Transfer,,10843726.68,COP,2710.93,POS,,,,Colombia,Cartagena,Approved,00,False,0.71,,
TRX-7339VOP8T1GANQM1ETKT,2025-03-15 13:36:17,2025-03-15,PRD-ZPKNMSYGOVS9,CLI-RXXSXPG1UQ7A,Adjustment,,141146.25,ARS,403.27,ATM,SUC-46JOBFMX,,,Argentina,La Plata,Approved,00,False,13.78,,
TRX-Q7Q1H23TKBEUGP9XPO2H,2025-03-15 12:43:00,2025-03-15,PRD-P93OUHR31DHW,CLI-GEQ0N8M748RM,Transfer,,22479858.46,COP,5619.96,App,,,,Colombia,Cartagena,Approved,,False,,,
TRX-Z1MTH9YB0W7C1F30ADSQ,2025-03-15 20:34:44,2025-03-15,PRD-XXWXFH6ZZPUF,CLI-5CA5DDBTLNU6,Payment,Services,273068.9,ARS,780.2,POS,,,,Argentina,Mendoza,Approved,00,False,16.46,,
TRX-V3QBW71PP2APLMXOQD9D,2025-03-15 15:47:17,2025-03-15,PRD-UDKEJ3Y8LPVV,CLI-6KH59GUI6J7U,Transfer,,6704.92,USD,,ATM,SUC-P3KNB4PY,,,México,Guadalajara,Approved,00,False,5.69,0.7850191,0.1443352
TRX-U4FWHR0DFNDWNPP1749Z,2025-03-15 18:49:01,2025-03-15,PRD-LMRIUT84LGTH,CLI-NA77YK05HZH6,Withdrawal,,411.32,USD,,ATM,SUC-KNGCTTUB,,,México,Guadalajara,Approved,00,False,8.07,,
TRX-AJZDSD6OMDUUU5T7LO0W,2025-03-15 21:22:24,2025-03-15,PRD-YAR3OMJA0FG5,CLI-2TFMCTVNN8I8,Deposit,,9643778.92,COP,2410.94,ATM,SUC-QLV3J046,,,Colombia,Barranquilla,Approved,00,False,23.23,,
TRX-AK2ZWL39F06KN9Y673R8,2025-03-16 01:00:15,2025-03-15,PRD-AYANZTSRC35B,CLI-VY6VDJ5MV0RM,Payment,Food,1281.11,USD,,App,,,,México,Guadalajara,Approved,00,False,9.49,,
TRX-P0VK2QX5JA2LT7FWKN5E,2025-03-15 15:10:26,2025-03-15,PRD-I7HX0PRUREUS,CLI-QYPFKACJKW1Y,Transfer,,223340.72,ARS,638.12,ATM,SUC-HYTTI82L,,,Argentina,Córdoba,Declined,51,False,,,
TRX-6VLB6E0VXYI88NMMFDOJ,2025-03-15 21:42:24,2025-03-15,PRD-4KY6GGH6WEE7,CLI-V0ANM4B3UB2E,Withdrawal,,1732705.96,COP,433.18,ATM,SUC-4B1UVBW3,,,Colombia,Bogotá,Approved,00,False,2.85,,
TRX-RAKP57B88RA0LUN0BG7I,2025-03-15 21:04:03,2025-03-15,PRD-QHYH1WBQXKML,CLI-HKP25BU10Q83,Purchase,Health,1584316.35,COP,396.08,POS,,Óptica Visión,Health,Colombia,Medellín,Approved,00,False,18.48,,
TRX-VEBWTU2GSC9EGRNQN675,2025-03-15 10:36:08,2025-03-15,PRD-5YD1ALJ7EOF9,CLI-SOVUYYVJ37SZ,Payment,Services,712.3,USD,,Web,,,,México,Puebla,Approved,00,False,26.57,,
TRX-RFWO4BPVRXHVTA0P1NNL,2025-03-16 02:12:24,2025-03-15,PRD-HBN2LFN9PZ8K,CLI-U8XH8HYQ4QI9,Purchase,Services,3679.19,ARS,10.51,POS,,Internet Plus,Services,Argentina,Córdoba,Approved,00,False,7.77,-33.7327337,-58.4200854
TRX-CCWLW4D233U2V5GNCK44,2025-03-15 16:52:03,2025-03-15,PRD-1NLNK190Z52Z,CLI-2HRS0P4ZICRW,Purchase,Transport,382.84,USD,,Web,,Taxi Seguro,Transport,México,Guadalajara,Pending,54,False,3.55,,
TRX-GXWV9WXU53OEB9VYMGZQ,2025-03-15 16:48:57,2025-03-15,PRD-2ND971Y0WWQK,CLI-FQADUZ0NTPTE,Purchase,,164.56,USD,,Web,,Tienda Don José,Food,México,Querétaro,Approved,00,False,,,
TRX-8EWF631E3W02DYZEITVA,2025-03-15 13:23:35,2025-03-15,PRD-2NBIWPGU2UVX,CLI-6SNJB85H7UC6,Transfer,,1139.76,USD,,ATM,SUC-JGB6PK8R,,,México,Monterrey,Approved,00,False,4.06,,
TRX-4405CPGCOZO9FCRHFL4N,2025-03-15 07:12:42,2025-03-15,PRD-VUW8XEWNORZC,CLI-IC9S41QZ12YQ,Transfer,,16643806.87,COP,4160.95,ATM,SUC-6NKYKKQR,,,Colombia,Cali,Approved,00,False,1.08,4.9834375,-73.8781004
TRX-6MAAH1GC10LUQUPH81KL,2025-03-15 09:29:02,2025-03-15,PRD-1D9G9T91THBR,CLI-0QW8ITXI8M49,Purchase,Transport,119.77,USD,,App,,Uber,Transport,México,Tijuana,Approved,00,False,6.18,,
TRX-S0Y4WCOOHI8000OIHOTE,2025-03-15 09:59:24,2025-03-15,PRD-STX6ESV6V8G6,CLI-AKI1PJSCZOCK,Purchase,,1777937.64,COP,444.48,POS,,Boutique Moda,Other,Colombia,Bogotá,Approved,00,False,18.42,,
TRX-HAKP1GI39GBLR7A2PMRB,2025-03-15 12:15:36,2025-03-15,PRD-ST8OGTJ5O40K,CLI-DVSI6VHGUXPH,Payment,Food,983764.96,COP,245.94,POS,,,,Colombia,Barranquilla,Approved,00,False,12.2,,
TRX-P0MW95BD9GTWBG04LRMC,2025-03-15 23:26:10,2025-03-15,PRD-NPD32PDU3U5V,CLI-HOCHD96DAXSC,Withdrawal,,420.21,USD,,ATM,SUC-8HPG0AE8,,,México,Guadalajara,Approved,00,False,18.21,-0.2744287,0.3166214
TRX-ZEBEANW94PLCU89HKTIE,2025-03-15 08:01:41,2025-03-15,PRD-DBGTL77P668S,CLI-88TH9G9JG08D,Withdrawal,,143.96,USD,,ATM,SUC-A9BJ48OP,,,México,Monterrey,Declined,51,False,11.89,0.0288633,-0.3277735
TRX-SD4IYECN1ABE4P2MPROU,2025-03-15 09:25:02,2025-03-15,PRD-FJ5ZBQ6FFTDF,CLI-15FIBGJUEPPS,Deposit,,237976.57,ARS,679.93,App,,,,Argentina,Córdoba,Approved,00,False,,,
TRX-U3IOY94F4GIUITDP2M25,2025-03-16 02:08:26,2025-03-15,PRD-OGN3RUZ0RTYM,CLI-26GCDU8857SZ,Withdrawal,,115.11,USD,,POS,,,,México,Guadalajara,Approved,,False,19.04,,
TRX-0RW7LDK6U91FXGOCK4Y7,2025-03-15 10:51:33,2025-03-15,PRD-1654SELCJZ3M,CLI-FKR4OLFQ329J,Payment,Services,1456.07,USD,,POS,,,,Colombia,Barranquilla,Approved,00,False,,,
TRX-P2F9NLAD7TQMQBFEGSI5,2025-03-15 11:38:04,2025-03-15,PRD-UG0X5VRPD2RQ,CLI-F85Y20OMK2EE,Payment,Services,564126.3,ARS,1611.79,ATM,SUC-RNIHGBDP,,,Argentina,Rosario,Approved,00,False,,-35.5751823,-58.0220477
TRX-LZT6HJGDJJMM061ZXY42,2025-03-15 12:30:20,2025-03-15,PRD-S2ONDVYXG1F4,CLI-Y86D82KRM1Z7,Transfer,,22042227.02,COP,5510.56,ATM,SUC-UH461R09,,,Colombia,Medellín,Approved,00,False,3.52,5.152765,-73.8937801
TRX-EIERUIBWP2X0QIDII0QO,2025-03-15 22:17:04,2025-03-15,PRD-7Q2HTNK4BX1D,CLI-E14QS1BZHXRU,Payment,Services,554589.23,ARS,1584.54,ATM,SUC-7TH4CVFK,,,Argentina,La Plata,Approved,00,False,10.55,,
TRX-GWYQLX6HXEU4NZR59D7H,2025-03-15 13:15:50,2025-03-15,PRD-K6SCKYHK1411,CLI-O50VOV8QE7KO,Payment,Food,4488949.78,COP,1122.24,App,,,,Colombia,Bogotá,Approved,00,False,12.65,,
TRX-YSXXM15D2DI7IS8MY5UX,2025-03-15 21:32:13,2025-03-15,PRD-LUS6V7KFKRE3,CLI-C3YIUO3OT6YR,Transfer,,4740.1,USD,,ATM,SUC-1AT6YUKJ,,,México,Tijuana,Approved,00,False,22.56,,
TRX-54WRKNK7RPW24G5YQQDF,2025-03-15 20:35:08,2025-03-15,PRD-GIQ0TPGG7CHJ,CLI-28T7WJBUFNAH,Transfer,,2504.9,USD,,ATM,SUC-N8LPAX0U,,,México,Ciudad de México,Approved,00,False,18.64,-0.9565291,-0.394913
TRX-XH61RD3YSC1C802W0RT5,2025-03-15 10:16:43,2025-03-15,PRD-J6GVGFUBHV7X,CLI-FGUPCPECM8M8,Payment,Health,173361.39,ARS,495.32,ATM,SUC-7L3EZA71,,,Argentina,Mendoza,Approved,00,False,9.83,,
TRX-QGOL45JSJWJ0EV0YMGLI,2025-03-16 03:49:29,2025-03-15,PRD-R3QO1OCTZ7ZP,CLI-824MLTT5LYKB,Withdrawal,,22.22,USD,,ATM,SUC-N8LPAX0U,,,México,Monterrey,Approved,00,False,19.99,,
TRX-902ROVONNQP5RB4SC5D1,2025-03-16 03:07:13,2025-03-15,PRD-HSV52KE5VHA7,CLI-IE68KMR6X2AZ,Payment,Food,1784.37,USD,,ATM,SUC-5S93Z8YS,,,Argentina,,Approved,00,False,10.27,,
TRX-8NJG5ASV9KDWKQE144N2,2025-03-15 17:02:04,2025-03-15,PRD-R29PT5GDU87Q,CLI-1N5120Z4BBAY,Withdrawal,,146468.55,ARS,418.48,Web,,,,Argentina,Córdoba,Approved,00,False,,,
TRX-VSMAGLYVDCC7QV6JOEQQ,2025-03-15 21:53:55,2025-03-15,PRD-W7FA9JG5LZCL,CLI-SPZGGCHLX87N,Purchase,Food,243.3,USD,,ATM,SUC-7T5LBQT3,Tienda Don José,Food,México,Monterrey,Approved,00,False,10.65,,
TRX-7B7UYMW7C2PA5SPLZ7DQ,2025-03-16 00:09:14,2025-03-15,PRD-BV221956X1RB,CLI-OFFQ2L5SA4S6,Withdrawal,,150175.41,ARS,429.07,POS,,,,Argentina,La Plata,Approved,00,False,28.48,-35.0613439,-58.3951517
TRX-H71YDM5JOKO4MBSGPPMF,2025-03-15 23:37:48,2025-03-15,PRD-6BESXYOH9A36,CLI-P354R5E5TQSF,Deposit,,4281.45,USD,,POS,,,,México,Puebla,Approved,00,False,6.43,,
TRX-J10ATS3HZRZEUNZPFK73,2025-03-15 12:20:11,2025-03-15,PRD-8G1N73SG7F5L,CLI-NI809JW5VN5K,Purchase,Services,1048050.86,COP,262.01,ATM,SUC-3FS5CHQJ,Servicios Públicos,Services,Colombia,,Approved,00,False,24.99,4.0944228,-74.6153822
TRX-GD373W4114Q2QA837TH1,2025-03-15 06:01:09,2025-03-15,PRD-TQN7NLIKBL7U,CLI-GPAMQCSZPMMI,Purchase,Services,1930420.41,COP,482.61,ATM,SUC-XXUHP6O3,Empresa Telefónica,Services,Colombia,Cartagena,Approved,00,False,15.18,5.5986918,-74.7527179
TRX-VB4ZF5YLXM1H5N7H6F95,2025-03-15 22:11:47,2025-03-15,PRD-21TIPIJ1LPQ0,CLI-AHG7S5PQJPIA,Withdrawal,,316.74,USD,,App,,,,México,Guadalajara,Approved,00,False,18.53,,
TRX-APC9XCHCYHQG24ZS1ON0,2025-03-16 05:25:56,2025-03-15,PRD-8D0KEBVUNM0H,CLI-RC3QCSGCQ2WP,Payment,Health,199701.1,ARS,570.57,ATM,SUC-HBYNA6O6,,,Argentina,,Approved,00,False,14.73,,
TRX-RF0VWAZDT0B4IKQKOR2A,2025-03-15 11:00:21,2025-03-15,PRD-FKL6XU5FID71,CLI-JPALM1RDP2UB,Payment,Food,6818171.45,COP,1704.54,POS,,,,Colombia,Bogotá,Approved,00,False,21.08,,
TRX-KLUWZ6NQLRKJGK02D98L,2025-03-15 13:30:06,2025-03-15,PRD-DD9480OO807Z,CLI-QLOKB4EO77TA,Withdrawal,,283.68,USD,,POS,,,,Mexico,Monterrey,Approved,00,False,22.15,0.2689105,0.0388681
TRX-K8ZZXPS0V5M5JZ8T0NVD,2025-03-16 02:50:05,2025-03-15,PRD-BSZ8FJRGNH6R,CLI-RMVGBDECMPM7,Payment,Transport,1196.89,USD,,ATM,SUC-P5YISP64,,,México,Tijuana,Approved,00,False,21.97,,
TRX-1RF7CSVKBS7ASGX4U3UE,2025-03-15 10:12:59,2025-03-15,PRD-SO9Y8ZEFF9PW,CLI-6H5Y8HFSCUOO,Withdrawal,,250.88,USD,,Web,,,,México,Guadalajara,Approved,00,False,8.66,,
TRX-1059D4Q8XL3D4R33ABLF,2025-03-15 13:32:49,2025-03-15,PRD-TXTCGA2WDFPL,CLI-6XZNJJF8E9HK,Transfer,,3959.75,USD,,POS,,,,México,Ciudad de México,Approved,00,False,7.28,,
TRX-PR3LZRPZXZGFO6926UZM,2025-03-15 07:13:23,2025-03-15,PRD-3UUA5Q761YRO,CLI-FXK4BTDKUWH3,Purchase,Health,283960.62,COP,70.99,POS,,Clínica Médica,Health,Colombia,Barranquilla,Pending,14,False,27.89,,
TRX-12N53P16B1J7CBN0OPDB,2025-03-15 06:22:49,2025-03-15,PRD-FC5IPAXJKHCJ,CLI-WNEQYWBDBSN8,Purchase,Other,1295496.37,COP,323.87,ATM,SUC-CFNA2V8Y,Boutique Moda,Other,Colombia,Barranquilla,Approved,00,False,8.99,,
TRX-7DA4MLM4NCJT2TMZX9RP,2025-03-15 14:40:03,2025-03-15,PRD-X5GS9HJM6A1X,CLI-QGGP3PTGA764,Payment,Food,355.75,USD,,App,,,,México,Monterrey,Approved,00,False,23.24,,
TRX-3KLID28ZRT2NRVU3Z8R2,2025-03-15 10:29:49,2025-03-15,PRD-GBZ0QCZHBYFE,CLI-8E82HQ5EP23E,Payment,Transport,1457.51,USD,,ATM,SUC-QMYSBASD,,,México,Querétaro,Approved,00,False,9.82,-0.4584088,-0.7761887
TRX-UBVGDW3CW6ZKC10D71JV,2025-03-16 02:54:53,2025-03-15,PRD-DJT5HSHQFTE9,CLI-I173BVWZ91F2,Withdrawal,,1460114.01,COP,365.03,ATM,SUC-9S92DZ9T,,,Colombia,Barranquilla,Approved,00,False,18.33,4.9620806,-73.715812
TRX-VQ61F2RAXCFUROJUSHTT,2025-03-15 06:59:43,2025-03-15,PRD-8EL49BLT54WO,CLI-P7XZN4X6S47P,Payment,Entertainment,1498042.2,COP,374.51,POS,,,,Colombia,Medellín,Approved,00,False,6.79,,-73.7582703
TRX-V88I4YVFM0D9WOVARPKI,2025-03-15 17:01:00,2025-03-15,PRD-HSNFE01NBXXG,CLI-RPCOUH2GTCZH,Purchase,Food,215.61,USD,,ATM,SUC-NZJH5BG1,Mercado Central,Food,México,Guadalajara,Approved,00,False,15.91,,
TRX-THGVOXQ5T62ZSKMMIEWE,2025-03-16 00:00:49,2025-03-15,PRD-7VU51112NBCZ,CLI-AJ5BA0DW6KNI,Transfer,,19336821.87,COP,4834.21,App,,,,Colombia,Cali,Approved,00,False,16.2,,
TRX-AVP6MDU3UPH9H40DUMX3,2025-03-15 14:59:40,2025-03-15,PRD-QODLCURLNOSI,CLI-9YMX1YDUV6AE,Deposit,,2539.27,USD,,ATM,SUC-P65ZGVH3,,,México,Ciudad de México,Approved,00,False,,,
TRX-WY8L3X5IJOBU8W9I5NRC,2025-03-16 02:23:13,2025-03-15,PRD-03NKNMCDVDBD,CLI-0MYGAB83445L,Deposit,,1678241.22,ARS,4794.97,POS,,,,Argentina,La Plata,Approved,00,False,,-35.1764976,-57.5818228
TRX-HN8C7SDV6YVWXPEBGMME,2025-03-16 00:57:36,2025-03-15,PRD-D86HQA2ATGWV,CLI-FDUUJ6NSEEIE,Transfer,,4836.42,USD,,Web,,,,México,Monterrey,Approved,00,False,19.51,,
TRX-29TIRSP5VLR3836WFY2P,2025-03-16 00:47:00,2025-03-15,PRD-NZA3SEVJS8WR,CLI-993FLRQ69L7H,Withdrawal,,371.9,USD,,ATM,SUC-AXDYB0RQ,,,México,Monterrey,Approved,00,False,27.06,,
TRX-90ZDJOHFFN93RF1R4U2J,2025-03-15 21:02:25,2025-03-15,PRD-GT3BDLPC6F19,CLI-DN6E88WC1N6I,Deposit,,15978841.82,COP,3994.71,POS,,,,Colombia,,Approved,00,False,27.86,,
TRX-GRD1JN1G4IDUR23LTCPW,2025-03-16 02:01:41,2025-03-15,PRD-8V7JKNS3AQES,CLI-2A4VGT2NLZID,Purchase,Services,66574.83,ARS,190.21,POS,,Servicios Públicos,Services,Argentina,Mendoza,Declined,51,False,29.62,,
TRX-IQJ1WGSUCO7AK95ZPV75,2025-03-15 17:41:36,2025-03-15,PRD-QETR0XF8YELN,CLI-TH9DUIHX2MW7,Withdrawal,,119.16,USD,,App,,,,México,Querétaro,Approved,00,False,,,
TRX-8S4GETUEGUJAXVOJSFV3,2025-03-15 23:55:17,2025-03-15,PRD-KGIA0GXQVRLM,CLI-WNZ6H98S2H7M,Deposit,,4656.79,USD,,ATM,SUC-DLYE60QN,,,Colombia,Bogotá,Approved,00,False,8.02,,
TRX-F4W06MJD41CJMT5VE1AG,2025-03-15 12:46:00,2025-03-15,PRD-YSG440TPWDOC,CLI-WWEEEH2GPR7W,Transfer,,29165971.38,COP,7291.49,ATM,SUC-85YWBJ74,,,Colombia,Bogotá,Approved,00,False,21.79,4.8039385,-74.653034
TRX-5YZ7GB3IUGCM9SQNRSKJ,2025-03-16 05:11:45,2025-03-15,PRD-3NYYVCRRZVQ8,CLI-8B59H1DWIOVQ,Transfer,,17659966.39,COP,4414.99,ATM,SUC-22RCTEVV,,,Colombia,Medellín,Approved,00,False,10.6,5.3588759,-73.2913846
TRX-XL6OX4FX7L34VQ2F12J0,2025-03-15 09:37:57,2025-03-15,PRD-ESHIQQESZDXY,CLI-2BQUJVO0UAA2,Payment,Food,71624.92,ARS,204.64,ATM,SUC-UE04XBQH,,,Argentina,,Approved,00,False,,,
TRX-PIFBEA6H5BQLQU0J57V1,2025-03-16 04:03:43,2025-03-15,PRD-S1R3EIQNVDQV,CLI-J181Q6NHBFWG,Deposit,,2454984.45,COP,613.75,Web,,,,Colombia,Medellín,Approved,00,False,,,
TRX-YAY5JI7PBM3P2GUQR4L0,2025-03-15 08:11:26,2025-03-15,PRD-A475P8IPOM4J,CLI-VFM86EXVCFNW,Withdrawal,,346.43,USD,,Web,,,,México,Guadalajara,Approved,00,False,4.47,,
TRX-MVP9E5AX9F5DHWGULTEV,2025-03-15 09:59:19,2025-03-15,PRD-TCRN0GF4WXVC,CLI-4NQQAMLLPB6S,Withdrawal,,150.7,USD,,POS,,,,México,Tijuana,Approved,00,False,5.27,,
TRX-KDUHPWQLE2CTUWFB6S97,2025-03-15 18:13:11,2025-03-15,PRD-1FDR6BSV5OWW,CLI-0ARMDXSAE36D,Purchase,Entertainment,278.86,USD,,Web,,Conciertos Live,Entertainment,México,Tijuana,Approved,00,False,10.43,,
TRX-8SLHAH8GLJR46BOIXYZT,2025-03-15 12:09:29,2025-03-15,PRD-EUQ77OMTKSLM,CLI-N58G6WKD2NLH,Adjustment,,2168312.19,COP,542.08,POS,,,,Colombia,Barranquilla,Approved,00,False,21.09,4.0819954,-74.3768022
TRX-4TE7NFJJU11G29L5LTUD,2025-03-15 13:23:06,2025-03-15,PRD-TYVWDUA759RN,CLI-0VZOZAXCG773,Deposit,,4879.93,USD,,App,,,,México,Puebla,Approved,00,False,23.0,,
TRX-8PX835AFYW2XH74D6NEF,2025-03-15 23:25:55,2025-03-15,PRD-68377LN9UWL4,CLI-AK4HATLGWAPL,Purchase,Other,370.79,USD,,ATM,SUC-SKR8GS10,Centro Comercial,Other,México,Querétaro,Approved,00,False,27.26,,
TRX-YQRI6QP4FROVMTJUY93G,2025-03-15 09:12:11,2025-03-15,PRD-E7B01ORHYUUW,CLI-GRMF65AF7RY0,Adjustment,,130709.26,COP,32.68,POS,,,,Colombia,Barranquilla,Approved,00,False,17.37,,
TRX-92ZE77X236J3RQQPBXP9,2025-03-16 00:18:57,2025-03-15,PRD-XWVQTPQR16XG,CLI-KGYF04PTYXJM,Transfer,,4772.56,USD,,POS,,,,México,Guadalajara,Approved,00,False,6.35,,
TRX-7AXMVNQJIMLQVUHGIF9M,2025-03-15 11:31:56,2025-03-15,PRD-7R7YORNK0RTW,CLI-OE5JPZHE3LVA,Purchase,Health,160.27,USD,,Web,,Clínica Médica,Health,México,Puebla,Approved,00,False,11.53,,
TRX-BBWJL0E1E46N9KSCXN56,2025-03-15 22:21:16,2025-03-15,PRD-EGYDRKSWJAZW,CLI-43HUEIS8CRMB,Transfer,,1628811.22,ARS,4653.75,POS,,,,Argentina,La Plata,Approved,00,False,29.71,-33.9042606,-57.9324171
TRX-OES6PK6S73RADKGFDJKO,2025-03-16 00:44:44,2025-03-15,PRD-MGYFR4MS6LG8,CLI-Y7Q45R272G9M,Payment,Services,1127.74,USD,,ATM,SUC-XAEWUJQS,,,México,Tijuana,Approved,00,False,,0.5116432,-0.1140238
TRX-G6OQO8PAT9VCKTMMAT33,2025-03-15 12:27:10,2025-03-15,PRD-10HUGTK3CWN5,CLI-I6OLWVCVW6XN,Transfer,,1615844.24,ARS,4616.7,ATM,SUC-FXWYIOXF,,,Argentina,,Approved,00,False,13.02,-35.1473125,-58.8550918
TRX-0ELJYQHPS99Y78BKI532,2025-03-15 09:42:17,2025-03-15,PRD-DQKWQYV72J10,CLI-VI4GUA3PZUNN,Payment,Services,416.6,USD,,POS,,,,México,Puebla,Approved,00,False,3.17,,
TRX-O3QQ728OVCU6RABNIVZF,2025-03-15 14:08:22,2025-03-15,PRD-MFXFX8SLA2TS,CLI-CRCRI9HPQJ9P,Transfer,,3827.25,USD,,App,,,,México,Puebla,Approved,,False,27.08,,
TRX-TWCH9FJZD2XUQM18GFQA,2025-03-15 18:57:36,2025-03-15,PRD-VCHPVARKODQ8,CLI-0QDUQUR179P5,Purchase,Health,151369.81,ARS,432.49,ATM,SUC-4JYR8GOV,Laboratorio Central,Health,Colombia,Medellín,Declined,51,False,3.78,-34.6311318,
TRX-T8IH3H50NPBISOMRY94Z,2025-03-15 13:32:51,2025-03-15,PRD-W0KFS5UPM4Q8,CLI-K5DBF1QU586Z,Purchase,Transport,48.64,USD,,Web,,Estación de Servicio,Transport,Colombia,Barranquilla,Approved,00,False,7.11,,
TRX-CZ0RM9ARUDID2W1FUNRR,2025-03-15 13:11:27,2025-03-15,PRD-VCY138PLJISA,CLI-3XT8T3Z20969,Deposit,,15995602.79,COP,3998.9,Web,,,,Colombia,Barranquilla,Declined,54,False,,,
TRX-7AGI7ESAGZJQYI3RVNR3,2025-03-16 03:47:00,2025-03-15,PRD-1CK642H22WKP,CLI-FCY6J5ZOM2AG,Transfer,,3727.14,USD,,POS,,,,México,Ciudad de México,Declined,05,False,28.98,,
TRX-Y2Z7IB0KT3MYB3EKABFW,2025-03-15 23:37:50,2025-03-15,PRD-YLSZBWQQXX1U,CLI-Q40L4X9KRT1N,Payment,Transport,7150617.7,COP,1787.65,POS,,,,Colombia,Barranquilla,Approved,00,False,29.53,,
TRX-TY4TNWZVN850WLJLEKCQ,2025-03-16 05:11:38,2025-03-15,PRD-OUB7IWPIC93C,CLI-TF6R6IX9Q5E6,Payment,,1492.63,USD,,App,,,,Mexico,Ciudad de México,Declined,51,False,26.95,,
TRX-0MEAFD34P6ETS4FDCREX,2025-03-15 06:09:11,2025-03-15,PRD-E5VD4YFCP9UE,CLI-UNUBXB8LDIAI,Deposit,,4477.66,USD,,POS,,,,México,Tijuana,Approved,00,False,7.28,0.59364,-0.246949
TRX-AFVTWGFZWNU4JS2906MQ,2025-03-15 22:21:27,2025-03-15,PRD-BSEJ8NZ8Q1QA,CLI-LUOQ95TRGDQL,Deposit,,15453791.42,COP,3863.45,Web,,,,Colombia,Bogotá,Approved,00,False,,,
TRX-2EXBPE4ZW72CUDQKF3IT,2025-03-15 12:48:54,2025-03-15,PRD-W3XXE3FTS2TC,CLI-GFARBZ6VSJGV,Payment,Services,1302.55,USD,,POS,,,,México,Ciudad de México,Approved,00,False,19.6,,
TRX-C5DOJSBGJYS5ENSQNYOW,2025-03-15 23:25:08,2025-03-15,PRD-E27L215TAYQO,CLI-N9KGRZKWHUWZ,Adjustment,,94.87,USD,,POS,,,,México,Guadalajara,Approved,00,False,8.84,,
TRX-JHAWTTCIBR91JAB00FW2,2025-03-15 14:03:34,2025-03-15,PRD-DRTLVY6PCYDF,CLI-AT7EY6G72T7I,Deposit,,1663434.95,ARS,,Web,,,,Colombia,Barranquilla,Approved,00,False,16.48,,
TRX-R68AVOPB16KBE3MDZB20,2025-03-15 12:42:13,2025-03-15,PRD-UAVBEL9HMGIQ,CLI-EEW4QL719RYT,Purchase,Transport,291.83,USD,,ATM,,Taxi Seguro,,México,Ciudad de México,Approved,00,False,16.5,0.4291207,-0.2328455
TRX-BXZW6GY6LJOT7GMJH93T,2025-03-15 20:46:57,2025-03-15,PRD-7CKY9F81ZGDI,CLI-VFSKK6BJCB9C,Payment,Services,316.58,USD,,Transfer,,,,México,Puebla,Approved,00,False,3.31,,
TRX-580PZC14HG9ATBH1IXX6,2025-03-15 08:01:21,2025-03-15,PRD-36WVR1AZOIJI,CLI-LIIM6GLF6W2Y,Withdrawal,,1139627.82,COP,284.91,App,,,,Colombia,Cali,Approved,00,False,5.68,,
TRX-N0OPFH04PE5BM2OIZAWJ,2025-03-15 15:12:23,2025-03-15,PRD-54XYRN9549BZ,CLI-GJ4HCXHLKXO0,Purchase,Other,1895142.84,COP,473.79,App,,Ferretería,Other,Colombia,Bogotá,Approved,00,False,7.13,,
TRX-RV87DHBQ16Q0Y00QTC22,2025-03-15 21:08:37,2025-03-15,PRD-3LAZ5CWYHZMD,CLI-TPNZ42WTWMFR,Deposit,,17223637.93,COP,4305.91,POS,,,,Colombia,Medellín,Approved,00,False,29.13,,
TRX-9DII29L520L4IK98WUV3,2025-03-15 15:06:07,2025-03-15,PRD-S27IRWPDA0ZR,CLI-5JJWBH0A3PNV,Purchase,Transport,228.16,USD,,ATM,SUC-8GXP9TIM,Estación de Servicio,Transport,México,Guadalajara,Approved,00,False,0.44,,
TRX-Y7UPSS9EXTW1URWYTGU7,2025-03-15 19:18:41,2025-03-15,PRD-VTYMNNS6TG4W,CLI-3PTHOHYDU4IU,Transfer,,1954.86,USD,,ATM,SUC-FF1CG8O5,,,Colombia,Barranquilla,Approved,00,False,29.13,,
TRX-ROWWS3YDS7Y692W8FJSI,2025-03-15 17:07:19,2025-03-15,PRD-0S5LX9RKRTRV,CLI-5O9PIVFADZFX,Withdrawal,,74525.97,ARS,212.93,POS,,,,Argentina,Rosario,Approved,00,False,,,
TRX-XZ8BRC5E3KW29B7SNGXA,2025-03-15 06:28:17,2025-03-15,PRD-MQ0R7WIYHH6J,CLI-ZX3WO6ZUDJOS,Purchase,Other,47727.8,ARS,136.37,App,,Boutique Moda,Other,Argentina,Rosario,Approved,00,False,,,
TRX-BYPPBA3DE6GNUYJBZHOC,2025-03-15 07:28:21,2025-03-15,PRD-1WK6Z3RH6G5D,CLI-ONG875TWKOY8,Purchase,Food,104296.97,ARS,297.99,POS,,Super Ahorro,Food,Argentina,Rosario,Declined,51,False,28.62,-34.9210277,-57.4172916
TRX-O4JDVVI1STQD63S47THG,2025-03-15 07:55:24,2025-03-15,PRD-AEFS5DC05CIM,CLI-S9NRBJHP08B2,Payment,Food,571.28,USD,,App,,,,México,Guadalajara,Approved,00,False,22.49,,
TRX-E6X6CUPLYBPEY3B0UAC0,2025-03-16 02:46:08,2025-03-15,PRD-ZL1L2Q914707,CLI-TH3DHE2CMIII,Purchase,Health,682236.89,COP,170.56,POS,,Clínica Médica,Health,Colombia,Medellín,Approved,00,False,3.03,4.847489,
TRX-FJTDSZSVKKEXAMNBT5P4,2025-03-16 05:44:32,2025-03-15,PRD-XZS29T5A1ICL,CLI-04DZ095LS2JT,Purchase,Food,684789.76,COP,171.2,Web,,,Food,Colombia,Cali,Approved,00,False,29.05,,
TRX-9D2MDC0CUV1UUA0JE8QW,2025-03-16 05:49:27,2025-03-15,PRD-F83Z6XGDIM3E,CLI-5TPS6BIHHJCW,Withdrawal,,77918.94,ARS,222.63,POS,,,,Argentina,Buenos Aires,Approved,00,False,28.53,,
TRX-QNNYORVJZJRNWPKCCRT4,2025-03-15 11:37:23,2025-03-15,PRD-RUITH0R8UQ0O,CLI-TQGQQ27ULQT0,Deposit,,959723.22,ARS,2742.07,Web,,,,Argentina,Córdoba,Approved,00,False,29.71,,
TRX-BA1OI2RS0W1N93MWOR2O,2025-03-16 05:47:51,2025-03-15,PRD-RI35R7FC7VRE,CLI-KEE9A39UORYP,Payment,Food,1353.86,USD,,Branch,SUC-TVNO2KL5,,,México,Monterrey,Approved,00,False,22.89,,0.4271576
TRX-SPT26T28QRGM8BWFFIAC,2025-03-16 05:53:20,2025-03-15,PRD-JLK8IMT3L3VM,CLI-BI8BL771TBTG,Payment,Transport,2826653.93,COP,706.66,ATM,SUC-3FS5CHQJ,,,Colombia,Barranquilla,Approved,00,False,4.64,4.9126613,-73.7342441
TRX-07ZM0YWKGYU6YPMSVMAU,2025-03-16 02:50:03,2025-03-15,PRD-M6VHLNJN2H5D,CLI-EWWVPAA4NK68,Payment,Food,620.84,USD,,Transfer,,,,México,Monterrey,Approved,,False,9.52,,
TRX-PM7TM9TQNCX6ZQNG9T5C,2025-03-15 12:01:44,2025-03-15,PRD-G9900IGXMOXS,CLI-OK5VY6DL36C1,Withdrawal,,175.55,USD,,ATM,SUC-4XKHST63,,,México,,Approved,00,False,22.76,,
TRX-P1ZUA5FL7RKGO0NZZGUG,2025-03-15 13:26:30,2025-03-15,PRD-H11VTWAOIETE,CLI-39ODAGOPXVTE,Purchase,Entertainment,30908.46,ARS,88.31,POS,,Streaming Music,Entertainment,Argentina,Mendoza,Approved,00,False,,,
TRX-WEM82KRLT52ON0J3U694,2025-03-15 21:04:16,2025-03-15,PRD-JR1FVVDXZOOO,CLI-89T6F0IVRKRB,Withdrawal,,1112749.26,COP,278.19,ATM,SUC-84HXKY7Q,,,Colombia,Barranquilla,Approved,00,False,15.3,4.7976199,-73.6758225
TRX-Q7JYYH7IKW2DD4EA7RJ9,2025-03-15 07:41:41,2025-03-15,PRD-Y5MUD13CAKPV,CLI-HFK9R46JTNVZ,Withdrawal,,132681.85,ARS,379.09,POS,,,,Argentina,,Approved,00,False,23.6,-34.8365454,-58.8995535
TRX-F3ZWS57WEGGQNP4A2JGQ,2025-03-15 10:47:49,2025-03-15,PRD-I6G8921XMS1F,CLI-7YOXAE6AEIW1,Withdrawal,,474.27,USD,,POS,,,,México,Puebla,Approved,00,False,11.15,,
TRX-JST42BNJL9CH94RGXNXE,2025-03-15 18:17:18,2025-03-15,PRD-OJXSYIYXP2WC,CLI-BPA5CC4Z4E38,Payment,Services,1481.87,USD,,ATM,SUC-BDUFJ6GZ,,,México,Guadalajara,Approved,00,False,18.09,,
TRX-UQOOV8AJERVZHOB14NDW,2025-03-15 07:18:34,2025-03-15,PRD-HJX72VZOFHAB,CLI-BMX8JHKFG7YS,Deposit,,3569.15,USD,,App,,,,México,Querétaro,Approved,00,False,19.19,,
TRX-YQBWCVCM29RYP2U1ZNNA,2025-03-15 19:40:16,2025-03-15,PRD-HFNRBBXRIBNS,CLI-83P8PP9L5SR5,Deposit,,1285891.71,ARS,3673.98,App,,,,Argentina,,Approved,00,False,28.9,,
TRX-9PZSXL6EM43ZALQMBGIY,2025-03-15 15:34:26,2025-03-15,PRD-69NK97M42QE4,CLI-QCNZTN2F3O7E,Withdrawal,,158686.53,ARS,453.39,ATM,SUC-GTAY0XHL,,,Argentina,Buenos Aires,Approved,00,False,19.45,-34.2371593,
TRX-760KVIBPBZY8A4HEMAIH,2025-03-15 21:25:56,2025-03-15,PRD-VICS5OZDZKC5,CLI-FTO4ZMFARE1O,Purchase,Services,7533.78,ARS,21.53,App,,Empresa Telefónica,Services,Argentina,,Approved,00,False,19.33,,
TRX-FNHL77JYQKE6EVZ5CKXR,2025-03-16 02:58:20,2025-03-15,PRD-PYS922O0TEUT,CLI-3EIS5WV2KSAY,Payment,Transport,5600845.34,COP,1400.21,POS,,,,Colombia,Barranquilla,Approved,00,False,7.35,,
TRX-SJM2ELST9KM8NUBUDTYV,2025-03-15 23:51:43,2025-03-15,PRD-EFY9HCT736IP,CLI-VMN23BE5HUZ2,Purchase,Food,71909.91,ARS,205.46,Web,,Super Ahorro,Food,Argentina,Córdoba,Approved,00,False,29.51,,
TRX-52H2TP9L06DX95VO08KN,2025-03-16 03:54:29,2025-03-15,PRD-EOIZ0O03UW75,CLI-0H5OORYAL1MX,Withdrawal,,20.91,USD,,Web,,,,México,Tijuana,Approved,00,False,14.52,,
TRX-1RBI1DTHZMFT6YCPRK0D,2025-03-15 08:03:08,2025-03-15,PRD-59EJY7OX5SDQ,CLI-8FJK5WGBZECL,Withdrawal,,22841.42,ARS,65.26,App,,,,Argentina,,Approved,00,False,4.04,,
TRX-EB24RLO834JBNEA9T95E,2025-03-15 18:18:05,2025-03-15,PRD-UBEPUPAA4J35,CLI-Y374BVPW5C5C,Transfer,,8594.98,USD,,POS,,,,México,Monterrey,Approved,00,False,,,
TRX-1QE7IIQ1MUJUYWIED0JT,2025-03-15 20:13:04,2025-03-15,PRD-D2K3TUEOFM18,CLI-NB460B1XB3DG,Payment,Food,685.98,USD,,ATM,SUC-E5CCM8ZI,,,Colombia,Bogotá,Approved,00,False,14.31,,
TRX-JFRCLWES2LR8EFY5ITU0,2025-03-15 10:50:54,2025-03-15,PRD-PBNTEA2M4PLN,CLI-HUVSUBK3D1PO,Deposit,,1843.78,USD,,ATM,SUC-1G7XCTV8,,,México,Querétaro,Approved,00,False,20.2,,
TRX-NX4MEP7DO478UH4QURAG,2025-03-16 05:46:10,2025-03-15,PRD-LKXEQFN589QB,CLI-UH8ZAG0XDXBV,Transfer,,1524745.66,ARS,4356.42,POS,,,,Argentina,Córdoba,Approved,00,False,0.6,,
TRX-42SFO9V3BNH76SPQKJ59,2025-03-16 00:12:28,2025-03-15,PRD-KFATW51H1X68,CLI-TEKYU1UFPEOE,Transfer,,1057.78,USD,,POS,,,,México,,Approved,00,False,,,
TRX-9E9SUSGLZ156WEOPGSO2,2025-03-15 19:25:33,2025-03-15,PRD-K0ZO0L1CMULC,CLI-85VITAKUB3PZ,Purchase,Transport,110332.86,ARS,315.24,POS,,Uber,Transport,Argentina,La Plata,Declined,14,False,,,
TRX-ZMPN4IL02K8N2RD0HNI6,2025-03-15 12:45:35,2025-03-15,PRD-9ZBDETF90TAV,CLI-POL31H51I04X,Deposit,,1011473.48,ARS,2889.92,POS,,,,Argentina,Mendoza,Approved,00,False,11.07,-34.8321072,-57.5439831
TRX-TD68918PYZ1NNKX8MO8R,2025-03-15 23:18:16,2025-03-15,PRD-9BOVKKVD0RJJ,CLI-3QUFDKIYR9N8,Payment,Entertainment,1152747.26,COP,288.19,Web,,,,Brazil,Brasília,Approved,00,False,,,
TRX-TRM4TJEOIVPHTA7XOWQ7,2025-03-15 08:57:34,2025-03-15,PRD-TXGWZ9XL94X2,CLI-8WD7SZI6WK8U,Withdrawal,,14858.11,ARS,42.45,App,,,,Argentina,Rosario,Approved,00,False,26.28,,
TRX-J3GZZCGZG5QKDQYZREBH,2025-03-16 00:33:57,2025-03-15,PRD-KXS9OKT6M8YK,CLI-W7AXA8SFA818,Purchase,Services,106586.76,ARS,304.53,POS,,Servicios Públicos,Services,Argentina,Córdoba,Approved,00,False,24.68,,
TRX-JR3HCRY4ZXPD17IXFBS3,2025-03-15 19:05:28,2025-03-15,PRD-8HLTXQKAHYAR,CLI-I2CXGJ6LN0AO,Purchase,Health,258.77,USD,,POS,,Clínica Médica,Health,México,,Approved,00,False,11.66,,
TRX-58952M09AS3459SIJZ5Q,2025-03-16 01:55:36,2025-03-15,PRD-A44NAOOP63W6,CLI-8KAOSUTBY74F,Transfer,,3149306.3,ARS,8998.02,App,,,,Argentina,Rosario,Approved,00,False,25.46,,
TRX-VM87N88QWEUZOTVZ1QPT,2025-03-15 10:08:33,2025-03-15,PRD-GPGCW12N5NM9,CLI-039GNBL4H9ON,Purchase,Food,37.17,USD,,ATM,SUC-Y18NE8GS,Tienda Don José,Food,México,Monterrey,Approved,00,False,,,
TRX-ZMK8TNSTS7DR225GMMC5,2025-03-15 14:45:46,2025-03-15,PRD-I05QATSVWWEZ,CLI-TPNZ42WTWMFR,Transfer,,24835520.79,COP,6208.88,POS,,,,Colombia,Medellín,Approved,00,False,20.55,,
TRX-Q3Z73ETK05NHJM8P8FAK,2025-03-15 20:27:20,2025-03-15,PRD-89IC2KWCP8HM,CLI-IXQ8PNU7TWU1,Payment,Transport,6166912.73,COP,1541.73,ATM,SUC-Q56PLH2J,,,Colombia,Bogotá,Approved,00,False,,,
TRX-001N8ZF8WRX1GNKZGO26,2025-03-16 02:34:18,2025-03-15,PRD-WEE30UBFNZWC,CLI-OSLRBFHY9ZTR,Payment,Services,527283.11,ARS,1506.52,POS,,,,Argentina,Mendoza,Approved,00,False,24.34,-33.8745667,-57.6994382
TRX-2X4GSQ3OFNJ0W7XLVZIT,2025-03-16 03:50:20,2025-03-15,PRD-KRHR2NV9SL9U,CLI-HV5ST38ZC3YK,Withdrawal,,35.25,USD,,ATM,SUC-IC4I9JS9,,,México,Ciudad de México,Approved,00,False,,,
TRX-DI1170AO30CDEMXM5VUU,2025-03-15 22:48:19,2025-03-15,PRD-4Y9J151S7D8I,CLI-WYP2YISL0HIW,Payment,Entertainment,1327.3,USD,,Web,,,,México,Ciudad de México,Approved,00,False,0.84,,
TRX-L82LQU70I8MCQNG49BPI,2025-03-15 10:36:39,2025-03-15,PRD-501MPV7345X4,CLI-6YKWCG180574,Purchase,Health,73083.75,ARS,208.81,ATM,SUC-PJ3BSV1X,Óptica Visión,Health,Argentina,Rosario,Approved,00,False,29.97,,
TRX-NJ0JD9PVK1HI3CS44EF4,2025-03-16 05:26:53,2025-03-15,PRD-LEAYM2QMZ929,CLI-4GHFCQJ8HU1Q,Transfer,,8657.35,USD,,Web,,,,México,Puebla,Approved,00,False,22.61,,
TRX-ZEFMNV7NPG5GB0U24E5S,2025-03-15 18:43:07,2025-03-15,PRD-TG6ATRCGIDHQ,CLI-CGD3LQJURK5Q,Purchase,,94843.22,ARS,270.98,POS,,Uber,,Colombia,Cali,Approved,00,False,21.57,-35.2878996,-57.6964192
TRX-WIRMWSOERP97L5HYOFIO,2025-03-15 10:04:07,2025-03-15,PRD-OT5VWCV8JC2Q,CLI-A62NTVWJ7I6C,Payment,Entertainment,838.42,USD,,POS,,,,México,Ciudad de México,Approved,00,False,21.81,,
TRX-6DALUOQZWXFIU292SBBU,2025-03-15 06:20:58,2025-03-15,PRD-XIG5O8MA1VCA,CLI-SILRC9L0PFU1,Transfer,,3802.59,USD,,ATM,SUC-1G7XCTV8,,,México,Guadalajara,Approved,,False,16.65,-0.8152037,0.2533865
TRX-U01VGFF33TJNRX8RHMMX,2025-03-15 08:51:07,2025-03-15,PRD-OOOIX5E03ZC9,CLI-LAITJK2GE258,Purchase,,476.15,USD,,App,,Taxi Seguro,Transport,México,Querétaro,Approved,,False,,,
TRX-DW3BY0IEMH8GN2YYXTWQ,2025-03-15 22:28:40,2025-03-15,PRD-YG14ZBA4IM5S,CLI-GKMCN9XAP11C,Purchase,Transport,461.71,USD,,Web,,Estación de Servicio,Transport,México,Querétaro,Approved,00,False,,,
TRX-2EKE7WA5QLOU0X1G14WM,2025-03-15 13:10:47,2025-03-15,PRD-ASBMQAWTR9XY,CLI-IBW5YP30UUYA,Purchase,Services,72.78,USD,,POS,,Empresa Telefónica,Services,México,Querétaro,Pending,54,False,25.19,,
TRX-J441U44QBVAXQ1CM8ECO,2025-03-16 00:58:20,2025-03-15,PRD-ZOFUGXK1HOVS,CLI-3SQZSZNHBVPN,Withdrawal,,74961.29,ARS,214.18,POS,,,,Argentina,Mendoza,Approved,00,False,,,
TRX-5FFEUF3OUGZOZ1CAXQT3,2025-03-15 10:59:17,2025-03-15,PRD-YBEALHMGWUO2,CLI-Y9TMAUTCHF2J,Payment,Entertainment,1232.26,USD,,POS,,,,México,Puebla,Approved,00,False,29.04,,
TRX-2T75177HBWF8E7TH0JBL,2025-03-15 14:10:23,2025-03-15,PRD-5M4YK2NKGV2W,CLI-ZLZIS443MY3J,Payment,Transport,2394012.84,COP,598.5,ATM,SUC-TQX7379E,,,Colombia,Cali,Approved,00,False,13.67,,
TRX-RAI1WM172SPF4K8XIMNP,2025-03-15 20:32:55,2025-03-15,PRD-BPJIFP27V24D,CLI-XDOZPEWNHSO4,Payment,Food,1778.17,USD,,ATM,,,,México,Ciudad de México,Declined,54,False,14.21,,
TRX-AUCF7VJIOSX9TQ7XEYH5,2025-03-15 22:26:21,2025-03-15,PRD-GN0W108XRTM4,CLI-G6T9IHRTTCF2,Withdrawal,,75.46,USD,,Web,,,,México,Tijuana,Approved,00,False,26.38,,
TRX-D0VRT7OWH322ZUT0AOBK,2025-03-15 06:39:22,2025-03-15,PRD-WL7RUIOKBXSU,CLI-T3C9Z7A22TS2,Withdrawal,,306.93,USD,,ATM,SUC-337QKO7D,,,México,,Approved,00,False,,0.0602274,-0.1333308
TRX-ZYYQOM6F43MCMUHQ3Z7I,2025-03-16 01:45:27,2025-03-15,PRD-L2DCW2VIG5WM,CLI-3757H4843Z7T,Transfer,,7680.48,USD,,ATM,SUC-SFEFYC6O,,,México,Guadalajara,Approved,00,False,4.72,0.1918782,0.4948955
TRX-IRK3246G2QRYK5AC9KT7,2025-03-15 06:49:21,2025-03-15,PRD-5O2MPHSN5DE7,CLI-CH001KINYMI9,Purchase,Food,192.93,USD,,POS,,Restaurante El Buen Sabor,Food,México,Tijuana,Approved,00,False,8.92,-0.1859505,0.357703
TRX-VSMFTA0ZUNBWF3MA0FPB,2025-03-15 23:18:54,2025-03-15,PRD-2C4BSZNYPCBS,CLI-N3PD0R3F3FR8,Purchase,Transport,200.21,USD,,POS,,Uber,Transport,México,,Approved,00,False,3.33,,
TRX-3R2K6VFHBTKSJRITCLL7,2025-03-15 21:30:14,2025-03-15,PRD-UN50QFXDOBK8,CLI-XTWZ1BU2Q77N,Deposit,,1427.92,USD,,POS,,,,Argentina,Rosario,Pending,14,False,8.0,,
TRX-GM3KHGIID9LJGNQ5NU66,2025-03-15 07:10:34,2025-03-15,PRD-Q1UYW9V1NNN9,CLI-E5IAOU0EPIEP,Purchase,Other,435.56,USD,,POS,,Centro Comercial,Other,México,Ciudad de México,Approved,00,False,,,
TRX-AIJ01CJNHXUYX4P4JZHN,2025-03-15 23:09:20,2025-03-15,PRD-PAXCPP78REIP,CLI-U3Y9NRWEC1WV,Transfer,,17692836.69,COP,4423.21,ATM,SUC-EXKJNP13,,,Colombia,Bogotá,Reversed,54,False,24.86,,
TRX-OPS2TWI24QA49YDAKK53,2025-03-15 15:20:23,2025-03-15,PRD-DXL5MHA0BVPQ,CLI-UXX0074NKDQK,Withdrawal,,876983.02,COP,219.25,ATM,SUC-XPLAOSH4,,,Colombia,Cali,Approved,00,False,9.81,,
TRX-ZXB1OR2UDV1UMTU4F2MZ,2025-03-15 20:29:04,2025-03-15,PRD-4OWEMPGENO4N,CLI-FBWRA7USOHY0,Transfer,,3195.92,USD,,App,,,,México,Querétaro,Approved,00,False,17.81,,
TRX-VZ58MSB0XEL07PSI16QC,2025-03-15 21:13:01,2025-03-15,PRD-PS94D7F47FK7,CLI-WT0EAQ8QNVMB,Transfer,,3068.06,USD,,ATM,SUC-QZU3WHKF,,,Mexico,Puebla,Approved,00,False,14.34,,
TRX-E4P5537X5VZC5XTWASI5,2025-03-15 17:54:57,2025-03-15,PRD-K7YS03E8OBDS,CLI-FXXC8RX01P7E,Purchase,Transport,166.3,USD,,ATM,SUC-P65ZGVH3,Uber,Transport,México,Ciudad de México,Approved,00,False,0.26,,
TRX-U1WH6PEXEJ931626XXYP,2025-03-15 09:41:10,2025-03-15,PRD-0R4W4S9D2IXB,CLI-83408BDPK7DJ,Withdrawal,,162.77,USD,,Branch,SUC-3XWIPDZ3,,,USA,Miami,Approved,,False,,,
TRX-0UI62LVWZUYBIX6A4YUS,2025-03-16 04:57:56,2025-03-15,PRD-G1ZJX2LM22CW,CLI-LLTO4SB58BBG,Transfer,,39572562.18,COP,9893.14,Web,,,,Colombia,Barranquilla,Approved,00,False,23.29,,
TRX-DZDY5FO6D3O6V78VA5PB,2025-03-15 10:14:59,2025-03-15,PRD-CGGE97VP14IO,CLI-GQ84VAZ365B8,Purchase,Services,75079.93,ARS,214.51,POS,,Cable TV,Services,Argentina,Buenos Aires,Approved,00,False,17.35,,
TRX-IONYFUIGDD9LJRQCWGLJ,2025-03-16 02:22:13,2025-03-15,PRD-R2B9QICPDF9P,CLI-NUEHVYJL5VRG,Purchase,Transport,211989.39,COP,53.0,App,,Estación de Servicio,Transport,Colombia,,Approved,00,False,24.6,,
TRX-KDAG4RW1PRBV4K6J87OU,2025-03-15 19:25:54,2025-03-15,PRD-8F24LA0D671S,CLI-Y4S9AICQTDRU,Withdrawal,,283.94,USD,,POS,,,,México,Puebla,Approved,00,False,2.48,-0.4188598,-0.4566577
TRX-ZEAJ5FSKRDVYE96NQ4JX,2025-03-15 16:21:59,2025-03-15,PRD-EU2WCWQ1B85B,CLI-2TTUJN360HU3,Transfer,,2650.14,USD,,Transfer,,,,México,Ciudad de México,Declined,54,False,,,
TRX-OAMB4BYSMJKXA89UFP83,2025-03-15 12:31:59,2025-03-15,PRD-8YX09AHX0O39,CLI-5QK79KLVURE9,Deposit,,1879.05,USD,,POS,,,,México,Querétaro,Approved,00,False,18.71,,
TRX-DIJFFWLC2ZTVRLUS3IZT,2025-03-15 19:06:55,2025-03-15,PRD-OID5MSMMBEFS,CLI-0NS3GDSJFDMT,Purchase,Transport,382.7,USD,,ATM,SUC-KUOJDQSO,Gasolinera Express,Transport,México,Ciudad de México,Declined,05,False,25.67,,
TRX-B3JF7QHEJAJGA2ACPM2M,2025-03-15 06:54:21,2025-03-15,PRD-CMUBIP78WVZX,CLI-MSWED76VSIXE,Withdrawal,,944213.96,COP,236.05,Web,,,,Colombia,Bogotá,Pending,54,False,12.58,,
TRX-3HJFEXP17DKUV3VGXCBS,2025-03-15 16:26:09,2025-03-15,PRD-MHLWW8AR2E1N,CLI-5XW091I8UHQN,Withdrawal,,128.31,USD,,POS,,,,México,Tijuana,Approved,00,False,9.02,,
TRX-D2P9UAXIBUSX5J09R864,2025-03-15 23:22:04,2025-03-15,PRD-VZ3X1DB35YMX,CLI-VPIXHJ4GZTUA,Purchase,Transport,17899.84,ARS,51.14,App,,Taxi Seguro,Transport,Argentina,,Approved,00,False,26.05,,
TRX-WRURXGZA342APZBRDJ0A,2025-03-15 19:14:20,2025-03-15,PRD-9YP7JN77Y48T,CLI-80L8YYN80L5S,Withdrawal,,41747.81,ARS,119.28,App,,,,Argentina,Córdoba,Approved,00,False,,,
TRX-APKNEY5UWUMOR7VOFZV3,2025-03-15 14:20:15,2025-03-15,PRD-WKXA3U77H1NY,CLI-B1LAOQI05KBR,Transfer,,17666916.78,COP,4416.73,ATM,SUC-I7CB5PA8,,,Colombia,Cartagena,Approved,00,False,10.71,,
TRX-MUTP2O20I0WOI7JF3T86,2025-03-15 13:10:53,2025-03-15,PRD-2ELMQBFL93WE,CLI-TVQUZ8N08HDS,Transfer,,2919389.27,ARS,8341.11,ATM,SUC-06H3RFFA,,,Argentina,La Plata,Approved,00,False,6.38,,
TRX-5YORT57OTH1R5ZCSW84Z,2025-03-15 13:11:40,2025-03-15,PRD-7UP0CF79XAW2,CLI-XZJG549J8ISU,Purchase,Services,425.06,USD,,Web,,Servicios Públicos,Services,México,Puebla,Approved,00,False,27.1,,
TRX-UKDR243KI3ZSVKESVAEQ,2025-03-15 17:40:01,2025-03-15,PRD-E4FSMR212G1X,CLI-NANFVOC3FYHQ,Payment,Entertainment,1283.49,USD,,App,,,,México,Puebla,Approved,00,False,9.76,,
TRX-N19440K9NLK1UIM7G3PF,2025-03-16 00:13:41,2025-03-15,PRD-Y0TYPLPZZD0G,CLI-E1LURYRRZJYP,Deposit,,1207046.08,ARS,3448.7,ATM,SUC-2T5PUX8Q,,,Argentina,Rosario,Approved,00,False,16.86,,
TRX-SVA8S45G87IH7O1YIV0Q,2025-03-16 04:13:04,2025-03-15,PRD-BMF0CWJ0ZZ30,CLI-22EGZD8D06NK,Purchase,Other,65.38,USD,,POS,,,Other,México,Guadalajara,Approved,00,False,28.13,,
TRX-SIH85M4XONAY72JBFLVI,2025-03-15 22:21:35,2025-03-15,PRD-L5518I6MY1XH,CLI-9FMMCIXIUSRR,Purchase,,317.68,USD,,POS,,Boutique Moda,Other,México,Querétaro,Approved,00,False,5.33,,
TRX-EFGGBJWL6FWJJOR0W78Z,2025-03-15 20:04:14,2025-03-15,PRD-VIWYPR9JKMW3,CLI-W8GYZH78ZG1L,Deposit,,401191.95,ARS,,ATM,SUC-4JYR8GOV,,,Argentina,La Plata,Declined,54,False,25.81,-35.3090214,-58.1822194
TRX-2ME3Z54C8O2EBNVOP5MA,2025-03-15 07:36:59,2025-03-15,PRD-RLZC0BFRCFFD,CLI-TIGAG95G6WFX,Transfer,,408.93,USD,,ATM,SUC-QMYSBASD,,,México,Monterrey,Pending,54,False,12.46,-0.2153706,0.2530944
TRX-LZG1UOF1IG9VJDU7Z4GP,2025-03-15 10:24:12,2025-03-15,PRD-KIV268XGVMD5,CLI-XIZ44LQBC36H,Purchase,Services,165943.46,ARS,474.12,POS,,Empresa Telefónica,Services,Argentina,,Approved,00,False,15.16,,
TRX-TBMKE044KK4EC1LBEAOR,2025-03-16 02:44:19,2025-03-15,PRD-LD4T1G4ZX1C0,CLI-P2DSZY4WATTU,Withdrawal,,67760.12,ARS,193.6,POS,,,,Argentina,Mendoza,Approved,00,False,17.67,-34.6084413,-57.546169
TRX-IAF3WJLDUWAGYX7HXLOT,2025-03-16 04:59:21,2025-03-15,PRD-U55HM93VM2FP,CLI-6X7LQSWT20O3,Transfer,,19033183.17,COP,4758.3,ATM,SUC-HO849Z2Q,,,USA,,Approved,00,False,6.01,5.7106875,-74.0426361
TRX-RDEKJ4DKT1INEJP44JJG,2025-03-15 15:49:59,2025-03-15,PRD-GUSHMSUSOKD9,CLI-CP8QD07DS99O,Withdrawal,,633118.88,COP,158.28,Branch,SUC-HO849Z2Q,,,Colombia,Bogotá,Approved,00,False,3.47,,
TRX-IB3XEYBBGXKGDLB1UGYZ,2025-03-15 14:55:10,2025-03-15,PRD-IFMA48CM0BIO,CLI-FPR0YXG087WZ,Transfer,,31522706.06,COP,7880.68,Web,,,,Colombia,Cali,Approved,00,False,15.92,,
TRX-WN596NR5FF3L5OYI2R70,2025-03-15 15:56:05,2025-03-15,PRD-7NCCJMDH517H,CLI-PZUL5BGDLI1A,Payment,Other,1951.69,USD,,POS,,,,Colombia,Cartagena,Approved,00,False,19.01,,
TRX-YWRUDCKNBM2QBBCUT62W,2025-03-16 01:49:26,2025-03-15,PRD-9P9KJAUNXBO3,CLI-FHSZCWI4BLH7,Deposit,,1618.87,USD,,Web,,,,México,Monterrey,Approved,00,False,9.71,,
TRX-OZHJ1RNRWCYB4MSJBBHX,2025-03-16 01:42:47,2025-03-15,PRD-YZ4H1RP0SNDD,CLI-M69F9CRGGLI8,Purchase,Entertainment,422.16,USD,,POS,,Cine Premium,Entertainment,Mexico,Guadalajara,Approved,00,False,17.48,,
TRX-LE8HQSQVERJAZ40Y1LKR,2025-03-16 01:43:56,2025-03-15,PRD-57XTCLI5XJ0X,CLI-K0F252W80IFR,Purchase,Food,1075555.26,COP,268.89,App,,Tienda Don José,Food,Colombia,Barranquilla,Approved,00,False,14.35,,
TRX-BWTCFS93K7L7SXNQHEJB,2025-03-15 13:38:19,2025-03-15,PRD-YS21F57I126X,CLI-ZXHJALMWE1KI,Purchase,Transport,261.33,USD,,Web,,Estación de Servicio,Transport,México,,Approved,00,False,7.49,,
TRX-88QPRFDRSHRQFGUIOYRN,2025-03-15 09:10:01,2025-03-15,PRD-6WC99DD3W9AP,CLI-AESHOGPJC6HQ,Adjustment,,235.92,USD,,ATM,,,,Colombia,Medellín,Approved,00,False,19.67,,
TRX-QJMGAD2SGBWLU4R1AVCS,2025-03-15 11:31:41,2025-03-15,PRD-0CPIS2D04VTT,CLI-MK1HXDPPLRHE,Purchase,Services,72.16,USD,,POS,,Servicios Públicos,Services,México,Querétaro,Approved,00,False,,,
TRX-FWR90R0ZS7OLRQRERTXI,2025-03-15 22:50:51,2025-03-15,PRD-PXZ5VS89E4FT,CLI-CM609CBJ6QI9,Transfer,,3341695.22,ARS,9547.7,App,,,,Argentina,Córdoba,Approved,00,False,18.02,,
TRX-0XTR9IWE9N9XC9HT1COR,2025-03-15 13:33:49,2025-03-15,PRD-STI917GZUVOD,CLI-MRAH70ER3IYR,Withdrawal,,99734.54,ARS,284.96,POS,,,,Argentina,,Approved,00,False,12.87,,
TRX-FCUYDMNRQFRJ1VQKFHAW,2025-03-15 14:00:00,2025-03-15,PRD-1P8IA4L7QAL3,CLI-WB2GOPLT549A,Purchase,Entertainment,157788.61,ARS,450.82,POS,,Conciertos Live,Entertainment,Colombia,Barranquilla,Approved,00,False,27.28,,
TRX-JFY53K2I67JEFYHA69H3,2025-03-15 21:30:02,2025-03-15,PRD-HV71R0Q5CTD7,CLI-OV0882BH5T4B,Withdrawal,,1085792.37,COP,271.45,POS,,,,Colombia,Cali,Approved,00,False,25.51,5.4693011,-74.0321923
TRX-XR2LFS741QWXVQRMQMKC,2025-03-15 17:51:05,2025-03-15,PRD-8FO0O6B0LBRF,CLI-QBZAHM0UWKVA,Transfer,,27905567.29,COP,6976.39,ATM,SUC-OPPQ932B,,,Colombia,,Approved,00,False,19.88,,
TRX-HNCJRAE8UUC9KXANFXKU,2025-03-15 18:40:56,2025-03-15,PRD-72YEXC9LRDNH,CLI-NUSOF8TCG82Q,Withdrawal,,154.12,USD,,App,,,,México,Guadalajara,Approved,00,False,13.51,,
TRX-A570WCUOE2TJ974TMEJB,2025-03-15 08:57:44,2025-03-15,PRD-UKQQL9XY2UAD,CLI-ZXWCJE3E973M,Deposit,,1049.95,USD,,POS,,,,México,Querétaro,Approved,00,False,,,
TRX-LDWQ1AQDZS7LRNXXNMCO,2025-03-15 11:07:18,2025-03-15,PRD-2OMCU3PBTOPP,CLI-D2DD98FMFAYW,Withdrawal,,96081.88,ARS,274.52,POS,,,,USA,New York,Approved,00,False,24.05,,
TRX-UEQTBXLYW9HW2EOHRAAG,2025-03-15 08:34:44,2025-03-15,PRD-PNCB0OPU4A4C,CLI-5DXFJMPJIEPO,Purchase,Services,242.95,USD,,ATM,SUC-ZXOSBE5D,Servicios Públicos,Services,México,Tijuana,Approved,00,False,7.71,,
TRX-142HNIUV7VC153SPB5GS,2025-03-16 02:18:25,2025-03-15,PRD-G6NJ0L16AHPK,CLI-EOE5COOUZ2WG,Purchase,Food,498.9,USD,,POS,,Restaurante El Buen Sabor,Food,México,Monterrey,Approved,00,False,9.12,0.8103529,0.9940662
TRX-DDKD0H7Y2V2SIXCXUBQZ,2025-03-15 07:11:59,2025-03-15,PRD-89ZY19K2P0VK,CLI-KKXW7RX2OZZK,Adjustment,,517.28,USD,,ATM,SUC-P6VSAH4U,,,Colombia,Cartagena,Approved,,False,16.62,5.5104404,-74.7060172
TRX-QFQWITQV7T949SX7SOMQ,2025-03-15 06:00:17,2025-03-15,PRD-IJO544BIXO9H,CLI-TX921L9USJMJ,Transfer,,3672.43,USD,,ATM,SUC-9L4T3P44,,,Colombia,Medellín,Approved,00,False,28.81,,
TRX-0F4V71DKT0O2ZLEPEN4X,2025-03-16 04:37:02,2025-03-15,PRD-08DAS108XHGA,CLI-IKCJ1B1UKQRO,Withdrawal,,103838.6,ARS,296.68,ATM,SUC-2VHGDILI,,,Argentina,Córdoba,Approved,00,False,15.8,,
TRX-NMBLL3LUQ2KS8CXRR9V9,2025-03-15 10:43:38,2025-03-15,PRD-T15W6WDF5N15,CLI-FY2QL7YGISRH,Withdrawal,,318.37,USD,,App,,,,México,Guadalajara,Declined,54,False,19.93,,
TRX-KUXDRFWVARD8R9N94CWQ,2025-03-15 11:43:28,2025-03-15,PRD-ZWY1G7HT9QLW,CLI-84AF5VSV9WPB,Purchase,Other,1915044.44,COP,478.76,POS,,Ferretería,Other,Colombia,Bogotá,Approved,00,False,10.5,4.8881155,-74.1033851
TRX-17TJRGLYJC5J7965FV3V,2025-03-15 14:04:00,2025-03-15,PRD-EEKQKO5BS3GF,CLI-AKZVLGLV9641,Payment,Entertainment,1250.3,USD,,App,,,,México,Monterrey,Pending,05,False,10.23,,
TRX-6JBJZASTX5865XKABEMR,2025-03-16 02:48:49,2025-03-15,PRD-CKI0CN9CHGUR,CLI-VMMBGFNRAAXR,Payment,Transport,2899301.39,COP,724.83,Web,,,,Colombia,Medellín,Approved,00,False,23.03,,
TRX-HV4GONJIFBPJXL8BKNN6,2025-03-15 17:43:31,2025-03-15,PRD-MNQIUB2IBJ68,CLI-EB9182ECRDI3,Purchase,Food,85.8,USD,,ATM,SUC-M96GKW7T,Tienda Don José,Food,Colombia,Barranquilla,Approved,00,False,5.27,4.4240367,-73.6936827
TRX-MTE47PI8Q8RGDNKWJ38G,2025-03-15 23:10:00,2025-03-15,PRD-3VK3LT1WAHXL,CLI-4BNVSQLNSLD2,Transfer,,8196.34,USD,,POS,,,,México,Monterrey,Approved,00,False,0.17,,
TRX-B325FX5E9AWJS6B5CO93,2025-03-15 21:12:49,2025-03-15,PRD-WTT4K57WFD23,CLI-D8VA1OGQYJV1,Purchase,Food,174.76,USD,,POS,,Tienda Don José,Food,México,Monterrey,Approved,00,False,18.52,,
TRX-0Y2JJOT2CLUZS454PFYP,2025-03-15 12:26:45,2025-03-15,PRD-TK0AF2XVFE2P,CLI-R0TOR850AC3F,Deposit,,893.5,USD,,App,,,,México,Guadalajara,Approved,00,False,,,
TRX-XMFS8Y6J8LR2D3Q8IZ53,2025-03-15 17:42:52,2025-03-15,PRD-F2MQOUYKFYP6,CLI-69SF9FHTNEAI,Purchase,,17.87,USD,,POS,,Internet Plus,Services,México,Ciudad de México,Approved,00,False,,,
TRX-LIJ2ZLLIZKQY845NR2IQ,2025-03-15 22:21:44,2025-03-15,PRD-MN4XF08L8CTP,CLI-6F6N64DJG44K,Transfer,,15891031.72,COP,3972.76,App,,,,Colombia,Medellín,Approved,00,False,,,
TRX-SLV3R5AZ3WMG0QGGJ1U1,2025-03-15 15:59:17,2025-03-15,PRD-31VGH3AIBH60,CLI-E3SQYWYUOOVT,Transfer,,2047786.28,COP,511.95,App,,,,Colombia,Cartagena,Approved,00,False,16.08,,
TRX-UAQYYUG5MQDS6IUWIQU4,2025-03-15 11:48:38,2025-03-15,PRD-X9D0GSSSB67Y,CLI-Z8I32O3EQSMD,Deposit,,4684757.85,COP,1171.19,App,,,,Colombia,Bogotá,Approved,00,False,,,
TRX-G3IXQF6015HYU5H5JCF7,2025-03-15 06:50:53,2025-03-15,PRD-QDKVC1G5GNJ3,CLI-FPR4TMTHI9CR,Payment,Entertainment,1373.36,USD,,ATM,SUC-SUAMAVYV,,,México,Tijuana,Approved,,False,12.63,0.2465456,-0.0351634
TRX-SU9VNLIIKEPTVGTVAS8Z,2025-03-15 18:24:54,2025-03-15,PRD-YKSMN0N8A3CM,CLI-EXX9Z4I4P33M,Payment,Other,201385.84,ARS,575.39,POS,,,,Argentina,La Plata,Approved,00,False,24.23,,
TRX-NXM9NHO41BC8FE0RD148,2025-03-15 06:42:24,2025-03-15,PRD-H9WCMOPNLDO6,CLI-KW1Y5W0LHJGP,Withdrawal,,345.09,USD,,App,,,,México,Querétaro,Approved,00,False,,,
TRX-586JG1I4XGKPT0BAW2GZ,2025-03-15 10:43:42,2025-03-15,PRD-G50DG5VBY0WS,CLI-R2H6LUAYCRWE,Payment,Other,1315.61,USD,,POS,,,,México,Querétaro,Approved,00,False,12.91,,
TRX-DPAKFFX62NHZMFUSUHNU,2025-03-15 19:22:29,2025-03-15,PRD-UVFZDGLF5I96,CLI-61634D11L672,Purchase,,454.77,USD,,ATM,SUC-9FWCAJXI,Tienda General,Other,USA,Miami,Approved,00,False,24.06,4.5719961,-75.0308954
TRX-UF88012MER493UB8KCWW,2025-03-15 15:24:28,2025-03-15,PRD-K5Q54QIX0BTW,CLI-2XBL2T3MLJR5,Payment,Entertainment,5394117.69,COP,1348.53,POS,,,,Colombia,Barranquilla,Approved,00,False,,5.3701826,-73.0802798
TRX-WWXJPAAZPDA2OK3J5BZK,2025-03-15 23:05:01,2025-03-15,PRD-JESJXVHAIT3G,CLI-F8OKCTJRTYZP,Payment,Services,672.96,USD,,App,,,,México,Querétaro,Approved,00,False,19.46,,
TRX-54ZA5TYIH1PFTR7I1C5P,2025-03-16 05:45:24,2025-03-15,PRD-JEUASDARIRMD,CLI-GYL1WIFB8GH3,Withdrawal,,1454154.44,COP,363.54,POS,,,,Colombia,Cartagena,Approved,00,False,23.45,4.5943769,-73.0952842
TRX-G63Q3GYTF4YOULZDNJX8,2025-03-15 06:37:25,2025-03-15,PRD-DQIGO2CEOQWZ,CLI-0UYTRPLEPF2C,Purchase,Other,48915.89,ARS,139.76,ATM,SUC-5YFUX3Z6,Boutique Moda,Other,Argentina,La Plata,Approved,00,False,,-34.3279552,-58.4800352
TRX-5RWF8TUZ161P4OJHXRR4,2025-03-16 02:58:12,2025-03-15,PRD-WSTA8PFKES74,CLI-ENVWF1REGX5R,Payment,Entertainment,1106.33,USD,,App,,,,México,Tijuana,Approved,00,False,11.89,,
TRX-VW527P67I8X8PJ4UPJQX,2025-03-15 07:41:22,2025-03-15,PRD-7GT9ISAWF4OU,CLI-3WP5IRI8DL1V,Payment,Services,3159813.52,COP,789.95,POS,,,,Colombia,Medellín,Approved,00,False,25.34,,
TRX-J125N6GG20X5UUWBE7HQ,2025-03-16 00:16:07,2025-03-15,PRD-ESM3OG1ALZLP,CLI-3H617KNS9OGS,Adjustment,,837.09,USD,,App,,,,México,Puebla,Approved,00,False,20.36,,
TRX-JO0CCTNWQ0XVFRQ8WAL2,2025-03-15 20:57:00,2025-03-15,PRD-E0WQMHWT7YL7,CLI-YW2GKC9DHKP3,Withdrawal,,387.11,USD,,ATM,SUC-YZRQJS5X,,,México,Ciudad de México,Approved,00,False,,,
TRX-GPSA9JMNADJ34823NXSP,2025-03-16 04:34:10,2025-03-15,PRD-WDT92PQOGS2C,CLI-OFAJVSTG5OHJ,Purchase,Entertainment,66070.01,ARS,188.77,App,,Cine Premium,Entertainment,Argentina,Rosario,Approved,00,False,25.96,,
TRX-X6NYHOT18VM5IE7GGMPT,2025-03-15 21:09:07,2025-03-15,PRD-HNDRAULSDLBH,CLI-4NNYKZOWE9NB,Withdrawal,,1936318.19,COP,484.08,Branch,SUC-DLYE60QN,,,Colombia,Cali,Approved,00,False,15.06,,
TRX-YKEE5A4LQ3NQ0GFTZ56Y,2025-03-15 09:05:31,2025-03-15,PRD-ZK3TM07XE2VR,CLI-2J1ZP9F3SQ8R,Purchase,Entertainment,4313.66,ARS,12.32,ATM,SUC-2VHGDILI,Cine Premium,Entertainment,Argentina,,Approved,00,False,6.97,,
TRX-Y76A78VC1ZZNBUUAWSJY,2025-03-16 01:01:57,2025-03-15,PRD-EIYXOVRZUTT0,CLI-W1CTMON4PYJ0,Withdrawal,,1931496.23,COP,482.87,Web,,,,Colombia,Cartagena,Approved,00,False,20.14,,
TRX-Y9JT8UBUWUJ1DT7IOQOQ,2025-03-15 19:19:18,2025-03-15,PRD-N2FDC8GJM1CQ,CLI-NBDPSMKZ6G2B,Transfer,,894.1,USD,,POS,,,,Colombia,Medellín,Approved,00,False,1.28,0.9331796,0.0143594
TRX-1HRLEUOX3XVKPMUKZSQC,2025-03-15 11:26:38,2025-03-15,PRD-SYD8XSMLIWLD,CLI-I3K7503SC752,Deposit,,12377083.54,COP,3094.27,POS,,,,Colombia,Medellín,Approved,00,False,19.77,,
TRX-HI9FWI7YJGKT3WGSLUZ8,2025-03-15 23:46:54,2025-03-15,PRD-LXIMTKBJ1HS4,CLI-U1SQULXRGQA3,Deposit,,4726.9,USD,,ATM,SUC-3DCC91G4,,,México,Ciudad de México,Approved,00,False,2.68,-0.6495453,-0.6169324
TRX-9OL7IUMTJWKJZD6Q89OM,2025-03-15 15:07:51,2025-03-15,PRD-6JYFCUX7Z11M,CLI-U240ENAUC3BY,Withdrawal,,188.35,USD,,POS,,,,Colombia,Barranquilla,Approved,00,False,12.35,5.5772265,-73.5696388
TRX-836THS48NGRON7Z30ZQ1,2025-03-16 03:32:08,2025-03-15,PRD-NSYS4V3IKFI2,CLI-48FXRW7N99RZ,Transfer,,4004.49,USD,,ATM,SUC-Y15GDF24,,,México,Monterrey,Pending,51,False,28.43,-0.1172304,0.075377
TRX-T6NG9HFK23YHY5O9CZUI,2025-03-15 15:43:01,2025-03-15,PRD-78QR327B8FLY,CLI-QRNJ4TPF9QWZ,Payment,Food,6758142.59,COP,1689.54,POS,,,,Colombia,Bogotá,Approved,00,False,18.16,,
TRX-IFZYHG2V94OHUAAM1OYQ,2025-03-15 09:15:31,2025-03-15,PRD-KPN4V2IDBK3K,CLI-TUVIJU2Z1EGY,Deposit,,2823.59,USD,,POS,,,,México,Querétaro,Approved,00,False,10.26,,
TRX-6KAKFG3IWXBZ06NEHVJI,2025-03-15 07:27:01,2025-03-15,PRD-7L5TZM3OU8Z6,CLI-2ORLY7AFE1Y6,Withdrawal,,355.26,USD,,ATM,,,,Argentina,Córdoba,Approved,00,False,27.81,,-59.1107973
TRX-U4WYJHIPFT50JYDLUQFX,2025-03-15 11:46:01,2025-03-15,PRD-WAEKN34NZJNS,CLI-FDX465MCVBZQ,Payment,Transport,1250.22,USD,,ATM,SUC-2QR0HN01,,,Colombia,Bogotá,Approved,00,False,6.0,,
TRX-6AZRSKGUDMPRDI7F4YJM,2025-03-16 00:17:29,2025-03-15,PRD-ITHDTT035C1S,CLI-CD17ATQATAG2,Transfer,,4661690.43,COP,1165.42,App,,,,Colombia,Cartagena,Approved,00,False,,,
TRX-950D0R8BONFAV5TVAM9I,2025-03-15 16:19:06,2025-03-15,PRD-LC89X2VAM110,CLI-X8749V44D7DO,Payment,Other,271.57,USD,,Web,,,,México,Tijuana,Approved,00,False,,,
TRX-QFAUBIC10JV4COFY5SOM,2025-03-16 05:11:34,2025-03-15,PRD-DN32RL728C9C,CLI-1A5I6JLS6BZO,Purchase,Entertainment,166.65,USD,,POS,,Cine Premium,,México,Tijuana,Approved,00,False,3.98,,
TRX-H5Q04Y5DD9CQXRZVVNTJ,2025-03-15 20:51:58,2025-03-15,PRD-J3AMG68JN8UL,CLI-GSU2KH2ZRMVK,Purchase,Entertainment,21275.95,ARS,60.79,ATM,SUC-4ICHM641,Streaming Music,,Argentina,Mendoza,Approved,00,False,17.69,,
TRX-HQKH0IZN9C8CKG9HHS57,2025-03-15 18:10:51,2025-03-15,PRD-TBOVY3U1LDOD,CLI-X799Y4BIP3E9,Adjustment,,3682796.35,COP,920.7,ATM,SUC-OGCB7RT2,,,Colombia,Cartagena,Pending,51,False,29.16,4.2191044,-74.5544659
TRX-GDWHO4Y9R5T7G44AEY6I,2025-03-15 20:07:50,2025-03-15,PRD-PDEJU41KBVTA,CLI-U9WROLD754X1,Transfer,,9400.35,USD,,Transfer,,,,Argentina,Rosario,Approved,00,False,,,
TRX-519U43CPYGLY4R5HAG48,2025-03-15 17:15:04,2025-03-15,PRD-QTNBYAY87DZN,CLI-HPVTV49OA07S,Withdrawal,,10588.28,ARS,30.25,ATM,SUC-2VHGDILI,,,Argentina,La Plata,Approved,00,False,5.05,-33.6587015,-58.5217875
TRX-V66YF4FPWUWMEWG7TIYE,2025-03-15 06:36:25,2025-03-15,PRD-JYSB0L48IYM2,CLI-0BO2MDL8PUV0,Deposit,,485762.78,ARS,1387.89,Web,,,,Argentina,Buenos Aires,Approved,,False,17.87,,
TRX-DV2V7QXW10PV1I9SA7S0,2025-03-15 10:07:55,2025-03-15,PRD-DYNSDQDR32EU,CLI-690N2TBJ4OM7,Purchase,Services,420.95,USD,,POS,,,Services,México,Tijuana,Approved,00,False,14.88,,
TRX-AQGLIPSK615GOEIQBCO3,2025-03-15 10:39:29,2025-03-15,PRD-6Z48DK5YPM30,CLI-P0I4ER0UPMDQ,Withdrawal,,60.13,USD,,Web,,,,México,Puebla,Approved,00,False,9.54,,
TRX-YOFNTGYD4L2YJKBYOZ9V,2025-03-16 05:38:13,2025-03-15,PRD-X7IWVRL906DJ,CLI-NT0LQJJ4SH2A,Payment,Transport,111.59,USD,,ATM,SUC-DN1V9J1Z,,,México,Ciudad de México,Approved,00,False,,,
TRX-1G2ANYOOJOWGSQBO03G4,2025-03-15 09:21:31,2025-03-15,PRD-WRVQUB767W7W,CLI-PI95OX956HI0,Purchase,Entertainment,211.73,USD,,POS,,Streaming Music,,México,Monterrey,Approved,00,False,8.55,-0.636518,-0.718291
TRX-T1M35KWVL3TNUSQUT5UP,2025-03-15 11:07:58,2025-03-15,PRD-TIXMS8M7WLKF,CLI-MZVJZTKMGQC3,Transfer,,37330204.76,COP,9332.55,ATM,SUC-6NKYKKQR,,,Brazil,Rio de Janeiro,Approved,00,False,0.96,,
TRX-4Z81PFG8UZLK0T5QJ23Z,2025-03-15 12:06:15,2025-03-15,PRD-PTYP9BQP9IUE,CLI-FPUJCB4P3LUJ,Deposit,,1434958.82,ARS,4099.88,App,,,,Argentina,La Plata,Approved,,False,24.32,,
TRX-A8JE800TFUOL1RHMOLZG,2025-03-16 05:39:54,2025-03-15,PRD-3VULJXER1VPM,CLI-VSAF7DXAN3QU,Deposit,,1303834.02,ARS,3725.24,App,,,,Argentina,Mendoza,Approved,00,False,0.45,,
TRX-7GJ14NI37LD9V0ECUTJU,2025-03-16 03:30:02,2025-03-15,PRD-94YQS2BX8LGM,CLI-IMCID158NTCQ,Withdrawal,,39.86,USD,,POS,,,,Argentina,Buenos Aires,Approved,00,False,6.41,,
TRX-2NY3C8LTU0Y11VXJPQ9R,2025-03-15 13:46:01,2025-03-15,PRD-XXDRPRUL78ZE,CLI-YQXOU4NCDSNH,Purchase,Other,80837.22,ARS,230.96,POS,,Ferretería,Other,Argentina,Rosario,Approved,00,False,8.7,,
TRX-H22W3R6Y6QY2L5VX0QRD,2025-03-15 19:37:01,2025-03-15,PRD-YFR14QURG1M9,CLI-YLSQES5BWAJC,Adjustment,,216364.95,ARS,618.19,POS,,,,Argentina,La Plata,Approved,00,False,14.83,,
TRX-FNR45UNJTXS2F4FDX591,2025-03-16 03:17:11,2025-03-15,PRD-P84VPG9RDSN8,CLI-EYKDP5BPMEE3,Purchase,Services,94.31,USD,,App,,Empresa Telefónica,Services,México,Querétaro,Approved,00,False,23.14,,
TRX-UW0TOMT88JP6Y48ZZD20,2025-03-16 01:36:03,2025-03-15,PRD-ZL68G34YXDHZ,CLI-V3CA9GOAY6CN,Transfer,,17410770.88,COP,4352.69,POS,,,,Colombia,Bogotá,Approved,00,False,,,
TRX-16IFU22FAVZ6OWY65X2V,2025-03-15 19:54:30,2025-03-15,PRD-DU1RS17RJ0AT,CLI-CV55NV0UK9NC,Purchase,Other,94069.39,ARS,268.77,POS,,Tienda General,Other,Brazil,São Paulo,Approved,00,False,26.69,,
TRX-S1QFDYSGCSJXG8VWBXMD,2025-03-15 06:39:57,2025-03-15,PRD-YJLK6GM1C9YA,CLI-MLGH9NZKBA6Y,Withdrawal,,123738.52,ARS,353.54,ATM,SUC-ZVPEMWQP,,,Argentina,Buenos Aires,Approved,00,False,3.41,,
TRX-G194TAJ23O5PIQ6VCQTE,2025-03-15 22:32:01,2025-03-15,PRD-BQT2KM4BYJXB,CLI-L2IARG8R29LI,Purchase,,84788.9,ARS,242.25,POS,,Tienda Don José,Food,Argentina,Buenos Aires,Approved,00,False,22.88,-35.2526432,-58.2334255
TRX-LT23GA6OJ6VT983KP0YQ,2025-03-15 12:30:38,2025-03-15,PRD-M86DXUSU5WOQ,CLI-JPPU3AZ09DYU,Transfer,,2800111.84,ARS,8000.32,Web,,,,Argentina,Rosario,Approved,00,False,27.24,,
TRX-GOR0FH1O8VW7TU5ZK8CU,2025-03-15 18:48:14,2025-03-15,PRD-HSSZ1VHVMAYA,CLI-24SIP98OW31Q,Withdrawal,,45420.02,ARS,129.77,Web,,,,Argentina,Mendoza,Approved,00,False,4.25,,
TRX-28NWSRVAC3L4ZER0KUZE,2025-03-15 13:48:30,2025-03-15,PRD-RYYJO4K2C1WR,CLI-I2QC12VHTSYJ,Deposit,,11045840.0,COP,2761.46,App,,,,Colombia,Medellín,Approved,00,False,0.49,,
TRX-DV0N549YN3N5H1Y9Y5KV,2025-03-15 10:20:51,2025-03-15,PRD-IP98BO2LEEOR,CLI-1T5ESLKFT6L6,Deposit,,4471.53,USD,,Web,,,,México,Monterrey,Approved,00,False,22.64,,
TRX-1556OSJ0GFJMEU6A5KQE,2025-03-15 17:30:46,2025-03-15,PRD-DGNZRDA6MHYD,CLI-9T9RFTUAEUFH,Transfer,,29759212.57,COP,7439.8,App,,,,Colombia,Medellín,Approved,00,False,29.22,,
TRX-YRWV8X15OPIZJRRSYP2H,2025-03-15 20:05:11,2025-03-15,PRD-BK2WSO4SHLC9,CLI-AT8OOIFY5CH5,Transfer,,6204.46,USD,,Branch,SUC-WSSLNOPN,,,Mexico,Ciudad de México,Approved,00,False,,,
TRX-RL7LEPW5YBY4O20TZ771,2025-03-15 22:25:49,2025-03-15,PRD-NTKCEXOM8SNE,CLI-Y49AOSBWBNN0,Purchase,Food,366848.48,COP,91.71,Web,,Super Ahorro,Food,Colombia,Medellín,Approved,00,False,6.35,,
TRX-R128TAFK3J2JODR41RTI,2025-03-16 01:49:15,2025-03-15,PRD-J6PCOHDW83Z2,CLI-YSUDNKCY17L0,Withdrawal,,468.48,USD,,POS,,,,México,Querétaro,Approved,00,False,26.1,,
TRX-FX216YOC463I0496KU48,2025-03-16 03:16:58,2025-03-15,PRD-NVCX3SOQCW71,CLI-OCON1X2APZ1K,Purchase,Food,898676.47,COP,224.67,Web,,Restaurante El Buen Sabor,Food,Spain,,Approved,00,False,16.35,,
TRX-V05LQ3M5V6ZH7E5DGJ13,2025-03-15 20:51:48,2025-03-15,PRD-W4TJ55REIHEN,CLI-UJHHPNG9HMYE,Purchase,Other,38.36,USD,,ATM,SUC-VTIA5X8Y,Boutique Moda,Other,México,Querétaro,Approved,00,False,,,
TRX-M1YHN51H4XDCG6IEXKDR,2025-03-15 19:52:00,2025-03-15,PRD-V8I8SAQKJPV2,CLI-CRCRI9HPQJ9P,Purchase,Food,258.18,USD,,App,,Mercado Central,Food,Argentina,Mendoza,Approved,00,False,13.89,,
TRX-U9V2UFPTW6EVY6XELISI,2025-03-15 23:01:23,2025-03-15,PRD-HGWKDF76ZEU6,CLI-C07MM7P0BEXD,Purchase,Food,928471.43,COP,232.12,App,,Super Ahorro,Food,Colombia,Cali,Approved,00,False,0.84,,
TRX-AZU1DFP011AGLRJ0HJWU,2025-03-15 20:31:30,2025-03-15,PRD-1Y0JXTL5RL42,CLI-MB5I7LY3A71D,Withdrawal,,136.35,USD,,POS,,,,México,Tijuana,Approved,00,False,,,
TRX-Q794BKWIV1P44CZOU20A,2025-03-15 23:27:16,2025-03-15,PRD-STU0ZS1I7IBK,CLI-L6B058CBB1HQ,Transfer,,650036.08,ARS,1857.25,ATM,SUC-D4W8JR4A,,,Argentina,La Plata,Approved,00,False,21.71,,
TRX-METS0MXPO1LC0D6ZVYG6,2025-03-15 08:07:12,2025-03-15,PRD-EL66SQ3QT1LS,CLI-1WI25UQD74VW,Purchase,Transport,115344.02,COP,28.84,ATM,SUC-A1FLMPEF,Estación de Servicio,Transport,Colombia,Medellín,Approved,00,False,1.08,4.1011759,-73.8050473
TRX-GCYLRL81YA3QPK33UH3A,2025-03-15 23:20:47,2025-03-15,PRD-7KZG61954HSD,CLI-QC1IPBUKNOUQ,Transfer,,3440.32,USD,,ATM,SUC-C28AFJAZ,,,México,Querétaro,Approved,00,False,12.29,-0.3617711,-0.8350113
TRX-196L6QYLLU4LK4OSP9H4,2025-03-16 03:55:56,2025-03-15,PRD-TH5XWFAZQ94P,CLI-PJAPKV8CHA5F,Payment,Entertainment,270.65,USD,,ATM,SUC-LBPQUZ4D,,,México,Monterrey,Approved,00,False,29.8,,
TRX-O0IJRK39VTH0PPRDEGSL,2025-03-16 01:07:42,2025-03-15,PRD-BRSSKRU722XK,CLI-V7GBVOMG2TNN,Purchase,,202.25,USD,,ATM,SUC-337QKO7D,Tienda General,Other,México,Monterrey,Pending,,False,9.14,,
TRX-ZDMGYAWHK2NMFO5JOB0C,2025-03-15 10:13:52,2025-03-15,PRD-NG0SWYSILLU5,CLI-EZ1ZZVJ1M322,Transfer,,8549.94,USD,,POS,,,,México,Guadalajara,Approved,00,False,21.38,,
TRX-96J9CFHR0ZJXJ7I385SK,2025-03-15 14:02:55,2025-03-15,PRD-KMJDVF4FBXPG,CLI-DXTMTBVS83FS,Transfer,,21577679.81,COP,5394.42,POS,,,,Colombia,Medellín,Approved,00,False,10.38,5.1417893,-74.3732701
TRX-Z9F3JZYLKJJQRZT14CZ0,2025-03-15 21:17:53,2025-03-15,PRD-XJ0B89B51HOI,CLI-QY3RSQ61L1RJ,Purchase,Other,64.96,USD,,ATM,SUC-U3Q69OLV,Boutique Moda,Other,México,Guadalajara,Approved,00,False,1.23,,
TRX-VZQ7VS9HGKAABBROYBVZ,2025-03-15 11:16:56,2025-03-15,PRD-EBQZJ8YL8DAJ,CLI-IVNCU1O1W6VP,Purchase,Other,495.39,USD,,ATM,SUC-PUPXM7MA,Boutique Moda,Other,México,Guadalajara,Approved,00,False,6.49,,
TRX-5YIMW88MLH6PMOXRN4M5,2025-03-15 15:41:20,2025-03-15,PRD-D9V251NF7FAF,CLI-KRLFTAINYE56,Purchase,Other,6449.87,ARS,18.43,ATM,SUC-O09F6PWJ,Ferretería,Other,Argentina,Mendoza,Approved,00,False,1.47,,
TRX-X5MA0FS2E6ZKXQDYAV5W,2025-03-15 06:03:36,2025-03-15,PRD-W7XYBZ9A32CF,CLI-LKE93OIARNBL,Transfer,,6929.48,USD,,App,,,,México,Tijuana,Approved,00,False,18.64,,
TRX-5QRN504EYLTFB0AF3QBM,2025-03-16 00:29:29,2025-03-15,PRD-NZRZNV4T0E5S,CLI-WFN5GRJOEOS1,Purchase,Food,42.09,USD,,POS,,Tienda Don José,Food,México,Ciudad de México,Approved,00,False,11.69,,
TRX-9P44RSEZ3JTINRD4G8HG,2025-03-16 05:58:40,2025-03-15,PRD-CWU2ED5P1B0A,CLI-BTAE9GOQQ0ET,Withdrawal,,407.53,USD,,POS,,,,México,Querétaro,Approved,00,False,29.49,,
TRX-274BPSDWQ11JCMBOBGCP,2025-03-15 10:00:04,2025-03-15,PRD-PWM6R30HTQSC,CLI-J08NHOVQZFXU,Payment,Other,537.7,USD,,ATM,SUC-SDXPHMG4,,,México,Tijuana,Approved,00,False,17.35,0.5606665,-0.7464651
TRX-EH79HQ0EFRRNPMTD0NO2,2025-03-15 12:48:54,2025-03-15,PRD-37CHIQV06QTR,CLI-GHRVMVRBIKD5,Withdrawal,,137.49,USD,,App,,,,México,Tijuana,Approved,00,False,,,
TRX-EJRDR6N7115MD3JV0VL1,2025-03-16 04:43:46,2025-03-15,PRD-MKBAM1O3O8B1,CLI-W0K8Z5HJRF3D,Payment,Services,1974.59,USD,,ATM,SUC-0LZRXHCF,,,Argentina,Buenos Aires,Approved,00,False,15.87,,
TRX-0F0CZ8Y1E4H06S8QEQP2,2025-03-16 03:04:33,2025-03-15,PRD-65FT2ZOIVJJE,CLI-D3YZYN7TJ7DK,Adjustment,,147617.9,ARS,421.77,ATM,SUC-MAWPQ7HZ,,,Argentina,Rosario,Approved,00,False,12.73,,
TRX-KILPKJXJKDST5UJUC5PV,2025-03-15 21:06:46,2025-03-15,PRD-7IH5G19RW0UQ,CLI-V0J0Q20ZW5C3,Transfer,,35698270.62,COP,8924.57,POS,,,,Colombia,,Approved,00,False,23.39,,
TRX-ZTMYC83HV7S45Q40VX9W,2025-03-15 10:19:24,2025-03-15,PRD-IRGA8Q7ZQ448,CLI-2VZ426W953FZ,Purchase,Entertainment,109.72,USD,,POS,,Conciertos Live,Entertainment,México,Querétaro,Pending,54,False,,,
TRX-A9V6M6UR4LC2RHSZZZ8P,2025-03-15 20:13:17,2025-03-15,PRD-UEJAO1EM26X0,CLI-Z8389644PBAW,Payment,Services,7559435.78,COP,,ATM,SUC-LBZFJAU6,,,Colombia,Bogotá,Approved,00,False,,,
TRX-FMK2FJCDKGGIJKNGCHXR,2025-03-15 08:56:14,2025-03-15,PRD-5M9LV6UBZLFL,CLI-IQACAD4GC9X8,Payment,Health,698.09,USD,,POS,,,,México,Puebla,Approved,00,False,25.32,-0.5844567,
TRX-BQQEDTKHULKM4G5VBQAF,2025-03-15 20:56:56,2025-03-15,PRD-4TCJ4GXAGIJY,CLI-GRV242JW3SZS,Deposit,,829171.68,COP,207.29,Web,,,,Colombia,Medellín,Approved,00,False,29.67,,
TRX-N1T0Z37AHFKNR4BD1HJ4,2025-03-16 03:06:15,2025-03-15,PRD-QR1XQJITFM3L,CLI-DB2CCHCUC8V8,Purchase,Health,139.81,USD,,Web,,Farmacia Salud,Health,México,Monterrey,Approved,00,False,2.12,,
TRX-KK0CJR3BN8YOCFUG8UDY,2025-03-15 19:08:45,2025-03-15,PRD-5QD50NG3HE8U,CLI-U0PWAECOZA5H,Purchase,Other,457.69,USD,,POS,,Ferretería,Other,México,,Approved,00,False,26.41,,
TRX-KLQNVW7FT8CSAFUZOV2L,2025-03-16 02:23:25,2025-03-15,PRD-3HTWL9TS3T6R,CLI-V2JSUXASC4XY,Deposit,,12195810.0,COP,3048.95,Branch,,,,Mexico,Ciudad de México,Approved,00,False,2.57,5.3070925,-73.9224772
TRX-7VTHVQ6TTZ948YWR804T,2025-03-16 01:14:33,2025-03-15,PRD-DIBG2EG5XX7E,CLI-7ZJ2847RQ5CT,Purchase,Entertainment,106022.3,ARS,302.92,ATM,SUC-G7HRTTDE,Teatro Nacional,Entertainment,Argentina,Mendoza,Approved,00,False,10.09,-35.0584494,-57.4264243
TRX-PUUR8VOYB14GMBANT6PV,2025-03-16 04:02:15,2025-03-15,PRD-GYV3FP87LG2S,CLI-V8DXTU4X27I0,Purchase,Transport,759924.8,COP,189.98,ATM,SUC-2QR0HN01,Gasolinera Express,Transport,Colombia,,Approved,00,False,10.62,,
TRX-HAX6NBN4UCLBPM89NDTF,2025-03-15 21:53:39,2025-03-15,PRD-QLJK5VO82H4W,CLI-G27TRJC80RFO,Purchase,Transport,237.43,USD,,POS,,Estación de Servicio,Transport,México,Ciudad de México,Approved,00,False,8.32,0.2674402,0.6844339
TRX-AP44X6HG87X71YP5YNDV,2025-03-16 02:20:30,2025-03-15,PRD-AP6YDQFT5ENI,CLI-C2ZD5ZJU54GM,Withdrawal,,358.1,USD,,POS,,,,México,Guadalajara,Declined,54,False,0.13,,
TRX-B2DHBFNCBT4CTA5MS2E3,2025-03-15 22:38:56,2025-03-15,PRD-OEVZOWOO9QQF,CLI-THCMPNMPBFOW,Purchase,,172735.02,COP,43.18,App,,Teatro Nacional,Entertainment,Colombia,Cartagena,Approved,,False,25.95,,
TRX-7W59XVPQZTW3S3PX2ICN,2025-03-15 11:24:52,2025-03-15,PRD-6L7OHFSFJ3CT,CLI-VAXV2BXLC20A,Withdrawal,,118402.64,ARS,338.29,ATM,SUC-4ICHM641,,,Argentina,La Plata,Approved,00,False,3.68,-34.1696834,-57.4113855
TRX-Y9CBAF87K12XQMFRLKB4,2025-03-15 12:30:38,2025-03-15,PRD-X4LI6M3QD2G9,CLI-Y883RUHEMU3F,Transfer,,7038.45,USD,,App,,,,México,Tijuana,Approved,00,False,21.08,,
TRX-56JI4Z24049VBKZB8WJ2,2025-03-16 04:02:29,2025-03-15,PRD-4Z016ZHN67DH,CLI-HF72E7YP0A1D,Deposit,,5884785.41,COP,1471.2,Web,,,,Colombia,Cartagena,Approved,00,False,,,
TRX-MRT4A6Q0060E28WK3BS9,2025-03-15 12:26:25,2025-03-15,PRD-SGPMJ7SPKVGD,CLI-O23DAH9IKN8S,Withdrawal,,225.54,USD,,POS,,,,México,,Approved,00,False,5.98,-0.9565588,0.3241905
TRX-YIHX7SVSQUJ8F1YWM6L9,2025-03-15 18:03:27,2025-03-15,PRD-9TPZ9G3GW8G2,CLI-ZPFLV8ILO5SJ,Deposit,,3387.22,USD,,POS,,,,México,Tijuana,Approved,00,False,19.58,,
TRX-IO81LFUDS2C3Y0J5N9Z6,2025-03-16 03:11:00,2025-03-15,PRD-2HKIIBJOXIXW,CLI-JQ2AD1OWQFFH,Deposit,,1717.06,USD,,ATM,SUC-6IDFK4L9,,,México,Puebla,Approved,,False,10.98,,
TRX-YWBKQ712ZTAPZ0F4CCRE,2025-03-15 12:05:16,2025-03-15,PRD-LI8TGAZJFEHL,CLI-9KVMV6SF3RD1,Payment,Services,1391.3,USD,,ATM,SUC-9W1MT1C4,,,México,Monterrey,Approved,00,False,14.23,0.1300528,-0.1947798
TRX-IOLMJWQOAPWBA17S53X3,2025-03-15 14:49:40,2025-03-15,PRD-W19KKDC6B6AH,CLI-5EB60D22CBL3,Transfer,,4116.57,USD,,POS,,,,México,Guadalajara,Approved,00,False,,-0.5536518,-0.8996968
TRX-LNTPDNB5VRYBNS8GXJMJ,2025-03-15 13:30:45,2025-03-15,PRD-PRLDDAM3E6I6,CLI-YU1KMCSUXYBC,Withdrawal,,359.69,USD,,POS,,,,México,Ciudad de México,Approved,00,False,27.29,,
TRX-KOG9YESGOSKV4JV7VOY2,2025-03-16 05:22:22,2025-03-15,PRD-0VGBI53RVYXS,CLI-51CQMGRFQE6G,Withdrawal,,24.64,USD,,App,,,,México,Tijuana,Approved,00,False,,,
TRX-X0SOQKM702YIPVV0UVR1,2025-03-16 02:18:14,2025-03-15,PRD-1WV1EDZIOTTC,CLI-JM223N5JSAL8,Purchase,Services,208.2,USD,,App,,Internet Plus,Services,México,Puebla,Approved,,False,1.75,,
TRX-KPFCSTGDH7QKJ1Q0KJBO,2025-03-15 09:31:24,2025-03-15,PRD-XQVHIAJ77Z9R,CLI-GCLQYVR6BSYK,Transfer,,2233672.54,ARS,6381.92,POS,,,,Argentina,,Approved,00,False,20.87,,
TRX-OCLHYTF9SAUVD4EZU7NO,2025-03-15 11:12:05,2025-03-15,PRD-ZRDPNHDXLEUB,CLI-ABFYUJ6Z9C1F,Withdrawal,,51491.69,ARS,147.12,Web,,,,Argentina,Rosario,Approved,00,False,4.18,,
TRX-V32I2G4RE45IAKNLRUP8,2025-03-16 04:11:05,2025-03-15,PRD-G268Q54ZPQTK,CLI-DHZ856QP189N,Withdrawal,,538754.46,COP,134.69,POS,,,,Colombia,Bogotá,Approved,00,False,1.78,,
TRX-49F93CNXCZ87C5UF0DDR,2025-03-15 21:12:51,2025-03-15,PRD-R20P7N324LYM,CLI-D1AD2Z8BBCWM,Transfer,,11077879.22,COP,2769.47,ATM,SUC-2LW7L4Y3,,,Colombia,Cartagena,Approved,00,False,5.34,,
TRX-9XLKLVZQJ3VA8S5SMXWL,2025-03-15 09:43:19,2025-03-15,PRD-19LDRJSA5PN0,CLI-C0FNI84IREEU,Withdrawal,,432.12,USD,,Web,,,,México,Querétaro,Approved,00,False,1.49,,
TRX-7KO8IS31LW4WVYF982FJ,2025-03-15 11:48:39,2025-03-15,PRD-P1W5TUWF2QZK,CLI-1HMPB7FMBKEF,Purchase,Food,328.31,USD,,POS,,Restaurante El Buen Sabor,Food,México,Tijuana,Reversed,05,False,26.64,,
TRX-DRNINJW76CG9K54NJT1B,2025-03-15 17:28:18,2025-03-15,PRD-FV30MQMJA9UA,CLI-K77GJF5H9ZXH,Purchase,Services,1759868.31,COP,439.97,POS,,Internet Plus,Services,Colombia,Cali,Approved,00,False,,4.5362547,-74.9232229
TRX-LRREV0LI2NO8YG8882FY,2025-03-15 15:19:16,2025-03-15,PRD-DA4RNRX625HJ,CLI-B3EGLID3UUIC,Transfer,,17815733.87,COP,4453.93,App,,,,Colombia,Barranquilla,Approved,,False,8.25,,
TRX-17172W52WRSFMZTZKX0N,2025-03-15 11:29:42,2025-03-15,PRD-67VTU6XO88YX,CLI-2EBORTAOZNLZ,Purchase,Food,473.6,USD,,POS,,,Food,México,Guadalajara,Approved,00,False,16.89,,
TRX-KZY5IEOOGIFP27C0HMKR,2025-03-15 14:41:35,2025-03-15,PRD-DB6PUJNDG0ZS,CLI-E7QGE398W7PA,Transfer,,102.81,USD,,ATM,SUC-UE04XBQH,,,Argentina,,Approved,00,False,19.04,-34.6410666,-59.2941568
TRX-BFAL5I7I9OLCQCA076I7,2025-03-15 10:05:24,2025-03-15,PRD-TJMVHR2YSYXW,CLI-M1YBKLERU8WN,Purchase,Transport,348.12,USD,,App,,Estación de Servicio,Transport,México,Tijuana,Approved,00,False,12.02,,
TRX-K61FKQOVJ6CUY2IE2R9Q,2025-03-15 15:45:16,2025-03-15,PRD-KKKIWV9PM1UM,CLI-KIXN8S1UKCBO,Withdrawal,,102169.61,ARS,291.91,App,,,,Argentina,Córdoba,Declined,05,False,0.41,,
TRX-XHU16F601MM8NR4NB1OZ,2025-03-15 15:39:45,2025-03-15,PRD-X6P3C4M8C9E0,CLI-63H7TDTYMXED,Payment,Entertainment,923.86,USD,,Web,,,,México,,Approved,00,False,24.09,,
TRX-2O2GINPK33VAB5YXZ0JV,2025-03-16 03:06:48,2025-03-15,PRD-4ODAV0C87YTT,CLI-6AOK5VDDNW87,Withdrawal,,133.69,USD,,POS,,,,México,Querétaro,Pending,51,False,28.83,-0.2996285,0.3060053
TRX-3QR80P4KRHJMF3DQZB27,2025-03-16 03:56:42,2025-03-15,PRD-SD01XLT68552,CLI-SQJ7IL4JFTFD,Transfer,,5902.75,USD,,ATM,SUC-S49Q0IRI,,,México,Monterrey,Approved,00,False,6.83,-0.6697639,-0.6241998
TRX-MP7UYHQQX3C1GBS5GOI3,2025-03-15 12:31:59,2025-03-15,PRD-EBRS5F2S64FF,CLI-FPUTT08NVXV1,Purchase,Food,80879.55,ARS,231.08,POS,,Tienda Don José,Food,Argentina,Buenos Aires,Approved,00,False,,,
TRX-6JKFKY56PK0VMCIEP6OI,2025-03-15 13:14:32,2025-03-15,PRD-IHOHME1LIJ4U,CLI-JH1CF8I99WUA,Transfer,,20888857.91,COP,5222.21,POS,,,,Colombia,Barranquilla,Approved,,False,18.92,,
TRX-L8LSSLSKPLXDKH5RNLMB,2025-03-16 01:05:19,2025-03-15,PRD-P2FJAJCJOAMX,CLI-XA7KCLEUS9L8,Deposit,,1317.75,USD,,ATM,SUC-QMYSBASD,,,México,Ciudad de México,Approved,00,False,,,
TRX-GQH5IXYCCU7J95Y7IVA1,2025-03-15 08:20:32,2025-03-15,PRD-IJN97TDGQPLE,CLI-9H3GR9MLFKNV,Deposit,,3121143.01,COP,780.29,ATM,SUC-H9U13579,,,Colombia,Bogotá,Approved,00,False,12.06,,
TRX-BR486IAQUUJFT3FHPK34,2025-03-15 10:17:33,2025-03-15,PRD-214XBWFTH0QM,CLI-0J54IAQI5DC4,Payment,Entertainment,1340.72,USD,,POS,,,,México,Puebla,Approved,,False,25.94,,
TRX-7A1B3A7IC5MV6VLXP9NV,2025-03-15 08:50:49,2025-03-15,PRD-TAEOVDS8KUW1,CLI-6T5MVM0QPHZZ,Payment,Health,815.53,USD,,POS,,,,México,Ciudad de México,Approved,00,False,,,
TRX-I44K4TP3RYN1QISTVKK0,2025-03-15 17:46:54,2025-03-15,PRD-D877QUSPGL9W,CLI-7RUR4PWI0QZB,Withdrawal,,381.05,USD,,Web,,,,México,,Approved,00,False,,,
TRX-R8G71DRPGN9PMEXTW70I,2025-03-16 00:24:28,2025-03-15,PRD-LUSU1RIOYKG3,CLI-PWGO5NO4B2UL,Payment,Other,2933678.94,COP,733.42,Web,,,,Colombia,Medellín,Declined,14,False,7.78,,
TRX-TZ0T8M72GQNWRA0WHIF3,2025-03-16 05:40:39,2025-03-15,PRD-BQVX6XY12JVQ,CLI-G7PWU1DKPHM2,Payment,Other,841.66,USD,,ATM,SUC-H4YG9DLY,,,USA,New York,Approved,00,False,16.42,,
TRX-YO8FGI3PF96I79MP6D5E,2025-03-16 01:27:15,2025-03-15,PRD-8BBEEVIZ4A6U,CLI-6HCVEAXJPQ95,Purchase,Transport,469.44,USD,,POS,,Gasolinera Express,Transport,México,Guadalajara,Approved,00,False,,,
TRX-9VHTDZN54NQFQQ68E758,2025-03-15 23:58:53,2025-03-15,PRD-JR9HISBVN0P9,CLI-S48HO3WA9TWW,Payment,,1134.35,USD,,ATM,SUC-A6PLAS9M,,,Colombia,,Approved,00,False,,,
TRX-FP2WI20B6JYQCE297GDJ,2025-03-16 02:18:37,2025-03-15,PRD-DQNMF4J4GD2K,CLI-E628DHXYNN58,Adjustment,,986.7,USD,,ATM,SUC-552N76DP,,,México,Ciudad de México,Approved,00,False,15.23,,
TRX-A16CMBQWTPNYDF5K6C0V,2025-03-15 14:20:40,2025-03-15,PRD-EKYJ34IC2IWD,CLI-3BJKROL4QROA,Purchase,Transport,14976.61,ARS,42.79,App,,Gasolinera Express,Transport,Argentina,Buenos Aires,Approved,00,False,,,
TRX-NCMVN5CAFHUXA3Y1QPIG,2025-03-15 23:35:57,2025-03-15,PRD-466XQ757GM0J,CLI-753NPDOWLVAL,Withdrawal,,307.63,USD,,App,,,,México,,Approved,00,False,25.03,,
TRX-1DFQPMVC7BA3SH6JKOKK,2025-03-15 12:17:43,2025-03-15,PRD-JXGLN8197V1B,CLI-0GCMCDSM6MGF,Withdrawal,,267.14,USD,,ATM,SUC-ZAMLQY77,,,México,Tijuana,Approved,00,False,21.86,,
TRX-GA1RN2UNN2CG20WNJ2QK,2025-03-15 13:34:10,2025-03-15,PRD-60CX5LTM6TCM,CLI-XBD52EFCLBAN,Purchase,Health,143482.99,ARS,409.95,Web,,Óptica Visión,Health,Argentina,La Plata,Approved,00,False,17.19,,
TRX-6ALLF49N0D29ZTO7R0CW,2025-03-15 22:21:44,2025-03-15,PRD-D6PA4T6CV2WS,CLI-6PW4AWVHWAQI,Withdrawal,,355.33,USD,,POS,,,,Brazil,Brasília,Approved,00,False,,,
TRX-021HUAWAONJ9KG7U9SZI,2025-03-15 12:44:19,2025-03-15,PRD-OB6NMKQ44QCZ,CLI-08UZJMF7BMZ3,Payment,Services,5320958.95,COP,1330.24,POS,,,,Colombia,Medellín,Approved,,False,,3.9406875,-74.3523236
TRX-ITPULBNE0D6IY095QZBC,2025-03-15 07:34:39,2025-03-15,PRD-EZOGCL6DZAYN,CLI-FBI4CV7VSMRK,Payment,Other,4601288.34,COP,1150.32,Web,,,,Colombia,Cali,Approved,00,False,,,
TRX-5XJZBETZ2R23V90YBG4Q,2025-03-15 15:02:50,2025-03-15,PRD-AS6DZG0MHVIY,CLI-0SZGVHJJG4JT,Withdrawal,,110757.7,ARS,316.45,POS,,,,Argentina,,Approved,00,False,11.29,,
TRX-0TQVY86F8JPORMHS170F,2025-03-16 02:53:58,2025-03-15,PRD-BCMWWVOCJJHR,CLI-7JG5C4NXNMS1,Withdrawal,,1460107.75,COP,365.03,POS,,,,Colombia,Medellín,Approved,00,False,,,
TRX-244EM59LVRAHIQMFIKIW,2025-03-15 21:34:09,2025-03-15,PRD-SUFU8H8CRLC9,CLI-E4SHOIKDC3BU,Withdrawal,,1893999.26,COP,473.5,ATM,SUC-CFNA2V8Y,,,Colombia,Cali,Approved,00,False,14.43,,
TRX-IIC5OZ73W7Z8EIVCV4PK,2025-03-16 02:33:41,2025-03-15,PRD-RO3RUVNMPZV8,CLI-8HAI18HHV88R,Transfer,,9346.71,USD,,ATM,SUC-BSMTX3U8,,,México,Querétaro,Approved,00,False,,,
TRX-ODBGH47I4BTUHGINL6YE,2025-03-16 01:04:49,2025-03-15,PRD-GBNBZRN5OVQ2,CLI-ZIH6QVPARMI1,Transfer,,7626.19,USD,,ATM,SUC-XUG645G9,,,México,Guadalajara,Approved,00,False,8.66,,
TRX-3VPF5HAQA5G15WLJVNM6,2025-03-15 15:54:36,2025-03-15,PRD-UGAJ1R50WOYH,CLI-PCVV5Q5D7OXL,Withdrawal,,51918.75,ARS,148.34,Web,,,,Argentina,Rosario,Approved,00,False,15.36,,
TRX-PDL4KU86YR3JMHQJ310N,2025-03-15 11:53:32,2025-03-15,PRD-GZG3NUNV59JV,CLI-D4TSVWMKJCS3,Transfer,,4986.51,USD,,ATM,SUC-NBZZWX8W,,,México,Monterrey,Approved,00,False,12.4,,
TRX-RWMF6B5LXDR8XNO02P15,2025-03-15 10:30:29,2025-03-15,PRD-RLBD21IK8XBZ,CLI-19DK9BUNDHVG,Payment,Services,1954.4,USD,,POS,,,,México,Puebla,Approved,00,False,12.57,,
TRX-GRC01U4S8DHQNEEJ5CWR,2025-03-15 16:09:02,2025-03-15,PRD-AQNX3SWJCXKQ,CLI-W8YGBZHGGCEP,Withdrawal,,366.69,USD,,App,,,,México,Monterrey,Approved,00,False,21.71,,
TRX-7MQLMD1DMPUHD7VWKK8T,2025-03-15 21:27:42,2025-03-15,PRD-59DANANKGQM2,CLI-GMM7AYOSTWGU,Transfer,,16819981.78,COP,4205.0,ATM,SUC-QLV3J046,,,Colombia,Bogotá,Approved,,False,18.69,,
TRX-KIDMLK9EB0U9ENGEPZOA,2025-03-15 22:34:37,2025-03-15,PRD-OJBTRZ85ZCP5,CLI-TZCDU7M8ALCS,Transfer,,8496.31,USD,,POS,,,,México,Ciudad de México,Approved,00,False,0.23,,0.9699993
TRX-LXLKLSPGLSRDYZ50753F,2025-03-16 01:56:13,2025-03-15,PRD-S9246ZSR2CUZ,CLI-8704EADHRDTY,Withdrawal,,31.9,USD,,POS,,,,México,Querétaro,Approved,00,False,,,
TRX-YKK3ZQFQ10D4ZRPTTKK5,2025-03-15 14:53:17,2025-03-15,PRD-4DLWOU758405,CLI-UOY2S0U4RTYT,Transfer,,2670.9,USD,,ATM,SUC-8HPG0AE8,,,México,Puebla,Approved,00,False,3.32,0.9990433,-0.6771535
TRX-0UBT0JUZYB4YP0SUXU0M,2025-03-15 23:02:52,2025-03-15,PRD-U7KNM0F41TWA,CLI-NHL2GDVGKL36,Transfer,,39926951.2,COP,9981.74,POS,,,,Colombia,Barranquilla,Approved,00,False,13.06,,
TRX-MKBY0STAWHO6G0XHTYXA,2025-03-16 04:05:31,2025-03-15,PRD-LA3A0C1IGGOU,CLI-K5N44N2H0ZMN,Payment,Health,4423298.64,COP,1105.82,POS,,,,Colombia,Cali,Approved,00,False,3.06,,
TRX-9OQFRWLZI4E7LSA1C557,2025-03-15 22:58:44,2025-03-15,PRD-RAOKVPQQ1CI1,CLI-I8FB5OZWY3SW,Withdrawal,,158293.94,COP,39.57,App,,,,Colombia,Cali,Approved,00,False,6.1,,
TRX-DAR66V44F5NW7DBYHGV9,2025-03-16 01:39:10,2025-03-15,PRD-9H34BJ3WCK31,CLI-GPC736T8YQMF,Deposit,,1328.89,USD,,ATM,SUC-QMYSBASD,,,México,,Approved,00,False,15.5,0.0975553,-0.2316349
TRX-Y6V8J2PA319OU7KCM1GA,2025-03-16 01:14:55,2025-03-15,PRD-ZJNREE77TFIU,CLI-EKZIVK7IYJHK,Purchase,Entertainment,12862.14,ARS,36.75,Web,,Streaming Music,Entertainment,Argentina,Rosario,Pending,54,False,,,
TRX-47YHNDGFW8755DAZO0GZ,2025-03-15 08:11:24,2025-03-15,PRD-5GSYFSRYO73B,CLI-ZHUQP7O9DQ48,Transfer,,9943.08,USD,,Web,,,,Spain,Madrid,Declined,14,False,9.28,,
TRX-72VUKFQ864MPNU7Q353L,2025-03-15 13:46:02,2025-03-15,PRD-JD7J2W6YROFW,CLI-ALSLUTGZARTI,Purchase,Food,96963.55,ARS,277.04,App,,Tienda Don José,,Argentina,Buenos Aires,Approved,00,False,,,
TRX-EBT7CLFWAHWYHPQ12E2P,2025-03-16 01:16:33,2025-03-15,PRD-TUWD9MVAYMY9,CLI-7QE9NSFAKW9W,Purchase,Health,930664.12,COP,232.67,POS,,Clínica Médica,Health,Colombia,Cartagena,Reversed,14,False,21.22,,
TRX-MUDJ03GS9IXNQGQZK9N2,2025-03-15 22:55:50,2025-03-15,PRD-9NDU8KZH5TUQ,CLI-FPKG5B9PMIVN,Deposit,,45489.95,ARS,129.97,POS,,,,Argentina,,Declined,14,False,15.72,-34.7736497,-57.7351732
TRX-LRMDMFMFPDKVNC71CC4J,2025-03-15 13:12:36,2025-03-15,PRD-K8ZJOIFJE3WB,CLI-Z9N7FQMMA4VZ,Purchase,Entertainment,471.02,USD,,POS,,Conciertos Live,Entertainment,Mexico,Monterrey,Approved,00,False,1.13,,
TRX-RPDTP649EZ792SE23YWA,2025-03-16 05:14:55,2025-03-15,PRD-5GVSB199R2HL,CLI-OD4HD9MKEK18,Transfer,,33086764.42,COP,,App,,,,Colombia,Medellín,Approved,00,False,6.06,,
TRX-7EQWUS4CE6Q9AQN22VCP,2025-03-15 10:29:13,2025-03-15,PRD-1S55KIENWBUW,CLI-H6E2L6V0BCKT,Transfer,,2656199.39,ARS,7589.14,POS,,,,Argentina,Mendoza,Approved,00,False,10.76,-34.6661032,-58.8330027
TRX-F4MS767Z1VMZB7QG2ODF,2025-03-15 13:35:06,2025-03-15,PRD-C9XKF7N0ZPDY,CLI-WBT2PXLFRLEO,Payment,Services,6901677.58,COP,1725.42,Branch,SUC-C93NERQQ,,,Colombia,Cartagena,Declined,54,False,7.69,4.5417428,-74.7512843
TRX-CRLE76SA687AZ5YHDISE,2025-03-16 01:53:17,2025-03-15,PRD-QJD21EHUV9NB,CLI-X4GMBA6RLUVX,Purchase,Services,174.46,USD,,ATM,SUC-TVNO2KL5,Cable TV,Services,México,Puebla,Approved,00,False,11.59,0.9893453,0.721386
TRX-MZWRNOSSQNFIU4CZ400T,2025-03-15 13:44:10,2025-03-15,PRD-79OK7YYMLDS0,CLI-HHXY5IXVMF1E,Payment,Transport,98.86,USD,,ATM,SUC-FGQWMFNS,,,México,Tijuana,Approved,00,False,29.79,-0.4017652,
TRX-V7RGD414TGTB1Q07YU0F,2025-03-16 00:05:15,2025-03-15,PRD-B55547ZFM3S6,CLI-2113LBPJ45QB,Deposit,,424884.71,ARS,1213.96,ATM,SUC-46JOBFMX,,,Spain,Valencia,Approved,00,False,3.24,,
TRX-YMN7CKQZQ9QMP95A79CN,2025-03-16 03:03:57,2025-03-15,PRD-N0HN5I5B982V,CLI-LZ71S8QMXMS1,Withdrawal,,1848234.52,COP,462.06,ATM,,,,Colombia,Medellín,Approved,00,False,7.01,,
TRX-GKPZ640SC9KSZBRDX75X,2025-03-15 07:19:52,2025-03-15,PRD-7PNQQV7Z5Y8V,CLI-XMPCENNHDDY9,Transfer,,9121685.68,COP,2280.42,POS,,,,Colombia,Cali,Approved,00,False,15.15,,
TRX-TFAFL1OELRKU7M3WI8J3,2025-03-16 03:01:14,2025-03-15,PRD-ZQDN0TC0MOE5,CLI-0J5SZCD83FU2,Purchase,Food,90057.12,ARS,257.31,ATM,SUC-HBYNA6O6,Restaurante El Buen Sabor,,Argentina,Córdoba,Approved,00,False,3.04,,
TRX-N9FPL1WCRG8RYMCFC0PT,2025-03-15 17:29:38,2025-03-15,PRD-U89S7FCCNKLF,CLI-F8XHXT8ZYHMF,Transfer,,2915402.51,ARS,8329.72,ATM,SUC-SX32177B,,,Argentina,Rosario,Approved,00,False,,-33.623598,-58.5344202
TRX-H50HH3ZCN350S78432IU,2025-03-15 10:52:39,2025-03-15,PRD-75GLYUW8ZL0T,CLI-YI1PT77XTSAE,Transfer,,401.19,USD,,POS,,,,México,Monterrey,Approved,00,False,25.08,,
TRX-QSOYWA1Y83HT0RIN0AC7,2025-03-15 06:33:52,2025-03-15,PRD-736LGJGITVK8,CLI-WWPX0R66B2IY,Purchase,Food,1447180.28,COP,361.8,Transfer,,Super Ahorro,Food,Colombia,Medellín,Approved,00,False,16.19,,
TRX-7JNVRB6AIDUYYLRCESP8,2025-03-15 18:16:54,2025-03-15,PRD-9H3K4JOJQKKO,CLI-CLW8OSCK4J6I,Purchase,Services,144.39,USD,,ATM,SUC-H4YG9DLY,Cable TV,Services,México,Ciudad de México,Approved,00,False,27.52,,
TRX-R9LA4KWLAORZ4FDWCPKC,2025-03-16 00:34:18,2025-03-15,PRD-U2PZOXBQPWWR,CLI-PC2QQHF9A98G,Deposit,,9916098.37,COP,2479.02,POS,,,,Colombia,Bogotá,Approved,,False,,,
TRX-Q4LOI0EZF26CBOXUFP8C,2025-03-15 11:35:08,2025-03-15,PRD-Y3WZ0VM1MRTV,CLI-OMKP5VMQMWWB,Payment,Transport,392.47,USD,,App,,,,México,Ciudad de México,Approved,00,False,20.07,,
TRX-98YQ5D7C1W1GMSTDJ5N2,2025-03-15 17:12:45,2025-03-15,PRD-OX9CUN5T8Z54,CLI-BO43PRJGCAUS,Payment,Entertainment,1077.88,USD,,App,,,,México,,Reversed,54,False,5.49,,
TRX-P9Z05RVKEPM1N3MKNO9T,2025-03-15 06:36:38,2025-03-15,PRD-N6HJ3EON36GA,CLI-HE5FLCSS74MD,Payment,Food,201.74,USD,,POS,,,,México,Guadalajara,Approved,00,False,,0.9240936,0.4051109
TRX-UR1C9QGPIV4L4FD00YAN,2025-03-15 22:03:19,2025-03-15,PRD-4EGWRV9XDX0A,CLI-PY032QV762LD,Purchase,Other,168955.31,ARS,,App,,Boutique Moda,Other,Argentina,Buenos Aires,Approved,00,False,16.25,,
TRX-7X5QDPI1VKEKZD2UOXIJ,2025-03-15 14:46:06,2025-03-15,PRD-A32BRCU55BWP,CLI-JHUH8WG1SPW9,Transfer,,4904.42,USD,,ATM,SUC-AXDYB0RQ,,,México,Monterrey,Approved,00,False,19.35,,
TRX-WCEX9CQE4X9Z2QKI0GN9,2025-03-16 02:28:16,2025-03-15,PRD-Q1K4YJIPMXM7,CLI-8PXKVQ8DPTOX,Purchase,Entertainment,329.11,USD,,POS,,,Entertainment,México,Querétaro,Approved,00,False,10.91,,
TRX-A7Z2RX1F1KK06MINJRF2,2025-03-16 01:35:22,2025-03-15,PRD-FTPUMD964NH3,CLI-FAWIWHKTXIPD,Purchase,Food,129624.22,ARS,370.35,ATM,,Restaurante El Buen Sabor,Food,Argentina,La Plata,Approved,00,False,18.23,-35.2521078,-57.6961707
TRX-COWYHNSBMGFSDCI6YYT7,2025-03-15 06:09:21,2025-03-15,PRD-Q6VTCSIGP0G6,CLI-Y99SKQEIKGDJ,Deposit,,309768.6,ARS,885.05,POS,,,,Argentina,Córdoba,Approved,00,False,23.14,,
TRX-FBNF7J3IXYXBQQ30Y31W,2025-03-16 03:25:05,2025-03-15,PRD-KUHKBGY24UGS,CLI-SENGXXG1CGQH,Deposit,,12041376.85,COP,3010.34,ATM,SUC-8AM4U1NU,,,Spain,Madrid,Approved,,False,10.15,,
TRX-3TR89CS5XHNHCM3IJJ2D,2025-03-15 09:48:16,2025-03-15,PRD-TYQ9JBW15RA0,CLI-BFN6N0L7ERP1,Withdrawal,,112.09,USD,,POS,,,,México,Monterrey,Approved,00,False,12.0,,
TRX-JNY3PDVY4PMM0Z1J7XM3,2025-03-15 20:39:41,2025-03-15,PRD-52ECZPNHGLTF,CLI-LRSNYKMHXEYO,Purchase,Transport,10871.79,ARS,31.06,Web,,Estación de Servicio,Transport,Argentina,Buenos Aires,Approved,,False,,,
TRX-NIEQTA7EXEOSMCCC1TFW,2025-03-15 09:39:23,2025-03-15,PRD-5ARV9MDQQHIM,CLI-GPZ0FD2WHHWO,Transfer,,8539.87,USD,,ATM,SUC-U7NNFMS6,,,Colombia,Medellín,Approved,00,False,,4.9184994,-73.6067377
TRX-R5TJCS93E5FZBOVB084R,2025-03-16 01:13:33,2025-03-15,PRD-RCH7FZHUZMQN,CLI-AWC22070LH2F,Payment,Health,287.29,USD,,POS,,,,México,Guadalajara,Approved,00,False,4.23,,
TRX-XAZ7K5WG7NDO4G00GQ32,2025-03-15 18:01:51,2025-03-15,PRD-DW15MJWESJY7,CLI-BEN2YZCUKKMX,Payment,Food,560123.09,ARS,1600.35,Web,,,,Argentina,Buenos Aires,Approved,00,False,10.53,,
TRX-0XB4C6LX08N6E229LRZO,2025-03-15 18:33:13,2025-03-15,PRD-CK178JYVQUWV,CLI-URZ1R16G5OXI,Withdrawal,,1599692.51,COP,399.92,ATM,SUC-FF1CG8O5,,,Colombia,Barranquilla,Approved,00,False,13.62,,
TRX-JLKAKBK9QC5RZPG2FB4G,2025-03-15 16:36:52,2025-03-15,PRD-M8NUDGHXSXCS,CLI-DPIGP4EB4QRP,Deposit,,355836.75,ARS,1016.68,ATM,SUC-ISVYMZP9,,,Argentina,,Approved,00,False,15.33,,
TRX-JT2BDTZ8TACFSJ0LPKH8,2025-03-16 04:32:42,2025-03-15,PRD-BRUYYPBKP2GY,CLI-4P1OMXCGWWQY,Purchase,Services,167.34,USD,,POS,,Internet Plus,Services,México,Monterrey,Approved,00,False,16.63,,
TRX-K5KL3CFUC6LTZTFJENZC,2025-03-16 02:37:07,2025-03-15,PRD-IQ4QJJ6OTKUU,CLI-8BSJS68TYFL0,Purchase,Food,61686.18,ARS,176.25,ATM,SUC-UUF77WSC,Super Ahorro,Food,Argentina,Córdoba,Approved,,False,0.06,,
TRX-0R1GWC6UADOIHIXQU6OQ,2025-03-15 12:34:30,2025-03-15,PRD-JE2QA0AOAQLR,CLI-OH6GDBPQ6GOQ,Transfer,,20481275.58,COP,5120.32,POS,,,,Colombia,Medellín,Approved,00,False,,,
TRX-ML9QP9KNUF7SKXMCLTL0,2025-03-15 13:04:30,2025-03-15,PRD-DEW6QFNPH8YW,CLI-VBWF42BIHCE5,Purchase,Food,425.16,USD,,ATM,SUC-8HPG0AE8,Restaurante El Buen Sabor,Food,México,Ciudad de México,Approved,00,False,4.98,,
TRX-EYTYCZJS4U9XVFGZQDUO,2025-03-15 06:44:20,2025-03-15,PRD-8A7KK6185KWW,CLI-HJDTVUZAGS5C,Purchase,Services,90.07,USD,,POS,,Servicios Públicos,Services,México,Querétaro,Approved,00,False,20.41,,
TRX-74GLJAQ1RJ76JSDF6CC9,2025-03-15 14:11:49,2025-03-15,PRD-G8DKEQA2VX5B,CLI-G1EZZPJB2K3N,Payment,Transport,1999.62,USD,,POS,,,,México,Monterrey,Approved,00,False,20.97,0.0542044,0.7060821
TRX-RCCXMMZI79HGV3GZVLYC,2025-03-15 22:54:03,2025-03-15,PRD-OGDBJDYGDYFY,CLI-SE4J3B03M9DZ,Payment,Entertainment,1936.33,USD,,POS,,,,México,Puebla,Declined,14,False,,,
TRX-PSHRVHPLLFEPK11CLR5K,2025-03-15 08:03:37,2025-03-15,PRD-U8KW419R32W9,CLI-BNHXKQOKDSQP,Purchase,Services,410.29,USD,,App,,Internet Plus,Services,México,Tijuana,Approved,,False,10.76,,
TRX-XZMBCO76QLD8LFHLI269,2025-03-15 11:52:27,2025-03-15,PRD-VXT7WFVRM6SY,CLI-RMXQE1MHX34M,Payment,Food,1169.35,USD,,App,,,,México,Querétaro,Approved,,False,12.39,,
TRX-V1JI5Q3W0X44WTKBPJOB,2025-03-15 14:57:03,2025-03-15,PRD-BWDPLLE2S5HO,CLI-O5E97MNLS0I6,Payment,Food,777.24,USD,,App,,,,México,,Approved,00,False,19.36,,
TRX-FX5CPGBI2TXCUQC7W3CY,2025-03-15 11:32:37,2025-03-15,PRD-GF072JVSIQI9,CLI-LTDMSFUUZHFV,Withdrawal,,1203789.18,COP,300.95,App,,,,Colombia,,Approved,00,False,27.73,,
TRX-WQ0SKDJWOPV4QDH3QBBH,2025-03-16 02:57:51,2025-03-15,PRD-29YF1T39G7ZC,CLI-JGIY3WNIE3WT,Payment,Food,252548.23,ARS,721.57,POS,,,,Argentina,Mendoza,Approved,00,False,,,
TRX-2YXN4UMPNDHJ5B5MG80V,2025-03-15 17:32:20,2025-03-15,PRD-O6AJFXQZW4TG,CLI-388XTB3FHJ8A,Deposit,,2809.81,USD,,App,,,,México,Querétaro,Approved,00,False,6.27,,
TRX-58PCVOFZEQF6AX7RFYSZ,2025-03-16 01:42:13,2025-03-15,PRD-7IQXIT0WW8EB,CLI-261SAQT1NJ2W,Payment,Food,391.66,USD,,POS,,,,México,Guadalajara,Approved,00,False,18.54,,
TRX-3QJFKR3GJJX0T0EG8NE1,2025-03-16 03:25:12,2025-03-15,PRD-I0SV6MXRLJ2R,CLI-GTYPQ5L4ZB95,Purchase,Services,214.6,USD,,ATM,SUC-WSSLNOPN,Servicios Públicos,Services,México,Ciudad de México,Approved,00,False,,,
TRX-VCCVLFUWZFEHT16TBZNJ,2025-03-15 20:17:23,2025-03-15,PRD-JUJOK9CF1GLT,CLI-5NGGMRIUAAAS,Withdrawal,,171.43,USD,,ATM,SUC-CJYLJUTF,,,México,Guadalajara,Approved,00,False,,-0.5874437,-0.2382955
TRX-A4Q5N3ZNR3L1ZO9YMRDB,2025-03-15 12:17:09,2025-03-15,PRD-YBFXAUNIYVKP,CLI-HH1JAFEJX93W,Payment,Other,207753.15,ARS,593.58,Branch,SUC-G7HRTTDE,,,Argentina,Buenos Aires,Approved,00,False,14.06,,
TRX-5YC1LBZY0X7YL92HPIWF,2025-03-16 04:46:30,2025-03-15,PRD-FOR5WD8QC6TY,CLI-NJ4S25KVPXX6,Transfer,,16048437.64,COP,4012.11,ATM,SUC-UH461R09,,,Colombia,Cali,Approved,00,False,13.25,,
TRX-5NX8W6OJK2IS62YWQ1U7,2025-03-15 20:35:53,2025-03-15,PRD-008HOZHJ8SGZ,CLI-4LKOO4D28RJ0,Purchase,Transport,311.53,USD,,POS,,Taxi Seguro,Transport,Argentina,Rosario,Approved,00,False,26.76,,
TRX-2XPHCX081LYAZSBHIIDM,2025-03-16 04:40:46,2025-03-15,PRD-XEBDP21K81D8,CLI-LR9V73J7OM34,Purchase,Services,92163.02,ARS,263.32,ATM,SUC-FXWYIOXF,Empresa Telefónica,Services,Argentina,La Plata,Reversed,51,False,25.2,-33.9193855,-57.7799281
TRX-RTBJQ5JQBL98TLXGALN7,2025-03-15 14:56:54,2025-03-15,PRD-GKPO7KV3T3OA,CLI-HSLQVCLVOFSV,Transfer,,21892471.86,COP,5473.12,App,,,,Colombia,Barranquilla,Approved,00,False,0.42,,
TRX-JIKR6KO7F2ZS5U8E0WVT,2025-03-16 04:29:16,2025-03-15,PRD-SFBD8VM4ZGDY,CLI-Y6TVI5OR7QIS,Payment,Entertainment,4119736.67,COP,1029.93,ATM,SUC-OFZKCO6O,,,Colombia,Cali,Approved,00,False,29.41,4.9364522,-74.2960546
TRX-QOOZ4KTNAWDCDPAZ9ENI,2025-03-15 14:26:47,2025-03-15,PRD-S9XOHRF00SPG,CLI-DAHB8SWEOZ8D,Withdrawal,,297.32,USD,,Web,,,,México,Ciudad de México,Approved,00,False,17.11,,
TRX-8YTMLUNZ1B6VWL36DTUX,2025-03-15 21:39:47,2025-03-15,PRD-FA27N5EVB1LZ,CLI-DHLB1MJ644EQ,Withdrawal,,105.07,USD,,Web,,,,Colombia,Bogotá,Approved,00,False,13.74,,
TRX-SPK41CTAKR9JVW365S3V,2025-03-15 22:32:05,2025-03-15,PRD-6YE8TBDWHWRG,CLI-FDH2TPAJUFW2,Withdrawal,,431.39,USD,,Web,,,,México,Guadalajara,Approved,00,False,,,
TRX-H9EJB7OVOI9U4D8VJW3L,2025-03-15 23:01:08,2025-03-15,PRD-2TEU0F2BL7U6,CLI-AKQ8O2X7FSI8,Withdrawal,,1863507.02,COP,465.88,ATM,,,,Colombia,Bogotá,Declined,51,False,13.95,5.0302037,-74.6010574
TRX-73GB4OABNN03WJ6YV24L,2025-03-15 07:21:36,2025-03-15,PRD-BNW6C7VO0QY4,CLI-MUHA9QDW5797,Purchase,Food,358.43,USD,,ATM,SUC-JZCA1ZND,Restaurante El Buen Sabor,Food,Colombia,Cali,Approved,00,False,12.8,,
TRX-Q0VG6J1K8NED7JPZLW21,2025-03-15 13:33:49,2025-03-15,PRD-N2LQSTACBR1E,CLI-0SBLWUA0EU19,Transfer,,3843.36,USD,,POS,,,,Colombia,,Approved,,False,11.96,,
TRX-FO40YT2KV42WFY4NS1B0,2025-03-15 07:15:35,2025-03-15,PRD-0I2YR4IAAJTB,CLI-VCTA98UOTLPW,Withdrawal,,153.5,USD,,POS,,,,México,Puebla,Approved,00,False,29.74,,
TRX-1T40NX8VCYTM8BECM5CS,2025-03-16 02:05:20,2025-03-15,PRD-6MGFAMKL68VG,CLI-3WO2D29KFXB9,Transfer,,4241.62,USD,,POS,,,,México,Monterrey,Approved,00,False,10.32,,
TRX-RHU9S74W41Q8L1MXLR9G,2025-03-15 16:37:39,2025-03-15,PRD-HQ4GY4LCL9A4,CLI-H4B7UYMFJV0L,Withdrawal,,94080.45,ARS,268.8,Web,,,,Argentina,Mendoza,Approved,00,False,,,
TRX-X3HTNBZ9UY93BJLEQQ25,2025-03-16 05:19:01,2025-03-15,PRD-PLA7AMJ162PG,CLI-Y19SVKOVW5VV,Deposit,,2651.51,USD,,POS,,,,México,Tijuana,Approved,00,False,24.49,,
TRX-L1D1NW1MPTLBW7LSKTSS,2025-03-15 14:40:01,2025-03-15,PRD-VMPZEPBLHXF3,CLI-2DBVFX6QEH0F,Transfer,,6402.46,USD,,Web,,,,México,Guadalajara,Approved,00,False,20.5,,
TRX-OILYWGYSUPBGMFO62YDD,2025-03-15 23:33:05,2025-03-15,PRD-USW6J9X51WKI,CLI-RBQN6IK0MXBR,Payment,Services,1086.96,USD,,App,,,,México,Monterrey,Approved,00,False,12.1,,
TRX-7M7F6E71PWIBJFST2Y25,2025-03-15 11:58:38,2025-03-15,PRD-Z0NBN7THCV35,CLI-NJX705JOYZ2Q,Purchase,Transport,43.4,USD,,POS,,Taxi Seguro,Transport,Colombia,Barranquilla,Approved,00,False,21.98,,
TRX-MFR8EPUZVVYBOFKIC0NQ,2025-03-15 09:46:04,2025-03-15,PRD-GUP292SIQCSV,CLI-PDF93ONM9GPD,Payment,Food,1872.79,USD,,POS,,,,Argentina,Córdoba,Approved,00,False,11.48,,
TRX-C51HEZ7GCJXCQSFKY7BA,2025-03-16 00:54:50,2025-03-15,PRD-BHTZ2958ZLMN,CLI-KN1E1ZLY6PNT,Payment,Entertainment,1740.27,USD,,ATM,SUC-XV1N3YM9,,,México,Tijuana,Declined,51,False,,,
TRX-MH1S86H2G227BD3PPE96,2025-03-15 06:23:27,2025-03-15,PRD-TBGRTLW1RI4C,CLI-ALMCYNKKXMUO,Withdrawal,,1032158.75,COP,258.04,ATM,SUC-I7CB5PA8,,,Colombia,Bogotá,Approved,00,False,15.81,,
TRX-JQ4P0W34UMG9HFIEKK2M,2025-03-15 08:20:59,2025-03-15,PRD-4C2OFAHPM22H,CLI-7TY39JDBRBGC,Payment,Health,524618.62,ARS,1498.91,Web,,,,USA,Miami,Approved,00,False,17.07,,
TRX-91MMTI5H9JEJAFQJ2RWX,2025-03-15 21:46:35,2025-03-15,PRD-QEOKIXMST99H,CLI-86EWK2W5YFXD,Purchase,Other,291678.37,COP,72.92,ATM,SUC-X3OFCBL0,Tienda General,Other,Colombia,Medellín,Approved,,False,11.85,,
TRX-2CVWRAVKJAM7CGVVNADO,2025-03-16 04:51:41,2025-03-15,PRD-O1HTO43I0930,CLI-XXNUND8PL7GO,Withdrawal,,271.99,USD,,App,,,,México,Guadalajara,Approved,00,False,17.58,,
TRX-R73A5EU6NLG4I20FR3DZ,2025-03-15 15:49:31,2025-03-15,PRD-L5VATLEMTWJ8,CLI-ZQORFK7VSDGX,Withdrawal,,336498.16,COP,84.12,POS,,,,Colombia,,Approved,00,False,3.59,,
TRX-WV5SGOC2GMXQWQKWUMH1,2025-03-16 04:33:03,2025-03-15,PRD-8PMCNWUXBRB8,CLI-98VBDU9INSI7,Purchase,Health,1757883.98,COP,439.47,ATM,,,Health,Colombia,,Approved,00,False,5.31,,
TRX-G07OJVXA4PZWWRGA4NIV,2025-03-15 07:20:39,2025-03-15,PRD-R25XBHHQQ7J6,CLI-B7BZK2U95SEO,Transfer,,5345.24,USD,,ATM,SUC-UB0LXRUU,,,México,Guadalajara,Approved,00,False,26.59,,
TRX-94AH6FY1P7PN6ILEXJ4P,2025-03-15 20:09:54,2025-03-15,PRD-2D7P1RJB4RYQ,CLI-R3QE7WNP3HW8,Transfer,,486.26,USD,,ATM,SUC-VV9NKH6E,,,México,Monterrey,Approved,00,False,5.37,,
TRX-BF0V857U1ONMYMQ0SZWK,2025-03-15 21:01:35,2025-03-15,PRD-1G0N48R86DI3,CLI-BLHY5J7WS8IE,Withdrawal,,99121.75,ARS,283.2,ATM,SUC-2T5PUX8Q,,,Argentina,La Plata,Approved,00,False,14.01,,
TRX-DIOGVSZIGSFIOG8UPMTO,2025-03-16 04:55:17,2025-03-15,PRD-MLQKBPQUHLWO,CLI-WTMHZD02OUHY,Withdrawal,,18452.78,ARS,52.72,ATM,SUC-SN21TOOC,,,Argentina,La Plata,Approved,00,False,5.94,-33.7354569,-59.146968
TRX-W7XK70BZXH923HSGMOGY,2025-03-15 19:34:28,2025-03-15,PRD-TPSXVSI2J4PI,CLI-W4QV739162E0,Transfer,,8666.38,USD,,POS,,,,México,,Approved,,False,1.59,,
TRX-Q1HDOSFDNFULSD025RAB,2025-03-15 11:44:14,2025-03-15,PRD-HLVLX62CTC5R,CLI-E54725T6PSE0,Transfer,,23229648.22,COP,5807.41,ATM,SUC-8YXNMWZ7,,,Colombia,Cartagena,Approved,00,False,1.65,,
TRX-97XF6GBDOSSFDWWXI3MT,2025-03-15 07:39:07,2025-03-15,PRD-3M8U0WFLM0YO,CLI-UVOK3U8T683O,Purchase,Services,1618222.0,COP,404.56,App,,Servicios Públicos,Services,Colombia,Barranquilla,Approved,00,False,18.75,,
TRX-F4IRD2MPG0VF6O4KQKTF,2025-03-15 10:52:29,2025-03-15,PRD-SOHSRFY4S6X6,CLI-1SXMMXHMOCDN,Withdrawal,,30236.7,ARS,86.39,Transfer,,,,Argentina,La Plata,Approved,00,False,20.02,,
TRX-JIW1ZDMCWZZ9B93AKHI5,2025-03-16 03:34:46,2025-03-15,PRD-BPBH6UR6BGZS,CLI-IG4YZPFGW7AT,Purchase,Transport,75.14,USD,,POS,,,Transport,México,Guadalajara,Approved,00,False,2.25,,
TRX-2SFUL1G4WZP8U007TD7Z,2025-03-15 21:30:44,2025-03-15,PRD-484KLNSGLPUR,CLI-FRJH8WWG9UMJ,Withdrawal,,270025.27,COP,67.51,ATM,SUC-4BEKYT6U,,,Colombia,Bogotá,Approved,00,False,,,
TRX-V4ES431HK7N55X73Q7HB,2025-03-15 10:16:05,2025-03-15,PRD-4HE8GZJ8DOEQ,CLI-KBSLNI335XUS,Withdrawal,,42921.17,ARS,122.63,POS,,,,Argentina,Buenos Aires,Approved,00,False,6.57,-33.6728281,-57.8226465
TRX-IBT17AI57HVE94XDK0A0,2025-03-15 15:21:58,2025-03-15,PRD-YU5595BHRYHD,CLI-QO91R4V3HV6T,Purchase,,64838.01,ARS,185.25,ATM,SUC-ZSZKWMJL,Super Ahorro,Food,Argentina,Mendoza,Approved,00,False,2.16,,
TRX-1GFASQE7C4MEI9A1SA8S,2025-03-15 16:03:42,2025-03-15,PRD-4MSTC0FSZB1T,CLI-WFYGBM1CH8SR,Payment,Food,97.0,USD,,ATM,SUC-YH0U3LVW,,,Colombia,Bogotá,Approved,00,False,28.29,,
TRX-VZ9621FOFWC6VWUN0B5Z,2025-03-15 13:25:13,2025-03-15,PRD-KM6257R0B9YX,CLI-45QMBPZZHS70,Purchase,Transport,13.18,USD,,ATM,SUC-F03D129S,Taxi Seguro,Transport,Brazil,Brasília,Approved,00,False,17.71,0.2235028,0.6879676
TRX-7NJNN2N82XCRP3H62DNW,2025-03-16 02:49:29,2025-03-15,PRD-O7YRB4Y16IMV,CLI-O1Z5B816CVS5,Purchase,Services,373.97,USD,,App,,Internet Plus,Services,México,Querétaro,Approved,00,False,,,
TRX-MRAJCLZI1JAC9CABQ0LQ,2025-03-15 20:14:33,2025-03-15,PRD-YB8PW157Q29B,CLI-JEEFARMN0BZ5,Payment,Entertainment,6519455.74,COP,1629.86,ATM,SUC-O4G07J7I,,,Colombia,Cali,Approved,00,False,4.58,4.2454381,-74.092894
TRX-N6U3JXMAGL3R4R40C6NA,2025-03-15 15:07:24,2025-03-15,PRD-PKWL5H51YDXD,CLI-11S5ZJTUQ4GE,Transfer,,7966.4,USD,,POS,,,,México,Guadalajara,Approved,00,False,6.09,,
TRX-9OIIKCHR8HH2H57I34BR,2025-03-15 08:16:21,2025-03-15,PRD-LGGE5KHK4NSA,CLI-ZQ0BRUQS4M23,Withdrawal,,641144.35,COP,160.29,POS,,,,Colombia,Bogotá,Approved,00,False,10.66,,
TRX-IS3GLOOCD2UPTJRD6A6U,2025-03-15 16:00:05,2025-03-15,PRD-WZWB3CP0G9S7,CLI-M4U468Z883UF,Adjustment,,458.57,USD,,App,,,,Colombia,Cartagena,Approved,00,False,3.75,,
TRX-13OA4DJABM5YJHWUOQUE,2025-03-15 23:37:03,2025-03-15,PRD-HC28UPAW2UCB,CLI-M0YPE9EUX6LL,Purchase,Entertainment,143131.22,COP,35.78,POS,,Streaming Music,Entertainment,Colombia,Bogotá,Approved,00,False,11.45,5.4489781,-73.87375
TRX-P6UL8RYE7VE31VOYQVAJ,2025-03-16 04:48:00,2025-03-15,PRD-WAQ38RMEIPCS,CLI-OWRBWDTE0PEX,Deposit,,5097965.81,COP,1274.49,Web,,,,Colombia,,Approved,00,False,2.33,,
TRX-OQ6BM5ECA1I3ZDIUEQY5,2025-03-15 07:03:59,2025-03-15,PRD-5UWSN3BLFLEQ,CLI-8UII0R8XXQBQ,Transfer,,921013.58,ARS,2631.47,ATM,SUC-K32WS6T0,,,Argentina,Buenos Aires,Approved,00,False,,-34.5672224,-59.0814615
TRX-GAIGSU3R1BM9NZK6WJ1Q,2025-03-15 18:59:49,2025-03-15,PRD-OZ5UB66JD5NJ,CLI-Y0Q0S2KUZXCC,Deposit,,426.76,USD,,POS,,,,México,Tijuana,Approved,00,False,12.59,,
TRX-OFD4KDAC2R4PMV0L4EU4,2025-03-15 11:59:38,2025-03-15,PRD-4SWEPS9DXQHI,CLI-MEZKRP687WDA,Purchase,Transport,73945.53,COP,18.49,Web,,Estación de Servicio,Transport,Colombia,Medellín,Approved,00,False,,,
TRX-UX3WI2HUWNRZ24PL034F,2025-03-15 13:47:12,2025-03-15,PRD-BE7PMS9WMDJ5,CLI-4XWA9I9PZ5LZ,Purchase,Transport,429.23,USD,,POS,,Estación de Servicio,Transport,México,Tijuana,Approved,00,False,,,
TRX-7UNOSUHV9V3ZWH0T3TLH,2025-03-15 21:27:45,2025-03-15,PRD-Q362NV6OOZWB,CLI-AYIJIMPJ5H77,Transfer,,5443888.05,COP,1360.97,ATM,SUC-DIHJMBN3,,,Colombia,,Approved,00,False,20.3,,
TRX-13HHYI505OSOEGK8U8E9,2025-03-16 02:54:18,2025-03-15,PRD-TJPHBTWWQX17,CLI-RM3OI5XFFJZJ,Transfer,,8245.3,USD,,POS,,,,México,Ciudad de México,Approved,00,False,20.0,,
TRX-MTNCH22GS4ZNRLWU9SBC,2025-03-15 10:55:36,2025-03-15,PRD-5QORK1EMI0MC,CLI-XS6VF94ZFP98,Purchase,Health,312.25,USD,,Branch,SUC-SCFDICUT,Laboratorio Central,Health,México,Puebla,Approved,00,False,,-0.2826958,0.6888008
TRX-UAD16X9QHKJ198LKTKE4,2025-03-15 20:22:29,2025-03-15,PRD-VC4NBI553D0B,CLI-YMJES16KARBA,Purchase,Services,152895.76,ARS,436.85,POS,,Cable TV,Services,Argentina,Buenos Aires,Approved,00,False,26.33,-34.944818,-58.9765295
TRX-YTSSI73BJRIUFG8VYE1K,2025-03-15 22:10:55,2025-03-15,PRD-90HTN1B9BRFQ,CLI-8USF1BXTHTNE,Withdrawal,,93.59,USD,,App,,,,México,Ciudad de México,Approved,,False,15.95,,
TRX-YNEIZFOJ87AFDEU1B96W,2025-03-15 06:49:23,2025-03-15,PRD-OLY1TI8A96WF,CLI-XZZIL9Z4XKLF,Purchase,Food,375.69,USD,,App,,Mercado Central,Food,México,Querétaro,Approved,00,False,13.7,,
TRX-17T7JUT6HQE9HDPQMUZ5,2025-03-15 11:29:46,2025-03-15,PRD-10YHZS3SEU18,CLI-72WH05Z9FE2Q,Deposit,,416.1,USD,,POS,,,,México,Ciudad de México,Approved,00,False,27.53,0.0613701,0.5435238
TRX-Q34A4DETB5L01JI2HNSJ,2025-03-15 15:06:30,2025-03-15,PRD-MW4ZJS4H526D,CLI-C9WH9C5KIPBM,Withdrawal,,221.76,USD,,App,,,,México,Guadalajara,Approved,00,False,23.33,,
TRX-4QVCO4TV0632WN93ZZD9,2025-03-16 04:38:29,2025-03-15,PRD-Z0NYKKBZLIIC,CLI-R9Q8TJOIKKEP,Withdrawal,,258.78,USD,,Transfer,,,,México,Ciudad de México,Reversed,51,False,7.58,,
TRX-FKGRQZ3678R6GW0RH7TE,2025-03-16 00:28:37,2025-03-15,PRD-8XEQM55FBNKU,CLI-KGXH1RDJSOR9,Withdrawal,,38.21,USD,,POS,,,,México,Puebla,Approved,00,False,29.02,,
TRX-P10UO3FVZARSUON8M0O8,2025-03-16 05:27:25,2025-03-15,PRD-RJRLWXYJMEVB,CLI-Q1262OR4SZ0I,Withdrawal,,78.21,USD,,POS,,,,México,Puebla,Approved,00,False,,,
TRX-8K2ZJHJ78RWIZCKMLUMN,2025-03-15 11:25:03,2025-03-15,PRD-1QQ7NK25QAT4,CLI-POGLIAJIL3T0,Purchase,Food,250.64,USD,,POS,,Tienda Don José,Food,México,Querétaro,Approved,,False,10.91,-0.156869,0.1375318
TRX-Y5MTBHD09KJZX40E4MPE,2025-03-15 06:28:37,2025-03-15,PRD-9HXKN2071C6H,CLI-AJQWMQ5Y6TLD,Withdrawal,,83.66,USD,,ATM,SUC-4AVH1MSP,,,México,Guadalajara,Approved,00,False,16.8,,
TRX-TCEZEU8NII4K6QOXZEMU,2025-03-15 17:41:04,2025-03-15,PRD-FY24Q87NB0VH,CLI-FOMEB53XZJ9M,Payment,Transport,1176.2,USD,,POS,,,,México,Monterrey,Approved,00,False,17.34,,
TRX-CY40WBMIUK5WM6F51WLO,2025-03-15 18:35:24,2025-03-15,PRD-SSQ5TTVBX5EZ,CLI-DE5BPUTD0ME7,Payment,Transport,890.56,USD,,ATM,SUC-9J6GQRJ4,,,México,Ciudad de México,Pending,05,False,1.6,,
TRX-SE7PQ9OYE2JULV3O0WCH,2025-03-15 16:35:30,2025-03-15,PRD-8ZIJFX0FF2XW,CLI-DIX6KH938ZVW,Transfer,,13070841.85,COP,3267.71,Web,,,,Colombia,Bogotá,Approved,,False,2.7,,
TRX-O0ODWI4P1GWVQQ0C3ILA,2025-03-15 19:28:34,2025-03-15,PRD-3C5KX5IPQ85O,CLI-FFRRV9UO93YV,Deposit,,1232324.6,ARS,3520.93,ATM,SUC-IPX8M3BR,,,USA,Los Angeles,Approved,00,False,6.86,-33.6271507,-59.3235525
TRX-2YD2W6XDUFDY6XKVI3JT,2025-03-15 20:43:19,2025-03-15,PRD-47U9H7PY6Z8A,CLI-BQULNBDX9EUD,Payment,Other,1662.93,USD,,ATM,SUC-DYPJLQVN,,,México,Guadalajara,Approved,00,False,16.05,,
TRX-MALWYH1V1EBJ3RRQHE66,2025-03-15 15:29:34,2025-03-15,PRD-NOJ11BY394UH,CLI-D3GKMF54OTRP,Transfer,,8343.9,USD,,Web,,,,México,Querétaro,Approved,00,False,28.84,,
TRX-2UK6FOD974PPU4PQFUSJ,2025-03-15 21:54:07,2025-03-15,PRD-QSYV3TRCRS7Z,CLI-FUE0AJ1O3U6L,Deposit,,16709966.91,COP,4177.49,App,,,,Colombia,Barranquilla,Approved,00,False,3.3,,
TRX-KWNIOO2IQMRUNONKQCGZ,2025-03-16 01:02:04,2025-03-15,PRD-F1EI5D90JQSN,CLI-CMYQPPBPVRBC,Purchase,Food,242.15,USD,,Web,,Super Ahorro,Food,México,Querétaro,Pending,51,False,21.21,,
TRX-H7YBBKG473C9UDYJ8BHJ,2025-03-15 21:12:57,2025-03-15,PRD-445FQ4SCO6DM,CLI-8VRC5OB5TBO4,Transfer,,4712510.65,COP,1178.13,Web,,,,Colombia,Cali,Approved,00,False,27.18,,
TRX-KVRY19Z6LC4J55MXR7BF,2025-03-15 10:58:15,2025-03-15,PRD-H344223JW4VH,CLI-C1NO2TJ3TZAL,Withdrawal,,104.46,USD,,Web,,,,Mexico,Monterrey,Approved,00,False,8.11,,
TRX-A7LFGB7QVV5J45S4RIXD,2025-03-15 08:54:47,2025-03-15,PRD-JZO74P1VQNQ3,CLI-CUP7B754DTXA,Withdrawal,,424.26,USD,,ATM,SUC-1DANZ3LD,,,México,Querétaro,Approved,,False,16.44,0.8211426,-0.2669478
TRX-Z8GJAX72VS24XB4FDHUA,2025-03-15 15:52:15,2025-03-15,PRD-LMJM0KTOPEYO,CLI-WUXUL8G37Z38,Withdrawal,,1679327.97,COP,419.83,POS,,,,Colombia,Cali,Approved,,False,,,
TRX-3N1KFCADC5HEANQH2TS0,2025-03-15 15:47:34,2025-03-15,PRD-UXVZWS3J6BYO,CLI-3G0JTW50YACJ,Purchase,Health,91505.81,ARS,261.45,POS,,Clínica Médica,,Argentina,Buenos Aires,Approved,00,False,29.58,,
TRX-YRQCGCFG0YSM2B31HRVO,2025-03-15 17:53:40,2025-03-15,PRD-X7NK65EED77G,CLI-93UN5JL60SIJ,Transfer,,22041333.29,COP,5510.33,ATM,SUC-TQX7379E,,,Colombia,Bogotá,Approved,00,False,8.59,,
TRX-178263QIZT4XZPT5OKYG,2025-03-16 01:08:59,2025-03-15,PRD-CV6D2T7SPGGR,CLI-JUSZHT6WGOY6,Purchase,Transport,203.99,USD,,ATM,SUC-ISPO1DES,Taxi Seguro,Transport,México,Monterrey,Approved,00,False,23.42,-0.6616216,0.646118
TRX-PJ72QH83RGUWCIU3QDRT,2025-03-15 10:30:12,2025-03-15,PRD-4DDVI1BMBJNE,CLI-P9E022OTWR4J,Purchase,Food,46661.32,COP,11.67,App,,Restaurante El Buen Sabor,Food,Colombia,Cali,Approved,00,False,3.6,,
TRX-BBQEEQNKYAP23G8E46S9,2025-03-15 06:13:26,2025-03-15,PRD-JQKCPUYGIWF5,CLI-06YSGVWALF2H,Purchase,Transport,115313.3,ARS,329.47,Web,,Estación de Servicio,Transport,Argentina,Buenos Aires,Approved,00,False,24.38,,
TRX-GFBV8AZ4BVSM80CM4QA1,2025-03-15 12:27:36,2025-03-15,PRD-TJ1ZUWE1T8YT,CLI-T9VVP5PHJO62,Purchase,Transport,1806299.05,COP,451.57,ATM,SUC-PNT72MIS,Estación de Servicio,Transport,Colombia,Bogotá,Approved,00,False,5.29,,
TRX-NKZHFNJG89SIM00K4A0S,2025-03-15 13:49:50,2025-03-15,PRD-EJ873VAOS1G3,CLI-W3NMWBRDZOJE,Deposit,,18884009.4,COP,4721.0,Web,,,,Colombia,Bogotá,Approved,00,False,17.75,,
TRX-WJCEY71ZXIK70BXYH44X,2025-03-16 03:45:43,2025-03-15,PRD-WTPG9F3GQR5A,CLI-JJP704GLE33B,Adjustment,,309544.44,COP,77.39,ATM,SUC-8AM4U1NU,,,Colombia,Barranquilla,Approved,00,False,,4.3862594,-73.7519178
TRX-XU6DYF2H5IOC21IS9YNJ,2025-03-15 08:41:33,2025-03-15,PRD-WXYX82VXLOE8,CLI-6NI5SRPUM69D,Purchase,Health,129786.06,ARS,370.82,ATM,SUC-UVQ9U0YO,Farmacia Salud,Health,Brazil,Brasília,Approved,00,False,18.22,,
TRX-IOVLK7V8FY2HBEJ4LOW4,2025-03-15 10:40:47,2025-03-15,PRD-ULCPIJ92PE06,CLI-O0UJFS6BZZAT,Payment,Transport,6078479.2,COP,1519.62,Transfer,,,,Colombia,Cartagena,Approved,00,False,25.48,,
TRX-UZNNZG596NG2ER3FLZFA,2025-03-16 05:26:01,2025-03-15,PRD-G55QJP553F6X,CLI-AMXIA9OO7FPP,Payment,Services,3995532.11,COP,998.88,POS,,,,Colombia,Barranquilla,Approved,00,False,1.03,,
TRX-A0FUPFLLFH0RGR496UT6,2025-03-16 04:21:21,2025-03-15,PRD-L2G28WPVXSBI,CLI-YN2MDKDWTBOF,Payment,Food,365.21,USD,,POS,,,,México,Ciudad de México,Approved,00,False,14.73,,
TRX-3Z0PXDZ18BOR3R5C5WJG,2025-03-15 22:40:27,2025-03-15,PRD-JC43NZDBISFT,CLI-UBSC7PYQ2O20,Purchase,Other,184.97,USD,,POS,,Boutique Moda,Other,México,Ciudad de México,Approved,00,False,20.88,,
TRX-ED7QXSERPCUMOATA9VN5,2025-03-15 10:18:29,2025-03-15,PRD-GU56KSV4WYES,CLI-L85ZNB3N3EWS,Withdrawal,,1608220.84,COP,402.06,Transfer,,,,Colombia,Cartagena,Approved,00,False,14.11,,
TRX-5PZ6CDQQ0W9LLDX96D1X,2025-03-16 05:18:50,2025-03-15,PRD-XU695IJ05AB1,CLI-A9SXYEZRJ2L5,Purchase,Food,270814.74,COP,67.7,Transfer,,Restaurante El Buen Sabor,Food,Colombia,Medellín,Declined,51,False,20.25,,
TRX-XXQGLAD72BOCT5FY4ZVU,2025-03-15 08:57:20,2025-03-15,PRD-ZF1L7HJ4HSX7,CLI-RCYPQGFXR7V7,Payment,Food,1776.37,USD,,POS,,,,México,,Approved,00,False,3.45,,
TRX-YUDP0R55WJ215R0WHLJM,2025-03-16 02:56:56,2025-03-15,PRD-ZQMN9JRX5WEM,CLI-HTYA8OMP21BR,Payment,Transport,5779559.73,COP,1444.89,POS,,,,Colombia,Cali,Approved,00,False,24.29,5.5132158,-75.0459788
TRX-WSKW2VSMKQOGI0HYJT95,2025-03-16 00:48:54,2025-03-15,PRD-GNWBDL4LW4VI,CLI-22N739B3K2YA,Deposit,,925.28,USD,,Web,,,,México,Puebla,Approved,00,False,22.49,,
TRX-JZASXE7B0KUXXEI84F59,2025-03-15 10:14:23,2025-03-15,PRD-HDYLLN5HOYLE,CLI-44IXMGTCGBPS,Purchase,Other,480.7,USD,,Branch,SUC-KNGCTTUB,Ferretería,Other,México,Tijuana,Approved,00,False,11.75,,
TRX-JFIRWDLXBIVAF9IVY9HN,2025-03-15 06:23:26,2025-03-15,PRD-14RA1L1EAE69,CLI-LYDT7GMSAVK7,Deposit,,1341962.99,ARS,3834.18,POS,,,,Argentina,,Approved,00,False,,-35.4492152,-58.4357342
TRX-BF0JS8C5R2GW0ZZF0CVX,2025-03-15 08:23:53,2025-03-15,PRD-JBGEMVWWKUD4,CLI-VSZ49X52X51F,Payment,Other,176584.66,ARS,504.53,Web,,,,Argentina,Córdoba,Approved,00,False,,,
TRX-X0EFUCTRA9F7Y0NLURAS,2025-03-16 02:45:45,2025-03-15,PRD-AOPY53M24IR8,CLI-O0KVEMUIBS8Y,Payment,Services,683.76,USD,,Web,,,,México,Ciudad de México,Pending,05,False,0.75,,
TRX-3NSLFU92HOXD8N5RIFK6,2025-03-15 09:08:22,2025-03-15,PRD-1ZUX1HZSB17G,CLI-EU4K6ZKR6WS2,Withdrawal,,195.56,USD,,Transfer,,,,México,Ciudad de México,Approved,00,False,,,
TRX-NN3S3WK9UBZ3LZB1Y9OY,2025-03-15 15:07:29,2025-03-15,PRD-6OQU4D1YTMJ1,CLI-FINFMNFMJDLO,Purchase,Transport,118418.72,ARS,338.34,App,,Taxi Seguro,Transport,Argentina,Rosario,Approved,00,False,26.56,,
TRX-VS8GBO0BKT1N0GZ38K4K,2025-03-15 07:53:54,2025-03-15,PRD-36FRIW9Y7JEL,CLI-UK1GRE3ZCYP5,Withdrawal,,141.09,USD,,ATM,SUC-BDUHNO9T,,,México,Ciudad de México,Declined,05,False,21.38,,
TRX-BWWJ89PLT11VR5WC5CVY,2025-03-15 06:26:34,2025-03-15,PRD-7IZTF7Y2DYB2,CLI-TYPCAR2ZE8KU,Withdrawal,,504502.82,COP,126.13,POS,,,,Colombia,Medellín,Approved,00,False,25.84,,
TRX-5E17E551FSCP74PDE5MQ,2025-03-15 09:24:50,2025-03-15,PRD-ZBKX1218E4UQ,CLI-W4QQAPIDZAS9,Purchase,Transport,351.88,USD,,POS,,Uber,Transport,México,Puebla,Approved,00,False,29.13,,
TRX-DMQ22AA9WCK5ZNYMDMRS,2025-03-15 21:47:30,2025-03-15,PRD-K6JWX6TBJR1E,CLI-2FKTBMDQS59W,Deposit,,3702.33,USD,,App,,,,México,Monterrey,Approved,00,False,,,
TRX-A7AGFXGXMJMZGQIMD3YR,2025-03-15 13:28:12,2025-03-15,PRD-VU0XQ7Y1YMEL,CLI-9YJF47J5J1VH,Deposit,,3836.14,USD,,ATM,SUC-LBPQUZ4D,,,México,Monterrey,Approved,00,False,12.12,,
TRX-LIOKQ3SFO14TEHJE06I9,2025-03-15 14:07:08,2025-03-15,PRD-7DQKELAVSMNM,CLI-30JPM88L3G06,Deposit,,1606.9,USD,,POS,,,,México,Tijuana,Approved,00,False,,,
TRX-4XTYV8AR81PFZ12NOT2K,2025-03-15 13:08:12,2025-03-15,PRD-R4ZJ78M0DZXB,CLI-794V8EBJVSZ5,Purchase,Food,1511855.3,COP,377.96,POS,,Mercado Central,Food,Colombia,Cartagena,Approved,00,False,23.85,,
TRX-8ZZPM3VJP7OBBTWP8IR5,2025-03-16 02:59:02,2025-03-15,PRD-MPGSANI8810F,CLI-E0SR7S94PNZ3,Withdrawal,,1783758.96,COP,445.94,POS,,,,Colombia,Medellín,Approved,00,False,23.16,,
TRX-JX5RBHSVT3TJ2XY7C65X,2025-03-15 21:55:53,2025-03-15,PRD-2LRDHNGQLL1S,CLI-11P7DYZZ6QA3,Payment,Food,633.45,USD,,ATM,SUC-XV1N3YM9,,,México,Tijuana,Approved,00,False,4.27,0.7866106,0.2071087
TRX-5IOHAJKAL67S3MUYR2UI,2025-03-15 11:28:52,2025-03-15,PRD-0H11BMD2YBYR,CLI-YZAAG9OTZ4XM,Transfer,,6908357.7,COP,1727.09,ATM,SUC-TQX7379E,,,Colombia,Medellín,Approved,00,False,19.5,,
TRX-R4EC3CTYVGKWP4KX3FG2,2025-03-15 11:33:50,2025-03-15,PRD-4CVS3E0121MX,CLI-NXGF7V90VJK0,Purchase,Health,1845342.15,COP,461.34,App,,Farmacia Salud,Health,Colombia,Cartagena,Approved,00,False,15.68,,
TRX-TUR896DZC6MGX5Z03IN1,2025-03-15 06:05:41,2025-03-15,PRD-YOFN1RZG3NDY,CLI-CR2YZ3BG8XGA,Withdrawal,,1237776.96,COP,309.44,ATM,SUC-E5CCM8ZI,,,Colombia,Cali,Pending,54,False,14.53,,
TRX-WL93LLCACF7UWI7I24PX,2025-03-16 01:42:01,2025-03-15,PRD-TK7ITUUSEAKE,CLI-09JQ545BF4B5,Purchase,Transport,369.36,USD,,POS,,Gasolinera Express,Transport,México,Querétaro,Approved,00,False,,,
TRX-2X1NBSPIFUP3CPBFTIGU,2025-03-16 03:06:32,2025-03-15,PRD-I70JFCN8OHUI,CLI-HR36Q6E9NC44,Withdrawal,,480.97,USD,,Web,,,,México,Monterrey,Approved,00,False,19.43,,
TRX-HHW9INDPCLYIISBXAW1K,2025-03-15 22:40:44,2025-03-15,PRD-PEKJM5EWGLJK,CLI-YM9BX0K3462J,Purchase,Food,260.24,USD,,POS,,Restaurante El Buen Sabor,Food,México,Guadalajara,Approved,00,False,9.41,,
TRX-TP30L8JF978IW60OIAE0,2025-03-16 04:57:32,2025-03-15,PRD-OR4JNTEW2W6W,CLI-RNSC2NZEQRJ1,Transfer,,27904768.9,COP,6976.19,ATM,SUC-QLV3J046,,,Colombia,Cartagena,Approved,00,False,1.54,,
TRX-HCFO65CP45BQXQ8DHOUF,2025-03-15 15:11:38,2025-03-15,PRD-68246P03KHNZ,CLI-TPV0K3MUHHUZ,Deposit,,4160.53,USD,,POS,,,,México,Guadalajara,Approved,00,False,19.96,,
TRX-9WV75OUK554LD40URV87,2025-03-15 15:03:58,2025-03-15,PRD-51EL8SPNBG4L,CLI-YQN2BUEAJ7JH,Withdrawal,,67476.89,ARS,192.79,App,,,,Argentina,Córdoba,Pending,05,False,,,
TRX-A0RDHTRUUFUA2GNKO1BV,2025-03-15 22:13:24,2025-03-15,PRD-6Y2X4H4OMQGF,CLI-U74PXPKJ3OPP,Withdrawal,,1974174.16,COP,493.54,POS,,,,Brazil,Rio de Janeiro,Approved,00,False,17.76,,
TRX-H0I7XIFKA35IG9LYCG74,2025-03-15 15:00:52,2025-03-15,PRD-MV4ER6C0VCXF,CLI-5K5QBGZ27BZV,Purchase,Other,28523.74,ARS,81.5,POS,,Boutique Moda,Other,Argentina,Rosario,Approved,00,False,19.93,-34.1998075,-58.880082
TRX-C9KGO7TKYG691LRL48ZJ,2025-03-16 03:46:26,2025-03-15,PRD-M3CDDW0QKWCZ,CLI-66EOLAINELGB,Purchase,Other,7.47,USD,,Branch,SUC-HFPBAT4U,Centro Comercial,Other,México,Querétaro,Pending,14,False,17.3,,
TRX-BGJV5OSFIXKM6VRUA3UY,2025-03-15 19:45:13,2025-03-15,PRD-W1EE4PQC8XFK,CLI-OSAQFXC5VOQG,Payment,Food,1086.73,USD,,App,,,,México,Tijuana,Pending,51,False,18.69,,
TRX-LTG7RQGSPHWN7535NCXY,2025-03-16 04:07:33,2025-03-15,PRD-HS1O0CU6DGFU,CLI-JXIWS89W1SPO,Purchase,Health,370.05,USD,,App,,Laboratorio Central,Health,México,Tijuana,Approved,00,False,27.21,,
TRX-2VPG76SNA5QBS2BZLN0F,2025-03-15 12:48:00,2025-03-15,PRD-IN9WWJKCH9KT,CLI-19S6KYP2XIE9,Transfer,,3903169.38,COP,975.79,ATM,SUC-OFZKCO6O,,,Brazil,Brasília,Declined,54,False,,4.1308113,-73.6548559
TRX-VB9ITYBIWBTDMZQB3FNS,2025-03-15 19:48:10,2025-03-15,PRD-C56MHALXEP2S,CLI-ZY6L62QAOHCQ,Withdrawal,,475.55,USD,,POS,,,,México,Tijuana,Approved,00,False,13.12,,
TRX-AEUVTHZBTWCKDSRYALPS,2025-03-15 07:00:23,2025-03-15,PRD-D1EC2O1HTND6,CLI-UEGR9NUCUGGB,Purchase,Services,735911.23,COP,183.98,POS,,Empresa Telefónica,Services,Colombia,,Approved,00,False,,,
TRX-QUC43JBAWQWVG083AYYV,2025-03-16 04:22:10,2025-03-15,PRD-C1XGMY0QLJCV,CLI-KZ7BE3NGF8OR,Withdrawal,,757170.56,COP,189.29,ATM,SUC-XV4BJ541,,,Colombia,Bogotá,Approved,00,False,12.26,4.9305398,-73.2015153
TRX-UKG5QZ4594LXRP2UR2HX,2025-03-15 23:52:05,2025-03-15,PRD-CFT4OD4C7CEI,CLI-JHIAWCCCFDL4,Withdrawal,,125910.12,ARS,359.74,POS,,,,Argentina,Rosario,Approved,00,False,,,
TRX-H9LCMRTENY2291HMF6J6,2025-03-15 09:51:01,2025-03-15,PRD-IJ1YKWGUTTLG,CLI-MND3ENQSZBHW,Withdrawal,,174163.42,COP,43.54,App,,,,Colombia,Cali,Approved,00,False,29.98,,
TRX-66QARHAXBQPMB8WYTEUZ,2025-03-16 03:32:59,2025-03-15,PRD-ROIM4I1RH2ET,CLI-D4I79MGNUO9V,Purchase,,357.5,USD,,ATM,SUC-06LBAMRN,Teatro Nacional,Entertainment,Colombia,Cartagena,Approved,00,False,21.45,,
TRX-246DLPF3QVWL3VAD8BY5,2025-03-15 23:20:51,2025-03-15,PRD-0UI469V8YCSG,CLI-0MSSRNHBCPEU,Payment,Transport,1945.62,USD,,Web,,,,México,Puebla,Approved,00,False,8.81,,
TRX-4IEH5FSAWWZOLDIJHFRO,2025-03-15 14:16:46,2025-03-15,PRD-KH2EFWO0WH7Y,CLI-AN7OS8UYF7TF,Withdrawal,,287.98,USD,,Web,,,,México,Tijuana,Declined,05,False,3.09,,
TRX-N1RSJZ1ILY8QZ2SPJM2K,2025-03-15 13:33:27,2025-03-15,PRD-ZO5PC4FZ3KXI,CLI-8SU6MF35VPQL,Purchase,Food,270695.16,COP,67.67,POS,,Mercado Central,,Colombia,Cartagena,Approved,00,False,,,
TRX-6XEFYOM49Q1K8F0CNTLV,2025-03-15 13:14:58,2025-03-15,PRD-EGTDPRQ1L7Y0,CLI-JZ9P89MSEYR8,Payment,Other,553.87,USD,,POS,,,,México,Querétaro,Approved,00,False,13.41,,
TRX-0YZRRYPMD1LCT75CBAVW,2025-03-15 17:50:49,2025-03-15,PRD-7GNKP8KZY38O,CLI-GDRW2563PQT2,Purchase,Services,141131.2,ARS,403.23,ATM,SUC-3JIR51SL,Empresa Telefónica,Services,Argentina,Rosario,Approved,00,False,,,
TRX-ANTUNR5W2BDTBZVIBJF2,2025-03-15 06:40:17,2025-03-15,PRD-YPM4VKHEUVLX,CLI-EFV4X3OFLE2Z,Withdrawal,,96233.22,ARS,274.95,ATM,SUC-6M2HY1ZX,,,Argentina,La Plata,Approved,00,False,16.04,,
TRX-Z6N0DCIQR0RWI0FFO8FK,2025-03-15 16:28:43,2025-03-15,PRD-CSIFW4UM08CV,CLI-KPPCEGWLSU8I,Transfer,,3789.16,USD,,Transfer,,,,México,Ciudad de México,Approved,00,False,14.27,,
TRX-URGV2T7FHTQOOUA9THCY,2025-03-15 19:56:52,2025-03-15,PRD-XJ7O9U2FG3M6,CLI-FM3630N6C44N,Withdrawal,,263.09,USD,,ATM,SUC-JRR5Z8WK,,,México,Monterrey,Approved,00,False,11.55,,
TRX-6C3JUQOD0N49ER2VZMV4,2025-03-16 00:28:49,2025-03-15,PRD-8Y27G8B9Q1IH,CLI-WFRMB1B1OESI,Transfer,,1422.47,USD,,POS,,,,Argentina,Rosario,Approved,00,False,25.1,-35.1613769,-58.4084523
TRX-WDCK7DDO94YN98UU00PR,2025-03-15 11:59:35,2025-03-15,PRD-ENJDR28OT3U5,CLI-B7ERJDQ8L4JB,Purchase,Food,1298084.71,COP,324.52,ATM,SUC-X3OFCBL0,,Food,Colombia,Cali,Approved,,False,,,
TRX-50MHQOP8PG9LS49JF90E,2025-03-16 02:41:38,2025-03-15,PRD-1N6U9NRVQ9B6,CLI-EJRAQS1MF76H,Payment,Food,5121580.59,COP,1280.4,ATM,SUC-9S92DZ9T,,,Colombia,Medellín,Approved,00,False,14.19,4.5015741,-73.9136935
TRX-6GLGKKEMF5MCM5CYVQHB,2025-03-15 15:01:10,2025-03-15,PRD-C3AV1TF4CVRL,CLI-DJPCEYAC0DXP,Purchase,,16.15,USD,,App,,Conciertos Live,Entertainment,México,Querétaro,Approved,00,False,22.13,,
TRX-L3VU9ZHLRELMJY6TSUJV,2025-03-15 18:43:21,2025-03-15,PRD-IHG4YVG9CCUP,CLI-K0P40M9IVIXB,Transfer,,1527.91,USD,,App,,,,México,Ciudad de México,Approved,00,False,10.0,,
TRX-EW1GSNWXI7PCLCWTN4W7,2025-03-15 14:32:25,2025-03-15,PRD-HUP83ZGWTG4M,CLI-XCW566YOMOKD,Transfer,,1539259.58,ARS,4397.88,ATM,SUC-ZSZKWMJL,,,USA,Los Angeles,Approved,00,False,13.79,,
TRX-4GV6PD31IO7V5W148T0F,2025-03-16 04:36:59,2025-03-15,PRD-C57ATI04H0CE,CLI-HLMKLK3LUQKX,Transfer,,7552.2,USD,,POS,,,,México,Tijuana,Approved,00,False,27.82,-0.0743171,0.8890549
TRX-9539MG2YT9EFKPPL5C3T,2025-03-16 02:27:38,2025-03-15,PRD-7MDP7MEVWPWU,CLI-SO7NNKVITUBA,Withdrawal,,171.34,USD,,App,,,,México,Monterrey,Approved,00,False,11.7,,
TRX-L000Y6ZQ4MFY4R4PDXRR,2025-03-15 19:06:15,2025-03-15,PRD-8D3K2DHPH6X0,CLI-R961WVKVN083,Transfer,,2772.05,USD,,POS,,,,México,Ciudad de México,Approved,00,False,9.99,,
TRX-PMSXYHGX9G1K02SP1R1C,2025-03-15 18:18:16,2025-03-15,PRD-YYLMRBE3T1P8,CLI-YJTGNEZO0V26,Deposit,,1502467.89,ARS,4292.77,ATM,SUC-MAWPQ7HZ,,,Argentina,Rosario,Approved,00,False,9.4,,
TRX-57CZV7Y7QMSWCNTVYP1C,2025-03-15 18:41:14,2025-03-15,PRD-MPB0A5KDL2MQ,CLI-TRBKQ6KEWKPF,Withdrawal,,1760323.06,COP,440.08,POS,,,,Colombia,Barranquilla,Approved,00,False,26.76,,
TRX-PBTDCCR0AVZ8ALM8NXZX,2025-03-16 00:01:26,2025-03-15,PRD-KB6F1EXYTPWS,CLI-2Z2UDW9UB349,Purchase,Other,1037795.59,COP,,ATM,SUC-22RCTEVV,Centro Comercial,Other,Colombia,Cali,Approved,00,False,,,
TRX-M4SVD4GQADKFJHCKE40B,2025-03-15 06:04:52,2025-03-15,PRD-KKL8TBYF2NLB,CLI-V4OLTHHK5WBN,Purchase,Other,63.27,USD,,POS,,Ferretería,Other,México,Ciudad de México,Approved,00,False,,,
TRX-LWG6KM839MWEH1D9243M,2025-03-15 09:55:48,2025-03-15,PRD-38F3S1SRCBKQ,CLI-DQXWI1HP8VRX,Transfer,,9498116.36,COP,2374.53,ATM,SUC-VZIGM714,,,Colombia,Medellín,Approved,00,False,23.8,4.4472791,-74.6763742
TRX-ZNDAWW8SQVVQU80RSF9U,2025-03-15 13:44:07,2025-03-15,PRD-T5OPFLZMKOD8,CLI-14A2S7OLEG46,Withdrawal,,591782.54,COP,,Web,,,,Colombia,Medellín,Approved,00,False,20.41,,
TRX-UBQJDS9NAIDTM8SCKUOF,2025-03-15 12:23:11,2025-03-15,PRD-NTDMFTAEGKL4,CLI-8ZBUS9P22UAG,Deposit,,1567.94,USD,,POS,,,,México,,Reversed,14,False,10.41,,
TRX-UL8U7PQUQ8M9JHCYJMTE,2025-03-15 13:36:10,2025-03-15,PRD-QGZSSLE14UH9,CLI-4D2TVB133ULV,Transfer,,13513222.96,COP,3378.31,POS,,,,Colombia,Barranquilla,Approved,00,False,24.82,,
TRX-4CRHZ6Q3HRMO50ETTFG1,2025-03-15 23:21:59,2025-03-15,PRD-W38L1A7PNZAO,CLI-COSE8JD90B77,Payment,Other,7449461.75,COP,1862.37,ATM,SUC-H2ROE7C8,,,Colombia,Medellín,Approved,,False,27.24,4.7574781,-74.0233042
TRX-NB2AXF1TRJKNYLZAH0NV,2025-03-15 21:53:11,2025-03-15,PRD-FF3HDKIH8YXM,CLI-QG603QGE4EL2,Payment,Services,1115.58,USD,,POS,,,,México,Querétaro,Pending,51,False,,-0.9549029,-0.4994087
TRX-D4CCCGS0JEZ2WLJS5LI0,2025-03-16 01:38:32,2025-03-15,PRD-T7E3QTPWQNU6,CLI-H0YJ83GU4GGT,Purchase,Services,90556.89,ARS,258.73,App,,Empresa Telefónica,Services,Argentina,Córdoba,Declined,51,False,25.21,,
TRX-HYYH4RWSDHEZYC7EFVE9,2025-03-15 09:28:07,2025-03-15,PRD-W3QZ2UY3EYMF,CLI-HWDSRTMW0NK9,Payment,Services,779.56,USD,,Web,,,,México,Ciudad de México,Approved,00,False,16.52,,
TRX-U4U7QPSD4ILO856IJMIY,2025-03-15 14:51:16,2025-03-15,PRD-VPB7XULF05B6,CLI-E5LJA61YS9KS,Deposit,,902506.23,ARS,2578.59,ATM,SUC-GTAY0XHL,,,Argentina,Buenos Aires,Approved,00,False,,,
TRX-CX9Q8SHQBPH4S6316UCT,2025-03-15 17:21:15,2025-03-15,PRD-TKQAO1ZIB7ZW,CLI-Y3JT46BSKY5S,Withdrawal,,281.79,USD,,POS,,,,Argentina,La Plata,Approved,,False,,,
TRX-ZUYGJ7FP2YPMUP007MTG,2025-03-15 15:56:11,2025-03-15,PRD-JBGBF0DNBLBL,CLI-9C51YKT2V0MF,Deposit,,2437.61,USD,,POS,,,,México,Querétaro,Approved,00,False,0.08,,
TRX-DKZN1BD4060YV5FP8930,2025-03-15 12:45:43,2025-03-15,PRD-DE3MLFL2U17Q,CLI-NAA7GYLVBZUO,Transfer,,37693750.49,COP,9423.44,ATM,SUC-M447M9GU,,,Colombia,Bogotá,Approved,00,False,10.04,,
TRX-XRAZAUGFNNA1MKNKGJ0R,2025-03-16 04:14:11,2025-03-15,PRD-L2SVU81SN1I8,CLI-VY26UYBH94NX,Withdrawal,,411.57,USD,,App,,,,México,Guadalajara,Approved,00,False,4.66,,
TRX-Z6ZHZ83ZL7POX10YM0F9,2025-03-15 10:44:26,2025-03-15,PRD-Y7OIVH72XZGO,CLI-NC8YVR2U2P0X,Purchase,Transport,133030.74,ARS,380.09,Web,,Estación de Servicio,Transport,Argentina,Mendoza,Approved,00,False,29.05,,
TRX-AJKNRJPOJKUWKLVJBW1P,2025-03-16 05:10:13,2025-03-15,PRD-NFQZQAW3WLJY,CLI-4PIC272JN64P,Withdrawal,,23.77,USD,,Branch,SUC-4HF4J8KO,,,México,Monterrey,Approved,00,False,24.73,-0.9139321,0.5877428
TRX-GZI0J1GBR04NISUH44OU,2025-03-15 18:21:17,2025-03-15,PRD-IRGZI30O02O5,CLI-R69DLKWT8THJ,Payment,Transport,1295.55,USD,,Web,,,,México,Querétaro,Approved,00,False,0.59,,
TRX-UA3Z1GNOSEDW4LPM6D4N,2025-03-15 15:51:28,2025-03-15,PRD-2OBWN4L34BEP,CLI-HS8E570B1APV,Withdrawal,,1953092.49,COP,488.27,POS,,,,Colombia,Bogotá,Approved,00,False,,,
TRX-VY153XOSNKFSYWSJ537N,2025-03-15 07:10:36,2025-03-15,PRD-P6Q373PQ3VRD,CLI-BMOCI18YTY98,Withdrawal,,174.31,USD,,App,,,,México,Ciudad de México,Approved,,False,9.64,,
TRX-FAUB9ACA7WAQ9GWMEICP,2025-03-15 14:34:06,2025-03-15,PRD-7BH0MOB6ARXX,CLI-4YF1A559MMR6,Payment,Other,7555764.57,COP,1888.94,App,,,,Colombia,Medellín,Approved,00,False,5.12,,
TRX-P5QO7DNXHPJVD4PXYZNN,2025-03-15 19:04:26,2025-03-15,PRD-LIZ41P81Y9XV,CLI-IYFBQK6RMUJ0,Transfer,,2423387.63,ARS,6923.96,ATM,SUC-10TO2Y3U,,,Argentina,Rosario,Approved,00,False,24.87,,
TRX-EPEZXQ5E5UXRKGA3W4XR,2025-03-15 12:58:15,2025-03-15,PRD-DIGBPUCB7AU4,CLI-Y4E9G4WX6QW9,Purchase,Transport,243.89,USD,,ATM,SUC-JGB6PK8R,Taxi Seguro,Transport,México,Querétaro,Approved,00,False,26.23,,
TRX-SJCQ8T8334UVR9Q5EPMZ,2025-03-15 12:16:55,2025-03-15,PRD-HAOZRJADVBR0,CLI-6578O02YC895,Transfer,,8919111.98,COP,2229.78,ATM,SUC-E1VTXGEU,,,Colombia,Barranquilla,Approved,00,False,15.05,,
TRX-CEAMY5W6SZ8FTABXZIN2,2025-03-15 13:57:42,2025-03-15,PRD-P2VYUZ8V147U,CLI-YIM7N3ONEZUZ,Withdrawal,,145728.83,ARS,,ATM,SUC-V5DT47YR,,,Mexico,Ciudad de México,Approved,00,False,29.27,,
TRX-0BFUFS8V1T1AMHTFC8Q8,2025-03-16 03:11:50,2025-03-15,PRD-PMVVLDBAEDVH,CLI-W6DPHGFKUS0H,Deposit,,15597556.85,COP,3899.39,App,,,,Colombia,Cartagena,Approved,00,False,10.35,,
TRX-YEHZGMJQHAW373KZA5MF,2025-03-15 14:24:41,2025-03-15,PRD-O12D6MS3WW17,CLI-HUY1FNSLTA7E,Purchase,Transport,770647.52,COP,,ATM,SUC-OGCB7RT2,Uber,Transport,Colombia,Barranquilla,Approved,,False,22.34,,
TRX-S7C75BMJSFEXS795ZJDZ,2025-03-15 16:02:35,2025-03-15,PRD-HACIG33B5VXR,CLI-F893LPNU43IL,Withdrawal,,950807.17,COP,237.7,Web,,,,Colombia,Medellín,Approved,00,False,29.12,,
TRX-NJ1SAU66MXR0Q3H78MVK,2025-03-15 13:56:43,2025-03-15,PRD-HSZF1QF9HHVH,CLI-KYH7K1SAXHQL,Purchase,Services,117482.13,COP,29.37,POS,,Internet Plus,Services,Colombia,Barranquilla,Pending,05,False,7.64,,
TRX-YMXC20XZOP6LVBHWWPKR,2025-03-15 22:25:37,2025-03-15,PRD-V65AQMY6ZYYI,CLI-J8W790G5SAVL,Transfer,,2568.54,USD,,ATM,SUC-GV2TU3NJ,,,Brazil,Salvador,Approved,00,False,,-0.0434001,0.2628836
TRX-6BUTL9AX8WG5N75877HM,2025-03-16 02:23:31,2025-03-15,PRD-K2OI13EIPMBW,CLI-DFL8TRESU17B,Adjustment,,108038.88,ARS,308.68,POS,,,,Spain,Sevilla,Approved,00,False,25.89,,
TRX-ZSNVKN8446NSZ6MNVTLS,2025-03-15 09:56:05,2025-03-15,PRD-IUFJ4967ETDW,CLI-WPBIS5XBMJEQ,Payment,Food,299.66,USD,,Web,,,,México,Puebla,Approved,00,False,20.62,,
TRX-VKTZEAQN6L49NVPI7PQC,2025-03-15 13:36:23,2025-03-15,PRD-8K762UEM4QLX,CLI-B9AIDWYZMY5V,Transfer,,3327172.87,ARS,9506.21,ATM,SUC-XHNP3DLP,,,Argentina,La Plata,Approved,00,False,29.19,,
TRX-15VD8X1GWELEFZWO967F,2025-03-15 17:50:59,2025-03-15,PRD-MGONWJ9BCBR3,CLI-81OV62EL6F58,Purchase,Other,70.78,USD,,ATM,SUC-ZAMLQY77,Boutique Moda,Other,México,Tijuana,Approved,00,False,17.85,,
TRX-CL2AQVOVBSD54T33CR22,2025-03-15 16:04:44,2025-03-15,PRD-LQ0LV2VWGHD2,CLI-AZLEYFCUOSC6,Purchase,Food,147.15,USD,,Transfer,,,Food,México,Tijuana,Approved,00,False,,,
TRX-JOB3SFWCYWRORFC61FCX,2025-03-16 00:13:07,2025-03-15,PRD-ABPAFO7ONHY5,CLI-GAEESJIWJ2IX,Deposit,,8944238.31,COP,2236.06,ATM,SUC-EMGR60PV,,,Colombia,Cartagena,Approved,00,False,15.51,,
TRX-LHTWBTHH9UAHNOCGBAM8,2025-03-15 23:12:50,2025-03-15,PRD-D1BV7KMXQIWO,CLI-134LO3SDLE3F,Purchase,Services,300.15,USD,,ATM,SUC-H4YG9DLY,Cable TV,,México,Monterrey,Approved,00,False,13.3,,
TRX-Z1QJ53NMXLRJQKBR9Q0J,2025-03-15 22:01:05,2025-03-15,PRD-GCKSUDZRZ6DH,CLI-5U2Z4L5HDWDT,Payment,Services,425382.2,COP,106.35,Web,,,,Colombia,Barranquilla,Approved,00,False,,,
TRX-YDXQVBGRM8DSCA2Z3OUB,2025-03-15 07:17:55,2025-03-15,PRD-4GXT0OTHOI0J,CLI-Y83DFHAOL286,Purchase,Food,441.24,USD,,App,,Super Ahorro,Food,Spain,,Approved,00,False,4.68,,
TRX-8E9BQQ30CDTHKBDI3N3E,2025-03-15 16:21:10,2025-03-15,PRD-FCK75MTDOY32,CLI-83ZGG376KGR2,Purchase,Services,1060062.44,COP,265.02,POS,,,Services,Colombia,Medellín,Approved,00,False,12.98,,
TRX-DV8SBB6K9YIQVDD3GA11,2025-03-16 05:55:36,2025-03-15,PRD-VM5DSPFSHBJA,CLI-FE3WL1AOPZSM,Withdrawal,,68000.69,ARS,194.29,Transfer,,,,Argentina,Rosario,Approved,00,False,17.17,,
TRX-00DLEMMGSTJTLRUARC0A,2025-03-15 23:46:20,2025-03-15,PRD-RJN65A6XPQ6S,CLI-HLHVRQAXP02D,Payment,Services,24694.17,ARS,70.55,POS,,,,Argentina,Rosario,Approved,,False,29.98,,
TRX-FNX40514ONA61N99HA6Y,2025-03-15 18:00:52,2025-03-15,PRD-1KJUPF438P3W,CLI-T3THZKSGDZ1Y,Purchase,Food,1844828.23,COP,461.21,POS,,Super Ahorro,Food,Colombia,Medellín,Approved,00,False,10.54,,
TRX-QCMC61OAXGBZ5G7IR6BM,2025-03-15 14:40:33,2025-03-15,PRD-UZ5I5XFACAIV,CLI-T6CF4FMM1L7A,Withdrawal,,400.8,USD,,POS,,,,México,Monterrey,Approved,00,False,7.85,,
TRX-DV1NUQPEYYVMX8ROXGPG,2025-03-16 05:07:53,2025-03-15,PRD-ZD2F456TG961,CLI-FJHARV69XRWH,Withdrawal,,366.14,USD,,Transfer,,,,México,Monterrey,Approved,00,False,2.45,,
TRX-PMJF62O4TJ8GTZGXY4EK,2025-03-16 01:15:41,2025-03-15,PRD-TBERLDHZU104,CLI-TQ7RRMVM0JQP,Transfer,,6622.44,USD,,ATM,SUC-QE974U7T,,,México,Puebla,Approved,00,False,28.48,-0.5670629,-0.0253868
TRX-X5MR9BEVYKRCLYRYSQZN,2025-03-16 01:15:29,2025-03-15,PRD-X7OSP11PEIOE,CLI-LZ4PDM8IAZCT,Deposit,,369.15,USD,,Web,,,,México,Monterrey,Approved,00,False,17.84,,
TRX-7N8L04Y0JUJTHS3R1JYG,2025-03-15 16:14:36,2025-03-15,PRD-ELJV2DMJ1GUS,CLI-O4X8K1F7EDX2,Deposit,,3402.19,USD,,Web,,,,Argentina,Buenos Aires,Approved,00,False,0.12,,
TRX-8FGOL0UKRU3PGLUM26P2,2025-03-15 18:30:45,2025-03-15,PRD-YJ9BYRZI3QJV,CLI-5AQT1XIJTP9I,Withdrawal,,489.02,USD,,Web,,,,México,Puebla,Approved,00,False,20.02,,
TRX-80Z4L07J0257VBS48PR3,2025-03-16 01:12:49,2025-03-15,PRD-EK80TDX6NTF0,CLI-SP0BXHRFZQ0A,Purchase,Transport,891463.04,COP,222.87,POS,,Gasolinera Express,Transport,Colombia,Cartagena,Approved,,False,11.62,,
TRX-SJ6DMF6L4OEWFR6NMEF8,2025-03-16 01:45:43,2025-03-15,PRD-D3C7RALLFGIO,CLI-MGP1K8M5R4RO,Payment,Services,796.89,USD,,POS,,,,México,,Approved,00,False,17.33,-0.9586556,0.0498229
TRX-INO109APKNR0J6Q7V3WF,2025-03-16 03:46:15,2025-03-15,PRD-1BK3ZYOYLI6W,CLI-UPN6QIG3IV62,Transfer,,36429122.41,COP,9107.28,Web,,,,Colombia,Medellín,Approved,00,False,,,
TRX-78BKNA06P77RSVWZYE6S,2025-03-15 07:29:04,2025-03-15,PRD-ZFLKWWY31C8I,CLI-FBIRELJZDFOR,Withdrawal,,253.07,USD,,Web,,,,México,Puebla,Declined,54,False,5.96,,
TRX-K81XS4CZ48BDRB62ECBM,2025-03-15 17:00:12,2025-03-15,PRD-SSCDPX7CX2MR,CLI-PUC3SY2OL5HN,Transfer,,898934.24,COP,224.73,POS,,,,Colombia,Bogotá,Approved,00,False,7.66,,
TRX-NBS3WXNRBOENJX44HVVM,2025-03-15 07:50:51,2025-03-15,PRD-AVJ1JW2PGHAH,CLI-U0SQGPGQFZ2P,Transfer,,31125030.03,COP,7781.26,POS,,,,Colombia,Cartagena,Approved,00,False,16.77,,
TRX-L5J44OB109KU7KOHBR4Q,2025-03-15 08:25:46,2025-03-15,PRD-IMFQVIK86FLB,CLI-BTT8PZ728RMO,Purchase,Entertainment,390.73,USD,,ATM,SUC-74OJEV5Z,Cine Premium,Entertainment,México,Querétaro,Approved,00,False,,-0.2644058,0.5098435
TRX-IU2NJRDXIL6SZG5JXWIO,2025-03-15 14:28:41,2025-03-15,PRD-T244YYGGBNPW,CLI-RBWFNIVHER9Y,Transfer,,3017531.45,ARS,8621.52,Web,,,,Argentina,Córdoba,Approved,00,False,,,
TRX-2YIUZJGWK24DWM54ZIW7,2025-03-16 01:41:42,2025-03-15,PRD-6112OHQJRGF5,CLI-X5LP8EKU7QIM,Withdrawal,,207.87,USD,,POS,,,,México,Guadalajara,Approved,00,False,0.04,,
TRX-4EX1QM7FW4OQU12YNPR6,2025-03-15 11:12:55,2025-03-15,PRD-7AKOPT8YE9YW,CLI-6RQPOBE5FLDW,Transfer,,5406.72,USD,,ATM,SUC-337QKO7D,,,México,Puebla,Approved,00,False,,,
TRX-XLL9BQ1PQQ7BJ834O62H,2025-03-15 15:00:26,2025-03-15,PRD-AOD14M3KYIHX,CLI-IPIXRB09KPLA,Purchase,Entertainment,45605.52,ARS,130.3,Web,,Cine Premium,Entertainment,Argentina,Córdoba,Approved,00,False,2.61,,
TRX-I9Q9YOG8H8EDCGFLNCIB,2025-03-15 23:23:40,2025-03-15,PRD-GFWLZ5Q8SYJE,CLI-7NBRN1FAUYOH,Purchase,Other,342.58,USD,,ATM,SUC-F03D129S,Tienda General,Other,México,Tijuana,Approved,00,False,13.9,,
TRX-CIPOWXQTPLISZRP6I166,2025-03-16 05:10:56,2025-03-15,PRD-VNAUAVXGJO4M,CLI-HUVZVG9CTQDQ,Purchase,,245.13,USD,,POS,,Restaurante El Buen Sabor,Food,México,Monterrey,Approved,00,False,18.11,-0.7720555,-0.0681635
TRX-Y42HKZ9KNHMDGPT5LZVL,2025-03-16 00:36:23,2025-03-15,PRD-MCXICJ11IX2C,CLI-K3479GFOZB5R,Transfer,,334242.27,ARS,954.98,Web,,,,Argentina,Buenos Aires,Approved,00,False,29.81,,
TRX-LD0V9GOS79LKSFN6J68F,2025-03-16 02:11:08,2025-03-15,PRD-3UZ4N6LXUZF5,CLI-9JDWKMNMH1B1,Purchase,Services,331.34,USD,,Branch,SUC-WSSLNOPN,Empresa Telefónica,Services,México,Guadalajara,Approved,00,False,18.86,0.1215256,-0.4845304
TRX-JCVV5WTKL7GAU54VKI9Z,2025-03-15 08:45:17,2025-03-15,PRD-7FRBAR5EWNYQ,CLI-D278NQWPHR6F,Withdrawal,,1493190.67,COP,373.3,POS,,,,Colombia,Barranquilla,Approved,00,False,27.21,,
TRX-CKHSN37IRKHE1D83JFFF,2025-03-15 17:32:46,2025-03-15,PRD-8L858020KO5Q,CLI-K7ADCAGRRC5A,Deposit,,2308077.93,COP,577.02,ATM,SUC-KJBGVLU5,,,Colombia,Cali,Approved,00,False,25.05,4.6531494,-73.2008139
TRX-UDAX0VPVFHK9FNP2Q4E7,2025-03-15 13:47:49,2025-03-15,PRD-YWF9F6DXGX0E,CLI-H7CTAF6GPAM9,Transfer,,351.3,USD,,ATM,SUC-R1MU0X5G,,,Argentina,Córdoba,Approved,00,False,8.3,,
TRX-OROL4APF7HX0CCH32JUI,2025-03-16 04:50:37,2025-03-15,PRD-Z38VHKF1JNF2,CLI-S13CPNMIP24B,Purchase,Entertainment,230.15,USD,,App,,Conciertos Live,Entertainment,México,Guadalajara,Approved,00,False,2.45,,
TRX-V0Z5MHJL6YDYJWALRMCA,2025-03-15 07:22:49,2025-03-15,PRD-5W8CZB80QAXZ,CLI-KQSE892YXTH3,Purchase,Entertainment,95.03,USD,,App,,Streaming Music,Entertainment,México,Puebla,Approved,00,False,,,
TRX-LSS5IHUZPGCG6Z6KOI0Y,2025-03-16 04:21:29,2025-03-15,PRD-7X870ZEA697S,CLI-1B5QZC01TC9C,Withdrawal,,75408.85,ARS,215.45,POS,,,,Argentina,Rosario,Approved,00,False,19.9,,
TRX-1CSXQESSU86BLI73PWLE,2025-03-15 08:43:50,2025-03-15,PRD-KDCQUZORH0ZD,CLI-28NQ7J15M2CT,Deposit,,12463292.36,COP,3115.82,Web,,,,Colombia,Medellín,Reversed,05,False,12.5,,
TRX-YNVHM3DK7NWAD4UU366H,2025-03-15 11:43:09,2025-03-15,PRD-LKDB5CFS627E,CLI-SAEC26JYFD18,Transfer,,18894951.55,COP,4723.74,Branch,SUC-XPLAOSH4,,,Colombia,,Approved,00,False,28.11,,
TRX-H837UBGCHV11QG9MZV1X,2025-03-15 22:59:02,2025-03-15,PRD-03TQA8SKGUCC,CLI-789AIQ8MCGZ3,Payment,Other,737.54,USD,,ATM,SUC-C28AFJAZ,,,México,Tijuana,Approved,00,False,17.67,,
TRX-WNVM0PYIICXCCG7D05FI,2025-03-15 21:36:36,2025-03-15,PRD-WC5NKW1I41P8,CLI-LBJ0PMODQJDW,Deposit,,841.88,USD,,ATM,SUC-6V3PNVG9,,,México,Tijuana,Declined,14,False,10.17,,
TRX-YMAJBXMANO6Z7CTAN80J,2025-03-16 00:36:43,2025-03-15,PRD-8P4X0JJ1H2QW,CLI-JSOMX1V6WBMY,Deposit,,573949.27,ARS,1639.86,POS,,,,Argentina,,Pending,05,False,1.5,,
TRX-RBHL1DK7JBZL7V5O1EVR,2025-03-16 05:38:09,2025-03-15,PRD-KRB9WXLE1W0U,CLI-MQ5S0V8KGUEE,Deposit,,583.6,USD,,Web,,,,México,,Declined,51,False,1.88,,
TRX-I0H0IA92OAHGGHDGLPIJ,2025-03-15 10:54:02,2025-03-15,PRD-XSOJ8BAU2LSE,CLI-007AY9KAHLA1,Purchase,,1189889.02,COP,297.47,Web,,Óptica Visión,Health,Colombia,Bogotá,Approved,00,False,26.21,,
TRX-E5AOZWLAS6F5NYCJWDM2,2025-03-15 20:45:13,2025-03-15,PRD-W6LRJLTQ4LJ9,CLI-01C7NARQ2HP5,Purchase,Entertainment,88808.53,ARS,,App,,Conciertos Live,Entertainment,Argentina,La Plata,Approved,00,False,28.7,,
TRX-THM3BKA0EH56KKTLZYN6,2025-03-15 21:58:28,2025-03-15,PRD-W4M0UGKUO2KJ,CLI-KDI7DIOKTBRV,Transfer,,394.1,USD,,POS,,,,México,,Approved,00,False,12.42,0.0241153,0.3275823
TRX-YH7VVF660AQWM1QETHII,2025-03-16 05:43:06,2025-03-15,PRD-U3THBOXNIF4N,CLI-DRKUG7CQZEWG,Transfer,,5268.96,USD,,POS,,,,México,Ciudad de México,Approved,00,False,27.46,-0.5205999,-0.14391
TRX-4EZSSU7EHCOIQAZQ4B3E,2025-03-15 16:50:54,2025-03-15,PRD-H2XD7F030NFG,CLI-8B85FQ6L37ML,Transfer,,9569.03,USD,,Web,,,,Argentina,Mendoza,Approved,00,False,,,
TRX-3D31H6OGDFV7N9FVWTUB,2025-03-16 00:23:29,2025-03-15,PRD-86PQKCHU16TX,CLI-L3A37NP2B5T4,Transfer,,3951.86,USD,,POS,,,,México,Monterrey,Approved,00,False,20.8,0.9051745,-0.5236228
TRX-3MMP2Z24GEBOEAXTLVDI,2025-03-15 08:13:15,2025-03-15,PRD-YDYMB053J63A,CLI-NS8SQFGJJ3MB,Withdrawal,,79.94,USD,,ATM,SUC-KYUNO9E0,,,México,Tijuana,Declined,05,False,27.44,0.7831099,0.0361978
TRX-PVHABGFFLNKODBQE84B4,2025-03-15 06:32:14,2025-03-15,PRD-BGLC4113KD1D,CLI-UY7W8OSXVKVP,Withdrawal,,1579180.08,COP,394.8,ATM,SUC-HO849Z2Q,,,Colombia,Barranquilla,Approved,00,False,,,
TRX-KVRD3R1B6F291SSH5D5J,2025-03-16 01:56:55,2025-03-15,PRD-50V1QU4ZAWRB,CLI-3LXYIUJMF78F,Purchase,Transport,271.57,USD,,POS,,Gasolinera Express,Transport,México,Monterrey,Approved,00,False,5.46,,
TRX-MBRR69ESHUQDIE2W0JOY,2025-03-15 09:13:55,2025-03-15,PRD-R4PN8KFPAEOS,CLI-FKQ5YQ6DO3RE,Payment,Transport,197543.77,ARS,564.41,POS,,,,Argentina,Córdoba,Approved,00,False,10.19,,
TRX-Y1W1HE5O2P2IAVZNA6PG,2025-03-15 11:37:36,2025-03-15,PRD-PAESHYMOH9SJ,CLI-OSHIUJF86921,Payment,Food,596.3,USD,,ATM,SUC-I7CB5PA8,,,Colombia,Medellín,Approved,,False,17.33,,-74.3958559
TRX-R8BST2JY44QSRMJVMIPQ,2025-03-15 20:35:17,2025-03-15,PRD-6YCXRIR6EPKD,CLI-NZ6TPI4F5FEW,Withdrawal,,70.06,USD,,ATM,SUC-74OJEV5Z,,,México,Puebla,Approved,00,False,26.82,,
TRX-I2D7FUM7YCUAQ0YP3SFL,2025-03-15 07:49:17,2025-03-15,PRD-IM99LZEZ11LM,CLI-3POSE0N1CBD7,Withdrawal,,26.7,USD,,ATM,SUC-552N76DP,,,Argentina,Buenos Aires,Approved,00,False,,0.5845854,-0.8355291
TRX-IZBQDBMGITWXKHDS44NX,2025-03-15 10:29:50,2025-03-15,PRD-Z3742C8HOILG,CLI-FWKD1XR9UCCH,Withdrawal,,201.81,USD,,POS,,,,México,Monterrey,Approved,00,False,11.66,-0.4957236,-0.4128241
TRX-NLWHOO1BL72JM6385RYR,2025-03-15 14:47:28,2025-03-15,PRD-PCGJKVBAX3VZ,CLI-K42SWYL841H8,Purchase,Transport,100.4,USD,,POS,,Taxi Seguro,Transport,México,Monterrey,Approved,00,False,0.96,,
TRX-JL6UEV7ZBGW5JN356WJD,2025-03-15 14:17:38,2025-03-15,PRD-3K5QQENMWVMO,CLI-0G1E0R2ESASN,Transfer,,721.78,USD,,POS,,,,México,Monterrey,Approved,00,False,19.64,,
TRX-FNUID39QODOV62V4UB4P,2025-03-15 08:08:04,2025-03-15,PRD-4PD81DNCE8C7,CLI-8OAJPNFPD9WH,Transfer,,15319982.02,COP,,Web,,,,Colombia,Cali,Approved,00,False,19.54,,
TRX-VPT2EC975CQN40F4YQ8D,2025-03-15 06:39:07,2025-03-15,PRD-NHY47LAE1S9A,CLI-3PPJ0X2EZ1BQ,Payment,Transport,825297.43,COP,206.32,POS,,,,Colombia,Cali,Approved,00,False,12.22,,
TRX-GGWOVAF1W9U2GF9Z8Y70,2025-03-15 09:24:07,2025-03-15,PRD-JGKK802BUGNZ,CLI-TQFVGZF539EU,Payment,Other,198438.55,ARS,566.97,App,,,,Argentina,Rosario,Approved,00,False,6.32,,
TRX-T7MUNOFRI11ZXA9VQM6M,2025-03-15 23:21:00,2025-03-15,PRD-YDVKGHJJ2ZW1,CLI-M1D213C92EFN,Transfer,,2852.91,USD,,App,,,,Colombia,Barranquilla,Approved,00,False,,,
TRX-IB6WQG8C12HBFXBOPSWK,2025-03-16 05:47:05,2025-03-15,PRD-PPH55UD6ETYZ,CLI-BP4M2GIRE1C9,Withdrawal,,494.45,USD,,ATM,SUC-OLTX380V,,,México,,Approved,00,False,17.55,,
TRX-8128FU2IJ2ZBO72BTQ10,2025-03-16 04:59:17,2025-03-15,PRD-6FUQPN3KWAP7,CLI-DACSOE2DOO4S,Purchase,Services,101188.47,ARS,289.11,App,,Servicios Públicos,Services,Argentina,Buenos Aires,Approved,00,False,,,
TRX-2Z6AZ44CG3ZJEII2PT5M,2025-03-15 16:57:20,2025-03-15,PRD-09EGNBHYSMSD,CLI-YMDCSZ1O1Q04,Withdrawal,,469.31,USD,,ATM,SUC-RF3372LI,,,México,Ciudad de México,Approved,00,False,4.6,,
TRX-XCWQ3EU4G2BPAMJTDPU6,2025-03-15 11:58:37,2025-03-15,PRD-RUBDYER1YE63,CLI-ZIAKL7PUJ9C6,Purchase,Entertainment,318.07,USD,,App,,Cine Premium,Entertainment,México,Querétaro,Approved,00,False,,,
TRX-S0U0P32NWIO5N3SA4DNR,2025-03-15 23:22:44,2025-03-15,PRD-AST7VF719JHJ,CLI-8YIWKYWHP97W,Withdrawal,,87631.64,ARS,250.38,ATM,SUC-C1OF9350,,,Argentina,Buenos Aires,Approved,00,False,15.91,,
TRX-1VZP1KLSAMI3OAK8GTSI,2025-03-15 19:40:47,2025-03-15,PRD-FDZVIF9YYW05,CLI-KLKTJHMPX1OK,Purchase,Food,1850107.53,COP,,App,,Mercado Central,Food,Colombia,Barranquilla,Approved,00,False,,,
TRX-8LLJGVKV4BF7WSRNUPQX,2025-03-15 11:36:50,2025-03-15,PRD-HE6OE5BZA2MM,CLI-C0FNI84IREEU,Withdrawal,,406.6,USD,,POS,,,,México,Querétaro,Approved,00,False,27.98,,
TRX-JK26JIVJ7DTRYWVIYS3Q,2025-03-15 17:15:00,2025-03-15,PRD-GSVP083GJDHM,CLI-UWHLEMX6ZZY8,Payment,Food,211.64,USD,,ATM,SUC-UJA1ZE8Q,,,Colombia,Barranquilla,Approved,00,False,27.19,3.985821,-74.9187942
TRX-WOXUGCQGUD5Y5JLLVCU9,2025-03-15 08:15:38,2025-03-15,PRD-Z7CHF2X59I1W,CLI-UB535Y87WMZ0,Transfer,,1057723.26,ARS,3022.07,ATM,SUC-5XWR79HW,,,Argentina,La Plata,Approved,,False,,,
TRX-WA00BCI1EHXQJ2WB9NYJ,2025-03-16 04:54:37,2025-03-15,PRD-UXAPG7CLFQZ6,CLI-CZAXS8L9PVPQ,Payment,Entertainment,642.85,USD,,ATM,SUC-XUG645G9,,,México,,Approved,00,False,,,
TRX-1VWC4Z765PPMJ7SU1CIV,2025-03-15 14:07:28,2025-03-15,PRD-IBAEQPWTQ48F,CLI-P1SNK48IE0EM,Transfer,,5936.79,USD,,Web,,,,México,Tijuana,Approved,00,False,,,
TRX-O7UIOM0APJQLRC6OV6WR,2025-03-15 07:28:26,2025-03-15,PRD-THB1KWHCL2RT,CLI-XMNFXKLSAFFC,Payment,Entertainment,3215861.42,COP,803.97,POS,,,,Colombia,Cali,Approved,00,False,,,
TRX-ON3ZEVIM4B588ZBYIM6M,2025-03-16 01:49:11,2025-03-15,PRD-SB7L68RT0058,CLI-1RLHHI6RX8JD,Transfer,,2215.51,USD,,POS,,,,México,Guadalajara,Approved,00,False,2.95,-0.392726,-0.230936
TRX-RQY4PPHI2T3IF05SG0H2,2025-03-15 21:10:13,2025-03-15,PRD-8106FCB7A621,CLI-O4X8K1F7EDX2,Payment,Food,547576.34,ARS,1564.5,POS,,,,Argentina,Buenos Aires,Approved,00,False,29.56,-34.3292186,-57.908058
TRX-WN1JZL0PXMJHL74G9LHK,2025-03-16 05:42:08,2025-03-15,PRD-L7880U8W1G5N,CLI-ZI1A4Y810E2G,Transfer,,21521197.88,COP,5380.3,Transfer,,,,Colombia,Bogotá,Approved,00,False,8.52,,
TRX-UW82MVR94VW6T1Q4DYRQ,2025-03-16 02:20:12,2025-03-15,PRD-P8SSGGNNZYZY,CLI-TEI6HUOVLJAA,Purchase,Food,114149.0,ARS,326.14,POS,,Mercado Central,Food,Argentina,Buenos Aires,Approved,00,False,14.28,-35.3106298,-59.3514438
TRX-O3KN5F0JO6IKVCJ50F7X,2025-03-15 21:02:07,2025-03-15,PRD-J30UEKQMSKBN,CLI-KL8LKAU8BR7N,Transfer,,33854599.04,COP,8463.65,POS,,,,Colombia,Cartagena,Approved,00,False,,5.4203814,-73.1957956
TRX-EPP1P8SPARYWW2XEYZI9,2025-03-15 19:14:43,2025-03-15,PRD-3GM8V8ZUFAH8,CLI-1XQUB0P72BTH,Transfer,,6394.79,USD,,Web,,,,México,Monterrey,Approved,00,False,5.91,,
TRX-QVRDKG4QI5ZCHJ64SZ0V,2025-03-15 08:07:50,2025-03-15,PRD-I9SSB855OVEA,CLI-RR7TPAF58IYN,Transfer,,5149.61,USD,,Web,,,,Colombia,Cali,Approved,00,False,,,
TRX-S2W5YQKBH1L007B90I26,2025-03-15 23:21:39,2025-03-15,PRD-RIHDWGFHGG1S,CLI-48GQ1EKEM3FL,Purchase,Other,458.24,USD,,App,,Centro Comercial,Other,México,Querétaro,Approved,00,False,10.37,,
TRX-2C71S886DR698OBGYYN6,2025-03-16 04:04:56,2025-03-15,PRD-1E2N7FCUX4ES,CLI-S3IS3UVLJH5X,Withdrawal,,455.12,USD,,POS,,,,México,Guadalajara,Approved,00,False,8.23,0.2081817,-0.5312887
TRX-CQLQXE7XV1UQS0KQ0XG6,2025-03-15 13:11:32,2025-03-15,PRD-L37KTFLONBHX,CLI-TGR6OBI08058,Payment,Food,331955.68,ARS,948.44,POS,,,,Argentina,Rosario,Approved,00,False,,,
TRX-3W9GKAD1BYKCOX0U7LWV,2025-03-16 03:53:49,2025-03-15,PRD-Q3UIAIN6T7JM,CLI-XKEZISMIRPGG,Purchase,Health,360.8,USD,,POS,,Óptica Visión,Health,México,Guadalajara,Approved,00,False,23.05,,
TRX-SP8MLY6W5IS3FC50SMRW,2025-03-15 14:32:52,2025-03-15,PRD-AUZTAH0S7HFT,CLI-9E352HVJUYQ4,Deposit,,1675.86,USD,,ATM,SUC-8QU1XFUX,,,México,Tijuana,Approved,00,False,1.58,0.814344,-0.0213736
TRX-06SUSXA0BNBCAW06OU9X,2025-03-16 02:57:34,2025-03-15,PRD-SLTAPPX949RD,CLI-7HPHHSNE144X,Purchase,Services,1595955.1,COP,398.99,POS,,Servicios Públicos,Services,Colombia,Cartagena,Approved,00,False,,4.0281425,-73.3792147
TRX-MFWDEWNILTLAXPZ4CHII,2025-03-15 06:46:44,2025-03-15,PRD-6Y6PRQMSYR5P,CLI-AZXEVKVJA7K9,Payment,Transport,1690.44,USD,,ATM,SUC-9DE11KDA,,,México,Tijuana,Approved,00,False,,,
TRX-RSULJXCJEX604XHN9D1T,2025-03-15 08:26:56,2025-03-15,PRD-U4H41RLM16K1,CLI-8F6VOOHQ5SZ6,Withdrawal,,167639.32,ARS,478.97,Web,,,,Argentina,Rosario,Approved,00,False,16.18,,
TRX-F5EILHWMZ74JARIGSTNG,2025-03-15 15:39:09,2025-03-15,PRD-181SA862ZZV4,CLI-UNSARZ3LUL1X,Payment,Health,1489.82,USD,,POS,,,,México,Ciudad de México,Approved,00,False,0.67,-0.1937359,-0.0171986
TRX-R14QTO5FSMHFIVU41WW0,2025-03-16 05:37:54,2025-03-15,PRD-KHQNIVYX0N5W,CLI-65GTWUTJPAN7,Transfer,,4305.24,USD,,POS,,,,México,Puebla,Approved,00,False,,,
TRX-XSJT05JCKMBJ1GQKS450,2025-03-15 06:53:54,2025-03-15,PRD-NZW8XCS5D4O7,CLI-CCDT0BFLGRZO,Transfer,,8875.14,USD,,POS,,,,México,Puebla,Approved,00,False,15.0,,
TRX-XP585NNA32JIMLZNMXOC,2025-03-15 11:58:45,2025-03-15,PRD-HXQGR2IL2T9I,CLI-IPIMJWMJRK3M,Deposit,,497398.92,ARS,1421.14,ATM,,,,Argentina,Córdoba,Approved,00,False,,,
TRX-RAKAH7F04PT5BQTRFTHB,2025-03-15 18:51:04,2025-03-15,PRD-N0DEJ28LTZQO,CLI-DB277VFTCHKW,Payment,Services,522066.65,ARS,1491.62,POS,,,,Argentina,La Plata,Approved,00,False,,,
TRX-RBHJPKP5LR10GNVB3DLK,2025-03-16 05:31:16,2025-03-15,PRD-XB21MX28NKOP,CLI-UQ6ZI4I22EWD,Payment,Food,1848.87,USD,,Web,,,,México,Tijuana,Approved,00,False,10.24,,
TRX-MJVFWRC4Z8715HHKFKGX,2025-03-16 03:28:29,2025-03-15,PRD-SSFDE37PKKHK,CLI-8NEUPYIDZM9L,Payment,Transport,78153.45,ARS,223.3,POS,,,,Argentina,La Plata,Approved,,False,,,
TRX-5AYTN21HWX4HJ4NI0L96,2025-03-15 07:27:18,2025-03-15,PRD-THPXO49UYRXF,CLI-Y2GPK4U7RW0R,Payment,Services,443745.09,ARS,1267.84,ATM,SUC-RRCPMD2D,,,Argentina,Córdoba,Approved,00,False,8.73,,
TRX-0K3NFC1RFJ64LE3R5I8I,2025-03-15 09:08:32,2025-03-15,PRD-IXVSC9FZHUAI,CLI-D1NO5D9TQH3M,Payment,Health,705.98,USD,,ATM,SUC-E4V48SY3,,,Mexico,Ciudad de México,Approved,00,False,13.96,,
TRX-XOZ5KBKUXF8P40X1H8Z0,2025-03-15 12:39:42,2025-03-15,PRD-1UOD4K1TCUX8,CLI-ZXIK9MGE3J1R,Transfer,,3270765.26,ARS,9345.04,App,,,,Argentina,La Plata,Approved,00,False,,,
TRX-TRF3S91B251WM363G4RA,2025-03-15 11:47:39,2025-03-15,PRD-NN2B9U6XUYW4,CLI-IFG1X8NBWSS0,Purchase,Entertainment,87.84,USD,,ATM,SUC-F1BZEJXJ,Cine Premium,Entertainment,México,Monterrey,Approved,00,False,21.42,0.7642231,-0.242957
TRX-W9879F4ZPXVS21A4FG54,2025-03-15 23:54:59,2025-03-15,PRD-6EA6FAKOW1P5,CLI-UL0C506Z8QH9,Purchase,Services,233.04,USD,,POS,,Cable TV,Services,Mexico,Ciudad de México,Approved,00,False,7.15,,
TRX-3OFU0PYGS73W9U6KSSSU,2025-03-15 06:38:00,2025-03-15,PRD-JENC8DJYHVZF,CLI-8S1OB1OZ8DGG,Payment,Services,1382.4,USD,,Web,,,,México,Puebla,Approved,,False,26.02,,
TRX-KC7EDZ9IPI1K3ZRVTB67,2025-03-15 16:48:40,2025-03-15,PRD-BBC61MMR4DHH,CLI-DA7H51VEJZHX,Deposit,,7375141.92,COP,1843.79,POS,,,,Colombia,Cali,Approved,00,False,,,-73.5530818
TRX-WW5CWZ3EAPARJ9AVAI7F,2025-03-15 12:53:23,2025-03-15,PRD-4ZDAP28V2VDY,CLI-1ATRNMIFERW3,Transfer,,9376.29,USD,,POS,,,,México,Ciudad de México,Approved,00,False,29.87,,
TRX-2OMHYAG4E5DLG72VV6PR,2025-03-15 11:43:14,2025-03-15,PRD-PWUYAD7Y70R3,CLI-MIGNRBSZ84B6,Purchase,Food,37.27,USD,,POS,,Mercado Central,Food,México,Querétaro,Approved,00,False,28.65,-0.7440479,-0.3866875
TRX-CT3I96NVFYZSEXHYSJH2,2025-03-15 18:13:00,2025-03-15,PRD-A4JLKCWG3QB6,CLI-AOOTSS3NHOFN,Payment,Services,473.84,USD,,ATM,SUC-6RHR3MME,,,México,Tijuana,Approved,00,False,12.87,0.9999843,
TRX-7DF18780D6CPC8WW9ANY,2025-03-15 17:57:22,2025-03-15,PRD-JFBBQQT52QZS,CLI-W2C2E77EA6IN,Payment,Services,1057.88,USD,,POS,,,,México,Querétaro,Approved,00,False,,,
TRX-MO97O2MHOUQPUOOHNL6Q,2025-03-15 23:20:57,2025-03-15,PRD-E49DXI3EWOUD,CLI-JECD6RTVP1YT,Withdrawal,,1950751.45,COP,487.69,POS,,,,Colombia,Cali,Approved,00,False,14.05,,
TRX-9U9ATUDVW00NE8N5ZYZM,2025-03-15 13:46:20,2025-03-15,PRD-ZT8IVKUF912W,CLI-SCRCXYT8RXN0,Transfer,,7326.72,USD,,POS,,,,México,,Approved,00,False,29.97,,0.1409166
TRX-MQO7I6UO5VRD71B1KLF5,2025-03-15 14:25:43,2025-03-15,PRD-JS43LJ46PXHN,CLI-T136BDBTMQ4I,Transfer,,24529120.92,COP,6132.28,POS,,,,Colombia,Bogotá,Approved,00,False,11.44,4.5035141,-73.8153462
TRX-Q9RK62KDIEF6XUQAZD31,2025-03-15 09:52:40,2025-03-15,PRD-POA7HLXNU5PN,CLI-2QBRPCUFKMIY,Payment,Services,7838542.47,COP,1959.64,POS,,,,Colombia,Cartagena,Approved,00,False,13.19,4.6633672,-73.9382466
TRX-9S3Y1AEPJ0TLLS38R8TC,2025-03-16 00:38:29,2025-03-15,PRD-JC9HB1PRKL0N,CLI-CJ5248IKZLDE,Transfer,,30337192.1,COP,7584.3,Web,,,,Colombia,Medellín,Approved,00,False,16.3,,
TRX-1BOKR9Q0X174LBJPR876,2025-03-16 03:04:13,2025-03-15,PRD-TY1NMG41MACP,CLI-PL60QR7AKL1J,Payment,Food,481.05,USD,,ATM,SUC-8HPG0AE8,,,México,Tijuana,Approved,00,False,15.38,0.2792725,-0.0648914
TRX-IQG3GCHGKSPUTGG24QUF,2025-03-15 19:07:59,2025-03-15,PRD-1TLKCQLUKV44,CLI-XNX9SFNWQXS0,Deposit,,3737908.11,COP,934.48,ATM,SUC-7P0XNXTG,,,Colombia,Barranquilla,Approved,00,False,13.41,,
TRX-24YVZDY06LTZX8TY09YM,2025-03-15 16:00:06,2025-03-15,PRD-EILTF2XKIS18,CLI-N6II21LZZMAQ,Transfer,,3543.59,USD,,ATM,SUC-FQBLIDK9,,,México,Guadalajara,Approved,00,False,1.16,,
TRX-M49NYKHZHFR27G6K6Z95,2025-03-15 23:45:00,2025-03-15,PRD-SUW8HRTZ8UQN,CLI-47B0RF9Q96M1,Purchase,Food,1244460.72,COP,311.12,POS,,Mercado Central,Food,Colombia,Cali,Approved,00,False,,4.4637547,
TRX-QNYYD33V45ATR07LHQ6P,2025-03-15 08:19:07,2025-03-15,PRD-O6TTP7EDP3WC,CLI-XSJINADXWY97,Purchase,Food,159.15,USD,,POS,,Tienda Don José,Food,México,Puebla,Approved,00,False,8.75,,
TRX-22LOI7G1CWILXMHHPCZY,2025-03-15 17:36:16,2025-03-15,PRD-1G83RY0SAWQ4,CLI-PWHVGX4HAEA7,Payment,Services,946.31,USD,,App,,,,México,Puebla,Approved,00,False,21.11,,
TRX-TUC7X9F246ZO7QX2WLHV,2025-03-16 04:07:55,2025-03-15,PRD-BQJL8Y7UX10B,CLI-61AH0KLGZOHK,Purchase,Transport,1187546.72,COP,296.89,Web,,Gasolinera Express,Transport,Colombia,Cartagena,Approved,00,False,,,
TRX-CLLN2SGRQP5WBT2K5TYM,2025-03-15 23:35:14,2025-03-15,PRD-2U6Z9UM7EHLN,CLI-21ECI9EZQJCV,Deposit,,10223502.04,COP,2555.88,Web,,,,Spain,Madrid,Approved,00,False,15.23,,
TRX-J3YNPHRN45NYSZFNPX1K,2025-03-15 10:48:42,2025-03-15,PRD-EPYRX0OOM9H9,CLI-U61XIC4RXETT,Deposit,,2210.12,USD,,ATM,,,,México,Guadalajara,Approved,00,False,10.03,,
TRX-UT0QEYT9PO9CP9AQO1AK,2025-03-15 18:34:00,2025-03-15,PRD-59DANANKGQM2,CLI-GMM7AYOSTWGU,Withdrawal,,1919447.98,COP,479.86,ATM,SUC-TQX7379E,,,Colombia,Bogotá,Approved,00,False,,,
TRX-9OY5748UD16QM1ZYUE4Z,2025-03-15 12:28:27,2025-03-15,PRD-04C39VO3CN83,CLI-I8CJ5H13B6D9,Withdrawal,,302.95,USD,,Web,,,,México,Ciudad de México,Approved,00,False,7.78,,
TRX-CX72L2YSWVH1N8WLD3JD,2025-03-15 19:00:45,2025-03-15,PRD-OW8M701GCML2,CLI-AW7MSMUPYSTD,Payment,Food,626.11,USD,,ATM,SUC-UBOAYTJG,,,México,Querétaro,Approved,00,False,,0.497404,-0.043991
TRX-Y4P63GQEX8AJ9U9FMSA5,2025-03-15 23:54:32,2025-03-15,PRD-C85TLQYM2L2X,CLI-52JGKLJ5AIA4,Purchase,Health,132.88,USD,,ATM,SUC-8HPG0AE8,Farmacia Salud,Health,México,Puebla,Approved,00,False,16.53,,
TRX-SSWNJEJ2XJQRARHKM1O7,2025-03-15 06:58:25,2025-03-15,PRD-228ZY0ZMMLCW,CLI-Q4HBDGONIA2X,Payment,Food,860.83,USD,,POS,,,,Mexico,Puebla,Approved,00,False,19.8,,
TRX-AP1EKDKZ5CC8JOCP0RNN,2025-03-15 16:31:43,2025-03-15,PRD-FLDYLQ7GXSZN,CLI-J31P4F79ODGB,Purchase,Services,331.67,USD,,ATM,SUC-A9BJ48OP,Servicios Públicos,Services,México,Guadalajara,Approved,00,False,27.06,,
TRX-O6XNBGZ07FSKYXW5001X,2025-03-15 07:14:30,2025-03-15,PRD-D0YMNWKQC1DN,CLI-HFJ461H3RP53,Purchase,Other,455.28,USD,,ATM,SUC-H4YG9DLY,Tienda General,Other,Mexico,,Approved,00,False,0.94,,
TRX-AX2DMJYXLLA7B2KPCTLE,2025-03-15 22:13:31,2025-03-15,PRD-NW92IHFG7Y3Z,CLI-LGJQJWFGXNB1,Purchase,Food,469.79,USD,,ATM,SUC-6RHR3MME,Mercado Central,,México,Puebla,Approved,00,False,6.54,-0.0989477,0.5162212
TRX-K9G1UWLO04I6Y3NIYMSO,2025-03-16 00:20:01,2025-03-15,PRD-UTM8JMA19364,CLI-93NZTI4LX6Y8,Adjustment,,2607955.67,COP,651.99,POS,,,,Colombia,,Approved,00,False,,,
TRX-8GCPGK7VVPFLQ9Z1SXB5,2025-03-16 02:45:10,2025-03-15,PRD-YA8Q4WP1FGHQ,CLI-7E0QKTVNRHL1,Payment,Other,1133.75,USD,,POS,,,,México,Tijuana,Approved,00,False,16.43,-0.770361,0.3570036
TRX-LUAGXVNW2A4I9OWRUH7T,2025-03-15 21:37:14,2025-03-15,PRD-3QWKG4COQ7NL,CLI-0PKIT530GLLY,Deposit,,2686.91,USD,,Web,,,,México,Guadalajara,Approved,00,False,9.74,,
TRX-4SXDS696WBVD7RW1S99U,2025-03-15 07:20:33,2025-03-15,PRD-B4ZCN681ZNTD,CLI-2UKN2JNV7TM0,Withdrawal,,57.64,USD,,App,,,,México,Guadalajara,Approved,00,False,,,
TRX-QWRGR6KVUZOXB2AEN4D7,2025-03-15 16:43:44,2025-03-15,PRD-HLWCKVTO6RVQ,CLI-PFC9SB3AAQ1K,Payment,Other,172.44,USD,,POS,,,,México,Tijuana,Approved,00,False,16.28,,
TRX-3V98IUFB1VF162PHN8XI,2025-03-15 11:05:54,2025-03-15,PRD-2QAH9R056HG2,CLI-HA0SCKXJY9MD,Withdrawal,,119.54,USD,,Web,,,,México,Tijuana,Approved,00,False,19.29,,
TRX-B9MKN7MIYKF25DI0CS33,2025-03-15 22:02:58,2025-03-15,PRD-4MMMH3K0Y39X,CLI-T3JBT3YL2V5O,Purchase,Services,340285.25,COP,85.07,POS,,,Services,Colombia,Barranquilla,Approved,00,False,18.19,5.4921755,-73.5892315
TRX-I1Z0GSRRKRY6BR3RN0O4,2025-03-15 08:22:38,2025-03-15,PRD-S6QH8203K9AG,CLI-LB24OUR18E37,Payment,Food,211.41,USD,,ATM,SUC-GOTE3INU,,,México,Querétaro,Approved,00,False,11.3,0.2250813,0.3923547
TRX-Z1E3WTPYMGVFVZOS1WOP,2025-03-15 22:16:06,2025-03-15,PRD-6QRNJVXEZ4G4,CLI-8J58PE272DR4,Withdrawal,,812152.67,COP,203.04,ATM,SUC-A6PLAS9M,,,Colombia,Bogotá,Approved,00,False,,,
TRX-I6OE7ZVQWGGE477BB79K,2025-03-16 03:52:11,2025-03-15,PRD-4LHIQGWF7F7I,CLI-MSZOB7J9XW2H,Adjustment,,1890755.11,COP,472.69,Web,,,,Colombia,Bogotá,Approved,00,False,,,
TRX-9UBBUX62MITE8N1Z159A,2025-03-16 00:45:00,2025-03-15,PRD-T07WL69VP7VM,CLI-PQHARLPNK8YA,Purchase,Food,150376.13,ARS,429.65,ATM,SUC-UUF77WSC,Tienda Don José,Food,Argentina,Córdoba,Approved,00,False,20.91,-34.1745266,-58.1751047
TRX-3D0XJ62SDI0LDCHK369J,2025-03-16 05:55:40,2025-03-15,PRD-SD1HSXQ9CXCS,CLI-9L1KUCB7KB66,Withdrawal,,121356.64,ARS,346.73,Web,,,,Argentina,,Approved,00,False,27.35,,
TRX-J0FR68Y94PG1J0WSUSR0,2025-03-15 17:18:42,2025-03-15,PRD-ZMVZVB6FF46J,CLI-3EKLKXVEZJNU,Withdrawal,,390.18,USD,,POS,,,,México,Puebla,Approved,00,False,,,
TRX-K3NM4LEG62L1K6B2T0WE,2025-03-15 17:51:38,2025-03-15,PRD-M1THT3776MI1,CLI-KBQONG7GAQ2C,Transfer,,5805.66,USD,,Branch,SUC-COPO2MJ8,,,México,Monterrey,Approved,00,False,22.52,-0.5821371,0.0712619
TRX-N0BM01FS72IYO008P8RP,2025-03-15 06:20:51,2025-03-15,PRD-ZTC34QVANM1R,CLI-AUM96WCZDIM8,Deposit,,3726.99,USD,,ATM,SUC-Y18NE8GS,,,México,Ciudad de México,Reversed,05,False,14.52,0.3725791,-0.795563
TRX-YO211197HXGF1VE1C3IC,2025-03-15 13:47:59,2025-03-15,PRD-EKQOT9SOSLTI,CLI-4PA9ZALKK9RJ,Adjustment,,425.01,USD,,POS,,,,Colombia,,Approved,00,False,21.12,,
TRX-QCJZTZWNCT4R72SP6AAJ,2025-03-16 04:35:40,2025-03-15,PRD-OCWEDH9HXED1,CLI-FYMEWYNBN1EW,Deposit,,2595.49,USD,,App,,,,México,,Approved,00,False,7.77,,
TRX-16RNL7RRFRXZFI3F8UC3,2025-03-16 05:48:47,2025-03-15,PRD-J1OSR19D6R21,CLI-QGWYIBOQFW4U,Payment,Food,1817.12,USD,,App,,,,México,Querétaro,Approved,00,False,27.98,,
TRX-7OXO4EW3NN4E5MTQXYDF,2025-03-15 17:56:44,2025-03-15,PRD-PI92AT4A5U24,CLI-N90LZ6TLGHVZ,Purchase,Food,82322.16,ARS,235.21,Web,,Mercado Central,Food,Argentina,Córdoba,Approved,00,False,29.41,,
TRX-271VBZWD1LRMNC9D8WPV,2025-03-15 21:13:39,2025-03-15,PRD-AYONDEM0CLJN,CLI-CHNFH54F0IDD,Purchase,Entertainment,386.48,USD,,ATM,SUC-HVN55QJQ,Conciertos Live,Entertainment,México,Monterrey,Declined,54,False,,,
TRX-T8BXOW5ONPGUFEYFW4SX,2025-03-15 08:21:46,2025-03-15,PRD-K9W3V4A03GBB,CLI-KCTKTO7Z6SKN,Deposit,,2464.29,USD,,POS,,,,México,Ciudad de México,Approved,00,False,4.09,,
TRX-0U8UY35UEHIUWKA4ZMKT,2025-03-15 13:37:24,2025-03-15,PRD-LYWNVN3N9T4Z,CLI-WQTD65GHNBQ6,Payment,Other,157693.94,ARS,,Transfer,,,,Argentina,Córdoba,Declined,05,False,26.16,,
TRX-EKNPX7LJPBJK9OUW3D3G,2025-03-15 13:24:10,2025-03-15,PRD-YQW0VZD8D21O,CLI-ZMVG1FYY2J2T,Withdrawal,,473710.36,COP,118.43,POS,,,,Colombia,Barranquilla,Approved,00,False,29.59,,
TRX-ICK1BA0KJRS44R2LBHQO,2025-03-15 14:11:17,2025-03-15,PRD-J1PKU4JCID7D,CLI-UDX35SNOTNVF,Payment,Services,550723.88,ARS,1573.5,Web,,,,Argentina,Mendoza,Approved,00,False,13.89,,
TRX-PVP0D6OOBNH4UX979DGN,2025-03-15 15:46:08,2025-03-15,PRD-AI9TWCP2FV6G,CLI-222GAHQVK93F,Withdrawal,,158.08,USD,,App,,,,México,,Approved,00,False,28.48,,
TRX-6HTHNTLKP4WQMSL0INJG,2025-03-16 04:11:25,2025-03-15,PRD-2ACT9HA0C8EX,CLI-BDLK6GHKZOSM,Deposit,,2892.82,USD,,Branch,SUC-6V3PNVG9,,,México,Tijuana,Approved,00,False,8.46,,
TRX-ARR95Q7A0UWO5U4OF142,2025-03-15 14:48:40,2025-03-15,PRD-UUKJ01GG90FL,CLI-TWCYFNN6X7IP,Transfer,,27413388.1,COP,6853.35,POS,,,,Colombia,Cali,Approved,00,False,22.21,5.13452,-73.5290814
TRX-2ZR6H35F8V4JG9WI5S0K,2025-03-15 14:52:08,2025-03-15,PRD-EE86BA9NJN6V,CLI-4EUXAQSZ8C59,Withdrawal,,474.36,USD,,ATM,SUC-3NEGSLF6,,,Colombia,Barranquilla,Approved,00,False,4.51,,
TRX-IAI1UI2EJ21QRZVDN1YO,2025-03-15 08:13:27,2025-03-15,PRD-L9WOC267SG4Q,CLI-DYAEJ2VJ1ERU,Withdrawal,,348.8,USD,,App,,,,Mexico,Guadalajara,Approved,00,False,6.63,,
TRX-ZDMQFO3TCJSICVBJHD22,2025-03-16 04:57:59,2025-03-15,PRD-6TMI4F5VXPGZ,CLI-6TLDGDVRGHYX,Purchase,Transport,275.6,USD,,ATM,SUC-JGB6PK8R,,Transport,México,Monterrey,Approved,00,False,25.57,,
TRX-OONL5NAY0NPLC68MBFZH,2025-03-16 00:09:44,2025-03-15,PRD-GF0OVXC2HHNI,CLI-1YIIX2XOCYGJ,Deposit,,1081.89,USD,,App,,,,México,Tijuana,Approved,00,False,29.4,,
TRX-OLAN8BSXKWGZ3O3MF2C5,2025-03-15 10:16:35,2025-03-15,PRD-O3ITRGUESOP7,CLI-TRP5DCMJE8WL,Payment,Entertainment,946.49,USD,,POS,,,,Spain,Madrid,Approved,00,False,10.49,,
TRX-3TSAAVGCEZ2H5E9DPSNL,2025-03-15 09:06:53,2025-03-15,PRD-IJWE8TCHH092,CLI-ZBRER3QRWUUP,Purchase,Food,277.36,USD,,ATM,SUC-349TR6OC,Tienda Don José,Food,México,Tijuana,Approved,00,False,4.23,0.3198259,-0.2486135
TRX-SYYNMAIZXDVFZSHZ8659,2025-03-15 08:01:17,2025-03-15,PRD-SLAED7TFB4I9,CLI-RNSG9WFBVN9E,Transfer,,1523.49,USD,,ATM,SUC-R1MU0X5G,,,México,Querétaro,Approved,00,False,5.75,,
TRX-BDTP6FQ8LAZDDP1NW7RN,2025-03-15 21:40:09,2025-03-15,PRD-CRP11KQ02GWW,CLI-XG21J8ZV8WS4,Withdrawal,,1998732.33,COP,499.68,ATM,SUC-2NNWC3AV,,,Colombia,Medellín,Approved,00,False,5.3,4.1000306,-74.3877599
TRX-P2TT586705EREGDJDTCP,2025-03-15 11:10:34,2025-03-15,PRD-DWT93PI9IVUM,CLI-ZVCVANAKVAHL,Transfer,,1673.96,USD,,ATM,SUC-LBZFJAU6,,,Colombia,Bogotá,Approved,00,False,,,
TRX-S5C1JJDZSIH3FCBH0EZ0,2025-03-15 22:42:24,2025-03-15,PRD-BB28DKA9DYK6,CLI-HLQ7LH1YPZ8G,Withdrawal,,170209.31,ARS,486.31,App,,,,Argentina,Córdoba,Approved,00,False,,,
TRX-C4BK5YFJ32AX8M7IAFG7,2025-03-15 21:21:13,2025-03-15,PRD-CKS0H3AT162S,CLI-E2KDZU5OAR0S,Withdrawal,,1229266.47,COP,307.32,ATM,SUC-O4G07J7I,,,Colombia,Bogotá,Approved,00,False,26.57,5.5712205,-74.6461043
TRX-P4P94W5XUUJ7G21R2D1Q,2025-03-15 07:27:39,2025-03-15,PRD-B66WN5AN5DOV,CLI-457JOTUC7NBZ,Purchase,Entertainment,283.33,USD,,Branch,SUC-N8LPAX0U,Teatro Nacional,Entertainment,México,Guadalajara,Approved,00,False,1.18,,
TRX-NMQ6N42MW4NGLTQOZLAH,2025-03-16 03:14:04,2025-03-15,PRD-B2PSIAP7435N,CLI-MW81P666RGA0,Payment,Entertainment,362.32,USD,,ATM,SUC-JDXIVV9S,,,México,Ciudad de México,Approved,00,False,8.96,,
TRX-7F426DU0TDPRI1EG4D6R,2025-03-15 22:22:44,2025-03-15,PRD-VXEAYPE6OT3K,CLI-8OPLA3K42NZ2,Transfer,,1271.59,USD,,POS,,,,México,,Approved,00,False,5.06,0.5354686,-0.717488
TRX-0LZM5TM62R466FCQ5T96,2025-03-15 13:04:05,2025-03-15,PRD-AXMR11VR4481,CLI-ESRPU2S0LR7M,Purchase,Food,362.94,USD,,App,,Restaurante El Buen Sabor,Food,Argentina,Rosario,Approved,00,False,28.79,,
TRX-SQ8K9DBAIDH1QJWXRHX4,2025-03-15 12:41:58,2025-03-15,PRD-V2Y9D6XFR900,CLI-ISCWJAIRAHKT,Payment,Other,278.11,USD,,Web,,,,México,Puebla,Approved,00,False,,,
TRX-7WVXDKWOI080JJ8PH7JX,2025-03-15 20:25:10,2025-03-15,PRD-JCNZCSJUAH3Q,CLI-8C8NLTVHT822,Deposit,,5662810.0,COP,1415.7,POS,,,,Spain,Sevilla,Pending,51,False,,,
TRX-84K6LD8VESVCF9J8O21U,2025-03-16 03:07:36,2025-03-15,PRD-9SORCW6LKQ6L,CLI-9GXLZPIOTC62,Deposit,,4931392.72,COP,1232.85,ATM,SUC-EMGR60PV,,,Colombia,Barranquilla,Approved,00,False,,,
TRX-P4HJY9X4K0CEPH4Z9IH9,2025-03-16 03:35:46,2025-03-15,PRD-B7OFCV2DRGJJ,CLI-FHVRB0A4B9LC,Deposit,,10079772.93,COP,2519.94,ATM,SUC-F16NSV5F,,,Colombia,Bogotá,Approved,00,False,,,
TRX-0BWG1XC7GX25S1LXW94G,2025-03-16 00:37:39,2025-03-15,PRD-QQYMM2WGBAD1,CLI-NJ3EWCKVZT1V,Payment,Entertainment,224592.2,ARS,641.69,POS,,,,Argentina,Rosario,Approved,00,False,21.02,,
TRX-IDZY0NQNDOJSQZ55PJL7,2025-03-16 00:18:16,2025-03-15,PRD-3Y3YSH5W2JPK,CLI-23AVMYWMJSLH,Transfer,,3482469.21,ARS,9949.91,ATM,SUC-QZP6DNTL,,,Argentina,,Approved,00,False,,,
TRX-JM06MSOVZMYOPK2MXB5J,2025-03-15 11:18:10,2025-03-15,PRD-HQJVCC81125A,CLI-1Y8KQW312R03,Withdrawal,,1778251.13,COP,444.56,ATM,SUC-GPTCLR0Q,,,Colombia,Medellín,Approved,00,False,,,
TRX-3L9OCA0096XS7T269DG1,2025-03-16 01:11:51,2025-03-15,PRD-X8I73RAFUH36,CLI-YKYIBO431Y3M,Purchase,Food,88.9,USD,,Web,,Restaurante El Buen Sabor,Food,México,,Approved,00,False,17.64,,
TRX-Q3KIE2DJ97NCZM70C6TP,2025-03-15 16:57:29,2025-03-15,PRD-7GWY4X7FX2K3,CLI-G4V440PLMXD9,Deposit,,12261567.14,COP,3065.39,ATM,SUC-PNT72MIS,,,Colombia,Cartagena,Approved,00,False,4.03,,
TRX-X640UFYYWHVC3DMQ5VXC,2025-03-16 03:53:19,2025-03-15,PRD-CJ102CJS0RDK,CLI-FM3630N6C44N,Transfer,,8137.98,USD,,App,,,,México,Monterrey,Approved,00,False,27.53,,
TRX-QSLBD5MHA6QZEPMUF1YO,2025-03-15 07:27:51,2025-03-15,PRD-P7MFUD41FRT1,CLI-J40DL2OB306L,Purchase,Transport,1851274.69,COP,462.82,App,,Uber,Transport,Colombia,Medellín,Declined,54,False,20.05,,
TRX-3S4NNQK8WG8U38E57LHC,2025-03-15 14:11:20,2025-03-15,PRD-E1Y5VGU85WTB,CLI-2V6YZVGGUM7U,Withdrawal,,105.5,USD,,POS,,,,México,Querétaro,Approved,00,False,10.55,,
TRX-Y0B3AK9MKBVLH5BO227E,2025-03-15 23:26:05,2025-03-15,PRD-ZO1T6A1RACCJ,CLI-W4P06BO5UFBT,Purchase,Entertainment,902514.18,COP,225.63,ATM,SUC-9FWCAJXI,Teatro Nacional,Entertainment,Colombia,Cartagena,Approved,00,False,17.24,,
TRX-ZJ7VXN16FBRSCDLAMCW9,2025-03-15 07:41:59,2025-03-15,PRD-2KNLCU447EE6,CLI-8TNGP38ULKGE,Purchase,Services,314.4,USD,,App,,Empresa Telefónica,Services,México,Guadalajara,Approved,00,False,0.85,,
TRX-CVSGOWC552LBE5X7LM1V,2025-03-15 07:03:33,2025-03-15,PRD-WHJRNAL2KMOD,CLI-Y2NPP4Q4CB20,Deposit,,112.96,USD,,Web,,,,México,,Approved,00,False,13.91,,
TRX-9LYR2SQ8E6LPOXPOU1IS,2025-03-15 10:01:38,2025-03-15,PRD-N59ME3HJD19P,CLI-MZY2GSCNZGLP,Transfer,,1084.03,USD,,POS,,,,México,Querétaro,Approved,00,False,0.92,,
TRX-TXHTSTPGY5H72V25TPXJ,2025-03-15 20:48:45,2025-03-15,PRD-WANFNADCJU6T,CLI-ZPIMYNWSOML5,Transfer,,4707.76,USD,,POS,,,,Colombia,Cali,Approved,00,False,,,
TRX-3XELJ9TZYN5JPKBBZ0ZX,2025-03-16 00:29:42,2025-03-15,PRD-8BWJD25U79GT,CLI-X8RRB6BFEJOQ,Deposit,,3538.55,USD,,POS,,,,Argentina,Mendoza,Approved,,False,14.34,,
TRX-LT6MOCLRP7TA5RLPSTLV,2025-03-15 15:41:50,2025-03-15,PRD-D8XVYGDDGLPV,CLI-QNCV0QA83TUF,Purchase,Health,113.18,USD,,POS,,,Health,México,,Declined,54,False,,,
TRX-K1W8EPH8UY292QND58S8,2025-03-15 13:20:54,2025-03-15,PRD-6C9HGEDVAJ6C,CLI-DHZWI0MMIHRX,Deposit,,870.34,USD,,ATM,SUC-FQBLIDK9,,,USA,Miami,Approved,00,False,,,
TRX-23J0BPF0L8Q14RO5MLA8,2025-03-15 20:08:01,2025-03-15,PRD-90J3OV34KWU7,CLI-S8SH7FR1NYKU,Payment,Other,1277.11,USD,,ATM,SUC-8RYAQ0NO,,,México,Tijuana,Approved,00,False,29.96,,
TRX-75YQKBNE2FNPG7536K49,2025-03-15 11:36:24,2025-03-15,PRD-KQKI35LGGGQL,CLI-JP87OF627MK7,Adjustment,,2687226.0,COP,671.81,ATM,SUC-CBL7ISR7,,,Colombia,Bogotá,Approved,00,False,,4.1034435,-74.8279492
TRX-KKC4B22J7U3YM4WW8VSJ,2025-03-15 13:40:38,2025-03-15,PRD-OBLYZ7VBD65W,CLI-WM7GQQFT3LMB,Deposit,,2319.08,USD,,POS,,,,México,Ciudad de México,Approved,00,False,1.24,,
TRX-DA4DQ9H6AUYXS7J1EKGV,2025-03-15 16:08:16,2025-03-15,PRD-I9R7CDV0V0B2,CLI-FDLV6TLD6580,Purchase,Services,168.99,USD,,Web,,Servicios Públicos,Services,México,Guadalajara,Pending,05,False,,,
TRX-WFXBIV0XXU0Y2HTDBBDV,2025-03-16 05:48:35,2025-03-15,PRD-7D66AUVHCSLN,CLI-2K401PVF40PG,Transfer,,3807.09,USD,,App,,,,México,Querétaro,Approved,00,False,,,
TRX-RGVDNT6F4NZ8804GR53U,2025-03-16 05:32:43,2025-03-15,PRD-KPRDPP3QXELF,CLI-T1K59OXRG90S,Transfer,,5670.81,USD,,Web,,,,Argentina,Buenos Aires,Approved,00,False,3.42,,
TRX-EWTRMWDRPQPGV1YSWEX6,2025-03-15 18:51:01,2025-03-15,PRD-50XWZ3XZGN8Q,CLI-LZW0M7200339,Withdrawal,,289.64,USD,,POS,,,,México,Tijuana,Approved,00,False,,,
TRX-GHEX2EO7JR9PZH75Q1H5,2025-03-15 23:26:26,2025-03-15,PRD-7K8HAV2KTO4C,CLI-BXIK4QZZ6E64,Withdrawal,,218.16,USD,,Branch,SUC-P65ZGVH3,,,México,Querétaro,Approved,00,False,11.29,,
TRX-ASGWQBE67PFF2BM0TJJ3,2025-03-16 05:24:05,2025-03-15,PRD-SRU1KPYEX7WM,CLI-SBSN1CEFG8OU,Deposit,,4017.09,USD,,ATM,SUC-JGB6PK8R,,,México,Guadalajara,Approved,00,False,,,
TRX-Q9KUI9SBG72SGC0TZ0J5,2025-03-15 13:36:26,2025-03-15,PRD-78HJYHFDGUTQ,CLI-MR1WJMTU11M3,Purchase,Health,1719431.15,COP,429.86,ATM,SUC-1C51KLB3,Óptica Visión,Health,Colombia,Medellín,Approved,00,False,21.02,,
TRX-DV65TWHKBJDZYY90EBZR,2025-03-15 07:27:15,2025-03-15,PRD-3WAWKFU53WZW,CLI-WHTVAZIDE12L,Adjustment,,112609.02,ARS,321.74,POS,,,,Spain,Valencia,Approved,00,False,2.83,-33.8552761,-57.6437379
TRX-12XQ2XJ4P8RNA07LPI46,2025-03-15 12:55:46,2025-03-15,PRD-26RVU8OWSN53,CLI-OVGZIMEBHRGJ,Payment,Services,181.92,USD,,App,,,,México,Monterrey,Approved,00,False,22.0,,
TRX-E0XSOSXQFZMT9SGWABH2,2025-03-15 09:59:05,2025-03-15,PRD-5ZDCD13O3RJX,CLI-DL5TD9T0POZP,Purchase,Services,185.74,USD,,POS,,,Services,México,Guadalajara,Approved,00,False,,0.5289256,0.0843344
TRX-BHOALO2UR5QXOCNYX6I3,2025-03-15 06:33:24,2025-03-15,PRD-B98QKGKQUV4K,CLI-WTS0WUSX9LWS,Deposit,,1502.93,USD,,POS,,,,México,Querétaro,Approved,00,False,19.96,-0.8181934,
TRX-4CTAVB9X54LNDKLIQC86,2025-03-16 02:41:04,2025-03-15,PRD-VZX0TQIRVHZ2,CLI-UKIDV8Z34PQW,Deposit,,3794.08,USD,,App,,,,México,Guadalajara,Approved,00,False,9.8,,
TRX-NL0U43J9F8HBM2J7D3GR,2025-03-15 14:08:31,2025-03-15,PRD-N6PG5D857L6W,CLI-GRJKQ9K9EK18,Payment,Food,1763.42,USD,,POS,,,,México,Guadalajara,Approved,,False,29.54,-0.740423,-0.2791136
TRX-VXYQD3WZWCXT2HE0BIAI,2025-03-15 15:42:09,2025-03-15,PRD-IXBJ65RB51XG,CLI-6SC3O9ZI9880,Withdrawal,,101850.87,ARS,291.0,ATM,SUC-JBECVTZ8,,,Argentina,Rosario,Approved,00,False,24.51,-35.1744353,-57.5790846
TRX-ZD02P8RMCF9RYVZXMF5F,2025-03-16 02:26:26,2025-03-15,PRD-V6LRGUFWFG55,CLI-9QMAEFSZBKYY,Payment,Transport,2640856.4,COP,660.21,Web,,,,Colombia,Cartagena,Approved,00,False,16.47,,
TRX-F3PB7JU056W07KI9HT74,2025-03-16 05:09:36,2025-03-15,PRD-IYY24R9VDUJU,CLI-687CO7WX36Q6,Deposit,,3508.02,USD,,ATM,SUC-W04NBWY9,,,México,Puebla,Approved,00,False,11.19,,
TRX-F75WH46IZ6W3D41S13PE,2025-03-16 00:35:06,2025-03-15,PRD-U8NJRAAFW32K,CLI-9I0NF6MYS2IY,Withdrawal,,1684455.25,COP,421.11,POS,,,,Colombia,Cali,Approved,00,False,,5.4621849,-74.3219517
TRX-A3U4P8JHVKN6FDK0GEKY,2025-03-15 13:20:47,2025-03-15,PRD-GWE85J47RGTJ,CLI-LQDHXE3OWZUB,Payment,Food,3346534.22,COP,836.63,ATM,SUC-Q56PLH2J,,,Colombia,,Declined,54,False,22.46,,
TRX-2J0T7ICMZGLTNFAPPTFE,2025-03-15 06:15:32,2025-03-15,PRD-WZSMIY76DG2E,CLI-MW2G20E6Y8B3,Purchase,Other,458.49,USD,,ATM,SUC-Y18NE8GS,Ferretería,Other,México,Guadalajara,Approved,00,False,16.3,0.1997301,0.1222219
TRX-4X47ZHK7TN5R6XNQDT4F,2025-03-16 03:22:36,2025-03-15,PRD-3BGWBCBJ3LTW,CLI-WPSTOAH2YKXH,Purchase,Food,91506.25,ARS,261.45,App,,Tienda Don José,Food,Argentina,Córdoba,Declined,54,False,21.81,,
TRX-WM0XJAZH9YGDRSVQ2PF7,2025-03-15 20:56:46,2025-03-15,PRD-0NB5S8UG3QWS,CLI-DZU6UJFT6IGW,Payment,Entertainment,1471.1,USD,,POS,,,,México,Querétaro,Approved,00,False,6.29,,
TRX-FY01U7D6WQQ84G8CPQ8Q,2025-03-15 16:10:53,2025-03-15,PRD-VFR26RN0M19K,CLI-8XSXMPNE7U3J,Payment,Services,450254.22,ARS,1286.44,POS,,,,Argentina,Mendoza,Approved,00,False,20.4,,
TRX-CSU1J8BDQ9G0500Y9B0E,2025-03-16 03:48:41,2025-03-15,PRD-SYO08U766PGQ,CLI-R2OZSEVBR9R9,Deposit,,4072.51,USD,,POS,,,,México,,Approved,00,False,13.82,,
TRX-N70FI1LDJMHNYHRU9SX5,2025-03-15 20:19:19,2025-03-15,PRD-6CBZDP6EMNON,CLI-8PGYGZPEHWWS,Transfer,,4434.96,USD,,Web,,,,México,Monterrey,Approved,00,False,11.04,,
TRX-AEB1XPX5FXNB4CSW76HB,2025-03-15 10:52:11,2025-03-15,PRD-TDBQPFUUD63O,CLI-ILF9HGIA698N,Withdrawal,,436684.06,COP,109.17,POS,,,,Colombia,Barranquilla,Approved,00,False,1.42,,
TRX-PH9CHGZBUCTKW1FBU399,2025-03-16 02:37:38,2025-03-15,PRD-5DTNSTYY2Y14,CLI-4ASNFI45KV7K,Payment,Health,1253.92,USD,,POS,,,,México,Querétaro,Approved,00,False,,,
TRX-LUMP0G7SSK6CWB5GXR0A,2025-03-15 23:57:28,2025-03-15,PRD-FTYEXTDIIAR9,CLI-6DNIGDCQYPB1,Purchase,Food,430.92,USD,,App,,Mercado Central,Food,México,Tijuana,Approved,00,False,1.92,,
TRX-JD4DMFFTW6T5BM0V5WD1,2025-03-15 19:43:34,2025-03-15,PRD-BI7I7OVE9W34,CLI-0J2GKGIAOEQO,Purchase,Transport,1274876.35,COP,318.72,App,,Taxi Seguro,Transport,Colombia,Medellín,Approved,00,False,,,
TRX-RRNK0TMCHB4EB2NMCTZR,2025-03-15 06:36:29,2025-03-15,PRD-V3768OMH8CGT,CLI-MJGJEQZC9ZCE,Withdrawal,,344.18,USD,,ATM,SUC-I4AA1FSG,,,México,Puebla,Approved,00,False,28.8,0.6280781,-0.4502674
TRX-3YE3HLRVSJVBQQ5I2KHJ,2025-03-15 10:52:53,2025-03-15,PRD-8QA7CRDXQDVN,CLI-1Y75V7EZIIRZ,Purchase,Food,196.3,USD,,ATM,SUC-BDUHNO9T,Mercado Central,Food,México,Ciudad de México,Approved,00,False,20.0,,
TRX-GY9T0F6O52OF3MCZ73UH,2025-03-15 15:11:13,2025-03-15,PRD-TXV43I7DMC2K,CLI-Q2D7VE1EIYRA,Deposit,,1519913.03,ARS,4342.61,POS,,,,Argentina,Mendoza,Approved,00,False,,,
TRX-P3WWSV4XHP3BETGTCZDS,2025-03-15 20:21:02,2025-03-15,PRD-MTSQOTMEUJYL,CLI-B2K37NXO2GRY,Purchase,Other,188.29,USD,,App,,Centro Comercial,,México,Tijuana,Approved,00,False,,,
TRX-VDSN5D4GJ41G20E00AVK,2025-03-15 07:53:07,2025-03-15,PRD-TPH4L6DKL8GK,CLI-X7GYU8TXYPTV,Payment,Services,7815655.94,COP,,POS,,,,Colombia,Bogotá,Approved,00,False,,,
TRX-YASDRCRCJ5H442K0E7F1,2025-03-16 03:48:51,2025-03-15,PRD-SU17EXIKL55U,CLI-B3ADZTL81QQX,Purchase,Food,45.18,USD,,App,,Mercado Central,Food,México,Puebla,Declined,05,False,29.29,,
TRX-GV789JFJBXYTD00APHC4,2025-03-15 18:52:06,2025-03-15,PRD-1U1JV4I0BQ8C,CLI-RIMBHOA6QM1Y,Purchase,Food,1046640.19,COP,261.66,App,,Mercado Central,Food,Colombia,Barranquilla,Declined,51,False,5.32,,
TRX-OC35XZOCS07WFYQ7U2A7,2025-03-15 17:13:08,2025-03-15,PRD-IIQV3M4URTHS,CLI-KQ6PSQQM2CCJ,Payment,Other,1082.32,USD,,App,,,,Argentina,Buenos Aires,Reversed,14,False,21.35,,
TRX-OQKC6ZK142EULAUWYDHJ,2025-03-15 20:00:09,2025-03-15,PRD-DALAXNCVWS6P,CLI-JKLRHPDAYX0S,Transfer,,1453.72,USD,,POS,,,,México,Guadalajara,Approved,00,False,14.14,,
TRX-B6RA3XB141E6TTM6IW4S,2025-03-15 13:54:41,2025-03-15,PRD-1TN15TWMVYTO,CLI-SL1ACUECL67S,Transfer,,4037.99,USD,,Web,,,,México,Guadalajara,Approved,00,False,1.59,,
TRX-UL6L6MPJCZMWE4EAVHZP,2025-03-16 05:47:19,2025-03-15,PRD-EV1RKOTWC9O8,CLI-VK1ZAACEGWFP,Purchase,Entertainment,310.36,USD,,ATM,SUC-6RHR3MME,Streaming Music,Entertainment,México,Querétaro,Approved,00,False,9.14,,
TRX-EJ40R4R1TVMGJTQVHPDJ,2025-03-15 20:49:02,2025-03-15,PRD-BZOPSUVSM3BA,CLI-B8AQF6Y5R836,Withdrawal,,398.16,USD,,POS,,,,Argentina,La Plata,Approved,00,False,5.49,,
TRX-DBNY1REN4S3FQWLHNKGZ,2025-03-15 14:55:42,2025-03-15,PRD-3NR761YNUZAN,CLI-B28AQW782V5R,Payment,Health,851.0,USD,,ATM,SUC-SUAMAVYV,,,México,Monterrey,Approved,00,False,25.33,,
TRX-TOXIH0C591TL6YEGLBUY,2025-03-15 10:37:47,2025-03-15,PRD-1BACX4LCW7V0,CLI-QUM9HQIOS07J,Purchase,Other,302.82,USD,,ATM,SUC-CBGK7VQE,Boutique Moda,Other,Colombia,Cali,Approved,00,False,,4.5730938,-74.1299387
TRX-3TD8ANLQR03OT9LXLJTS,2025-03-15 20:18:18,2025-03-15,PRD-YKT29W5JHTHU,CLI-XXWMEVLZPN3X,Transfer,,5364.06,USD,,POS,,,,México,Puebla,Approved,00,False,11.16,,
TRX-KJ8YCBDAL4VT1HHMBQNQ,2025-03-15 21:58:35,2025-03-15,PRD-3YWAGGJF4E76,CLI-D5970TMESPYI,Transfer,,3851.41,USD,,App,,,,México,Tijuana,Approved,00,False,16.15,,
TRX-T2KZZAD2B07OD6N8TG9T,2025-03-15 19:28:51,2025-03-15,PRD-SYWMLX76VUPE,CLI-913AE4L48FPP,Purchase,Services,1464894.36,COP,366.22,POS,,Servicios Públicos,Services,Colombia,Medellín,Approved,00,False,11.08,,
TRX-0G9BSZBHOBLYAUTRVKWC,2025-03-15 14:42:31,2025-03-15,PRD-V98TJAQGDC2H,CLI-JBM4TTOK3NPY,Purchase,Food,543596.17,COP,135.9,ATM,SUC-XXUHP6O3,Restaurante El Buen Sabor,Food,Colombia,,Approved,,False,24.68,3.7693211,-74.7837224
TRX-NIEYX2GPMOKB647C6QYY,2025-03-15 08:11:58,2025-03-15,PRD-IZQU9733A7Y3,CLI-ED9B7VSBQ8JH,Payment,Entertainment,6490567.71,COP,1622.64,ATM,SUC-XV4BJ541,,,Colombia,Bogotá,Approved,00,False,0.41,,
TRX-7HV3NCA7K8A3WU2TSHZM,2025-03-15 06:34:25,2025-03-15,PRD-W64RRBJZVB2D,CLI-P4NMBBFHV0A4,Transfer,,190.84,USD,,POS,,,,México,Ciudad de México,Approved,00,False,9.54,,
TRX-XL6943DN0KA0PBZQDACX,2025-03-15 16:49:30,2025-03-15,PRD-CNBZNE7PH3PU,CLI-68T1KX8SFJU7,Withdrawal,,332.18,USD,,POS,,,,México,Ciudad de México,Approved,00,False,4.37,,
TRX-JOOVSLY1BKF9WB58S1NO,2025-03-15 19:28:44,2025-03-15,PRD-YH52ZL3VIESD,CLI-UGEDMV5JQD5C,Payment,Services,1092.57,USD,,ATM,SUC-GV2TU3NJ,,,México,Querétaro,Approved,00,False,,-0.3663743,0.3372674
TRX-3RU37W3FMBY0HAPNEWUD,2025-03-15 22:20:39,2025-03-15,PRD-A48CBQYQ9ABH,CLI-DIGLJOIUFFI2,Payment,Entertainment,5677713.12,COP,1419.43,ATM,SUC-6NKYKKQR,,,Colombia,Cartagena,Approved,00,False,,5.6610082,-74.4385349
TRX-23GCEDUU2R3HKBL8XJPH,2025-03-15 12:24:20,2025-03-15,PRD-RWN9NFZNUAOF,CLI-JY6PRGXUZUUT,Payment,Entertainment,558.86,USD,,ATM,SUC-DN1V9J1Z,,,México,Querétaro,Approved,00,False,26.21,-0.4782105,-0.7487529
TRX-5XW91Z363IQVB7HH226Z,2025-03-15 15:32:33,2025-03-15,PRD-0O4NVUZ2G25A,CLI-4402WURZS1AY,Deposit,,815189.6,ARS,2329.11,App,,,,Argentina,,Approved,00,False,20.53,,
TRX-BZMSWLXM2C11E2L939NV,2025-03-15 22:55:19,2025-03-15,PRD-H988HIX1L8ZF,CLI-F7P95YWPHWB9,Purchase,Food,188.08,USD,,App,,Super Ahorro,Food,México,Ciudad de México,Approved,00,False,4.59,,
TRX-BOZQOKRL4Z2PD8915RAK,2025-03-15 21:05:01,2025-03-15,PRD-H1TO67OL70G3,CLI-E9JM9BN4P9T9,Purchase,Services,117881.32,ARS,336.8,ATM,SUC-0N077NAM,Cable TV,Services,Argentina,Mendoza,Declined,05,False,28.15,-33.9717974,-59.1809817
TRX-9DBLT0BGUOT80TNHKTZE,2025-03-15 17:44:18,2025-03-15,PRD-XJIGEJNJE8OO,CLI-9V7HK2XRXWX8,Deposit,,465.03,USD,,ATM,SUC-4CNRVPYL,,,México,,Approved,00,False,2.77,,
TRX-UFSB7G19AO4G6XBZV8Q9,2025-03-15 17:46:50,2025-03-15,PRD-SUPWOZN28PN9,CLI-DPQ7I2E42A9N,Transfer,,7317.45,USD,,POS,,,,México,Tijuana,Approved,00,False,20.13,,
TRX-5QKU7J4EJYM99HUCY3X3,2025-03-15 22:37:34,2025-03-15,PRD-3Y5T80B5GKGJ,CLI-41W893H146RW,Payment,Food,1095.91,USD,,POS,,,,México,Ciudad de México,Approved,00,False,27.21,,
TRX-8H04FMYCKBVNC8ELOO56,2025-03-16 01:36:26,2025-03-15,PRD-AUFVZ4C92THZ,CLI-HVH621OP812U,Withdrawal,,25.57,USD,,ATM,,,,México,,Approved,00,False,28.49,,-0.6473859
TRX-40UZHT9TMX17QV7T73JT,2025-03-15 22:42:59,2025-03-15,PRD-L92BXYR6BHZW,CLI-0S90Z5Q17Z9E,Transfer,,3830.79,USD,,App,,,,Argentina,,Approved,00,False,23.27,,
TRX-HGS8K6P47XYF0RNMJ8ZU,2025-03-15 17:45:47,2025-03-15,PRD-MNBG9PGO8IRF,CLI-CYTKFW8JR4AK,Withdrawal,,328789.96,COP,82.2,App,,,,Colombia,Barranquilla,Approved,00,False,,,
TRX-WJ68MUS259WEOGJMTQ4A,2025-03-16 04:16:31,2025-03-15,PRD-GFV2MRJTD3QN,CLI-XKGB24159T4E,Payment,Entertainment,3214352.61,COP,803.59,POS,,,,Colombia,Bogotá,Approved,00,False,22.05,,
TRX-L9OG5K6AGYOB5MEL859N,2025-03-15 06:45:45,2025-03-15,PRD-7FQ71D6EZJNO,CLI-GY2Z26W4FLK4,Purchase,Services,272.3,USD,,POS,,Empresa Telefónica,Services,México,Ciudad de México,Approved,00,False,0.06,-0.9954833,0.8532109
TRX-E3QRU5AG4KGUGDO6N96D,2025-03-15 20:42:50,2025-03-15,PRD-WJRN2CZYEPBQ,CLI-77VXGL34KRYW,Deposit,,3564584.82,COP,891.15,Web,,,,Colombia,Medellín,Approved,00,False,16.66,,
TRX-PQ666LV5ZJFWN0OHTNTY,2025-03-15 14:38:59,2025-03-15,PRD-WGT7L12G0G5Z,CLI-OY46B2QSQHC0,Payment,Other,1625.61,USD,,POS,,,,México,Guadalajara,Approved,00,False,16.35,,
TRX-RTWZUPNHNUN8S3O20L7W,2025-03-15 12:21:21,2025-03-15,PRD-EY23CU255K0C,CLI-1XKU03DLN1BT,Payment,Transport,1614.9,USD,,POS,,,,México,Puebla,Approved,00,False,12.83,0.4453858,0.6161644
TRX-02ACUZ3R5ALO6BRA0LSZ,2025-03-16 01:07:44,2025-03-15,PRD-9XD48BUFKS2B,CLI-08UF0L5NYBY1,Deposit,,2247.03,USD,,POS,,,,México,Puebla,Approved,00,False,,,
TRX-EPBRENK7PIXSGM4WIF92,2025-03-16 01:30:44,2025-03-15,PRD-BKO784SDGKXZ,CLI-S208BIJGFQ0I,Payment,Food,631.41,USD,,POS,,,,México,Guadalajara,Declined,14,False,10.6,,
TRX-A20RPNMULWJHVP5GVO1F,2025-03-16 04:45:24,2025-03-15,PRD-T3YQAM4IPVER,CLI-V2F4IGNEF44W,Purchase,,1731750.97,COP,432.94,ATM,SUC-JZCA1ZND,Super Ahorro,Food,Colombia,Cali,Approved,00,False,7.73,,
TRX-Q4CSFZW0MV9GIQSSVQVW,2025-03-15 17:14:24,2025-03-15,PRD-YIDY9EILSHYO,CLI-GO930OV7GFH1,Purchase,Transport,494.8,USD,,POS,,Taxi Seguro,Transport,México,Querétaro,Approved,00,False,28.9,,
TRX-ZG6DJWM8RZKV4065MU41,2025-03-15 07:41:30,2025-03-15,PRD-5SZ0XEQR8HIT,CLI-3N1REE5WYWOS,Purchase,Transport,57704.66,ARS,164.87,POS,,Uber,Transport,Argentina,Mendoza,Approved,00,False,6.07,-35.0517613,-57.9832045
TRX-ISW3LZGF5PAHQQLF0C5J,2025-03-16 01:36:08,2025-03-15,PRD-MOF1TI230O4Y,CLI-E4EG0PR1RPV6,Purchase,Transport,345.47,USD,,Web,,Gasolinera Express,Transport,México,Puebla,Approved,00,False,4.92,,
TRX-G8A6HHUQDV35PIYE1NH9,2025-03-15 22:17:56,2025-03-15,PRD-432XS71M677N,CLI-CE8NJEPJN988,Purchase,Transport,288.22,USD,,Web,,Taxi Seguro,Transport,México,Querétaro,Approved,00,False,13.84,,
TRX-IN6L9HQ12NW6HKVNHZ7P,2025-03-16 01:46:44,2025-03-15,PRD-J1VMKWFOT7P4,CLI-AS1TY5SF3SGY,Purchase,Food,517973.97,COP,129.49,App,,Super Ahorro,Food,Colombia,Medellín,Approved,00,False,17.61,,
TRX-BWV3HIJH234B6WKYJBHQ,2025-03-15 09:50:30,2025-03-15,PRD-DCQFF8DBZ8JM,CLI-CMU4X5D5PPT8,Payment,Food,433270.03,ARS,1237.91,POS,,,,Mexico,Puebla,Approved,00,False,,,
TRX-S0BIWRYHAE02UGS2IB84,2025-03-15 14:21:33,2025-03-15,PRD-SWKR1D8EA863,CLI-V5L25EUY5Z04,Purchase,Food,854653.62,COP,213.66,ATM,SUC-8UUCS42Y,Super Ahorro,Food,Colombia,Bogotá,Approved,00,False,,,
TRX-G4NLIT8N2LZEUVR8LV25,2025-03-15 23:45:19,2025-03-15,PRD-358HUVHUOOF4,CLI-TCNF4035AB71,Payment,Services,656664.32,ARS,1876.18,ATM,SUC-0MPZUQLJ,,,Argentina,,Approved,,False,,-34.5528075,-58.0686603
TRX-TDA8UB74Q3K32XRTK2HS,2025-03-15 13:12:34,2025-03-15,PRD-ABPR3K1L28NC,CLI-ZUNGEFDXZOLF,Purchase,Services,472.4,USD,,POS,,Internet Plus,Services,México,Ciudad de México,Approved,00,False,8.19,0.637537,-0.3225722
TRX-RCSIJUKESL3AOPWH25VQ,2025-03-15 11:41:07,2025-03-15,PRD-INYVNSHQ2EBU,CLI-MM8BLBWS6QBX,Payment,Food,1924.71,USD,,POS,,,,México,Querétaro,Approved,00,False,19.81,,
TRX-GCO5FP3PYLLF238N3OXY,2025-03-15 19:06:21,2025-03-15,PRD-K5C24HQAMTUP,CLI-1L42D2EWUWXS,Withdrawal,,172701.6,ARS,493.43,POS,,,,Argentina,Mendoza,Approved,00,False,9.02,-34.7424609,-57.6291484
TRX-UT154UAWSJLL6HHEVCOI,2025-03-16 05:37:31,2025-03-15,PRD-GVC63P83S7G3,CLI-HHBB4RUVNIJ5,Payment,Transport,408414.39,COP,102.1,POS,,,,Colombia,Cartagena,Pending,51,False,5.9,,
TRX-LHA6GAOMCIRA9LE74ZVH,2025-03-16 05:07:14,2025-03-15,PRD-RWP6B0UN1TRE,CLI-5X7SZPHZSQ5G,Withdrawal,,92.95,USD,,ATM,SUC-NZJH5BG1,,,México,Tijuana,Approved,00,False,1.63,,
TRX-N3OW8MEL7S6L2XFX3QXJ,2025-03-15 15:50:50,2025-03-15,PRD-GSM79JSV0OOW,CLI-COZNOIRA5BI1,Transfer,,37367030.45,COP,9341.76,Web,,,,Colombia,Cartagena,Approved,00,False,12.91,,
TRX-FGWMWABGC2SWLTI28WVJ,2025-03-15 15:34:45,2025-03-15,PRD-GOPRO7YQ4309,CLI-PLBCTDS0AQSW,Purchase,Transport,316.87,USD,,POS,,Uber,Transport,México,Querétaro,Approved,00,False,5.53,,
TRX-HIIG7TN1FXHX1CL80AIU,2025-03-15 20:22:41,2025-03-15,PRD-CH6QBTT8ZNS4,CLI-MZFEVTJDEFCW,Payment,Services,720.74,USD,,App,,,,México,Puebla,Approved,00,False,,,
TRX-3T3M5R3HPTC017E6X6DD,2025-03-15 09:06:58,2025-03-15,PRD-QZ9QH2U8ZEFD,CLI-IY3VY8O96WUB,Transfer,,20111655.33,COP,5027.91,App,,,,Colombia,,Approved,00,False,26.93,,
TRX-GGQC95FTY9DRYQX85QMY,2025-03-15 20:16:44,2025-03-15,PRD-EDAOE8QNJU67,CLI-6H8ECYYPQFYH,Payment,Food,1645380.24,COP,411.35,POS,,,,Colombia,Cartagena,Approved,00,False,9.98,5.3885527,-73.3583513
TRX-KPEEXY4ZS6QGYY56X91A,2025-03-16 03:46:34,2025-03-15,PRD-FUGSJBEXTOGF,CLI-C2N6O405U916,Payment,Transport,379.64,USD,,ATM,SUC-EXKJNP13,,,Colombia,Medellín,Approved,00,False,23.8,4.9354557,-74.9594982
TRX-RXU5RKZGWIRABO6Q9OCY,2025-03-15 17:38:44,2025-03-15,PRD-UOGXAWRAEUOY,CLI-7LCNL5PMKEN2,Adjustment,,479.96,USD,,ATM,SUC-NZJH5BG1,,,México,Guadalajara,Approved,00,False,26.95,,
TRX-6F9X88H5X2YZ42QGEH5X,2025-03-15 22:08:41,2025-03-15,PRD-5UTXC769GV6Y,CLI-YQ201HZ5O657,Withdrawal,,677755.69,COP,169.44,ATM,SUC-8AM4U1NU,,,Colombia,Cali,Approved,00,False,,,
TRX-50RMT8VHLW0RUSL82RBN,2025-03-15 21:18:12,2025-03-15,PRD-M6A5UNUX2TA0,CLI-V36FCXNDQO2O,Purchase,Food,138.86,USD,,ATM,SUC-4AVH1MSP,Super Ahorro,Food,México,Monterrey,Approved,00,False,26.27,,
TRX-W50HNI9DGXP7VP7TTSL1,2025-03-16 02:15:41,2025-03-15,PRD-C8PMOF6BLPKV,CLI-J9UXTFZ6GIZY,Purchase,Other,117.69,USD,,ATM,SUC-UVQ9U0YO,Centro Comercial,Other,Argentina,Rosario,Approved,00,False,14.73,,
TRX-TIV1R5L4ZL1F5REP089Z,2025-03-15 12:32:55,2025-03-15,PRD-RA5H8U9X6P0O,CLI-3R6T2W7LRH8Y,Purchase,Transport,317.75,USD,,POS,,Estación de Servicio,Transport,México,Ciudad de México,Approved,00,False,23.7,-0.957769,0.8296028
TRX-RIVGM00T0FO2J2834E4J,2025-03-15 17:25:08,2025-03-15,PRD-OJ54M3TUA14Y,CLI-2VOEY9GFC99E,Deposit,,9267221.91,COP,2316.81,POS,,,,Colombia,Medellín,Approved,00,False,12.84,,
TRX-I990V2ZOSDIK5RIAKGIR,2025-03-15 22:56:09,2025-03-15,PRD-WWHTOA7DESJM,CLI-3LGSJD1C95J6,Payment,Services,1971.48,USD,,Web,,,,México,Ciudad de México,Approved,00,False,11.84,,
TRX-ZRGBD63LGF6QWSPUKKVL,2025-03-15 21:33:55,2025-03-15,PRD-6S3VO9PNPC37,CLI-9ZORSYXYZUDK,Transfer,,5329.19,USD,,POS,,,,México,Puebla,Approved,00,False,18.85,0.7424474,0.2833469
TRX-IZFV4KOI44G7X36OP27C,2025-03-15 08:22:01,2025-03-15,PRD-T6H58TZDBQ0L,CLI-JW3ROB50B82V,Payment,Entertainment,1248.44,USD,,ATM,SUC-RJSJ0B0X,,,México,Monterrey,Approved,00,False,17.37,,
TRX-KKGUEJP5I3WK9D4E91P2,2025-03-15 15:51:23,2025-03-15,PRD-Y20TDQ4Q3BGI,CLI-DPJMU3RTDP9O,Purchase,Transport,23684.07,ARS,67.67,POS,,Estación de Servicio,Transport,Argentina,Córdoba,Approved,00,False,3.23,,
TRX-KO8GAQR67E0MXYJY8VPM,2025-03-15 22:20:45,2025-03-15,PRD-U2DZWDU3VNKH,CLI-KW0E15UABMB0,Purchase,Transport,563260.25,COP,140.82,App,,Uber,Transport,Colombia,Barranquilla,Approved,00,False,12.85,,
TRX-Z6DLL4KQ3R2I5VPWK6K0,2025-03-15 22:11:21,2025-03-15,PRD-UZWWZ8RJMELL,CLI-Z2Q70V65K11B,Transfer,,35149988.91,COP,8787.5,POS,,,,Colombia,,Approved,00,False,,,
TRX-UY3AXFJ90C8KPEN15T8S,2025-03-15 21:15:48,2025-03-15,PRD-R8MNILALQ14J,CLI-TBDK751DWSKK,Purchase,Health,1363884.14,COP,340.97,App,,Farmacia Salud,Health,Colombia,Barranquilla,Approved,00,False,18.95,,
TRX-TFNZFBNRI1IDSCYRM1RK,2025-03-16 03:33:52,2025-03-15,PRD-KC38N1IQO7TN,CLI-0T7SRRHYJIS4,Transfer,,4797.02,USD,,Web,,,,México,Monterrey,Approved,00,False,15.47,,
TRX-V5QGF69GS1Y9M0FIIY91,2025-03-15 15:30:54,2025-03-15,PRD-9IRXTWTWV3U5,CLI-2LYOJW115D4Z,Payment,Services,398.94,USD,,POS,,,,Argentina,Mendoza,Declined,51,False,10.3,-35.4016408,-58.3414765
TRX-2KFDXWUHADY8D63886FP,2025-03-15 08:08:18,2025-03-15,PRD-UIN3HDAQS4CS,CLI-9GBW96GY4I1Y,Purchase,Entertainment,185.81,USD,,Web,,Streaming Music,Entertainment,México,Tijuana,Approved,00,False,23.66,,
TRX-O2D7JTDWLFFQK0JZG886,2025-03-15 11:47:58,2025-03-15,PRD-0E00QPJ8GNMJ,CLI-TOPM3TQCUTM5,Withdrawal,,263.97,USD,,ATM,SUC-1TATGCL8,,,México,Querétaro,Approved,,False,,,
TRX-2Y7P4HKZPRB2HMJS87W6,2025-03-15 08:22:38,2025-03-15,PRD-R2EJXNVWSR5Z,CLI-SGCOFPW2Q150,Purchase,,101.15,USD,,App,,Tienda General,Other,México,,Approved,00,False,,,
TRX-M0Z7CNZL9VI6B0H4JSFF,2025-03-15 17:40:02,2025-03-15,PRD-4J2UY3S41Z27,CLI-ELTWLQ4I8KV9,Purchase,Other,237.47,USD,,POS,,Ferretería,Other,Colombia,Cartagena,Approved,00,False,14.13,,
TRX-DLQ1P51WUHPW30T7U9K2,2025-03-15 19:34:51,2025-03-15,PRD-N70WVY7CIEI9,CLI-AKBX8KS0U46I,Deposit,,3233.46,USD,,ATM,SUC-4HF4J8KO,,,México,Tijuana,Approved,,False,13.31,,
TRX-G5XKCI9HO1NLRVWPFBXZ,2025-03-15 12:15:55,2025-03-15,PRD-4ZIF8ESPVHUU,CLI-ZJ4EI9UCYGKL,Transfer,,1332655.74,ARS,3807.59,Web,,,,Argentina,Buenos Aires,Approved,,False,8.12,,
TRX-90UDNYLE9BTCNYILAK2F,2025-03-15 16:09:05,2025-03-15,PRD-4XS3O1RNKVWN,CLI-XWWBFRM2UQ3F,Adjustment,,26976.0,ARS,77.07,App,,,,Argentina,La Plata,Pending,54,False,25.23,,
TRX-ORK41PQUKYIK361VR8ED,2025-03-15 06:22:13,2025-03-15,PRD-ZXV7Y43BO5VB,CLI-295V03XYZBYR,Payment,Transport,1701.34,USD,,POS,,,,México,Monterrey,Approved,00,False,,,
TRX-WCQXRQX50BQJNKAIQJVJ,2025-03-15 08:12:23,2025-03-15,PRD-HEQYGRA72ZQR,CLI-ZYENEC5T2D74,Deposit,,13241962.64,COP,3310.49,ATM,SUC-UH461R09,,,Colombia,Cartagena,Approved,00,False,24.27,,
TRX-JF8DU06H0VPF6NVK11I6,2025-03-15 17:34:19,2025-03-15,PRD-1JVCIMBTUSZM,CLI-YMDCSZ1O1Q04,Payment,Other,517.37,USD,,POS,,,,México,Ciudad de México,Approved,00,False,3.13,0.9263413,0.2220493
TRX-XVHS1R05MYC459V3GWRW,2025-03-16 02:59:34,2025-03-15,PRD-89HW2SWV7T3W,CLI-3K0F4UIQJNR6,Payment,Services,1825.39,USD,,POS,,,,México,Tijuana,Approved,00,False,27.18,0.8054451,
TRX-NDTYAIZFE90SG6YDG9PZ,2025-03-15 20:24:08,2025-03-15,PRD-ZP481LLO9RY6,CLI-GXOL5Y77IHEU,Deposit,,10705951.78,COP,2676.49,POS,,,,Colombia,,Approved,00,False,11.78,5.2942285,-74.9103733
TRX-IS2PHUPWCXNE3UM31KEN,2025-03-15 11:49:04,2025-03-15,PRD-1AXB6NKZMAJV,CLI-HJE8MRW2ZKUB,Transfer,,2779604.62,ARS,7941.73,POS,,,,Argentina,Córdoba,Approved,00,False,11.47,-34.3648483,
TRX-BOTMEE7AVB313PHH4QCQ,2025-03-15 10:15:29,2025-03-15,PRD-8ZSPL8WLVBAF,CLI-5B3W4ESPI18L,Deposit,,2316.1,USD,,POS,,,,México,Tijuana,Approved,00,False,11.52,,
TRX-45TXGD9W9BD27K0V2X0U,2025-03-15 11:42:28,2025-03-15,PRD-IU7YN0XWWLR4,CLI-57B3FALP5G5H,Withdrawal,,273.41,USD,,POS,,,,México,Querétaro,Approved,00,False,,,
TRX-E91RSXQZ68Q6XXY5G2T0,2025-03-16 02:51:33,2025-03-15,PRD-8QF3GRVCE00K,CLI-JG3C3HKPE94P,Deposit,,1637815.3,ARS,4679.47,ATM,SUC-OSJVEL9O,,,Brazil,Rio de Janeiro,Approved,00,False,8.95,-34.4278803,-59.3718134
TRX-ACTS026J0UL0EWDJYKBA,2025-03-15 07:46:14,2025-03-15,PRD-26WLKR36DNYW,CLI-2LLDE6XG5M61,Payment,Health,1519.11,USD,,App,,,,México,Guadalajara,Approved,00,False,22.02,,
TRX-YJUARKXXUKJYE5GPVV0X,2025-03-15 23:59:41,2025-03-15,PRD-0IVS2CDYVPDI,CLI-L73P1U41T79J,Purchase,Transport,138.99,USD,,ATM,SUC-JGJN78RV,Uber,Transport,México,Guadalajara,Approved,00,False,,0.605957,
TRX-C2AYTCB1I8LYBXREF3B9,2025-03-15 12:23:37,2025-03-15,PRD-8Y0Y5R5076RX,CLI-66AQ5SLDTD93,Withdrawal,,129223.17,COP,32.31,POS,,,,Colombia,Cali,Approved,00,False,,,
TRX-LAZMMOYDN3U2WRN65W4G,2025-03-15 17:09:59,2025-03-15,PRD-3YF6JV8TMR0Y,CLI-BK5OEGXO2AW7,Transfer,,10427736.5,COP,2606.93,ATM,SUC-WH83BE50,,,Colombia,Cali,Approved,00,False,1.32,,
TRX-KKX8M2WV09J7LKXR0ZX1,2025-03-15 09:33:18,2025-03-15,PRD-CS0KLU7JH3KK,CLI-WYKQDT005KG9,Payment,Other,6486131.06,COP,1621.53,Web,,,,Colombia,Bogotá,Approved,00,False,19.45,,
TRX-9GUEC09SUQBIQXAE6U3T,2025-03-15 23:20:11,2025-03-15,PRD-XAV4DXSSIYNH,CLI-BN0DIHL7W1XL,Transfer,,4741231.45,COP,1185.31,ATM,SUC-X3OFCBL0,,,Colombia,Bogotá,Approved,00,False,2.82,,
TRX-JCRU1TDROJHZJ6GLNTVW,2025-03-15 06:18:33,2025-03-15,PRD-J1UPXN0SEDSI,CLI-62GA832ZWOAS,Withdrawal,,500414.39,COP,125.1,ATM,,,,Colombia,Cartagena,Approved,00,False,29.18,5.4134715,-73.8734841
TRX-Y05RVNSSWM0TFHORWWA0,2025-03-15 16:17:14,2025-03-15,PRD-0UFG7FJ8PKUT,CLI-HTEZP26MHVEF,Withdrawal,,328.35,USD,,Web,,,,México,Monterrey,Approved,00,False,17.89,,
TRX-VS6BSB8IWIS7Z2EYOQME,2025-03-15 21:24:00,2025-03-15,PRD-K6IMHI5YIYID,CLI-DVXV544B45KT,Deposit,,1690891.6,ARS,4831.12,ATM,SUC-HBYNA6O6,,,Argentina,Rosario,Declined,14,False,17.82,,
TRX-YB2O1K68YL84PTM1CMI7,2025-03-15 15:13:21,2025-03-15,PRD-XU2468Z4F8UO,CLI-00RVZNDQ2D9Q,Purchase,Entertainment,259.05,USD,,ATM,SUC-JRR5Z8WK,Conciertos Live,Entertainment,México,Tijuana,Approved,00,False,6.74,,
TRX-NC73V1KX4USIXHSB1DE3,2025-03-15 13:04:32,2025-03-15,PRD-0EMCJV5SSDTW,CLI-XZYJFN611X1P,Purchase,Transport,413.91,USD,,ATM,SUC-Q9LRLZTA,Estación de Servicio,Transport,México,Puebla,Approved,00,False,16.91,,
TRX-ZNO5GNJX91NPTNZ9CU01,2025-03-15 06:17:13,2025-03-15,PRD-5YWRBG44KTCL,CLI-QJZ9ENJCL9C0,Purchase,Other,140.1,USD,,POS,,Boutique Moda,Other,México,Monterrey,Declined,05,False,10.38,,
TRX-3IR71JYW9OZ2GFEN3018,2025-03-16 05:37:27,2025-03-15,PRD-ILU22PRZTQGH,CLI-VZ1EJCAGBOIE,Payment,Transport,3278504.08,COP,819.63,Web,,,,Colombia,Cali,Approved,00,False,13.14,,
TRX-G2CV1RONOBTCGB7SMUBC,2025-03-15 06:54:10,2025-03-15,PRD-FKJDG6SR3DTD,CLI-CJIAMTTGKZ6Z,Withdrawal,,341.74,USD,,POS,,,,México,Puebla,Approved,00,False,10.75,,
TRX-03U191A7641ASCLX4L7P,2025-03-16 04:59:14,2025-03-15,PRD-0PQ8LU6BHB69,CLI-15YK628H2TDH,Withdrawal,,671201.86,COP,167.8,ATM,SUC-5NGX1P46,,,Colombia,Cali,Approved,00,False,,4.4692856,-74.2021841
TRX-45D5SZC66S64J30JKADH,2025-03-16 03:06:29,2025-03-15,PRD-GYX0ELTM3OWM,CLI-P0BA5A50CI85,Transfer,,2303.72,USD,,ATM,SUC-9YYT37NY,,,México,Monterrey,Approved,00,False,10.16,0.0896142,0.0781766
TRX-DFRO3QDS5HTX9E94L7RA,2025-03-15 20:49:32,2025-03-15,PRD-NTFJYXS1B9O9,CLI-S0DCWGE2W0RB,Purchase,Health,100.32,USD,,POS,,Óptica Visión,Health,México,Ciudad de México,Approved,00,False,11.65,,
TRX-NBXL7DNTYDGV5W0RU50U,2025-03-16 00:04:58,2025-03-15,PRD-926ZD9IUZFQ8,CLI-KAU2WWXOCAQR,Withdrawal,,365857.65,COP,91.46,Transfer,,,,Colombia,Bogotá,Approved,00,False,,,
TRX-KQ4S2Z0FEHE2DT4EMX91,2025-03-15 14:20:58,2025-03-15,PRD-6YDC6FTN9XB9,CLI-AFFKT55MYUKY,Transfer,,7454.57,USD,,POS,,,,Spain,Sevilla,Approved,00,False,,-0.2379429,0.2688669
TRX-47GJNBDLOUWSC32RXEPQ,2025-03-15 13:06:30,2025-03-15,PRD-SY4M7YQ6FPK7,CLI-TRYRD42DCYHZ,Purchase,Entertainment,278.36,USD,,POS,,Teatro Nacional,Entertainment,México,Tijuana,Approved,,False,22.22,,
TRX-E29TUK04N2V0LMRRU5ZD,2025-03-15 15:12:01,2025-03-15,PRD-WFBQICL81R9S,CLI-8S12322A39NH,Purchase,Transport,118.73,USD,,POS,,Gasolinera Express,Transport,México,Guadalajara,Approved,00,False,29.46,0.6857713,-0.9524162
TRX-29YKWMYLMIK9T1Y2SZF4,2025-03-15 16:52:57,2025-03-15,PRD-NUQJKIH942ZO,CLI-Q6WYWJ27XUB1,Withdrawal,,455.12,USD,,Branch,SUC-P5YISP64,,,México,Querétaro,Approved,00,False,13.37,,
TRX-XS0C4PJX1NYRYY9WI2Z6,2025-03-16 03:39:47,2025-03-15,PRD-51D73XUSEHOX,CLI-86EB7I73XXLU,Transfer,,9400.98,USD,,POS,,,,México,Ciudad de México,Approved,00,False,7.06,,
TRX-1N1Z4D86QOV1AGCH6TVK,2025-03-15 15:49:23,2025-03-15,PRD-HVT8FVLG47Q8,CLI-GUYWPDLCWJG8,Payment,Food,467.18,USD,,POS,,,,México,Guadalajara,Approved,00,False,26.67,,
TRX-MLYK6E4J29BZO13HFW0Y,2025-03-15 23:28:27,2025-03-15,PRD-JAI4TA0MULUA,CLI-J5DYG2T5GXI5,Deposit,,208.11,USD,,POS,,,,México,Guadalajara,Approved,00,False,8.62,,
TRX-GQ02MB6ZA6HUHLU6ESB9,2025-03-15 20:19:02,2025-03-15,PRD-TA5US2MM8FOF,CLI-QQU8ZUPGK2HJ,Purchase,Entertainment,283.3,USD,,App,,Streaming Music,Entertainment,México,Tijuana,Approved,00,False,5.09,,
TRX-BNRDPU36OM5VCMMMDB32,2025-03-15 11:39:44,2025-03-15,PRD-A3LJ92XR8YWS,CLI-5FZZIQL9WOJI,Purchase,Services,1329622.7,COP,332.41,POS,,Internet Plus,Services,Colombia,Cali,Approved,00,False,18.33,,
TRX-0GIEZK1K7K4IGAH9ZSJD,2025-03-16 04:11:02,2025-03-15,PRD-K02HWHWOC87L,CLI-DIZ5BAD43XHM,Purchase,Food,618457.55,COP,154.61,POS,,Mercado Central,Food,Colombia,Medellín,Approved,00,False,28.78,,
TRX-BYGWX239BQKBKLPIINNH,2025-03-15 07:21:54,2025-03-15,PRD-8788DGMS3IWD,CLI-VFPI8IQ0OF7Y,Payment,Other,5257641.36,COP,1314.41,Web,,,,Colombia,Barranquilla,Approved,00,False,22.08,,
TRX-YFNB8XK1ER4NAOPFBOYZ,2025-03-15 16:16:41,2025-03-15,PRD-XE1F505Y5NBR,CLI-N4EOUQB3MAYM,Payment,Food,142.4,USD,,POS,,,,Brazil,Salvador,Approved,00,False,3.88,,
TRX-K6DOL3DYLSMOJH2T3M6B,2025-03-15 21:01:16,2025-03-15,PRD-SPY7FE7CF4O9,CLI-CGHYYLNK6NE0,Withdrawal,,467.6,USD,,ATM,SUC-9YYT37NY,,,México,Ciudad de México,Approved,00,False,13.32,,
TRX-5K22WAFVJNPR8BPK6GWC,2025-03-15 18:52:05,2025-03-15,PRD-55WFTCSWYTE4,CLI-K6VGY16M8H17,Payment,Food,1829.45,USD,,ATM,SUC-I3D08YZO,,,México,Ciudad de México,Approved,00,False,,,
TRX-54OK0AKVJGDMAZWHS7O5,2025-03-15 10:42:21,2025-03-15,PRD-HBU8TGCS3B88,CLI-4OI30H2MVE7E,Purchase,Entertainment,265.82,USD,,POS,,Conciertos Live,,México,,Approved,00,False,16.49,,
TRX-93X8ZXX0T84SGPM0F5A8,2025-03-16 04:44:33,2025-03-15,PRD-9OLATMJXDYDT,CLI-YH9OFHNE0NRB,Transfer,,4878.91,USD,,POS,,,,México,Monterrey,Approved,00,False,17.43,-0.3368795,0.9404748
TRX-RR0NMHT40PU5KN37PHXF,2025-03-15 15:11:24,2025-03-15,PRD-CBIMGP09UBEM,CLI-WTR4F4TRAHG7,Withdrawal,,1389620.1,COP,347.41,Web,,,,Colombia,Barranquilla,Approved,00,False,29.91,,
TRX-DKYMRHB7WH8GYUYJR0FP,2025-03-15 08:28:43,2025-03-15,PRD-VJ5OO270LQYK,CLI-XHTGOOP3MAYY,Payment,Food,1342.96,USD,,Web,,,,México,Tijuana,Approved,,False,5.28,,
TRX-1WB2NW0RSLM0T283D9O0,2025-03-15 20:11:46,2025-03-15,PRD-HCC1SOGCBFFG,CLI-EV8RJEM1WZFH,Withdrawal,,375.21,USD,,ATM,SUC-98QOW3F1,,,México,Puebla,Approved,00,False,21.95,,
TRX-7T0P7MA0G1ES6719SOXT,2025-03-16 02:37:55,2025-03-15,PRD-5GWZEFH4EQCB,CLI-X1EEE38BD8WW,Withdrawal,,377.04,USD,,ATM,SUC-HFPBAT4U,,,México,Ciudad de México,Declined,51,False,19.28,,
TRX-YR87G5A8WSR3IZOHV9HE,2025-03-15 21:02:08,2025-03-15,PRD-6PTLI9LXXHAC,CLI-4GBTCV8U5K5Q,Payment,Transport,5210486.83,COP,1302.62,Branch,SUC-IV7HG0FV,,,Colombia,Medellín,Approved,00,False,23.71,,
TRX-M5W2CME8ML39D1TAJ46Z,2025-03-16 05:24:13,2025-03-15,PRD-LGXSL6WON6R9,CLI-L6984CV79YEX,Purchase,Other,1772710.37,COP,443.18,ATM,SUC-06LBAMRN,Centro Comercial,Other,Colombia,Medellín,Approved,00,False,19.83,,-75.0207304
TRX-45XQLLGQT7TU7AGS6IPE,2025-03-16 05:12:36,2025-03-15,PRD-PYGCSYNQECB9,CLI-JOSD288OIPG8,Purchase,Services,537762.88,COP,134.44,ATM,SUC-UJA1ZE8Q,Servicios Públicos,Services,Colombia,,Reversed,,False,17.66,,-73.7758738
TRX-LU15AEV3T4C3ON2GMJHC,2025-03-15 08:40:50,2025-03-15,PRD-66NZANUX4ROC,CLI-745YS5235DP8,Withdrawal,,1171723.15,COP,292.93,App,,,,Colombia,Bogotá,Approved,00,False,,,
TRX-GAE4K6W3NN6L05608GOU,2025-03-16 02:35:14,2025-03-15,PRD-T34FNYOY8PKF,CLI-40JTZ4MDMM5Q,Withdrawal,,249.71,USD,,Web,,,,México,Guadalajara,Approved,00,False,19.58,,
TRX-QUS362TM07LF6VSEQZTJ,2025-03-15 19:52:14,2025-03-15,PRD-9KF0FATGWTOS,CLI-25CC001WVALU,Transfer,,3354.15,USD,,POS,,,,México,Guadalajara,Approved,00,False,12.66,,
TRX-89GIGNALKXT0OV07H9VJ,2025-03-15 18:57:48,2025-03-15,PRD-0YNB7DY81Y8O,CLI-7E5971SHZGY0,Deposit,,4619.98,USD,,Web,,,,México,Ciudad de México,Approved,00,False,,,
TRX-F0SRQQF0QLOR5R1L867D,2025-03-15 22:06:10,2025-03-15,PRD-XTKB02PSI38X,CLI-BV3XWVUJQCRO,Transfer,,18059685.94,COP,4514.92,POS,,,,Colombia,Cali,Approved,00,False,14.83,,
TRX-KTH5BDYE86OFHDR9P3MH,2025-03-16 02:10:37,2025-03-15,PRD-PNNB2601CAV3,CLI-CSP8GKMUXYRI,Payment,Food,610.74,USD,,Transfer,,,,México,Querétaro,Approved,00,False,10.55,,
TRX-AG8301VRPDLAK4UHXAJ1,2025-03-15 09:40:24,2025-03-15,PRD-4RSH09WAZP6M,CLI-3QJ3BNNEPJBQ,Withdrawal,,112130.97,ARS,320.37,POS,,,,Argentina,Córdoba,Approved,00,False,,-35.484515,-58.4072282
TRX-XHYL67W8WZSJZ53WWAC3,2025-03-15 15:06:27,2025-03-15,PRD-G6A769LT8CSY,CLI-9TTU8PUYM3J0,Deposit,,14177448.32,COP,3544.36,ATM,,,,Colombia,Cali,Approved,00,False,12.22,,-74.6973284
TRX-3K8ETTJHY7SY3NLDTC1V,2025-03-15 12:43:13,2025-03-15,PRD-P9L3ABJMOKHE,CLI-GH1WVFPW729R,Payment,Entertainment,330.81,USD,,ATM,SUC-FGQWMFNS,,,México,Puebla,Approved,00,False,14.49,,0.3284616
TRX-1TGQ9F0UQPDDKCHJDKTM,2025-03-15 12:51:36,2025-03-15,PRD-NV55DQIMF065,CLI-BEPUI0SXNW13,Withdrawal,,303.98,USD,,POS,,,,México,Querétaro,Approved,00,False,21.42,,
TRX-LWMHS8ZYFKTKC7ES8C63,2025-03-15 10:52:45,2025-03-15,PRD-M8WXAQOG6RC7,CLI-4RRTI9K5EYM8,Purchase,Transport,1203738.56,COP,300.93,ATM,SUC-UJA1ZE8Q,Estación de Servicio,Transport,Colombia,Barranquilla,Approved,00,False,,,
TRX-REW26ATCGXNOU4N1M5B8,2025-03-15 07:08:10,2025-03-15,PRD-QTIFZF4Z65ZR,CLI-POZI259NX6YT,Deposit,,521452.16,ARS,1489.86,ATM,SUC-7HQXDYLE,,,Argentina,Buenos Aires,Approved,,False,,,
TRX-0NS3DRD72F59EY9K3HCQ,2025-03-16 02:28:27,2025-03-15,PRD-TGUEH1X9G0C5,CLI-AH4UB3ZVE1UH,Withdrawal,,1374351.2,COP,343.59,ATM,SUC-9S92DZ9T,,,Colombia,Bogotá,Approved,00,False,4.1,,
TRX-LNLBDFPL8U4TKEU521TM,2025-03-15 09:38:39,2025-03-15,PRD-V10RUPSOVGL8,CLI-R8HUFUTYHWT0,Withdrawal,,1186760.27,COP,296.69,POS,,,,Colombia,Bogotá,Approved,00,False,10.83,,
TRX-TRMD26PS48X66EYX11R3,2025-03-15 10:51:17,2025-03-15,PRD-88JXV1E2TEQR,CLI-1KKHDCK0RD5H,Purchase,Transport,1705351.5,COP,,ATM,SUC-MSYTX2WG,Gasolinera Express,Transport,Colombia,Bogotá,Approved,,False,13.12,5.3916096,-74.9476038
TRX-VOYSVSKULDNC0BJIU4SG,2025-03-16 04:25:07,2025-03-15,PRD-OUZ13HJJ0ZDL,CLI-GUE4F9GWJKAS,Withdrawal,,43.37,USD,,ATM,,,,México,Ciudad de México,Approved,00,False,28.25,-0.8008029,0.4500988
TRX-B6TZCV1832PLUIS3GOIP,2025-03-15 13:44:46,2025-03-15,PRD-J4Q44VGYGGRI,CLI-IJR019J6ADMH,Transfer,,31734904.82,COP,7933.73,POS,,,,Colombia,,Approved,00,False,,,
TRX-XHVQKUCF7CUKSZUMVRSZ,2025-03-15 11:06:21,2025-03-15,PRD-D7OPTP18H2T4,CLI-32GVPXDRIY4C,Payment,Other,1668.32,USD,,POS,,,,México,Puebla,Approved,00,False,9.32,0.2806437,0.6237081
TRX-4TP2D94EZ809NWW4MLIQ,2025-03-15 06:25:13,2025-03-15,PRD-U34J058727ZS,CLI-1TC4NQPU44Q6,Payment,Food,388.23,USD,,POS,,,,México,Guadalajara,Approved,00,False,,,
TRX-T0JWZEZYS4VEZOKDJFAV,2025-03-15 07:55:32,2025-03-15,PRD-4JXDN9PM0ZKR,CLI-FJ8K6W1R4LED,Transfer,,1571037.39,COP,392.76,POS,,,,Colombia,Medellín,Approved,00,False,,,
TRX-JLU25JRASGUNDVON11N0,2025-03-16 03:41:47,2025-03-15,PRD-E7Q8Z6PEX1NT,CLI-2RHZK9RREBY5,Payment,Entertainment,4961096.78,COP,1240.27,App,,,,Colombia,Cali,Approved,00,False,8.88,,
TRX-N6FQHYM6P7J4YMVLFGU9,2025-03-15 12:25:38,2025-03-15,PRD-TQGULW0NKYB4,CLI-YZA7FWJBNNT8,Withdrawal,,281.96,USD,,POS,,,,Mexico,Puebla,Approved,00,False,16.33,,
TRX-B1DUE55P3732UZ4C0FD0,2025-03-15 11:33:45,2025-03-15,PRD-16526QVBY8T5,CLI-JT81OZ7YI3OG,Adjustment,,2693102.02,COP,,ATM,SUC-85YWBJ74,,,Colombia,Barranquilla,Approved,,False,17.32,4.3570986,-74.8728547
TRX-JN40W5YA2BZCGAK7J47L,2025-03-15 08:13:12,2025-03-15,PRD-ZN3HBN02WFCU,CLI-M9PJLLCO82KG,Transfer,,197779.94,ARS,565.09,ATM,SUC-PJ3BSV1X,,,Argentina,Mendoza,Approved,00,False,13.78,,
TRX-M0DA4NNEC2HQ5CA2IP4E,2025-03-15 13:05:42,2025-03-15,PRD-N12ZLB9U6153,CLI-6SNCHVEKV0WZ,Transfer,,22464003.75,COP,5616.0,App,,,,Colombia,Medellín,Approved,00,False,11.17,,
TRX-2BS54FZP3YWD3SD3NJDO,2025-03-15 06:07:30,2025-03-15,PRD-2LPIEY1F43CX,CLI-TB1IKD6A7LBK,Withdrawal,,76.87,USD,,POS,,,,México,Querétaro,Approved,00,False,,,0.0198234
TRX-WS1WLITYB37VA40LFSVF,2025-03-15 08:07:33,2025-03-15,PRD-OIKS5KM2BFN8,CLI-NMT8IAESWIA0,Adjustment,,2109431.91,COP,527.36,POS,,,,Brazil,Salvador,Approved,00,False,,4.3609207,-74.0259604
TRX-QZSOLNZEVQH6X0FETH25,2025-03-15 06:24:38,2025-03-15,PRD-JQTUHL5ARRBW,CLI-1VOL13CS4SGO,Payment,Entertainment,1945.35,USD,,POS,,,,México,Querétaro,Approved,00,False,9.13,0.994806,0.2931948
TRX-9J873K12ZGF52PAXIFWG,2025-03-15 12:22:30,2025-03-15,PRD-4ZB5PHLTY6UN,CLI-HT4XH5OK867J,Withdrawal,,203.73,USD,,POS,,,,México,Monterrey,Approved,00,False,10.16,-0.6582484,0.9928918
TRX-EAVJIA6BB8A350Y7AEZM,2025-03-15 23:50:48,2025-03-15,PRD-7DP6U69C1ZUG,CLI-QFQGQU5ZU5PY,Transfer,,151111.22,ARS,431.75,ATM,SUC-7HQXDYLE,,,Argentina,Córdoba,Approved,00,False,,,
TRX-8FWW8NF1GUOPZYS4EVQS,2025-03-15 16:45:47,2025-03-15,PRD-PRCWIDSPLZAF,CLI-GIUXE354PKSZ,Deposit,,4930819.34,COP,1232.7,POS,,,,Colombia,Cartagena,Approved,00,False,28.11,3.8834638,-73.809567
TRX-KVAOFH0G2M7KNG80T00E,2025-03-15 17:56:21,2025-03-15,PRD-VFFVKNK4KNGJ,CLI-D1LVHC8ZRNUP,Deposit,,1210543.16,ARS,3458.69,ATM,SUC-XCP0A6C8,,,Argentina,Buenos Aires,Approved,00,False,4.56,,
TRX-FD3LK73E9OP98HKVP0YE,2025-03-15 14:33:20,2025-03-15,PRD-EGJ7UO5CP107,CLI-TAW66YMGYCC1,Withdrawal,,493.28,USD,,POS,,,,México,Guadalajara,Approved,00,False,7.22,,
TRX-CX0ZTPC44U21NKUPWA4S,2025-03-15 06:16:03,2025-03-15,PRD-PRHQTQB1QUNB,CLI-YEAVK31KLCCP,Deposit,,2176915.19,COP,544.23,Web,,,,Colombia,Cartagena,Approved,00,False,15.34,,
TRX-W689VNKIFQZSINLG8KM4,2025-03-15 12:36:24,2025-03-15,PRD-RNWGP9HIRVMH,CLI-HI4MTR9ISP9N,Deposit,,3129.15,USD,,ATM,SUC-NOBD5N9U,,,Brazil,Rio de Janeiro,Approved,00,False,29.85,,
TRX-ZAU3PJS9ZESZWPN6I862,2025-03-15 09:56:29,2025-03-15,PRD-R1DYNPG7YX5X,CLI-ZDE9SWLB7QCM,Adjustment,,89353.09,COP,22.34,POS,,,,Colombia,Cali,Approved,00,False,10.61,,
TRX-V6JT68U05NR4IO7OZJ4Q,2025-03-16 04:11:21,2025-03-15,PRD-TYVE377F0TG4,CLI-GGB7823JF8P3,Transfer,,3982.65,USD,,POS,,,,México,Monterrey,Approved,00,False,14.99,,
TRX-1S61O6V1UOW9U8MVM0TN,2025-03-15 21:51:28,2025-03-15,PRD-R0Z8972N1F5S,CLI-LIWQT8SVQQK7,Transfer,,1384.12,USD,,Transfer,,,,México,Guadalajara,Approved,00,False,17.08,,
TRX-L3O8LJHI3OKQHJ03VEDH,2025-03-15 17:01:19,2025-03-15,PRD-8F7RUML508FK,CLI-F536CB88IUWH,Withdrawal,,22.2,USD,,POS,,,,México,Ciudad de México,Approved,00,False,26.79,,
TRX-1FVR2TBP8J2X9D35AV64,2025-03-15 19:52:01,2025-03-15,PRD-LQR6O30WNEGY,CLI-H4B65X3UWVR3,Withdrawal,,309.63,USD,,ATM,SUC-98QOW3F1,,,México,Tijuana,Approved,00,False,12.73,0.536163,-0.1771865
TRX-7MDTRNHG08OZQCZC3APX,2025-03-15 17:03:52,2025-03-15,PRD-4I0IV80HQSTF,CLI-9NA8OIR77BVI,Purchase,Health,441.22,USD,,POS,,Farmacia Salud,Health,México,Querétaro,Approved,00,False,22.16,0.865045,-0.6689791
TRX-INGYIIGR6RSJENA3PEOG,2025-03-15 15:43:07,2025-03-15,PRD-6ULFEZE6QD6D,CLI-URYJHER7XGPK,Payment,,926709.03,COP,231.68,App,,,,Colombia,Bogotá,Approved,,False,,,
TRX-IY2LSG64HQZW6AGBR73P,2025-03-15 23:11:28,2025-03-15,PRD-TZ0TTCRGTWHW,CLI-AQPCXZKKDDME,Transfer,,5518481.0,COP,1379.62,POS,,,,Colombia,Barranquilla,Approved,00,False,,,
TRX-2QMUAP0CLW0DG2EOV0FN,2025-03-15 16:26:10,2025-03-15,PRD-I7A1DMIU0LW7,CLI-2PTFD10840YY,Withdrawal,,366.97,USD,,POS,,,,Colombia,Medellín,Declined,54,False,,,
TRX-KS75940X79HVQ120OFH2,2025-03-15 16:39:01,2025-03-15,PRD-U4Z69E0EQJZQ,CLI-GQD0G6WQUHOT,Deposit,,1823.64,USD,,Web,,,,México,Guadalajara,Approved,00,False,11.84,,
TRX-HS486P9XTK0HQFFLC556,2025-03-16 03:21:39,2025-03-15,PRD-EJRL384KDH1K,CLI-JWWTLLYGYRSW,Purchase,Health,285.05,USD,,POS,,Óptica Visión,Health,México,,Approved,00,False,16.53,,
TRX-D7BGH21H1MYSC6MTVM3O,2025-03-16 02:45:18,2025-03-15,PRD-9S6U06BCZJ8M,CLI-UX1ZRD7VCOZW,Adjustment,,1150213.66,COP,287.55,Web,,,,Colombia,Cali,Approved,00,False,25.8,,
TRX-NTHTTU5IG3XERLYFHWDM,2025-03-15 22:53:28,2025-03-15,PRD-86DQH3GA9ZUS,CLI-8M9J0YYS9EP8,Transfer,,13722116.28,COP,3430.53,POS,,,,Colombia,Cali,Approved,00,False,14.69,5.2476201,-74.3138932
TRX-HOH707B8CCBZQ9T2A0LG,2025-03-16 02:26:20,2025-03-15,PRD-FTOISFYSC2X4,CLI-HHSB67H56TYD,Payment,Entertainment,224349.14,ARS,,POS,,,,Argentina,Rosario,Approved,00,False,16.0,-35.1017497,-58.3365054
TRX-B3Y9MWZMJFW48YWU6S9K,2025-03-15 11:19:51,2025-03-15,PRD-I1QWWOA25B66,CLI-6G12DM7FB3J9,Payment,Other,159.97,USD,,POS,,,,Colombia,Bogotá,Declined,54,False,19.86,,
TRX-KSPCNHUCDF6WIJ52H9WE,2025-03-15 18:34:53,2025-03-15,PRD-RK0ZWZEAYY05,CLI-S8T2BN7WNOMX,Payment,Other,53.98,USD,,Web,,,,México,Guadalajara,Pending,54,False,15.3,,
TRX-4VGYPG2KZ73PR5DTWKPD,2025-03-15 22:03:18,2025-03-15,PRD-OPR1ELFWED4G,CLI-Q964X9DJOJPW,Transfer,,573339.24,ARS,1638.11,Web,,,,Argentina,Rosario,Approved,00,False,23.43,,
TRX-IXXG73RPLGZ03JOQYK8J,2025-03-16 04:35:55,2025-03-15,PRD-IPTRKJKOUQ24,CLI-9GBYD2KNPKD3,Transfer,,2401.79,USD,,POS,,,,Colombia,Barranquilla,Approved,00,False,6.94,,
TRX-RI0CSG0DHWVT74XY9ED6,2025-03-15 18:59:11,2025-03-15,PRD-EO16G8PVM5RB,CLI-QS8UKZAISDMY,Transfer,,7417758.34,COP,1854.44,Web,,,,Colombia,Bogotá,Approved,00,False,,,
TRX-07WRKIPZK8L98PF892TN,2025-03-15 20:03:31,2025-03-15,PRD-AQCS4DQNS1G7,CLI-E8MVCM1LJFRK,Withdrawal,,933200.38,COP,233.3,Transfer,,,,Colombia,Barranquilla,Approved,00,False,3.91,,
TRX-DNO2PF7EFDO00KUY5ZQG,2025-03-16 03:06:16,2025-03-15,PRD-F3GMYZ0XFFDA,CLI-VL6L0XSIHXZW,Purchase,Health,453.28,USD,,POS,,Laboratorio Central,Health,Argentina,Córdoba,Approved,00,False,8.6,,
TRX-PEDV1M0EUVS5XNOK042B,2025-03-15 15:36:33,2025-03-15,PRD-UQD3I386VZSI,CLI-MFRHU3156NM4,Deposit,,4102.07,USD,,ATM,SUC-1DANZ3LD,,,México,Puebla,Approved,00,False,11.43,,
TRX-X1MYZXGFIBNO3XT7GIUP,2025-03-15 18:27:10,2025-03-15,PRD-O0L9JK78F93G,CLI-FPVXKV3J5NAM,Deposit,,533.53,USD,,ATM,SUC-IW55XIEY,,,México,Monterrey,Approved,00,False,6.63,,
TRX-9OKXT73IVBT97Y4YPG0L,2025-03-16 04:36:17,2025-03-15,PRD-AY35A2W6MYSI,CLI-MUOGR5FB3HOS,Payment,,6482464.1,COP,1620.62,App,,,,Colombia,Cartagena,Approved,00,False,6.85,,
TRX-V8QYGTCAKW8T7APAMHAS,2025-03-15 12:28:05,2025-03-15,PRD-XY1X9AZ903DV,CLI-G2D03O9PJUA7,Purchase,Entertainment,249.23,USD,,App,,Streaming Music,Entertainment,México,Guadalajara,Approved,00,False,17.34,,
TRX-ZRPGD58NB0BDNG8NTDHV,2025-03-15 13:33:34,2025-03-15,PRD-JQBB7ETLD22R,CLI-4A1TGGF34ZUY,Payment,Other,1215.35,USD,,ATM,SUC-UV1CR4D5,,,México,,Approved,00,False,1.96,0.4860394,0.292958
TRX-UO3H2MPZNV21EIJ43ZMB,2025-03-15 10:28:25,2025-03-15,PRD-4YLR5W8UPQXN,CLI-G3DEO24I7LC9,Withdrawal,,117072.38,ARS,334.49,App,,,,Argentina,Mendoza,Approved,00,False,16.4,,
TRX-15HHTLUU04HG39VE164J,2025-03-16 05:26:59,2025-03-15,PRD-GAOWYA1Y90II,CLI-NLBUCKO1M0NE,Withdrawal,,176.9,USD,,ATM,SUC-RJSJ0B0X,,,México,Puebla,Approved,00,False,25.74,0.7975291,0.361912
TRX-M05NHNL59ZKJ72CKTQSO,2025-03-16 03:39:32,2025-03-15,PRD-JU0GMQVH9FBH,CLI-PUG7YG9NM3VM,Deposit,,2299.05,USD,,POS,,,,México,Querétaro,Approved,,False,2.78,,
TRX-1JMK263ZDR3JK118MTLN,2025-03-15 16:30:25,2025-03-15,PRD-7IH5G19RW0UQ,CLI-V0J0Q20ZW5C3,Deposit,,4266284.82,COP,1066.57,App,,,,Colombia,Cali,Approved,00,False,27.58,,
TRX-JPT5WRAU3R778X2PN545,2025-03-15 12:12:30,2025-03-15,PRD-2YG60HK1G5Q7,CLI-IURP5J4TES8S,Deposit,,7687859.74,COP,1921.96,POS,,,,Colombia,Barranquilla,Approved,00,False,,,
TRX-J53AJIGVH5T95TU8EFS9,2025-03-15 12:16:47,2025-03-15,PRD-RVFX7G80ZWV7,CLI-1WQEYMAG42K6,Transfer,,1639184.11,ARS,4683.38,ATM,SUC-GKQAVGPP,,,Argentina,Mendoza,Approved,00,False,27.48,,
TRX-86N77IPMHQSV72K5RRNP,2025-03-15 20:13:11,2025-03-15,PRD-0O4443EE1HS0,CLI-1M7M5X32U3E9,Payment,Transport,1324.94,USD,,App,,,,México,,Approved,00,False,0.36,,
TRX-0E4EBDC8WNE7EI5VRNDZ,2025-03-15 08:26:33,2025-03-15,PRD-G1KJP5RRGU9B,CLI-R3VD5ZVV0PT7,Withdrawal,,421.1,USD,,ATM,SUC-COPO2MJ8,,,México,Guadalajara,Approved,00,False,10.62,,
TRX-VFEKO16XPK6UX89SCBHB,2025-03-15 23:09:16,2025-03-15,PRD-YIMIBF1LANPK,CLI-G8L8C9OUOP7J,Purchase,Entertainment,277.59,USD,,ATM,SUC-SUAMAVYV,Cine Premium,Entertainment,México,Monterrey,Approved,00,False,,,
TRX-N10XRNX3V12H3R0QFXYU,2025-03-16 05:23:03,2025-03-15,PRD-RFJDDOE4UXV1,CLI-GFSW361QTKXS,Purchase,Food,421.95,USD,,POS,,,Food,México,Monterrey,Declined,51,False,21.69,,
TRX-E1I9ZJSOF0NI57H25LBC,2025-03-15 16:08:15,2025-03-15,PRD-1UUW485QFAWI,CLI-XAK30P5DGS9T,Deposit,,866.12,USD,,POS,,,,México,Puebla,Approved,00,False,18.02,,
TRX-31C7TNIGMYSP86YDYBDP,2025-03-15 11:07:56,2025-03-15,PRD-14UU2O86OEGS,CLI-WD8YP9JR9DJK,Purchase,Food,557121.33,COP,139.28,App,,,Food,Colombia,Medellín,Approved,00,False,10.43,,
TRX-PGYPYENPAXDRRXR6Y3FY,2025-03-15 13:11:22,2025-03-15,PRD-CAHV2YIJB8CB,CLI-ZW90CQBO9TOJ,Withdrawal,,1202496.06,COP,300.62,Web,,,,Colombia,Medellín,Approved,00,False,24.41,,
TRX-ZGTQB6WC3BFQC0VU1V9W,2025-03-15 23:41:04,2025-03-15,PRD-6BFBCDUETHYF,CLI-HBWJHEA0T8ZM,Transfer,,5474176.99,COP,1368.54,App,,,,Colombia,Medellín,Approved,00,False,14.37,,
TRX-IPFU3P7VQXX62KPK0VQO,2025-03-15 13:37:55,2025-03-15,PRD-D7II41JZU4G8,CLI-V54KQKU6NRH0,Transfer,,3045625.63,ARS,8701.79,ATM,SUC-ZVPEMWQP,,,Argentina,Rosario,Approved,00,False,21.0,-35.5764497,-58.9058092
TRX-3ZX68O122BV71FCT6TPX,2025-03-15 21:54:53,2025-03-15,PRD-WZQYC1OZ4SAR,CLI-N0CBAQJPFB7N,Purchase,Other,355.2,USD,,Web,,Boutique Moda,Other,México,Ciudad de México,Approved,00,False,7.42,,
TRX-XI0RI3C6Q2S5T06I157K,2025-03-15 16:51:50,2025-03-15,PRD-NW8HBU4PHFBS,CLI-L8JD74PBOT83,Payment,Food,202027.81,ARS,577.22,ATM,SUC-OJAQW0AJ,,,Argentina,La Plata,Approved,00,False,18.54,,
TRX-83SQ1UC07NTUV396CSV8,2025-03-15 10:25:51,2025-03-15,PRD-M4DUVA23GC79,CLI-OVVNAN8DSAXV,Purchase,Services,946200.23,COP,236.55,POS,,Servicios Públicos,Services,Colombia,Medellín,Approved,00,False,14.17,,
TRX-A64JK774YRH4W25WV5UO,2025-03-15 06:05:45,2025-03-15,PRD-JH8WLTU7CK0Y,CLI-LM3CK6F4GO8N,Purchase,Services,560303.25,COP,140.08,Web,,Cable TV,Services,Colombia,Cartagena,Approved,00,False,10.6,,
TRX-JF0MAU8GM7JN525BD2RF,2025-03-15 22:39:14,2025-03-15,PRD-EZVLHND2NWDT,CLI-QMQ8IBDH4XPR,Payment,Other,883084.32,COP,220.77,POS,,,,Colombia,Barranquilla,Approved,00,False,,,
TRX-QGGN7DV0IQ490XZDVUTK,2025-03-15 19:50:55,2025-03-15,PRD-98BZZQZVSP8A,CLI-WE8Q4LDNQ52H,Transfer,,3038.86,USD,,POS,,,,México,Ciudad de México,Approved,00,False,16.22,0.6212172,-0.1696232
TRX-3CYG3ZYYTBKGG61GPT7O,2025-03-16 05:37:40,2025-03-15,PRD-A2WVQBKH854K,CLI-RDYHKBDJY5MZ,Transfer,,721.82,USD,,App,,,,México,Puebla,Declined,51,False,11.47,,
TRX-0G9808D5NSI2V1X38TOQ,2025-03-15 23:55:59,2025-03-15,PRD-N6O4353ZDXQV,CLI-O205FOU41KFN,Withdrawal,,235.55,USD,,App,,,,México,Puebla,Approved,00,False,25.81,,
TRX-IKMHON10DMS3K53K6HV3,2025-03-15 23:01:28,2025-03-15,PRD-VH5H5B7ZUNQ9,CLI-V2ONSPACZNTF,Payment,Services,894.8,USD,,Web,,,,México,Querétaro,Approved,,False,17.59,,
TRX-HFPAMKX9NDSE4PPOAH33,2025-03-15 09:14:45,2025-03-15,PRD-Z24XIKH3M3OH,CLI-KWQQUASRNTQK,Payment,Food,754886.65,COP,188.72,App,,,,Mexico,Guadalajara,Approved,00,False,,,
TRX-2TY335Z03LV6QZ8JJ4AG,2025-03-15 16:18:17,2025-03-15,PRD-590D4WW5RWMD,CLI-GW0H6DGVHRTE,Payment,Food,168950.32,ARS,482.72,POS,,,,USA,Miami,Approved,00,False,19.59,-33.6567888,-57.9661627
TRX-RXZPRUBBE7F4PBIWL1KD,2025-03-15 12:16:24,2025-03-15,PRD-48LBIY0SYMQ2,CLI-XXUSD3PNBF65,Deposit,,2557.3,USD,,ATM,SUC-4CNRVPYL,,,México,,Approved,00,False,15.65,,
TRX-CMWGJHJXOKOPJBWZN0KX,2025-03-15 15:02:06,2025-03-15,PRD-9VX84K5GFU8A,CLI-NBPAFMS7MJ1J,Purchase,Other,260.11,USD,,POS,,Centro Comercial,Other,México,Tijuana,Approved,00,False,,,
TRX-V1JSVL7MX562YLAJD9MP,2025-03-15 13:47:25,2025-03-15,PRD-9L71KPMQBKW5,CLI-5RBYV1GRFTOU,Payment,Food,75.36,USD,,ATM,SUC-4CNRVPYL,,,México,Tijuana,Approved,00,False,27.3,0.4497589,-0.4965971
TRX-1DSHSIFXLBYJ2REZOV8L,2025-03-16 05:01:13,2025-03-15,PRD-GKPE2TADW40P,CLI-21JIZYDK0IK0,Payment,Entertainment,4956662.61,COP,1239.17,POS,,,,Colombia,Barranquilla,Approved,00,False,8.64,,
TRX-MP6TNL11VFJUSCDIQ217,2025-03-16 03:21:41,2025-03-15,PRD-ZRD13Z3EKDHO,CLI-9NYS3LERZVG4,Purchase,Services,35.53,USD,,Web,,Empresa Telefónica,Services,Colombia,Medellín,Approved,00,False,16.09,,
TRX-WF7738KJAU8U7GIHPD6X,2025-03-15 16:16:33,2025-03-15,PRD-EVHFJFY04FV1,CLI-VC850SI3GC7B,Payment,Other,618.27,USD,,Branch,SUC-V3V4T7QO,,,México,Querétaro,Approved,00,False,22.69,0.5183369,-0.399233
TRX-TTMWIPRNQ9BEH09QCB4W,2025-03-15 13:39:15,2025-03-15,PRD-R6OVD99P1DJW,CLI-AIINYXY160A3,Purchase,Food,352.97,USD,,POS,,Tienda Don José,Food,México,Querétaro,Approved,00,False,6.36,,
TRX-6W9SNIYFZQ31740S02MA,2025-03-15 15:16:31,2025-03-15,PRD-0V6KAIH8C0FN,CLI-V5JI4YMMDP38,Transfer,,8281.19,USD,,POS,,,,Colombia,Medellín,Approved,00,False,13.74,,
TRX-T21MUQCALXLLQVE7F2FC,2025-03-15 06:08:33,2025-03-15,PRD-D8D3TYIRCH2K,CLI-HEAS9JHMRXTS,Purchase,Other,1726639.33,COP,431.66,POS,,Boutique Moda,Other,Colombia,Bogotá,Approved,00,False,,4.5150548,-73.9453606
TRX-FVELCEVV0CHBVH8O1ZEL,2025-03-15 16:42:09,2025-03-15,PRD-7WQ5SUP35TEG,CLI-IZI7905BA4R9,Withdrawal,,57754.76,ARS,165.01,Web,,,,Argentina,La Plata,Approved,00,False,27.32,,
TRX-F7A6GOM398U7HV4DYIU6,2025-03-15 10:42:30,2025-03-15,PRD-DCKAD3QGISH8,CLI-3062M1I59TMP,Purchase,Services,70.91,USD,,Branch,SUC-POHHKXPA,Empresa Telefónica,Services,México,Monterrey,Approved,00,False,,,
TRX-LH5MSD5D7UVODOYYKFEV,2025-03-15 12:25:06,2025-03-15,PRD-GVH4BJ2C2UNZ,CLI-DE944T9ZCBMB,Purchase,Entertainment,52107.45,ARS,148.88,POS,,Teatro Nacional,Entertainment,Argentina,Buenos Aires,Approved,00,False,0.17,-35.0389538,-57.8408761
TRX-F39NQ18Z7U1Q4AQSCDDQ,2025-03-15 07:21:54,2025-03-15,PRD-QIQ7S60MHSPD,CLI-CYXJNCTWG8D8,Purchase,Other,130644.7,ARS,373.27,Web,,Ferretería,,Argentina,Mendoza,Approved,00,False,25.65,,
TRX-UFB960NH3LL961HPCVC4,2025-03-15 08:00:00,2025-03-15,PRD-1CC7L5SFDTI0,CLI-ZXC373YT93N1,Transfer,,7071757.61,COP,1767.94,ATM,SUC-HO849Z2Q,,,Colombia,Medellín,Approved,00,False,0.34,,
TRX-AJLDZMBUGC4BIJBK1UFW,2025-03-15 12:20:04,2025-03-15,PRD-ZKWUPOM0ZJIC,CLI-735KXBHMQLZG,Payment,Transport,3222931.45,COP,805.73,POS,,,,Colombia,Cartagena,Approved,00,False,1.38,5.2747395,-74.52558
TRX-Q5K39Q5Z8QL8SPVUV421,2025-03-16 02:50:54,2025-03-15,PRD-V83Y5B8QLJHL,CLI-8U4Y1GE0N57O,Deposit,,362.85,USD,,ATM,SUC-LQXENAY2,,,México,Puebla,Approved,00,False,15.93,-0.3578789,0.1635347
TRX-MUXSJBWQQ63GKPTQB3HW,2025-03-15 10:21:39,2025-03-15,PRD-10IUAUAPFHWM,CLI-YAZNFQH8FC1W,Transfer,,335.31,USD,,ATM,SUC-4ZFT9FN6,,,México,Puebla,Approved,00,False,25.43,,
TRX-HRTJDP49JFC0EB9VNR7W,2025-03-15 20:18:21,2025-03-15,PRD-8ZNGU0PAJQUR,CLI-3GEBWLAIYUZ8,Withdrawal,,229.72,USD,,ATM,SUC-74OJEV5Z,,,México,Guadalajara,Approved,00,False,27.85,-0.0637962,0.2236922
TRX-A4R0AJ99RJN86WT8YKYG,2025-03-15 18:50:30,2025-03-15,PRD-X4WXH9TZPWMY,CLI-KZMQOYIX52F6,Deposit,,1474282.92,ARS,4212.24,POS,,,,Argentina,Buenos Aires,Approved,00,False,2.95,,
TRX-JU9CYOICD4CA7DUDZAQX,2025-03-16 00:31:46,2025-03-15,PRD-HQ0L83URUFPG,CLI-6IIPSXT2WIFR,Purchase,Transport,1512122.57,COP,378.03,POS,,Taxi Seguro,Transport,Colombia,Bogotá,Approved,00,False,24.33,,
TRX-SK66MYZWSX0ZN721UT4F,2025-03-15 06:18:09,2025-03-15,PRD-DZ460242ZDZD,CLI-XDRFT9KDWJO9,Deposit,,3351.85,USD,,ATM,SUC-Y15GDF24,,,México,Ciudad de México,Approved,,False,26.62,,
TRX-YU8KZ867JYVEY9ML5M6A,2025-03-15 16:28:19,2025-03-15,PRD-T9QX6MTTWAB1,CLI-UZL4WAI6T8CX,Transfer,,34708417.41,COP,8677.1,App,,,,Colombia,Cartagena,Approved,00,False,23.09,,
TRX-ENFR3VMK3M4F08W2ADLL,2025-03-15 15:54:22,2025-03-15,PRD-491G5ZYW3MRO,CLI-L0AWAUHINM7C,Transfer,,7677.46,USD,,POS,,,,México,Puebla,Approved,00,False,20.55,,
TRX-Z95BF90XNET01W1LGCHR,2025-03-16 01:39:42,2025-03-15,PRD-GXMAZFEEAWZO,CLI-RTGEC2QZ8S67,Transfer,,5475.84,USD,,Web,,,,México,Puebla,Approved,00,False,4.52,,
TRX-2Q3EJQMWE7CVB9LVE1QC,2025-03-15 20:23:10,2025-03-15,PRD-9JLVOR34WTUW,CLI-37Z3V1VA8GP4,Withdrawal,,554365.58,COP,138.59,ATM,SUC-3FS5CHQJ,,,Colombia,,Approved,00,False,,,
TRX-WHBAM0SLX8IEOD1X0MTF,2025-03-16 01:52:23,2025-03-15,PRD-Z2FJHAQSPHKT,CLI-2U88BBLT7J3U,Payment,Transport,53.22,USD,,App,,,,México,Querétaro,Approved,00,False,0.67,,
TRX-8ZYYKLCO9ZC0KWFNA4AD,2025-03-15 08:15:51,2025-03-15,PRD-EY4NJDP1HCY1,CLI-XSICC2O6I7MZ,Transfer,,9102.18,USD,,POS,,,,México,Ciudad de México,Approved,00,False,10.2,-0.7682078,0.2369177
TRX-XMPTV4KIIL9YN3IBLBQY,2025-03-15 09:42:58,2025-03-15,PRD-T3UDXNP9SW5U,CLI-C4YE0U92KIM3,Purchase,Services,454.49,USD,,Web,,Servicios Públicos,Services,México,Monterrey,Approved,00,False,22.09,,
TRX-M5XR6PUBAI2258S9X7DQ,2025-03-15 23:39:53,2025-03-15,PRD-YL4I60J69S77,CLI-0CSF0HW50LOR,Payment,Food,4852965.37,COP,1213.24,ATM,SUC-06LBAMRN,,,Colombia,Barranquilla,Approved,00,False,8.17,,
TRX-77M678FRV15IAH0Z88F7,2025-03-16 02:57:01,2025-03-15,PRD-XVHNKQI7ZEFI,CLI-92UP86JZ03TG,Transfer,,6115.8,USD,,ATM,SUC-GPHM9NB1,,,Colombia,Medellín,Approved,00,False,26.49,,
TRX-9GXMM8PKPHCWQJKQCLDT,2025-03-15 21:58:02,2025-03-15,PRD-C1ZJ5SAAPIJB,CLI-LU1FHSNABH7I,Deposit,,2873.32,USD,,ATM,SUC-S3V4CSL0,,,México,Puebla,Approved,00,False,7.53,,
TRX-M9CZ001OF2LIE8CR6I0D,2025-03-15 06:22:29,2025-03-15,PRD-ZPOSC7M7ZYMT,CLI-LJHAH5A35F68,Payment,Health,196925.15,ARS,562.64,Branch,SUC-HYTTI82L,,,Argentina,Mendoza,Approved,00,False,7.19,,
TRX-T917S74C1Q21NONERQ52,2025-03-16 04:38:20,2025-03-15,PRD-A8QVX2I2FZNE,CLI-0WATTPT0BE80,Payment,Transport,1472.18,USD,,Web,,,,México,Guadalajara,Approved,00,False,,,
TRX-WX17C6SGFU3Z6KS82XR9,2025-03-16 05:48:57,2025-03-15,PRD-K3NXZ9SN59OF,CLI-A014JK5Z0TGK,Transfer,,6012.92,USD,,App,,,,México,Ciudad de México,Approved,00,False,,,
TRX-NUDX6CC9UUQ8CMAEI153,2025-03-15 09:19:12,2025-03-15,PRD-Y9FZ109JB8QW,CLI-EXN8PMNJZ3TZ,Purchase,Services,343.96,USD,,POS,,Cable TV,Services,México,,Approved,00,False,22.95,0.1960505,0.1659339
TRX-T9WTXKKJ8U4R4MUFGAR1,2025-03-15 18:27:30,2025-03-15,PRD-0MWL35FN179F,CLI-3JADJU2ZCEZH,Purchase,Services,422503.76,COP,105.63,POS,,Internet Plus,Services,Colombia,,Approved,00,False,,,
TRX-AHBJNLFKLDSC4ANWDDFP,2025-03-15 06:07:07,2025-03-15,PRD-GHMTV97FJ7BX,CLI-IB7IV2AK2PQM,Withdrawal,,140490.01,ARS,401.4,POS,,,,Argentina,Buenos Aires,Approved,00,False,1.21,,
TRX-W8WKON49VTVZ6AG593GM,2025-03-15 10:47:59,2025-03-15,PRD-FXC66TZJU79B,CLI-2YUMGGYVKTK2,Payment,Food,946.37,USD,,ATM,SUC-SCFDICUT,,,México,Monterrey,Approved,00,False,22.53,0.0640555,-0.0003893
TRX-VA2SFD5USZAQ5M7OMHFC,2025-03-15 20:28:54,2025-03-15,PRD-WUKB5AW7H4PQ,CLI-LD1936ITZTHC,Purchase,Food,850194.23,COP,212.55,ATM,SUC-JA4P9IIP,Mercado Central,Food,Spain,Barcelona,Approved,00,False,18.27,,
TRX-H4LYDN24NJBYOXVZEHGE,2025-03-15 22:17:22,2025-03-15,PRD-S8SDKMTPREGB,CLI-WL0ST3GAOYCN,Transfer,,3466960.28,ARS,9905.6,ATM,SUC-GKQAVGPP,,,Argentina,Mendoza,Approved,00,False,9.16,-35.1194517,-58.4647428
TRX-TD7JXU6A00QOGJZ8DW3B,2025-03-15 14:06:30,2025-03-15,PRD-VQ325LKARLZX,CLI-L7HSINS3UOYH,Payment,Services,490.04,USD,,ATM,SUC-AXDYB0RQ,,,México,,Approved,00,False,18.32,0.2941807,0.2670192
TRX-IOUSIMYS3AVDMWGTE6GT,2025-03-15 08:19:24,2025-03-15,PRD-H9ZROGOHK0BT,CLI-UWFKYNUNOBE5,Payment,Services,1063.2,USD,,ATM,SUC-CUMTPAM3,,,México,Querétaro,Approved,00,False,,-0.4356494,0.9727031
TRX-SELQ6UD7MW86NT8Z7HYA,2025-03-16 01:22:43,2025-03-15,PRD-C1QL2SQ6OZET,CLI-ZD5VY92IA3S2,Transfer,,640.03,USD,,App,,,,México,,Approved,00,False,1.55,,
TRX-KVIUAHSK6OYDTHPF290W,2025-03-15 08:23:59,2025-03-15,PRD-NX5NJA2AK0Z2,CLI-BUFFW77ENOAC,Withdrawal,,340.24,USD,,App,,,,México,Ciudad de México,Pending,51,False,8.83,,
TRX-2VENYNFZ2TVQCUIOCI9D,2025-03-15 13:38:25,2025-03-15,PRD-60CW23MDK47P,CLI-ZNRCNSJQ2D56,Withdrawal,,466.03,USD,,Web,,,,México,Monterrey,Approved,00,False,28.89,,
TRX-5JYNC4C07X8J5K6W67QV,2025-03-15 15:48:59,2025-03-15,PRD-XBL6NEX9TVRJ,CLI-RN7LR8A1KSOO,Payment,Food,633768.65,ARS,1810.77,App,,,,Argentina,,Approved,00,False,26.29,,
TRX-CF6VXA30Z6CDC4AR5GN6,2025-03-15 17:09:22,2025-03-15,PRD-NJV0VP9RDQFG,CLI-J2LM6ANE0URB,Payment,Health,482758.75,ARS,1379.31,App,,,,Argentina,Mendoza,Approved,00,False,25.95,,
TRX-RD3CF8070VIXJP7HTXYG,2025-03-15 07:10:15,2025-03-15,PRD-7RSY58NKOJST,CLI-OE57YY24NAAZ,Transfer,,1483.78,USD,,ATM,SUC-OW1SAD5J,,,México,Puebla,Approved,00,False,,,
TRX-DWLOA1QL7U0TLKM9BPOZ,2025-03-15 10:27:11,2025-03-15,PRD-LNO4AY8A4FBG,CLI-ZZCSJZ1KLAEN,Purchase,Other,110521.93,ARS,315.78,Web,,Ferretería,,Argentina,Mendoza,Approved,00,False,,,
TRX-J7SVQYLUH5Y4O6T181SL,2025-03-16 00:32:21,2025-03-15,PRD-ZGHVC3JIRBC0,CLI-06H5K9X9ZTDE,Withdrawal,,100467.3,COP,25.12,POS,,,,Colombia,,Approved,00,False,,,-73.2668328
TRX-M9Z5X8HJBALCCKMJN7ZV,2025-03-15 18:25:28,2025-03-15,PRD-J01F5NHYF4IR,CLI-9YNMBZDM0FBC,Deposit,,3630.25,USD,,POS,,,,México,Monterrey,Approved,00,False,15.64,,
TRX-6YH4QRM0GRP48LPHGSX1,2025-03-16 00:24:52,2025-03-15,PRD-T2Z9W3OIBSN1,CLI-L5ISMZQDLRKM,Withdrawal,,345.6,USD,,Web,,,,México,Puebla,Approved,00,False,22.35,,
TRX-3M9KQL453KP96IGKGY59,2025-03-15 10:44:17,2025-03-15,PRD-7J1SP1MTGLXJ,CLI-RKXW4X8BSWR3,Purchase,Food,1132370.47,COP,283.09,POS,,Restaurante El Buen Sabor,Food,Colombia,Bogotá,Approved,00,False,11.26,5.3158416,-74.304286
TRX-6USPXZZXUYIM1LYF3PS2,2025-03-16 02:44:37,2025-03-15,PRD-G3FHOQUHD00C,CLI-GCTR7XXV7PZ4,Withdrawal,,954569.27,COP,238.64,POS,,,,Colombia,Cartagena,Approved,00,False,28.4,4.733804,-73.5050822
TRX-7RLK7129JYAQ4SCT7KCC,2025-03-15 07:39:16,2025-03-15,PRD-SICI049V9Y2O,CLI-ITB3SFZJ1G9C,Purchase,Food,215.78,USD,,POS,,Tienda Don José,Food,México,Querétaro,Approved,00,False,0.74,,
TRX-980IYUCOGYXPGPO795MR,2025-03-15 22:16:19,2025-03-15,PRD-XBQ87EVQUNJJ,CLI-8UW4LVFICNI1,Withdrawal,,418.68,USD,,POS,,,,Argentina,,Approved,00,False,,-34.1249779,-58.698877
TRX-73SBQO36G838OFXWJNI5,2025-03-15 08:38:46,2025-03-15,PRD-4DTVBIYDOR1L,CLI-K25IMEQGV9CZ,Withdrawal,,223.78,USD,,Web,,,,Spain,Madrid,Approved,00,False,28.89,,
TRX-UG2LE7L78BQO1KX5TTYG,2025-03-16 01:02:29,2025-03-15,PRD-FFZ7275S00P6,CLI-MU1EONXHT78E,Deposit,,2962.13,USD,,App,,,,México,Ciudad de México,Approved,00,False,14.47,,
TRX-GM38CJDIQQ36IGA2L1HK,2025-03-15 14:04:43,2025-03-15,PRD-2SQ2B067RGES,CLI-D62UNLN9DJCO,Deposit,,1384565.8,ARS,3955.9,Web,,,,Argentina,Buenos Aires,Approved,00,False,8.13,,
TRX-BC5GOE2FEY4XMLSHK389,2025-03-16 02:27:02,2025-03-15,PRD-1UFFMBO5S8G8,CLI-8QT521X4EDGV,Transfer,,6936.96,USD,,App,,,,México,Guadalajara,Approved,00,False,12.25,,
TRX-9JDQWCD64ZJ1M1DUDJIH,2025-03-16 05:59:13,2025-03-15,PRD-XRRH77W2I66B,CLI-NEWECCRCV62G,Purchase,Entertainment,93940.44,COP,23.49,POS,,Streaming Music,Entertainment,Colombia,Cartagena,Approved,00,False,6.65,,
TRX-2VCAQX55OZ8OITY1ICRD,2025-03-15 17:58:34,2025-03-15,PRD-6SGLK12YBSYH,CLI-0PNNAT3HTVNK,Purchase,Food,87.28,USD,,ATM,SUC-A9BJ48OP,,Food,México,Querétaro,Approved,00,False,,,
TRX-KEFS0GZO8EMHS86HJ25V,2025-03-16 04:10:34,2025-03-15,PRD-S47MSY3C5GKO,CLI-KJA2T6MVHE11,Transfer,,2380.32,USD,,ATM,SUC-QVGF07AP,,,México,Ciudad de México,Approved,00,False,20.06,,
TRX-9U21B9LVP25G5HDXQ9CV,2025-03-15 14:10:36,2025-03-15,PRD-S81QCQIMS2GM,CLI-BVPNDMBM8ADS,Transfer,,21549541.56,COP,,ATM,SUC-X3OFCBL0,,,Colombia,Cartagena,Approved,00,False,8.15,,
TRX-ZFRYCRQN24GW3ME1NK3N,2025-03-15 16:38:09,2025-03-15,PRD-S4AXQVIFE3SJ,CLI-WZJ0S0P1Q2KV,Withdrawal,,239.61,USD,,ATM,SUC-9YYT37NY,,,México,Querétaro,Approved,00,False,12.05,,
TRX-I0NUS2HMUNQ2NSY6BEDW,2025-03-15 08:03:11,2025-03-15,PRD-WFZYYJ6UH6NI,CLI-0FR4XHDSRW5H,Purchase,Health,275.44,USD,,App,,Farmacia Salud,Health,México,Tijuana,Approved,00,False,,,
TRX-06J9PECU7G6DHOSKWZHW,2025-03-16 04:26:57,2025-03-15,PRD-TN8PQ6QM6I2D,CLI-II8C4MN32WF0,Deposit,,1812.51,USD,,ATM,SUC-P92DIW6S,,,México,Guadalajara,Approved,00,False,,,
TRX-9DHCEE61RK5XVKBDAQKH,2025-03-15 11:57:18,2025-03-15,PRD-2O66D3OZLO1Z,CLI-K7MHQY9IQSCX,Transfer,,7426.78,USD,,POS,,,,Mexico,Guadalajara,Approved,00,False,6.46,,
TRX-JWGSOTIYXT5G3HFGMB72,2025-03-16 00:39:29,2025-03-15,PRD-YVFAHIMK9ZOW,CLI-MM6CTOHWWUR1,Withdrawal,,105.86,USD,,POS,,,,México,Guadalajara,Approved,00,False,10.0,,
TRX-DSFDSTDZAKY7N7OFA9TE,2025-03-15 13:55:58,2025-03-15,PRD-OIY17ZV77PBF,CLI-M8IJYAXUU64Q,Withdrawal,,1645155.43,COP,411.29,POS,,,,Colombia,Cartagena,Approved,00,False,,,
TRX-VUHOU9RK0ZJNJ1B2K2YL,2025-03-15 17:58:15,2025-03-15,PRD-7GBU6MGSA1BG,CLI-78UYOVOK1VHU,Transfer,,9202.16,USD,,ATM,SUC-8QU1XFUX,,,México,Tijuana,Approved,00,False,,,
TRX-FB99GL9PVIM997E0YWKD,2025-03-15 11:15:37,2025-03-15,PRD-3K2X26T7B21L,CLI-2V35DAI3E553,Purchase,Transport,64.82,USD,,App,,Gasolinera Express,Transport,México,Puebla,Approved,00,False,4.79,,
TRX-HHX6AWZMRLBX728EPQAV,2025-03-15 06:04:16,2025-03-15,PRD-A4DVSCRRFEWO,CLI-CKOOJMG7Z62C,Adjustment,,1410983.58,COP,352.75,ATM,SUC-2L4DTLRM,,,Colombia,Bogotá,Approved,00,False,1.84,,
TRX-F17ORZ0JJCOH25AK1F0B,2025-03-15 20:35:36,2025-03-15,PRD-0ILVYSNVXL3V,CLI-L23EOY6G5L1B,Deposit,,1036049.63,ARS,2960.14,Web,,,,Argentina,Buenos Aires,Approved,00,False,,,
TRX-VAEZ68HSJ80M1TWVOC76,2025-03-16 04:04:28,2025-03-15,PRD-HDLYE56ICYZX,CLI-8Y90N0N9VRZ1,Purchase,Entertainment,456.63,USD,,App,,Cine Premium,Entertainment,México,,Approved,00,False,,,
TRX-KA4BNUHBTUIOKBJ7F0V0,2025-03-15 23:03:29,2025-03-15,PRD-SN1COPFCRVTE,CLI-0L7P9G191RWI,Deposit,,13276559.15,COP,,ATM,SUC-84HXKY7Q,,,Colombia,Barranquilla,Approved,00,False,5.25,,
TRX-HHVR7Y8VVUJMAPN7WQB4,2025-03-16 02:13:46,2025-03-15,PRD-XRH1UXF7CKDN,CLI-0G5N1F5F1U39,Withdrawal,,136349.03,COP,34.09,ATM,SUC-UNXOS8JB,,,Colombia,Barranquilla,Approved,00,False,9.41,,
TRX-GNHIF9DW0WDYP3U76RBK,2025-03-15 07:59:14,2025-03-15,PRD-14EZASK9VPOP,CLI-1Z2V87NQFVDX,Transfer,,2577.38,USD,,POS,,,,México,Ciudad de México,Approved,00,False,28.58,,
TRX-PQ7YL5W7107WN61HSVGC,2025-03-15 11:12:24,2025-03-15,PRD-ONW87SJUYL7K,CLI-EQ2U2KRS2FWK,Payment,Services,350417.95,ARS,1001.19,POS,,,,Argentina,Mendoza,Approved,00,False,11.17,,
TRX-L5T5NTTK2DTGE7DUOBQM,2025-03-15 18:58:09,2025-03-15,PRD-PP5DDCHLPAHD,CLI-C5OBMFH8YG1Q,Withdrawal,,845317.76,COP,211.33,POS,,,,Brazil,,Approved,00,False,,,
TRX-V7J000VOWBA4JQ6IXNL5,2025-03-15 09:47:09,2025-03-15,PRD-95AQWYW6RGB4,CLI-4G0OCE3G403K,Transfer,,3465.22,USD,,ATM,SUC-NOBD5N9U,,,México,Tijuana,Approved,,False,,,
TRX-K676FNMOAT072O9CFSHJ,2025-03-15 16:27:47,2025-03-15,PRD-DK12UDAMLO39,CLI-NICCF9VMEQ75,Purchase,Food,367.78,USD,,App,,Mercado Central,Food,México,Monterrey,Approved,00,False,23.92,,
TRX-7D4J4SQ4QOS6EDEITM5R,2025-03-16 04:02:59,2025-03-15,PRD-Y6SPXR6JVZXN,CLI-G7BH83WFDOBI,Purchase,Food,206320.15,COP,51.58,ATM,SUC-GPHM9NB1,,Food,Colombia,Cartagena,Approved,00,False,3.06,4.223809,-74.8946513
TRX-S7APAMI6TQGCGYRFUG0V,2025-03-15 11:12:07,2025-03-15,PRD-40Y8FG26MO2H,CLI-U60GSSV1KSKD,Deposit,,2641.91,USD,,ATM,SUC-WSUW783S,,,México,Puebla,Approved,00,False,,,
TRX-V8HSG6OORN09LOUYQT5I,2025-03-15 10:40:00,2025-03-15,PRD-79ZS9QM3CAYS,CLI-ZUXA4DH1QOP0,Purchase,Other,444.46,USD,,POS,,Tienda General,Other,México,Guadalajara,Approved,00,False,21.08,,
TRX-REUSYCOXGSCJDR6YMTDQ,2025-03-16 02:38:07,2025-03-15,PRD-N40H50535UY7,CLI-HJKZ0L1OSPU8,Transfer,,16359746.29,COP,4089.94,POS,,,,Colombia,,Approved,00,False,27.15,,
TRX-H6W96GDTE5ZU8CUNU7QL,2025-03-15 23:44:09,2025-03-15,PRD-1LD3BS3V9PPP,CLI-IKV37IMO405Y,Transfer,,38015438.54,COP,9503.86,ATM,SUC-CG5XPAZU,,,Colombia,Medellín,Approved,00,False,6.74,,
TRX-W0DSIDDB2MFYKIO4PUVF,2025-03-15 08:52:16,2025-03-15,PRD-EB60II4VF6RI,CLI-3USO0SK7TVXO,Purchase,Other,69414.97,ARS,198.33,ATM,SUC-XHNP3DLP,Boutique Moda,Other,Argentina,Buenos Aires,Approved,00,False,28.57,-35.2713708,-58.0766497
TRX-K5KWJ13SRDEM46DLEBFL,2025-03-15 20:31:44,2025-03-15,PRD-4DN2N9WQOI6H,CLI-JE90ML94K4EC,Transfer,,5449.09,USD,,ATM,SUC-ADIYTS49,,,México,Tijuana,Approved,00,False,8.2,,
TRX-1DOSP6WIMA5IXQN6NW0W,2025-03-15 19:33:12,2025-03-15,PRD-A8VVP1WM61US,CLI-3XIAKPNTH1OK,Purchase,Food,358.15,USD,,ATM,SUC-KNGCTTUB,Restaurante El Buen Sabor,Food,México,Monterrey,Approved,00,False,15.58,,0.5570155
TRX-SMYDHJXHA3Z82JAXHUT8,2025-03-15 10:21:52,2025-03-15,PRD-7QBJ66ABHT86,CLI-KN7JKGBVK73N,Payment,Food,7573260.89,COP,1893.32,ATM,SUC-MU9A5O88,,,Colombia,Bogotá,Approved,00,False,10.25,,
TRX-Y1OJB1GZH2X4EOS9MGE6,2025-03-15 11:49:14,2025-03-15,PRD-U6BH8NV9T591,CLI-4XYTXUM19RH8,Withdrawal,,409.94,USD,,Web,,,,México,Ciudad de México,Approved,00,False,3.25,,
TRX-C73D4KUGX06FA004H17P,2025-03-16 03:10:19,2025-03-15,PRD-8978UCW8WW69,CLI-GDQ6G1A8FGN8,Withdrawal,,277084.66,COP,69.27,ATM,SUC-RFQLK7RX,,,Colombia,Barranquilla,Approved,00,False,,5.0588407,-73.1172848
TRX-AMCS15K3ILFVLM12KKNG,2025-03-16 02:41:05,2025-03-15,PRD-ZRIU3801PDAS,CLI-J7FK3A0MI50V,Purchase,Food,155.5,USD,,Web,,Mercado Central,Food,México,Querétaro,Approved,00,False,22.6,,
TRX-F1WA8D6TTYKLL457ER8D,2025-03-15 09:58:02,2025-03-15,PRD-OYHXFFJGHPBB,CLI-MWSXJ00GZ4QB,Purchase,Food,126674.79,ARS,361.93,Web,,Restaurante El Buen Sabor,Food,Argentina,Rosario,Approved,00,False,13.26,,
TRX-FXXXOIWKWJ1RGCZNG859,2025-03-16 04:22:56,2025-03-15,PRD-KXSDK7Z9JN8Q,CLI-NWZ7JF77AHP8,Purchase,Services,162.75,USD,,ATM,SUC-6NKYKKQR,Empresa Telefónica,Services,Colombia,Barranquilla,Approved,00,False,16.53,4.6726233,-74.8005678
TRX-AS1D7DLWOC966WM3OM5P,2025-03-15 12:06:28,2025-03-15,PRD-18IGNU133OZA,CLI-YDCWPP314699,Withdrawal,,472.25,USD,,Transfer,,,,México,Querétaro,Approved,00,False,21.09,,
TRX-LA88P5XX715QIO0U8MFL,2025-03-16 01:17:14,2025-03-15,PRD-0OEU3RYQIVCR,CLI-DHCQZ3PMS17Q,Purchase,Other,118.07,USD,,Web,,Centro Comercial,,México,Tijuana,Approved,00,False,,,
TRX-PJ7A8TAUC3RGNWSIORTZ,2025-03-15 14:13:55,2025-03-15,PRD-XVD8UYRG2YB1,CLI-WN6HSKEEBGYY,Payment,Services,1239.68,USD,,ATM,SUC-H4WPLB7O,,,Colombia,Barranquilla,Approved,00,False,20.83,,
TRX-GLRUOGMMLJU7MV50ROP5,2025-03-16 02:28:04,2025-03-15,PRD-J9IC0QBBBRCM,CLI-5M2WUJ8S0VYM,Deposit,,3873191.15,COP,968.3,POS,,,,Colombia,Cartagena,Approved,00,False,0.89,,
TRX-IX1Y22FLXRLZD8SOTQ3H,2025-03-15 20:34:38,2025-03-15,PRD-7M7U41XOXW8K,CLI-VOVIWQ70298C,Payment,Entertainment,928.45,USD,,App,,,,México,Monterrey,Approved,00,False,,,
TRX-Y1E0MIRNYZ7MSNYUPBIP,2025-03-15 12:58:05,2025-03-15,PRD-2PKVYX1N3BEL,CLI-SZC46X2D1YFW,Purchase,Entertainment,23425.87,ARS,66.93,ATM,SUC-EHE8V9YO,Cine Premium,Entertainment,Argentina,Córdoba,Approved,,False,27.58,,
TRX-ITLA6MHBM5V36AHAJEAG,2025-03-15 21:10:24,2025-03-15,PRD-SSE3B18X840W,CLI-I98OBGJZQ1H7,Payment,Services,3612554.49,COP,903.14,Branch,SUC-QTKN7Z0R,,,Spain,Madrid,Approved,00,False,,,
TRX-P3HWGWKF3EY65603QVCB,2025-03-15 08:44:50,2025-03-15,PRD-UA9ZMQ6VD8C9,CLI-PFFKWQEPE9JN,Transfer,,3060.92,USD,,ATM,SUC-A9BJ48OP,,,México,Guadalajara,Approved,00,False,28.27,0.312807,0.4528642
TRX-LOIJ8F4MCJI19TDERU7A,2025-03-15 17:01:36,2025-03-15,PRD-IAC6H77CKFGV,CLI-GV2OFPER2IUB,Purchase,Entertainment,422846.47,COP,105.71,POS,,Streaming Music,Entertainment,Colombia,Medellín,Approved,00,False,28.05,,
TRX-JDY5OOJ9EOO7Q69BX9QR,2025-03-15 22:32:58,2025-03-15,PRD-8S2MOYHOEUYD,CLI-NAK1SQCVD5FL,Payment,,666.63,USD,,App,,,,Colombia,Medellín,Approved,,False,20.6,,
TRX-K8RHZ7304BMVWHRBFLK2,2025-03-15 15:47:37,2025-03-15,PRD-ZZACY8DF9RBI,CLI-PB08QGZENA5Z,Purchase,Other,91.27,USD,,Web,,Boutique Moda,Other,México,Tijuana,Approved,00,False,13.11,,
TRX-W0617P26QAW8I85OPLRM,2025-03-15 09:22:22,2025-03-15,PRD-8ASWQD9DWZSJ,CLI-EHFSPDKDEL09,Transfer,,2036802.23,ARS,5819.43,App,,,,Argentina,Córdoba,Approved,00,False,14.75,,
TRX-L6RWPBYSQVC4UR0S805V,2025-03-15 23:14:59,2025-03-15,PRD-X8UR7VAC9SM8,CLI-6J29Y0L2G4LB,Purchase,Food,471.02,USD,,ATM,SUC-4ZFT9FN6,Mercado Central,Food,México,Querétaro,Approved,00,False,23.6,-0.1175026,-0.6790315
TRX-DWF0HB4ZC00YDMKS9MZ0,2025-03-16 00:43:21,2025-03-15,PRD-MNVTHOZGNQMW,CLI-PL1RBQP2MRAJ,Payment,Services,661481.41,ARS,1889.95,Web,,,,Argentina,Córdoba,Approved,00,False,16.62,,
TRX-MSKXKN4ZLXYLNXSAU84P,2025-03-16 03:40:29,2025-03-15,PRD-QNK614UY7EIF,CLI-CXYE7YFZ58ZR,Purchase,Services,264.55,USD,,ATM,SUC-8HPG0AE8,Empresa Telefónica,Services,México,Guadalajara,Approved,,False,,0.3922138,-0.4725006
TRX-TAACMM7U3EH66LTF544M,2025-03-16 05:25:57,2025-03-15,PRD-YI11449XEVPE,CLI-CHN4R4RNR5RF,Purchase,Food,50.47,USD,,ATM,SUC-U3Q69OLV,Super Ahorro,Food,México,Monterrey,Approved,00,False,9.77,,
TRX-CYZAO32HG20T75F3P1LB,2025-03-15 08:24:07,2025-03-15,PRD-IB2GXRZHHG0C,CLI-5MF29S3O2HHB,Transfer,,4269.12,USD,,Transfer,,,,Colombia,Medellín,Approved,00,False,9.94,,
TRX-QR58P6MSCSCDM52RZDP5,2025-03-15 20:45:02,2025-03-15,PRD-U6CS5P1H1NVG,CLI-XLIJ37INLQM8,Payment,Services,1366.26,USD,,ATM,SUC-N8LPAX0U,,,México,Ciudad de México,Approved,00,False,27.61,,
TRX-1WMHVHHY876GPML94POE,2025-03-15 14:35:46,2025-03-15,PRD-UF4P1RJCV9VI,CLI-7WXB3REOT79N,Purchase,Entertainment,114.86,USD,,POS,,Teatro Nacional,Entertainment,México,,Approved,00,False,7.77,0.0219441,0.5718201
TRX-O81AI00KCY5KX690COPB,2025-03-15 11:39:51,2025-03-15,PRD-5C073Z67W6WB,CLI-2AE74B7ZRTI3,Purchase,Food,470.01,USD,,POS,,Super Ahorro,Food,México,,Approved,00,False,2.64,,
TRX-XQI3A8AQGH0FCN14S6TV,2025-03-15 14:53:07,2025-03-15,PRD-CQXEZK14K4QJ,CLI-EZP6OUCK34TA,Payment,Food,140.54,USD,,ATM,SUC-JYU0POJ9,,,México,Monterrey,Approved,00,False,,,-0.1309886
TRX-9DI857QYAHQQBFXA6VK2,2025-03-15 07:03:40,2025-03-15,PRD-CPN6QRGE7Y09,CLI-G8Y3JUXAS1VM,Transfer,,5262.26,USD,,ATM,SUC-BSMTX3U8,,,México,Puebla,Approved,00,False,24.51,,
TRX-C9GQ6MRTN1TRKK8X18CP,2025-03-16 03:19:48,2025-03-15,PRD-D7OXHU7YN0VS,CLI-MPXYS0Y8S83D,Deposit,,819.2,USD,,ATM,SUC-VTIA5X8Y,,,México,Monterrey,Approved,00,False,12.65,0.5733475,-0.7383349
TRX-TMDQPK03ERLCY073PU42,2025-03-15 10:29:10,2025-03-15,PRD-Y7RZI5F2ELBC,CLI-2JE6W4R606R9,Withdrawal,,90950.48,ARS,259.86,Web,,,,Argentina,Buenos Aires,Approved,00,False,14.1,,
TRX-XX9SCYJI8G7IGGPAE1AR,2025-03-15 15:32:46,2025-03-15,PRD-PON12P92WG4J,CLI-QDHEKNIT93J9,Payment,Food,543921.03,COP,135.98,ATM,SUC-MSYTX2WG,,,Colombia,Bogotá,Approved,00,False,,,
TRX-E9F0VNX26EHBOGSJZ2XE,2025-03-15 15:03:52,2025-03-15,PRD-OF6UHDBH6BPG,CLI-QEUW6H6I6BIQ,Withdrawal,,58218.22,ARS,166.34,POS,,,,Argentina,Buenos Aires,Approved,00,False,25.13,-35.3937231,-58.440894
TRX-VWCO3EKWW15U6VFIXPN2,2025-03-15 16:40:51,2025-03-15,PRD-KBX2EMK874OS,CLI-ZV94G444PN97,Purchase,Transport,981467.26,COP,245.37,ATM,SUC-LWQND6S8,Uber,Transport,Colombia,,Approved,00,False,,,
TRX-GPABCXNJDL51EZES45MF,2025-03-15 11:24:17,2025-03-15,PRD-DUH18X6QKV38,CLI-WXOU9E3BTMAA,Purchase,Other,1507681.09,COP,376.92,POS,,Tienda General,Other,Colombia,Medellín,Approved,00,False,9.29,,
TRX-SEGR02PJ66G9SAB4HZQH,2025-03-15 17:08:10,2025-03-15,PRD-Q3ICN43FF9HU,CLI-OIQ3UT0GGXM9,Transfer,,2575554.48,ARS,7358.73,ATM,SUC-0MPZUQLJ,,,Argentina,Buenos Aires,Approved,00,False,3.45,,
TRX-NZHWOIGHWUKNOXKTRSV8,2025-03-15 13:51:38,2025-03-15,PRD-UBQVUJUR6471,CLI-KASG6H9IAAFL,Purchase,Other,152.31,USD,,ATM,SUC-KXMF616G,Centro Comercial,Other,Colombia,Cartagena,Approved,00,False,29.18,,
TRX-XBKD4VWC4FXQF0800J0K,2025-03-15 20:53:29,2025-03-15,PRD-V8I8SAQKJPV2,CLI-CRCRI9HPQJ9P,Purchase,Services,488.12,USD,,ATM,,Internet Plus,Services,México,Puebla,Approved,00,False,27.35,,
TRX-VDFSY87S9M7XIVGSZJV5,2025-03-15 15:24:26,2025-03-15,PRD-N1ZX8M3DEEYS,CLI-W8L4BNJ3CU8D,Adjustment,,587.47,USD,,ATM,SUC-BGMBLKDB,,,México,Guadalajara,Approved,00,False,13.27,,
TRX-XLESO5HTKJOOUY14XUO6,2025-03-15 10:37:23,2025-03-15,PRD-DJODTI0Z79VT,CLI-60GF4JEZS10A,Purchase,Food,436.42,USD,,Branch,SUC-UB0LXRUU,Mercado Central,Food,México,Puebla,Approved,00,False,,,
TRX-YK3Y2SK2PAWZ0135C4CU,2025-03-15 06:46:33,2025-03-15,PRD-8G0FPRYVJQIZ,CLI-35SYYVEVIDH5,Transfer,,5731.83,USD,,ATM,SUC-MGUQPIKZ,,,México,Puebla,Approved,00,False,,,
TRX-JJ5PJUGNQMUEAXEYC875,2025-03-16 02:46:29,2025-03-15,PRD-F913SUO42O2I,CLI-G3S6HLY0069C,Purchase,Food,104619.17,COP,26.15,Branch,SUC-VZIGM714,Mercado Central,Food,Colombia,Bogotá,Declined,,False,19.95,,
TRX-8L9N817K40W6ZJE2LK9I,2025-03-15 14:43:47,2025-03-15,PRD-8U569E76IN2H,CLI-RYGG1NMJGGLX,Purchase,Food,242.27,USD,,Web,,Tienda Don José,Food,México,Ciudad de México,Approved,00,False,27.53,,
TRX-AGHQO2Z0YJLU17CE2V79,2025-03-15 11:47:33,2025-03-15,PRD-5JR2F2A4V6MU,CLI-EA93XRS6A3DU,Payment,Services,1799.96,USD,,ATM,SUC-DN1V9J1Z,,,México,Monterrey,Approved,00,False,15.73,,
TRX-N4NLR7EYGFKQ6WU1T26U,2025-03-15 08:59:39,2025-03-15,PRD-KI54UF4O49YG,CLI-P4V8I2WF2ZB6,Purchase,,51.99,USD,,ATM,SUC-I3D08YZO,Streaming Music,Entertainment,México,Ciudad de México,Approved,00,False,19.04,,
TRX-6XY2NXF5QK9O440RKLRY,2025-03-15 15:50:19,2025-03-15,PRD-O5GQFIVEIRTM,CLI-FU2QJ72BKVZP,Withdrawal,,338.95,USD,,POS,,,,México,Querétaro,Approved,00,False,,,
TRX-LKKCBACIK4BP3ADB1RPV,2025-03-15 13:40:05,2025-03-15,PRD-3MYFNZX1XO6X,CLI-ZFD9EY3QN70U,Deposit,,12195748.04,COP,3048.94,POS,,,,Colombia,Medellín,Approved,00,False,8.9,,
TRX-32CXMPCDX29USSUVZ6FQ,2025-03-16 01:02:35,2025-03-15,PRD-EKQ4J3GRWT0V,CLI-6KNAK2J76OY4,Deposit,,1908.72,USD,,Web,,,,México,Guadalajara,Approved,00,False,16.78,,
TRX-M353ZQ5YX85FUCF7AK14,2025-03-15 06:29:44,2025-03-15,PRD-81F9ZPTGD03K,CLI-1Y9XMLVEYEKR,Purchase,Transport,287.87,USD,,ATM,SUC-RF3372LI,Taxi Seguro,,México,Tijuana,Declined,14,False,29.85,0.8930392,0.0268704
TRX-3YUMJBHNBM4IIBMJRTWE,2025-03-15 23:09:17,2025-03-15,PRD-GDZV4BHY9IPU,CLI-0SQEEAY28ZVT,Purchase,Food,219.57,USD,,Web,,Tienda Don José,,México,Querétaro,Approved,00,False,,,
TRX-DNS4PFDS6GFRTIMR09DL,2025-03-15 13:23:01,2025-03-15,PRD-4990Y2DP59J7,CLI-M106UOHFSKSV,Adjustment,,2913956.02,COP,728.49,Transfer,,,,Colombia,Cali,Approved,00,False,1.03,,
TRX-VYZ232AUMQ74N9M3PLWF,2025-03-15 15:24:35,2025-03-15,PRD-CHLERIQ3E3KO,CLI-O6WIQSVU4TYA,Purchase,Entertainment,337.92,USD,,Web,,Cine Premium,Entertainment,México,Querétaro,Approved,00,False,18.99,,
TRX-87DQ1NZ0QB6FY7O13GM1,2025-03-15 14:30:50,2025-03-15,PRD-A43COZHV79DY,CLI-8FNMY6S4YV29,Withdrawal,,549504.55,COP,137.38,POS,,,,Colombia,Cali,Approved,00,False,27.27,,
TRX-OD9T07IAMAWYC7DLVWFQ,2025-03-15 06:05:44,2025-03-15,PRD-D7X7O1REF3F8,CLI-HXMVNRZBDAYA,Transfer,,9359.63,USD,,POS,,,,México,Tijuana,Approved,00,False,14.27,,
TRX-HH9C70WDWY0PHNMI5WKJ,2025-03-15 10:19:22,2025-03-15,PRD-UAEARR0G3FF8,CLI-67KO4036G80I,Adjustment,,399.32,USD,,ATM,SUC-WSSLNOPN,,,México,Querétaro,Approved,00,False,,0.9615467,-0.9295458
TRX-YFGSF56HIMPP6IE5YTH2,2025-03-15 07:25:50,2025-03-15,PRD-6KN7BZC5RUFE,CLI-XGNVJORN44OU,Deposit,,3792.14,USD,,Web,,,,México,Tijuana,Approved,00,False,29.58,,
TRX-EZ1V8SVRGWHYALUO1UU6,2025-03-16 02:24:17,2025-03-15,PRD-G9YTBZ4ITQBN,CLI-PXI7NSDFHLC0,Payment,Entertainment,7877542.78,COP,1969.39,Branch,SUC-07AK38PR,,,Colombia,Cartagena,Approved,00,False,9.19,5.0911424,-74.2662628
TRX-5Z2N0FZG76BHQW6CTFLL,2025-03-15 21:16:35,2025-03-15,PRD-8V93S1GO0VFT,CLI-E72KKI2DVTQ9,Deposit,,645.32,USD,,POS,,,,México,,Approved,00,False,2.09,,0.5541461
TRX-L6JTYDX8QOY7XQ6EH2JH,2025-03-16 02:30:05,2025-03-15,PRD-O903SGYNSJRW,CLI-EYLBNZXQ92US,Purchase,Food,113318.16,ARS,323.77,ATM,SUC-NRVN9ND4,Super Ahorro,Food,Argentina,La Plata,Approved,00,False,15.82,,
TRX-91RY9IMX7WE8XKHZGNQK,2025-03-15 16:26:23,2025-03-15,PRD-2U6E8KXW78W8,CLI-J9OPGE64FL5N,Withdrawal,,243.31,USD,,Branch,SUC-1AT6YUKJ,,,México,Monterrey,Approved,00,False,25.1,,
TRX-53PDMEXH3JX5PJKEE4GR,2025-03-15 12:32:45,2025-03-15,PRD-RO463E83HK51,CLI-5M3O1MF1GPGR,Withdrawal,,1466770.95,COP,366.69,POS,,,,Colombia,,Approved,00,False,8.27,5.5565089,-73.2858257
TRX-Y098DSKRYSRJ67TWEDEA,2025-03-15 11:36:16,2025-03-15,PRD-UB6HMHFQXFG1,CLI-2L5W5ELAS7GA,Deposit,,7947823.25,COP,1986.96,POS,,,,USA,Los Angeles,Approved,00,False,8.08,,-74.3526763
TRX-BEWIXZ7CB2TPTKXYOM1H,2025-03-15 06:11:22,2025-03-15,PRD-XMBM8E529XRG,CLI-IBLKF0IBPGIC,Deposit,,1620.03,USD,,ATM,SUC-PUPXM7MA,,,México,Ciudad de México,Approved,00,False,23.1,,
TRX-0Z4TBM4XRX70DHU94533,2025-03-15 11:12:18,2025-03-15,PRD-8XCJHC1HC8O4,CLI-47EX6J5J3NCN,Transfer,,2017.04,USD,,App,,,,México,Puebla,Approved,00,False,25.65,,
TRX-CVAQOJVPIJTTZLDIK2YV,2025-03-16 02:30:43,2025-03-15,PRD-6QKVSX81142J,CLI-5ZPYD3SUGH6Q,Withdrawal,,161228.45,ARS,460.65,POS,,,,Argentina,Rosario,Approved,00,False,,,
TRX-MYJ4QB0CEVXSGWLS4VYI,2025-03-15 06:30:06,2025-03-15,PRD-3OAUZBN10B79,CLI-KHETO6148EDF,Purchase,Other,200.96,USD,,Web,,Tienda General,Other,México,,Approved,00,False,17.67,,
TRX-ITR9XVQ2TMW3NZ1NQX9H,2025-03-16 03:23:30,2025-03-15,PRD-858E3LK48ZIY,CLI-W4C1EXTKW2DR,Transfer,,9551065.29,COP,2387.77,ATM,SUC-RFQLK7RX,,,Colombia,Medellín,Approved,00,False,,5.6040834,-73.932096
TRX-3KYE5XNYIOMP8R1BKUKS,2025-03-15 20:06:36,2025-03-15,PRD-I5GKRYWJV3FI,CLI-VILF5ARQDYB2,Deposit,,2142.44,USD,,POS,,,,México,Monterrey,Approved,00,False,1.68,0.684044,
TRX-7WFNMOHTDY0NK6DQDXQ5,2025-03-15 06:36:53,2025-03-15,PRD-67IEH5E5P9BG,CLI-9L771KLFEYFT,Payment,Transport,5937447.26,COP,1484.36,POS,,,,Colombia,Bogotá,Approved,00,False,5.61,,-74.7639278
TRX-Y88K2UH813UDIHJL4M02,2025-03-16 05:19:17,2025-03-15,PRD-W2WEL335J7BV,CLI-56EB0N7TTSNK,Withdrawal,,280.21,USD,,POS,,,,México,Monterrey,Approved,00,False,28.12,,
TRX-IN9H33ICPK28PLXVH78O,2025-03-15 23:57:21,2025-03-15,PRD-L4BLIWIFIERE,CLI-5J40Z70FDDBP,Withdrawal,,313.68,USD,,Web,,,,Colombia,Cali,Approved,00,False,14.6,,
TRX-L40PB68RQRGYLRXYKEDR,2025-03-16 02:16:01,2025-03-15,PRD-J6N8QQ2KRVR6,CLI-3D0VNLPTBDCB,Withdrawal,,1579317.65,COP,394.83,POS,,,,Colombia,Cali,Approved,00,False,1.96,5.1468065,-74.8808143
TRX-67J8KRX5F3XX4LH9IQ7H,2025-03-15 23:38:19,2025-03-15,PRD-RI3O0KOES9QG,CLI-GIL1G8C91BBL,Purchase,Entertainment,245.29,USD,,POS,,Streaming Music,Entertainment,México,Ciudad de México,Approved,00,False,28.01,,
TRX-FD0A8LM69EEO4IM4CR8T,2025-03-15 20:44:28,2025-03-15,PRD-Z8ZR04OR5PSM,CLI-IJC34A5C5KZU,Withdrawal,,91.9,USD,,POS,,,,México,Tijuana,Approved,00,False,,,
TRX-FZ9H3KHGXHNM51F270KH,2025-03-15 20:09:41,2025-03-15,PRD-L7ICGT4NQ28C,CLI-K7UC1Z558AUA,Withdrawal,,422.52,USD,,App,,,,México,Querétaro,Approved,00,False,10.58,,
TRX-NQXEIBTMXG7769R46OHN,2025-03-15 18:53:05,2025-03-15,PRD-MIFUNA5VUS35,CLI-8C5FW52X9H26,Purchase,,141758.43,ARS,405.02,Branch,SUC-GKQAVGPP,Empresa Telefónica,Services,Argentina,Rosario,Approved,00,False,,-35.0994134,-58.2745522
TRX-R22JMLE5CQJ0ABCH16CX,2025-03-15 21:04:06,2025-03-15,PRD-MYMPGGMOSYJW,CLI-HROL45YXX7JW,Transfer,,9400.35,USD,,Web,,,,Colombia,Barranquilla,Approved,00,False,,,
TRX-KMTBOHVX6HNN3W1IF3YO,2025-03-15 09:17:13,2025-03-15,PRD-AWH0QJCMLQY9,CLI-MKJ2FLLM869B,Withdrawal,,222.93,USD,,Web,,,,México,Monterrey,Approved,00,False,8.54,,
TRX-BQM70Z8YQUREKC4Z5XPB,2025-03-16 00:49:14,2025-03-15,PRD-UDEK6XCQ9BP2,CLI-UMV1REOSZDUR,Withdrawal,,45703.64,ARS,130.58,ATM,SUC-EHE8V9YO,,,Argentina,Córdoba,Approved,00,False,25.36,,
TRX-IA199RSIPRD09HAN5FIC,2025-03-15 08:08:46,2025-03-15,PRD-W3JGSTEDMTHI,CLI-AKN3H7UAU9A4,Transfer,,3107.53,USD,,App,,,,USA,Houston,Approved,00,False,8.96,,
TRX-7LVOG1V0619YSU951I57,2025-03-15 19:36:54,2025-03-15,PRD-NDANXFV3I4GQ,CLI-UJOU2E1CB6WN,Transfer,,2390.54,USD,,Web,,,,México,Tijuana,Approved,00,False,12.27,,
TRX-Y92XLFGJQZCFUAJELS9W,2025-03-16 00:22:42,2025-03-15,PRD-JA9D5CE0H0WO,CLI-NR89E5DNE6FW,Transfer,,3766.65,USD,,Web,,,,México,Querétaro,Approved,00,False,7.7,,
TRX-NDFNWJD07TTM3RBR195N,2025-03-16 02:07:29,2025-03-15,PRD-N7I8CP08MGB6,CLI-AN79U6BC2BXD,Purchase,,374.95,USD,,POS,,Tienda Don José,Food,México,Tijuana,Approved,00,False,6.48,,
TRX-0Y5IML1TGYVTOW3QY0JY,2025-03-15 21:06:20,2025-03-15,PRD-GMJ2X24WC9DT,CLI-FYH8X8PKVCI9,Purchase,Other,129.37,USD,,POS,,Centro Comercial,Other,México,Monterrey,Approved,00,False,28.75,,
TRX-SDRB7GXFQS78G3NPWBOG,2025-03-15 17:42:54,2025-03-15,PRD-0NSVT1LXHKVQ,CLI-8UBGODDP2FIL,Withdrawal,,372.6,USD,,POS,,,,México,Ciudad de México,Approved,00,False,29.03,,
TRX-IV5R9BQS47CZAE107IRJ,2025-03-15 09:14:28,2025-03-15,PRD-3QB8HS962JND,CLI-20ZLESHHBMUC,Deposit,,3513.87,USD,,Branch,SUC-XUG645G9,,,México,Guadalajara,Approved,00,False,,-0.5495099,-0.1004805
TRX-EBSYDRXJWD4HUZUGTBRC,2025-03-16 03:05:36,2025-03-15,PRD-76UZEY51QTOF,CLI-VCFY9XOTHVSW,Withdrawal,,132179.13,ARS,377.65,ATM,SUC-06H3RFFA,,,Argentina,Mendoza,Approved,00,False,,,
TRX-LNIK0N1PKRD6ZDN217TQ,2025-03-16 03:24:32,2025-03-15,PRD-K9RPEKRRM1U2,CLI-UPPESOF3JCLY,Withdrawal,,1061005.63,COP,265.25,Web,,,,Colombia,,Approved,00,False,,,
TRX-YB0IGSLHJ2C0ZD77TJOO,2025-03-16 00:32:51,2025-03-15,PRD-QUSCKY7IRW6J,CLI-6QMWJD5PQOTX,Payment,Services,101354.4,ARS,289.58,ATM,SUC-UVQ9U0YO,,,Argentina,Córdoba,Approved,00,False,15.12,,
TRX-ITU047WNXFL9X5JFQ4PV,2025-03-15 22:21:53,2025-03-15,PRD-SEVLOBN6LURT,CLI-KT32GQVZSC3A,Withdrawal,,1200192.16,COP,300.05,Web,,,,Colombia,Medellín,Approved,00,False,,,
TRX-E7AVRDNHZQZA8GC56MBM,2025-03-15 06:53:49,2025-03-15,PRD-CQQNZN8SR38E,CLI-HXDV95G8A4HI,Purchase,Health,413.52,USD,,POS,,Óptica Visión,Health,México,Querétaro,Approved,00,False,,,
TRX-OIRGC3DF91U80T38K2P8,2025-03-16 00:08:40,2025-03-15,PRD-A21795AWA1YJ,CLI-VSRSFU2KBHU9,Withdrawal,,413006.3,COP,103.25,ATM,SUC-9S92DZ9T,,,Colombia,Cartagena,Approved,00,False,20.23,,
TRX-SDEGE7Q0WYOY19PE634I,2025-03-15 20:01:08,2025-03-15,PRD-UEOGTIG5D1B9,CLI-8GFZ893O9WP0,Deposit,,12709982.27,COP,3177.5,ATM,SUC-O4G07J7I,,,Colombia,Cartagena,Approved,00,False,,,
TRX-H0JPT1YHS2U7E05VFUJK,2025-03-15 17:49:10,2025-03-15,PRD-RMJBPU1XK0FS,CLI-37LJPSJYIA4I,Purchase,Entertainment,210.42,USD,,ATM,SUC-FGQWMFNS,Conciertos Live,Entertainment,México,Puebla,Approved,00,False,4.78,-0.1359996,0.0321801
TRX-WNVA8IWRF5XT6ITGXM73,2025-03-15 06:09:32,2025-03-15,PRD-62FMV60C4RMO,CLI-TMRFSGXUIPSB,Payment,Entertainment,4501082.92,COP,1125.27,POS,,,,Colombia,Barranquilla,Approved,00,False,10.04,5.1516535,
TRX-CY6ZQ6SZVK3S2QGCOBZX,2025-03-15 10:32:54,2025-03-15,PRD-O8JEDIXX0KED,CLI-YVAE7421EQVS,Purchase,Entertainment,18.5,USD,,ATM,SUC-KUOJDQSO,Conciertos Live,Entertainment,México,Tijuana,Approved,00,False,17.51,0.7978587,-0.6421607
TRX-I9936H0ZAOHM034VDIPH,2025-03-16 04:57:19,2025-03-15,PRD-CE75QFDO06RU,CLI-DJECH331R5WQ,Transfer,,101086.44,ARS,288.82,ATM,SUC-RNIHGBDP,,,Argentina,Córdoba,Approved,00,False,22.17,,
TRX-1RG2RJ3UBW7G5ZL8WTQ7,2025-03-15 17:45:07,2025-03-15,PRD-ZH3X092EMYNP,CLI-PYVYV72NNM57,Purchase,Services,570439.75,COP,142.61,POS,,Empresa Telefónica,Services,Colombia,Medellín,Approved,00,False,,,
TRX-90H8G5E8WHLEW0YNR8XP,2025-03-15 21:17:11,2025-03-15,PRD-3EZF3FO0SNAP,CLI-NWZAD4LCFOKI,Withdrawal,,100.37,USD,,ATM,SUC-3XWIPDZ3,,,Spain,Barcelona,Approved,00,False,,,
TRX-CFKGRGRZQ96PRD1A5PZ7,2025-03-15 15:48:32,2025-03-15,PRD-1RMB85GFSOS0,CLI-1L6S1NYYO02J,Purchase,Services,898327.8,COP,224.58,Web,,,Services,Colombia,Barranquilla,Approved,00,False,2.91,,
TRX-DZFWCJ8MUYVWZ17QYOUE,2025-03-16 02:43:33,2025-03-15,PRD-CCLPOVEDI9X6,CLI-F74AM06CW85T,Purchase,Other,201.76,USD,,Web,,Centro Comercial,Other,USA,New York,Approved,00,False,10.8,,
TRX-NWR5LJWUC0P0KK6JO4QI,2025-03-16 02:54:54,2025-03-15,PRD-43TM2G4W9HMU,CLI-OLDHUWHKM7YS,Purchase,Entertainment,265344.24,COP,66.34,POS,,Teatro Nacional,Entertainment,Colombia,Medellín,Reversed,05,False,9.62,,
TRX-AL85K66C3BG1BEBK7OO4,2025-03-15 06:08:47,2025-03-15,PRD-93XIT75ODALX,CLI-WWL11WMTOFVL,Withdrawal,,1380065.9,COP,345.02,App,,,,Colombia,Barranquilla,Approved,00,False,,,
TRX-EWQUXQWWW7FNM8EIMX2P,2025-03-16 02:05:37,2025-03-15,PRD-ORM9GURG9RWV,CLI-L0XRINP7U47P,Payment,Food,1725883.96,COP,431.47,ATM,SUC-XV4BJ541,,,Mexico,Ciudad de México,Declined,51,False,6.64,4.6231869,-73.6602596
TRX-ZMY4IILXM5GE5IDCMO3W,2025-03-15 11:25:14,2025-03-15,PRD-JHARCSYSKWWR,CLI-1VLGIXIUBIL5,Payment,Entertainment,821.4,USD,,App,,,,México,Guadalajara,Approved,00,False,26.12,,
TRX-MGCSCCK95SMHOU2G0MU5,2025-03-15 06:57:31,2025-03-15,PRD-875ELPNPAEG1,CLI-BEJKN1AAPGKW,Deposit,,2202.41,USD,,App,,,,México,Monterrey,Approved,00,False,24.78,,
TRX-BC97KAWFY8LHGCA8LB6W,2025-03-15 22:24:20,2025-03-15,PRD-J0144FQYCR4B,CLI-5341QFF0ZMCH,Withdrawal,,189.2,USD,,POS,,,,México,,Approved,00,False,5.74,,
TRX-CWVRGQMSFE1RK8UFK0QI,2025-03-16 03:42:45,2025-03-15,PRD-82XVB2R1DX2G,CLI-SACHZQZFNVJH,Payment,Entertainment,577.14,USD,,ATM,SUC-3XWIPDZ3,,,México,Guadalajara,Approved,00,False,21.07,,
TRX-7XU9184Y2ISBQJDV079O,2025-03-15 19:59:11,2025-03-15,PRD-I47SB9HVKLEO,CLI-4DG4U5S6M5H5,Payment,,629768.7,ARS,1799.34,ATM,SUC-GKQAVGPP,,,Colombia,Bogotá,Approved,00,False,22.23,,
TRX-XLFFU9L5XGNFWYLYK0FF,2025-03-16 03:09:08,2025-03-15,PRD-7C83X98JSBWS,CLI-E1DNFFSB83ZI,Deposit,,4992.26,USD,,App,,,,México,Guadalajara,Approved,00,False,16.85,,
TRX-T6AM0JLYQ3G1QPC9YTM8,2025-03-15 14:50:04,2025-03-15,PRD-PI6ZCHU1Y5I4,CLI-K3479GFOZB5R,Deposit,,1288176.39,ARS,3680.5,ATM,SUC-FXWYIOXF,,,Argentina,Buenos Aires,Approved,00,False,,-33.9153929,-57.6712499
TRX-ATER6RWC8HLJQQ8HYTMO,2025-03-16 04:26:22,2025-03-15,PRD-VXCAWX9OFZ87,CLI-0WH6VIJ824YG,Transfer,,4396178.96,COP,1099.04,Branch,SUC-4OOB7ZFR,,,Spain,Valencia,Approved,00,False,22.6,,
TRX-RTTR3WWFPWV296XFY7BA,2025-03-16 02:38:37,2025-03-15,PRD-59QWHBHXAZKK,CLI-IDLF7WAFY08O,Payment,Food,4214708.35,COP,1053.68,ATM,,,,Colombia,Cartagena,Approved,00,False,24.12,,
TRX-DNN089VDV26DVVSBDDE2,2025-03-16 03:14:16,2025-03-15,PRD-ZOVYE8BU3VRC,CLI-4EAS7832C5FR,Withdrawal,,489.95,USD,,ATM,SUC-8GXP9TIM,,,México,Guadalajara,Approved,00,False,6.99,,
TRX-COKXP4AKAMTCMRIHOTV1,2025-03-15 14:25:08,2025-03-15,PRD-1OWGXKVZP0P4,CLI-WLBR6UNGQYVV,Deposit,,4535.74,USD,,POS,,,,México,Ciudad de México,Approved,00,False,27.26,0.8326683,0.2522537
TRX-Y8NXP8C8V0FTE1R00H40,2025-03-15 18:11:56,2025-03-15,PRD-GYJAW558C1PY,CLI-KISO8KLO6QMJ,Transfer,,1700850.12,ARS,4859.57,POS,,,,Argentina,Buenos Aires,Approved,00,False,24.48,,
TRX-R4XK2V6SQ487ISMT0ST6,2025-03-15 23:42:02,2025-03-15,PRD-EEBLUUHDTCIN,CLI-04KV30V3ZZE4,Deposit,,739442.56,ARS,2112.69,Web,,,,Argentina,Mendoza,Approved,00,False,9.27,,
TRX-XQ70ALU8VWPGH03PCPOU,2025-03-15 09:48:36,2025-03-15,PRD-K9KT2V77AB0B,CLI-8DR8KV1V21OP,Transfer,,4878.74,USD,,POS,,,,México,Monterrey,Approved,00,False,22.51,,
TRX-JR6EIYHBTIU1KO0G4DL6,2025-03-15 15:31:09,2025-03-15,PRD-FOQJCLLSUVKR,CLI-74XUGQF8POE0,Deposit,,1748811.32,ARS,4996.6,App,,,,Argentina,Buenos Aires,Approved,,False,3.03,,
TRX-BF3H1Q8Z7BU00P0OMTNA,2025-03-15 23:55:10,2025-03-15,PRD-ADBWKCFOZBRX,CLI-1B5UCI8NIZT3,Deposit,,2841460.02,COP,710.37,POS,,,,Colombia,Cali,Approved,00,False,2.47,4.9859767,-73.4098139
TRX-LQQRKK9N57WXO3YNL8TS,2025-03-15 11:10:01,2025-03-15,PRD-304DBV8VSA3V,CLI-AR0DM2MUTTM6,Withdrawal,,482.07,USD,,ATM,SUC-U5SARN4H,,,Colombia,,Approved,00,False,,,
TRX-8768C34W3EHA34LENP33,2025-03-15 06:46:19,2025-03-15,PRD-DVIBXUICQT97,CLI-5SXNO4ISDT6F,Withdrawal,,48683.84,ARS,139.1,App,,,,Argentina,Córdoba,Approved,00,False,4.44,,
TRX-4YDYV1WIE9KYH7Q55T3L,2025-03-16 01:18:12,2025-03-15,PRD-E1HTICFMWUP7,CLI-XPGXTW5TBDTZ,Transfer,,5105.34,USD,,App,,,,Argentina,La Plata,Approved,00,False,,,
TRX-ONJH55LSXPNE6SUXOSY7,2025-03-16 05:57:33,2025-03-15,PRD-JMS5MB2230AQ,CLI-L5DK6W9BB20U,Withdrawal,,1344105.31,COP,336.03,ATM,SUC-CBGK7VQE,,,Colombia,Barranquilla,Approved,00,False,14.83,,
TRX-19QXU7SCCT1O88D9CAR0,2025-03-15 16:59:58,2025-03-15,PRD-OZAQHFL5KJO7,CLI-BP7NYPJW975D,Payment,Entertainment,2472332.37,COP,,ATM,SUC-RFQLK7RX,,,Colombia,Bogotá,Approved,00,False,20.58,,
TRX-OYLWLA5BRNEPI7JVBRKZ,2025-03-15 06:54:35,2025-03-15,PRD-TOQ5EU0YF0DU,CLI-GXHN8929C7DV,Transfer,,752.51,USD,,App,,,,México,Guadalajara,Approved,00,False,19.95,,
TRX-UFI2TO9IU2YBELRD90ZO,2025-03-16 05:56:14,2025-03-15,PRD-T7CVRHIIIZC3,CLI-YYMIP1JLE5Q0,Deposit,,10024979.9,COP,2506.24,Web,,,,Colombia,Bogotá,Approved,00,False,,,
TRX-OQ5CWS36WL52VHIUUTDN,2025-03-15 09:45:39,2025-03-15,PRD-4KARZNQFJWMS,CLI-WXDIZJRZDC6E,Transfer,,32957221.54,COP,8239.31,Branch,SUC-DG6C9C1K,,,Colombia,Bogotá,Approved,,False,3.9,5.4877282,-73.8898359
TRX-HOPKY2NZF7SI78LM6AMO,2025-03-16 02:22:59,2025-03-15,PRD-PO1XE1N83HV0,CLI-C49ZNH94712T,Purchase,Other,1671487.45,COP,417.87,POS,,Centro Comercial,Other,Colombia,Barranquilla,Approved,00,False,11.03,,
TRX-AA5K2UWI8TBNKDKISND8,2025-03-15 08:11:46,2025-03-15,PRD-2VKXPSRVAYKZ,CLI-ZAMVDGPNCV9N,Adjustment,,311925.82,ARS,891.22,Branch,SUC-0LZRXHCF,,,Argentina,Buenos Aires,Approved,00,False,9.88,,
TRX-LBY3UN6OVDOO310M5VWH,2025-03-16 03:53:57,2025-03-15,PRD-EU1NBBFJ3IEF,CLI-FJCCRREX23B4,Withdrawal,,347.17,USD,,Branch,SUC-9J6GQRJ4,,,México,Ciudad de México,Approved,00,False,11.97,,
TRX-GMLOCCOF09FUZ09R5NOS,2025-03-15 13:59:01,2025-03-15,PRD-OQ036XU2T79Q,CLI-1ZPTJ4Q6I6EE,Withdrawal,,1177957.24,COP,294.49,POS,,,,Colombia,Medellín,Approved,,False,24.06,4.2419775,-74.5949593
TRX-DFBR3P1VUNSRP3K1HIQP,2025-03-16 04:56:11,2025-03-15,PRD-9YMUHTFURGD5,CLI-7H4EFK52YLJH,Purchase,Food,327.34,USD,,POS,,Super Ahorro,Food,México,,Approved,00,False,24.97,,
TRX-ZZJGWX6O6CSSMY8VMD86,2025-03-16 05:42:13,2025-03-15,PRD-KN75V7OJJYT8,CLI-GZP9TI3MSZQV,Purchase,Services,115006.44,COP,28.75,App,,Cable TV,Services,Colombia,Cali,Approved,00,False,24.61,,
TRX-M4SZCPENYHY1CFJ9KBUJ,2025-03-15 19:02:33,2025-03-15,PRD-D67DV32O42OL,CLI-VKVISV3Q6IH5,Withdrawal,,813319.53,COP,203.33,POS,,,,Colombia,Cali,Approved,00,False,28.17,,
TRX-AOVZXGRD989PX2KGOX01,2025-03-15 13:46:07,2025-03-15,PRD-FFNNCK2ZCOAP,CLI-L8TFC0NID5W4,Purchase,Transport,159938.88,ARS,456.97,ATM,SUC-8433QXQ4,Taxi Seguro,Transport,Argentina,Buenos Aires,Approved,00,False,4.32,,
TRX-3XRXXXGIAVPX0I4PSQVM,2025-03-16 05:50:38,2025-03-15,PRD-WEMYRMLMJNBH,CLI-7AV32US0VSIU,Payment,Entertainment,107.68,USD,,Branch,SUC-MGUQPIKZ,,,México,Puebla,Reversed,14,False,11.7,,
TRX-3W20IHV68PXUY2QHNSXI,2025-03-15 22:40:45,2025-03-15,PRD-EWDIOXGO7Q8C,CLI-9LLRMMOGNKZO,Transfer,,8780.94,USD,,ATM,SUC-AXDYB0RQ,,,México,Querétaro,Approved,00,False,12.49,,
TRX-DWHCQ2G6WRAYOZYGS12Q,2025-03-16 01:24:32,2025-03-15,PRD-G8MADSZ35CIQ,CLI-HOA2HWJF7KED,Adjustment,,341985.99,ARS,977.1,ATM,SUC-IPX8M3BR,,,Argentina,Rosario,Approved,00,False,15.79,,
TRX-NMB7HH4TZMD0HJ30QK4C,2025-03-15 14:15:06,2025-03-15,PRD-9CUD72OQTHH9,CLI-7AIIMWW27LOO,Purchase,Other,424.25,USD,,App,,Boutique Moda,Other,México,Tijuana,Approved,00,False,12.99,,
TRX-EC9JY94ACNJU0OLZQ4QZ,2025-03-15 06:08:18,2025-03-15,PRD-HA51DPUKSACD,CLI-WWE1RFIV4H32,Deposit,,6718656.83,COP,1679.66,ATM,SUC-M96GKW7T,,,Colombia,Cali,Approved,00,False,17.69,,
TRX-Q4NQTF3RV91CX901XJJ8,2025-03-15 23:38:10,2025-03-15,PRD-DH4Q8RXFMOVV,CLI-VP4F14SFSC15,Purchase,Food,151.53,USD,,POS,,,Food,México,Ciudad de México,Approved,00,False,16.27,,
TRX-O3C7ALY7P6AZ5EER0ICG,2025-03-15 20:07:15,2025-03-15,PRD-EXJ50YB3YIO1,CLI-R4KLTAJQLOKD,Deposit,,3638.02,USD,,App,,,,México,Ciudad de México,Approved,00,False,11.75,,
TRX-843MTD6WW8GJKB9NSMCF,2025-03-15 14:58:45,2025-03-15,PRD-NNNY8W17FZS9,CLI-3N6O7ILBIJDQ,Transfer,,9237.39,USD,,POS,,,,México,Guadalajara,Approved,00,False,,,
TRX-DI07CHIE4YJMQB7JTDY2,2025-03-15 07:35:07,2025-03-15,PRD-O7Z1HSDPFSD9,CLI-NECLF6EDV2U0,Purchase,Health,888572.69,COP,222.14,ATM,SUC-KY2QIURA,Clínica Médica,Health,Colombia,Medellín,Approved,00,False,12.64,,
TRX-H50SUBCNQ77KZ6395QD9,2025-03-15 15:30:15,2025-03-15,PRD-HRKF0Z4CK5P9,CLI-3HI6DCVSFEK0,Withdrawal,,39.96,USD,,ATM,SUC-JBECVTZ8,,,Argentina,Rosario,Approved,00,False,,,
TRX-UISS04COMMOQYER0DQER,2025-03-16 01:17:16,2025-03-15,PRD-FDVHIAGC7G6H,CLI-JEXTHCNQ1KFM,Deposit,,1552863.01,COP,388.22,POS,,,,Colombia,,Approved,00,False,,,
TRX-7UD0VVADG7B0YE4FKJDD,2025-03-15 18:49:41,2025-03-15,PRD-W7CM4ISYKKXC,CLI-YYHGVJGJBIPA,Withdrawal,,157.5,USD,,Transfer,,,,México,Tijuana,Approved,00,False,7.69,,
TRX-00VL22W005TXLYIODML9,2025-03-15 22:00:36,2025-03-15,PRD-8LTJIF5U7S1Y,CLI-I997VQSNP67T,Deposit,,427.52,USD,,App,,,,México,,Approved,00,False,28.2,,
TRX-6T4Y3UJV1EJF4NV8EJRZ,2025-03-15 13:47:35,2025-03-15,PRD-J8DCOJBBQWDJ,CLI-U51QGC4UKFCZ,Payment,Entertainment,190993.24,ARS,545.69,POS,,,,Argentina,,Declined,14,False,27.36,-33.9907462,-59.1893233
TRX-FF1DO3YA42LJ699RJPTZ,2025-03-16 02:43:50,2025-03-15,PRD-9EXZYZ81JW62,CLI-DUACKPJBIUB4,Payment,,3260178.08,COP,815.04,Web,,,,Colombia,Bogotá,Approved,00,False,,,
TRX-CI7S41JA8Y3F33C5TQXN,2025-03-15 19:32:04,2025-03-15,PRD-OK275CKNI9TC,CLI-S1BMZYD90EPQ,Withdrawal,,50396.29,ARS,143.99,ATM,SUC-UVQ9U0YO,,,Argentina,Mendoza,Approved,00,False,1.27,-33.7758473,-58.0892239
TRX-4HOLD8KX70U35EUH480T,2025-03-15 17:40:28,2025-03-15,PRD-O6VYRZ7LXPD4,CLI-IMRFRH4FKG22,Withdrawal,,36905.98,ARS,105.45,Web,,,,Argentina,Córdoba,Approved,00,False,,,
TRX-6OXTKHGNCPIWK1RMT77Z,2025-03-15 18:29:32,2025-03-15,PRD-SRRVUGBR822Q,CLI-7GSYY00KO0JJ,Withdrawal,,342.32,USD,,POS,,,,México,Tijuana,Approved,00,False,,,
TRX-EXQFP8A24MQCB5VJ2O78,2025-03-15 14:10:12,2025-03-15,PRD-76V9D4RJA80I,CLI-A8RQUTMJKAMT,Transfer,,22455648.26,COP,5613.91,ATM,SUC-84HXKY7Q,,,Colombia,Medellín,Approved,00,False,21.08,5.2132702,-74.7252363
TRX-IW28AP3IDQS7OLA9AC6Y,2025-03-15 17:31:11,2025-03-15,PRD-A20MLTI62FK7,CLI-XBORMW22NP1B,Payment,Entertainment,305290.42,ARS,872.26,App,,,,Argentina,Buenos Aires,Approved,00,False,12.46,,
TRX-KFXOFTFW8V6KNM1MJVVC,2025-03-15 13:22:41,2025-03-15,PRD-MVWZY2X7F4C6,CLI-ZPFOU0CHEWYY,Deposit,,290.99,USD,,ATM,SUC-RZNFZDVW,,,México,Querétaro,Approved,00,False,21.64,0.5563069,-0.8669874
TRX-3MN9Y96YYIX40ORBDQ9L,2025-03-15 06:57:25,2025-03-15,PRD-JPNFOEKR3Z5X,CLI-SEFKLCCC9N2V,Payment,Other,7482955.7,COP,1870.74,POS,,,,Colombia,Cali,Approved,00,False,,,
TRX-6ALDK732SIOUE67JDITW,2025-03-15 13:33:44,2025-03-15,PRD-AHD1UR8TSYC8,CLI-LVVKSWREAOSB,Transfer,,1718226.12,ARS,4909.22,ATM,SUC-KHBP7W0V,,,Argentina,Mendoza,Approved,00,False,25.73,,
TRX-P6SRTWFRL7YU4TUJ8Y91,2025-03-16 03:08:50,2025-03-15,PRD-RASC63SJO4OX,CLI-Q3FHQWE0AHH4,Withdrawal,,1376533.33,COP,,POS,,,,Colombia,Barranquilla,Approved,00,False,7.87,,
TRX-EQUIP88A7JXKI9NHLS6C,2025-03-15 15:28:24,2025-03-15,PRD-ZOWGDZ3MWX04,CLI-556AKHFIBXBD,Purchase,Food,43.55,USD,,App,,Tienda Don José,Food,Argentina,La Plata,Approved,00,False,,,
TRX-9ELP2FCOB6FX29W6VS50,2025-03-15 21:46:40,2025-03-15,PRD-4NLT0MSZL441,CLI-EFYTK7QAGT04,Payment,Health,531.76,USD,,ATM,SUC-BDUFJ6GZ,,,México,Ciudad de México,Declined,14,False,3.68,0.4212853,-0.8275091
TRX-E57HGA6FWG3JD3S1P0VQ,2025-03-16 05:33:46,2025-03-15,PRD-7G1GK01DP0X5,CLI-BK8YVC54NWE0,Withdrawal,,296.22,USD,,Branch,SUC-7G8CGE3F,,,México,,Approved,00,False,18.8,,
TRX-MB6FH9V97N81Z36X3SPK,2025-03-15 12:37:43,2025-03-15,PRD-KSEZFY6M5VSP,CLI-GC3BGG470UB3,Purchase,Health,1117292.03,COP,279.32,Web,,Clínica Médica,Health,Colombia,Bogotá,Approved,00,False,7.37,,
TRX-OECQM8MCSMNB1KYABN3M,2025-03-15 20:12:48,2025-03-15,PRD-I95NTW4WUVHZ,CLI-B98X4RECKKFP,Deposit,,1328.9,USD,,ATM,SUC-SCFDICUT,,,México,Puebla,Declined,54,False,1.11,,
TRX-BQ9ABPC459BE9A94DPG8,2025-03-15 19:19:02,2025-03-15,PRD-W2MVQN874R2C,CLI-AFY8YLNMQ1NW,Payment,Transport,390230.76,ARS,1114.95,Branch,SUC-Y7VHYCDG,,,Argentina,Mendoza,Approved,00,False,,,
TRX-Q2XBWWFPR23JAH7Y66YE,2025-03-15 12:40:02,2025-03-15,PRD-8YXNMWZ7P6EF,CLI-N814RYKCMGRN,Transfer,,600.17,USD,,App,,,,México,Ciudad de México,Approved,00,False,,,
TRX-WKXDDJNTQXOWRYLI58Y1,2025-03-15 06:27:42,2025-03-15,PRD-66F6IA8C3ODV,CLI-09OBAM27ZZWJ,Purchase,Other,232.82,USD,,App,,Boutique Moda,Other,México,Monterrey,Approved,00,False,28.6,,
TRX-SNURV02TYXA464MC0KR2,2025-03-15 12:01:03,2025-03-15,PRD-DERHU5055CZP,CLI-RF47YSJBZSWP,Withdrawal,,184.59,USD,,App,,,,México,Guadalajara,Declined,51,False,3.08,,
TRX-S6P7FUKLBL5SA6ZR81QD,2025-03-15 20:08:26,2025-03-15,PRD-B831RU68WWQE,CLI-XJ4ESM4ZNQWZ,Payment,Food,917.47,USD,,POS,,,,México,,Approved,00,False,24.33,-0.5748889,-0.2779918
TRX-F0G5LZA63PTJ6AQVHTXI,2025-03-15 13:31:54,2025-03-15,PRD-FLGZ7T4DUV9T,CLI-CK6IQZSY4NF8,Transfer,,5430575.94,COP,1357.64,Web,,,,Colombia,Cartagena,Approved,00,False,,,
TRX-OBAY4J3JRI52DUDJ1CKH,2025-03-15 14:50:33,2025-03-15,PRD-IL771N2IN2NK,CLI-AQCKS9D48UBN,Transfer,,12772977.52,COP,3193.24,POS,,,,Colombia,Barranquilla,Approved,00,False,9.36,,
TRX-UKW967A014PD29XO3WN3,2025-03-15 07:55:01,2025-03-15,PRD-9I5WU6A0EI7M,CLI-X40AWZC4E5SF,Withdrawal,,386.92,USD,,Branch,SUC-FQBLIDK9,,,Argentina,Buenos Aires,Approved,00,False,20.72,,
TRX-SM76YFYHPDZM7U6VLXS6,2025-03-15 12:46:33,2025-03-15,PRD-8JS65IMJZX9T,CLI-T0Y5U4MDWEOH,Transfer,,38208493.8,COP,9552.12,App,,,,Colombia,Bogotá,Approved,00,False,22.78,,
TRX-HWHWJZEIVAYAKFIW6JEY,2025-03-16 05:57:36,2025-03-15,PRD-XLBRAW2M4MO3,CLI-ILCOS4K7UJHP,Payment,Food,168359.97,ARS,481.03,ATM,SUC-UVQ9U0YO,,,Argentina,La Plata,Approved,,False,24.85,,
TRX-OTQXECL9VYCT0NW68U78,2025-03-15 09:15:18,2025-03-15,PRD-3Y0BIL71XXWA,CLI-RGLGBGKSKKPT,Purchase,Food,318.34,USD,,POS,,Restaurante El Buen Sabor,Food,México,Puebla,Approved,00,False,0.71,,
TRX-NYSRXJ68M2MEWZP4HEP5,2025-03-15 07:14:31,2025-03-15,PRD-6TC2AOH9I8M9,CLI-LTRSJQV8DU8M,Withdrawal,,281.1,USD,,ATM,SUC-6IDFK4L9,,,México,,Approved,00,False,14.43,,
TRX-XQSB5JFI2IDPU2QA583G,2025-03-15 12:37:52,2025-03-15,PRD-MHLSQBGV7C9S,CLI-0YKH3CEHW7WC,Withdrawal,,193.28,USD,,POS,,,,México,Querétaro,Approved,00,False,18.56,,
TRX-2QJCT6USROTO0VB0FN3B,2025-03-15 23:41:20,2025-03-15,PRD-92LCIN10IQBM,CLI-S0OOTFT4ILHX,Payment,Food,347.81,USD,,ATM,SUC-JYJWT9TH,,,México,Puebla,Approved,00,False,10.49,-0.2483454,0.0691944
TRX-32UKIT9RCQE1JVV0I5GN,2025-03-15 20:37:35,2025-03-15,PRD-RS57WMVHSFO4,CLI-L8NI3X3R6QVQ,Deposit,,3674905.25,COP,918.73,ATM,SUC-JA4P9IIP,,,Colombia,,Approved,00,False,11.03,,
TRX-GVVAJ7C8HAKK07PRUK2K,2025-03-15 20:19:22,2025-03-15,PRD-3XI8PGB7YVWL,CLI-7MB7Q4G3XRZM,Payment,Food,1844230.12,COP,461.06,ATM,SUC-1C51KLB3,,,Colombia,Cartagena,Approved,00,False,1.23,4.32149,-74.6907967
TRX-AKV89AJFOV0D63RG649S,2025-03-15 23:00:36,2025-03-15,PRD-U7URH9M6YAY5,CLI-9YU4AHEVRXR8,Purchase,Food,148.33,USD,,POS,,Tienda Don José,Food,México,Tijuana,Approved,00,False,16.3,,
TRX-L2C15RUPL5DIZVLBRSL2,2025-03-16 05:49:24,2025-03-15,PRD-RBGTLR4YBI16,CLI-GMEUKIMWFXPD,Withdrawal,,110770.66,COP,,POS,,,,Colombia,Medellín,Approved,00,False,,,
TRX-ABRRBQ8V1BAN8941KCCO,2025-03-16 03:46:41,2025-03-15,PRD-T7W39GA2MRAI,CLI-W5IRE7UO92AA,Withdrawal,,22798.84,ARS,65.14,POS,,,,Argentina,Buenos Aires,Approved,00,False,12.6,,
TRX-G2M34CCHPZV066NFJ5G7,2025-03-15 21:04:58,2025-03-15,PRD-L89PCYTTSOBQ,CLI-27FLZA8G1BAB,Withdrawal,,259.49,USD,,App,,,,México,Guadalajara,Approved,00,False,3.74,,
TRX-YQ7CMLO1P1P433S1XRV7,2025-03-16 02:24:20,2025-03-15,PRD-W75RAUZ7V2AF,CLI-C335GGHFDJBS,Transfer,,1536427.44,ARS,4389.79,POS,,,,Argentina,Buenos Aires,Approved,00,False,10.01,,
TRX-OQT0MY3NRJI47KD6Y60V,2025-03-15 21:27:02,2025-03-15,PRD-O5IH2ORM3PYW,CLI-ZJQLZ0LZIOUA,Transfer,,739442.86,ARS,2112.69,ATM,SUC-0N077NAM,,,Argentina,Rosario,Approved,00,False,13.06,,
TRX-31PXFDWRL4I91ZMVLBVO,2025-03-15 19:10:09,2025-03-15,PRD-ZDYHRE3SYU2S,CLI-TD698GPEXCQF,Deposit,,1670613.85,COP,417.65,POS,,,,Colombia,Cali,Approved,00,False,,4.7678787,-73.5824097
TRX-UHQC2CCJ86O4BTL3B0IG,2025-03-15 18:34:59,2025-03-15,PRD-KWYM4YUQBFZK,CLI-RB6OFU2GO21B,Purchase,Entertainment,106.62,USD,,Web,,Cine Premium,Entertainment,México,Monterrey,Approved,00,False,15.24,,
TRX-BJ26C6QLBDPIX4GTHYK4,2025-03-16 01:01:53,2025-03-15,PRD-0YBOLYA85ZCJ,CLI-MBFX222129RZ,Purchase,Food,1990701.58,COP,497.68,ATM,SUC-MU9A5O88,Restaurante El Buen Sabor,Food,Colombia,Cartagena,Approved,00,False,7.46,4.0088879,-73.2816472
TRX-B1J2B81NDUWNWWYCALCD,2025-03-15 08:47:36,2025-03-15,PRD-MV5A42VAOU2V,CLI-2XFJE89L136E,Purchase,Services,547682.56,COP,136.92,POS,,Empresa Telefónica,Services,Colombia,Bogotá,Approved,00,False,23.04,,
TRX-CUL4ZUU3I63Y4L4BHZMS,2025-03-15 13:04:41,2025-03-15,PRD-ACDY5QNKB11S,CLI-AE6PW54ZCP04,Withdrawal,,249.18,USD,,POS,,,,México,Querétaro,Approved,00,False,22.2,,
TRX-PKC4VZ785V1I6W4BKVC6,2025-03-15 17:57:43,2025-03-15,PRD-VMHIM6VJT8NE,CLI-VATW5YXMWO5P,Deposit,,1341.53,USD,,ATM,SUC-P65ZGVH3,,,México,Puebla,Approved,00,False,21.28,0.3553176,-0.5596767
TRX-CTTHRHRFD5VDOBWSS1O7,2025-03-15 10:30:18,2025-03-15,PRD-1ZQ5VHCUVO28,CLI-H1WHZUHNVUEX,Payment,Health,699556.3,COP,174.89,Web,,,,Colombia,Cartagena,Approved,00,False,,,
TRX-3HI4OWV352PVAV3ST3IJ,2025-03-16 01:17:18,2025-03-15,PRD-QLX4RC2E0P1F,CLI-IX2C5FO83GE7,Transfer,,1624.27,USD,,POS,,,,México,Ciudad de México,Approved,00,False,0.75,-0.8269629,0.0866333
TRX-JDT0SBZK447DMGJ6P8NQ,2025-03-15 23:20:30,2025-03-15,PRD-GP5MPL8599AE,CLI-MRM7M90G8582,Payment,Transport,1265.37,USD,,ATM,SUC-KKZOCIP3,,,México,Ciudad de México,Approved,00,False,14.72,,
TRX-OVR0ISDUWOKT2B8B4XUX,2025-03-16 03:31:06,2025-03-15,PRD-ORWOVVIDD7YY,CLI-O7N25VJBWN53,Transfer,,2539234.41,ARS,7254.96,POS,,,,Argentina,Córdoba,Approved,,False,28.73,,
TRX-WL1JYO9MDQGI2TIMZIW1,2025-03-15 10:30:42,2025-03-15,PRD-NYXTW6XLVB7J,CLI-61V1V7SYEG7W,Transfer,,2279.03,USD,,POS,,,,México,,Approved,00,False,1.7,-0.0634692,
TRX-M56KCTOZTP8WG33FQPPR,2025-03-15 15:23:09,2025-03-15,PRD-5DBCYXS0XLQO,CLI-02WY09FPDKT8,Purchase,Entertainment,253.75,USD,,Web,,Streaming Music,Entertainment,México,Monterrey,Approved,00,False,26.41,,
TRX-0PWRZ0S7BFUFUUJHEA5X,2025-03-15 12:16:40,2025-03-15,PRD-VXLWLDRRDNTD,CLI-837NAMJOPXMU,Deposit,,233.09,USD,,ATM,SUC-JD6LDRA8,,,México,Puebla,Declined,05,False,3.06,,
TRX-HNUMVATEBHZRW73KYR1D,2025-03-15 21:03:45,2025-03-15,PRD-7N3315PSGGG4,CLI-HGKD7XF4EWI0,Withdrawal,,68128.5,ARS,194.65,Web,,,,Argentina,Buenos Aires,Approved,00,False,3.97,,
TRX-WOG39TF7FR4N7O5D8Z3P,2025-03-16 05:48:46,2025-03-15,PRD-WMELWHX4H52A,CLI-8Q2C1MR1B8AS,Transfer,,5053.45,USD,,ATM,SUC-PJ6NDQ6K,,,México,Querétaro,Approved,00,False,11.26,,
TRX-2L3YWXZC3O4WBYSJP43Q,2025-03-15 21:55:08,2025-03-15,PRD-37QSSISO4V6H,CLI-5PPZXE1DA1JP,Withdrawal,,245.2,USD,,Web,,,,México,Puebla,Approved,00,False,12.45,,
TRX-ISNKGPWTXWHUPDHDSBBQ,2025-03-16 00:22:17,2025-03-15,PRD-F4DDWSSDM6HE,CLI-1ECIXHQIZM4I,Withdrawal,,246.46,USD,,ATM,SUC-Q9LRLZTA,,,México,Ciudad de México,Approved,00,False,24.91,,
TRX-JXKZKC6TJZACI2IV0L82,2025-03-15 21:45:00,2025-03-15,PRD-LSI1IPV8ZHG6,CLI-1S9M976RBZUH,Deposit,,4753733.13,COP,1188.43,Web,,,,Colombia,Cali,Approved,00,False,29.01,,
TRX-VUUJV7TCXMSZ0FNAAYV0,2025-03-15 09:36:39,2025-03-15,PRD-10A943TI5EIV,CLI-QA6OEFWUF6TI,Payment,Transport,593.35,USD,,Web,,,,México,Querétaro,Approved,00,False,4.06,,
TRX-4WHHRG3Q11XTYQZ1AQDW,2025-03-15 20:39:17,2025-03-15,PRD-83DJUG9653RH,CLI-9ABEH88SFZIY,Deposit,,828.91,USD,,ATM,SUC-4CNRVPYL,,,México,Puebla,Approved,00,False,8.14,,
TRX-IOL04FQ7WDG4J2I9I010,2025-03-15 20:27:11,2025-03-15,PRD-G0N8613MSNWF,CLI-C9KXY72VZ50T,Payment,Services,4571149.41,COP,1142.79,ATM,SUC-DIHJMBN3,,,Colombia,,Approved,00,False,28.1,4.2899068,-74.9663715
TRX-67IQXBPM30CTFKZ149ST,2025-03-15 14:18:49,2025-03-15,PRD-3LPDIR1OM0X9,CLI-Q1WYK3LV4HE5,Purchase,Other,263.64,USD,,POS,,Centro Comercial,Other,México,Puebla,Approved,00,False,0.43,,
TRX-PCU6D5TZUBX53WR6AOI1,2025-03-16 00:25:24,2025-03-15,PRD-8TF1HMFDDVNV,CLI-CDPFIGXQFYSL,Withdrawal,,425.45,USD,,Web,,,,México,Querétaro,Approved,00,False,4.59,,
TRX-0TRJS9L8Z1SF029MG8SI,2025-03-15 13:38:53,2025-03-15,PRD-XH518858MAP9,CLI-UW93MGXUWKQX,Payment,Food,4096084.89,COP,1024.02,App,,,,Colombia,Barranquilla,Approved,00,False,27.58,,
TRX-2YPVSRM4UW5PC0LREU0S,2025-03-15 20:42:43,2025-03-15,PRD-YYRZ976BQLRG,CLI-IP2YFDALT9ZK,Withdrawal,,490.72,USD,,POS,,,,México,Guadalajara,Approved,00,False,19.29,,
TRX-EMAQVRRC7NHH5OI0WQZM,2025-03-15 19:07:20,2025-03-15,PRD-5KSCM4XQVN6F,CLI-5DYHYDGKQWVU,Transfer,,1172.91,USD,,ATM,SUC-FV69BGCV,,,México,,Approved,00,False,,,
TRX-NYX2RGL18W4TKSVJ2L7N,2025-03-15 14:32:22,2025-03-15,PRD-4F9BRYBA6CV9,CLI-V8G8ERKICA5R,Payment,Entertainment,4817252.98,COP,1204.31,ATM,SUC-2LW7L4Y3,,,Argentina,Mendoza,Approved,00,False,,,
TRX-78S8BPMHZXOBGB3VORA0,2025-03-15 17:59:30,2025-03-15,PRD-OW8J645HYQ1M,CLI-4GT2PG2VHZSX,Purchase,Entertainment,341.63,USD,,POS,,Streaming Music,,México,,Approved,00,False,9.55,,
TRX-VABLD92W9M3K5G2QB7RM,2025-03-15 19:11:07,2025-03-15,PRD-MOA9VEOPJICW,CLI-HJ824B5Y69LE,Withdrawal,,170099.15,ARS,486.0,POS,,,,Argentina,Buenos Aires,Approved,00,False,,,
TRX-0XDG4JCY9ZZ45FQ6HR61,2025-03-15 16:18:24,2025-03-15,PRD-CON4INCPPEU5,CLI-VD3BR9OPLJBV,Transfer,,28650931.4,COP,7162.73,App,,,,Colombia,,Approved,00,False,,,
TRX-ATPZ9ERXD42WC0HSNVQV,2025-03-15 19:07:40,2025-03-15,PRD-ZX9BZZK4AZH6,CLI-T4VI1GF07ATP,Withdrawal,,36048.43,ARS,103.0,Web,,,,Argentina,Mendoza,Approved,00,False,22.88,,
TRX-37Y4TTNC441TEKAI5TXQ,2025-03-15 21:47:32,2025-03-15,PRD-TGY0C9KGYEV6,CLI-W8QL7V13GACX,Payment,Other,925.33,USD,,App,,,,Mexico,Monterrey,Approved,00,False,0.89,,
TRX-9NM2CERB552VFBWZ2PPS,2025-03-15 18:02:44,2025-03-15,PRD-V274NVDSNJUZ,CLI-P21620J4ZHZC,Transfer,,9528.74,USD,,App,,,,México,Monterrey,Declined,14,False,24.93,,
TRX-LHCHTUMQ49LQZ0PK25EV,2025-03-15 09:13:17,2025-03-15,PRD-RXI17P62RFCB,CLI-H0UXABEJO2GU,Purchase,Food,66.21,USD,,POS,,Restaurante El Buen Sabor,Food,México,Ciudad de México,Approved,00,False,3.31,,
TRX-0E9VNJKOJW5M2Y9CEGV6,2025-03-15 06:18:01,2025-03-15,PRD-EYUS2E9AKRNI,CLI-VH0DTL17VMW1,Payment,Services,993.77,USD,,POS,,,,México,Monterrey,Pending,05,False,20.26,,
TRX-5KQ4K281X0E9ER6VSRCX,2025-03-16 05:22:01,2025-03-15,PRD-KHPFOVVCWIWU,CLI-J96AQUJ3M0VE,Transfer,,23838339.26,COP,5959.58,ATM,SUC-QLV3J046,,,Colombia,Cartagena,Pending,51,False,12.09,,
TRX-K8YF1F3947ZJ7XA6YUZV,2025-03-15 06:59:51,2025-03-15,PRD-3T0AGZ9MRJQY,CLI-FLP06JQIFDZJ,Purchase,Services,488.19,USD,,ATM,SUC-M447M9GU,Cable TV,Services,Colombia,Medellín,Approved,00,False,9.57,,
TRX-PIGSDO1MYZ3EX6RITVLK,2025-03-16 01:45:44,2025-03-15,PRD-1TA895T2C5KR,CLI-0LVW4JTFKKDY,Transfer,,466.56,USD,,ATM,SUC-KI33JLSV,,,México,Querétaro,Approved,00,False,,,
TRX-JD757N668XV9UOALUF4A,2025-03-15 23:45:02,2025-03-15,PRD-BILTFVLP6YDL,CLI-LYWV05OT78JT,Payment,Food,408077.61,ARS,1165.94,POS,,,,Argentina,Córdoba,Approved,00,False,0.43,,
TRX-H75RBHAABU5NPODVHY8E,2025-03-15 08:25:01,2025-03-15,PRD-4DTJK0LKOXJY,CLI-LJ9CW5PUFXW8,Transfer,,6925.8,USD,,POS,,,,México,Ciudad de México,Approved,00,False,,,
TRX-P6X2WTNGLSYATTP66KHY,2025-03-15 09:26:40,2025-03-15,PRD-82X83QE3QLZR,CLI-P8I39VETVBZT,Withdrawal,,460.65,USD,,App,,,,México,Guadalajara,Approved,00,False,7.6,,
TRX-O6UYDJOBSY2UH7CEE990,2025-03-15 06:12:17,2025-03-15,PRD-VIGJ6S5ZJZK1,CLI-DUCBPTMK8KCJ,Purchase,Food,51.15,USD,,ATM,SUC-CJYLJUTF,Restaurante El Buen Sabor,Food,México,Monterrey,Approved,00,False,,,
TRX-0GXFZI0PAPSKVAJVOOKK,2025-03-15 06:13:41,2025-03-15,PRD-IZPOUH3KKEVW,CLI-I34K2SCRCU69,Purchase,Food,157807.31,ARS,450.88,App,,Restaurante El Buen Sabor,Food,Argentina,Buenos Aires,Approved,00,False,21.57,,
TRX-HS009FOFKDD2FSU6PMBQ,2025-03-15 14:28:00,2025-03-15,PRD-LNHGC17J5QC5,CLI-2SK7X3V721KX,Payment,Food,901.24,USD,,POS,,,,México,,Approved,00,False,19.76,,
TRX-8X4ICN30PUGWK8HYJQ1K,2025-03-15 21:12:11,2025-03-15,PRD-3YDQE1AK7ZAT,CLI-KZVGI24TQG8T,Withdrawal,,299.33,USD,,POS,,,,Colombia,Medellín,Approved,,False,20.77,0.8545828,
TRX-32WQRZXDV8IUA70ZAKID,2025-03-15 18:59:16,2025-03-15,PRD-YD0R5VAOR6HI,CLI-IJACSH4DIARW,Transfer,,24853511.62,COP,6213.38,POS,,,,Colombia,Cartagena,Approved,00,False,1.27,,
TRX-MJ5G5MNMPFIMF1KN82OJ,2025-03-15 22:00:05,2025-03-15,PRD-5L7EE1EDUZCL,CLI-MOM5KX5MYHX6,Transfer,,28157106.22,COP,7039.28,POS,,,,Colombia,Medellín,Approved,00,False,0.9,,
TRX-FSGJWI86RH9QQY3I275D,2025-03-15 12:30:44,2025-03-15,PRD-R2W4VXGT2YT2,CLI-I62LGX2K8V7M,Withdrawal,,203.03,USD,,ATM,SUC-8XAGRKOC,,,México,Tijuana,Approved,00,False,23.91,0.376022,0.7481648
TRX-AVGAUV8PS3TV4RCXBGB6,2025-03-16 03:30:17,2025-03-15,PRD-6SV97VWKOEVM,CLI-8XF80FHGALGS,Payment,Services,282930.62,ARS,808.37,ATM,SUC-PJ3BSV1X,,,Argentina,La Plata,Approved,00,False,,,
TRX-4NUYZ1NA9UNYSP2G8I2J,2025-03-15 22:55:22,2025-03-15,PRD-7L15WVB5UW9M,CLI-R9RXDNYXLG2S,Deposit,,3435.55,USD,,POS,,,,Argentina,Mendoza,Approved,00,False,11.7,,
TRX-ZJPW0J849GZ0HVBFV0U0,2025-03-15 15:35:48,2025-03-15,PRD-NI0S38NR1DZ7,CLI-B2A689LXI4NK,Purchase,Entertainment,417.29,USD,,ATM,SUC-9J6GQRJ4,Cine Premium,Entertainment,México,Puebla,Approved,00,False,0.32,,
TRX-U2ZJ5B3HBAL4HPXZ776E,2025-03-15 10:41:09,2025-03-15,PRD-Y18ZPE1EZM21,CLI-USQCK0J5NWP8,Payment,Other,113.76,USD,,Web,,,,México,Querétaro,Approved,00,False,27.06,,
TRX-BLYFPB540Z2W50EAJN96,2025-03-16 00:12:04,2025-03-15,PRD-HA4XMAPRQRMI,CLI-BNHXKQOKDSQP,Withdrawal,,181.15,USD,,POS,,,,México,Tijuana,Approved,00,False,29.48,,
TRX-QB5R4M7QS2SDBD4W8UUO,2025-03-15 21:00:46,2025-03-15,PRD-Y2HIWZXJ6WSJ,CLI-DEU225N5NTNV,Deposit,,4549.34,USD,,POS,,,,México,Puebla,Approved,00,False,11.98,,0.401834
TRX-4FO0L06DRVZX4RL3YK1T,2025-03-15 15:05:02,2025-03-15,PRD-GWW7YKRSDF8X,CLI-OCHWOM7SZK4P,Adjustment,,523730.19,COP,130.93,POS,,,,Colombia,Medellín,Approved,00,False,9.2,4.8616063,-73.6775347
TRX-F5CDVP3CGOFEBL5DSX0U,2025-03-15 21:40:39,2025-03-15,PRD-PLD063XHIW7Z,CLI-GHN1Z4YTSAQM,Withdrawal,,143813.93,ARS,410.9,ATM,SUC-8433QXQ4,,,Argentina,Buenos Aires,Approved,00,False,2.62,,
TRX-H0ZI2QLC1JMB7ET3YWLY,2025-03-15 17:36:40,2025-03-15,PRD-OTIEB034JV1G,CLI-8U039J9Y700B,Withdrawal,,227.8,USD,,POS,,,,México,Puebla,Approved,00,False,9.59,,
TRX-F69ORA50XG4RMFAG4QWB,2025-03-16 04:25:09,2025-03-15,PRD-384GFN2CUD1L,CLI-JZLSI8SWHVOA,Deposit,,3459.39,USD,,POS,,,,México,Tijuana,Approved,00,False,27.52,,
TRX-RNKIOVRX60D23MZS0KF8,2025-03-15 14:52:46,2025-03-15,PRD-0WUENJFAPZ0J,CLI-PBYB3HY5NJHJ,Purchase,Other,391.63,USD,,Branch,SUC-0MPZUQLJ,Boutique Moda,Other,Argentina,Rosario,Approved,00,False,28.55,,
TRX-FW0YYW0MWEHPRTLFYAR7,2025-03-15 06:36:31,2025-03-15,PRD-XFQUSL7LJZKY,CLI-BT1V9Q59PFJ0,Purchase,Other,469.96,USD,,ATM,SUC-X57ITSKO,Boutique Moda,Other,Colombia,Barranquilla,Approved,00,False,7.27,,
TRX-FE5KDVYOH2VINQQKYHMI,2025-03-15 16:52:58,2025-03-15,PRD-FJ8WTCNET8PA,CLI-9HP3GOCWQFS0,Purchase,Entertainment,271.87,USD,,Web,,Teatro Nacional,Entertainment,Argentina,Buenos Aires,Declined,14,False,21.07,,
TRX-HA9VN9YHO2V066E93JG7,2025-03-15 23:23:30,2025-03-15,PRD-8T76VXIOCUH4,CLI-YO98WU9JCXOA,Purchase,,22432.62,ARS,64.09,Branch,SUC-K32WS6T0,Empresa Telefónica,Services,Argentina,La Plata,Approved,00,False,,-34.8892036,-57.5604228
TRX-5R19N1W3FW0UREKJNACC,2025-03-15 22:48:32,2025-03-15,PRD-0D86ET6708WI,CLI-WM8NETNOJ6EN,Transfer,,9649.8,USD,,App,,,,México,Querétaro,Approved,00,False,,,
TRX-APMB8Z7SU7H46DH49S38,2025-03-15 07:20:52,2025-03-15,PRD-55VPTFIVDGGE,CLI-A20JO7TMAJDI,Withdrawal,,482.07,USD,,ATM,SUC-YZKP5AYK,,,México,Puebla,Approved,00,False,21.16,,
TRX-1GD9IAXWRJC3FS60IB45,2025-03-15 22:25:32,2025-03-15,PRD-51AM05041LTH,CLI-F7388FQZ7TN3,Payment,Services,1286.49,USD,,Transfer,,,,México,Querétaro,Approved,00,False,29.85,,
TRX-62VV96USFH5RH5DBNIZC,2025-03-16 02:57:01,2025-03-15,PRD-WY271T0NBZTG,CLI-1XEUWSC9VLNC,Withdrawal,,114.76,USD,,POS,,,,México,Monterrey,Approved,00,False,12.75,,
TRX-FROUVQX65SWARW2UAIN0,2025-03-15 23:13:26,2025-03-15,PRD-NVJRUKS9C5F8,CLI-9399ZB72XJEO,Transfer,,6609.68,USD,,App,,,,México,Querétaro,Approved,00,False,19.54,,
TRX-GG2CVMB71BH8GNM6DE1L,2025-03-15 23:26:00,2025-03-15,PRD-LVNLVBM542I5,CLI-C49QTK8Y3725,Withdrawal,,42.57,USD,,ATM,SUC-T4RE29NP,,,México,Guadalajara,Approved,00,False,,,
TRX-UZREA62PNQE09UPP76BD,2025-03-16 01:09:20,2025-03-15,PRD-NJCCLM3KDV5C,CLI-L1ESZABGBVZA,Purchase,Other,371.46,USD,,POS,,Ferretería,Other,México,,Approved,00,False,,,
TRX-33S6LDPHMDYTMQNTFLX6,2025-03-15 08:03:03,2025-03-15,PRD-IWWFFIGVPLLU,CLI-BDJYCPHL7133,Deposit,,2351.39,USD,,Web,,,,México,Monterrey,Approved,,False,,,
TRX-BWWMAU4RP1SLUQ152QJC,2025-03-15 07:44:19,2025-03-15,PRD-FRV5WVK5UPNU,CLI-2S3DWRTIZVR8,Withdrawal,,256.25,USD,,POS,,,,México,Monterrey,Approved,00,False,13.39,,
TRX-94O9R60AN5Q7TWH2OAS5,2025-03-16 05:03:18,2025-03-15,PRD-EWCUM5M5MOKM,CLI-6D8BL5JIUJAL,Payment,Food,2160531.15,COP,540.13,ATM,SUC-HTV8A64G,,,Colombia,Cali,Approved,00,False,21.87,3.7770173,-74.5088739
TRX-QQ8QCYKKK4CXXTC48F2T,2025-03-15 16:08:16,2025-03-15,PRD-COQLI7M33SG5,CLI-L1NSK73MDEXT,Purchase,Other,430.7,USD,,ATM,SUC-4CNRVPYL,Ferretería,Other,Colombia,Cali,Approved,00,False,15.99,0.792726,0.851306
TRX-7RYJV4XBVEZAAQT2N0BQ,2025-03-15 07:15:53,2025-03-15,PRD-88IEB4ERPPNU,CLI-53AMH9TZ5ETK,Transfer,,1215460.45,ARS,3472.74,POS,,,,Argentina,Rosario,Approved,00,False,21.05,,
TRX-OFVMONJCCVK63XZBQXHH,2025-03-15 11:19:12,2025-03-15,PRD-VPK40J9VM2KC,CLI-475LB9BNPQEG,Payment,Food,953.83,USD,,ATM,SUC-JDSJM3BZ,,,México,Ciudad de México,Approved,00,False,8.58,,
TRX-XV9ALWS2INWHSPP7TO8Z,2025-03-16 00:17:10,2025-03-15,PRD-XC5NM4CPHIMJ,CLI-WIBKH52J5OKR,Purchase,Other,279.0,USD,,ATM,SUC-XT96PBC0,Boutique Moda,Other,México,Monterrey,Approved,00,False,11.78,,
TRX-MHQW9JUW4UYKMWLBVAER,2025-03-15 17:32:05,2025-03-15,PRD-6ZGTC7EG6IG0,CLI-4PX6TC3O6YUW,Transfer,,1585.5,USD,,ATM,SUC-ZAMLQY77,,,México,Tijuana,Approved,,False,15.34,0.7777984,-0.670964
TRX-E770FWRQCRNODGYIQA1D,2025-03-16 02:10:05,2025-03-15,PRD-6KPOM7SBOUJX,CLI-W4I6LLL3TQC6,Adjustment,,241.01,USD,,POS,,,,México,Tijuana,Approved,00,False,,,
TRX-AVHMKVXCFR38HKB666M6,2025-03-15 22:11:24,2025-03-15,PRD-5VUQN5R1T4CU,CLI-YT18WP1U6I1K,Withdrawal,,40.82,USD,,Web,,,,México,Monterrey,Approved,00,False,20.41,,
TRX-VAOT6XE38M6JC87FZHM3,2025-03-15 21:08:49,2025-03-15,PRD-T8GYMPT3XUW3,CLI-CJ5248IKZLDE,Withdrawal,,750682.13,COP,187.67,ATM,SUC-LBZFJAU6,,,Colombia,Medellín,Approved,00,False,,,
TRX-C59QBYSSH9KFSOWLWUVY,2025-03-15 08:04:23,2025-03-15,PRD-POCQKP6AD8CZ,CLI-2Y4N1J3M46NY,Withdrawal,,204.01,USD,,POS,,,,México,Puebla,Approved,00,False,1.84,-0.0598038,0.7365529
TRX-31GWIZQ0PLR62T0Z1XDR,2025-03-16 04:32:47,2025-03-15,PRD-6RP4AJ3WO6EG,CLI-JL3AIGGV4AQG,Transfer,,2444.27,USD,,POS,,,,México,Tijuana,Reversed,51,False,1.01,,
TRX-UW9H6NGBBH3H4M4PR1JI,2025-03-15 09:58:57,2025-03-15,PRD-85Z3BFHNO326,CLI-U2L4TV9AXCUW,Withdrawal,,1507509.11,COP,376.88,Web,,,,Colombia,Medellín,Declined,51,False,10.78,,
TRX-W1VFW4Y0JSSHL2C3XS6Z,2025-03-15 17:52:55,2025-03-15,PRD-L6PBYO2UKYFC,CLI-TM4DY33A9A0I,Withdrawal,,1839616.39,COP,459.9,Transfer,,,,Colombia,Bogotá,Approved,,False,20.88,,
TRX-8Z7MDF6RY54383PAYIQS,2025-03-15 21:11:01,2025-03-15,PRD-L9EICK0AR0LQ,CLI-59K4RE03QGTQ,Transfer,,8733.38,USD,,Web,,,,México,Puebla,Approved,,False,18.89,,
TRX-7LO17L6LD1LUHNOH4DR5,2025-03-16 04:29:10,2025-03-15,PRD-ZVIV4IDO11X3,CLI-1GVXSCYSRGEN,Deposit,,1077407.33,COP,269.35,Web,,,,Colombia,Medellín,Approved,00,False,6.93,,
TRX-U5950F8SHPZTQ56V9ETF,2025-03-15 18:55:00,2025-03-15,PRD-ZIJVEPV6LM82,CLI-ZRZIR3P1VCB4,Deposit,,7976037.09,COP,,ATM,SUC-CG5XPAZU,,,Colombia,Cartagena,Approved,00,False,13.72,,
TRX-509OIH2S93LHFNTLP7J3,2025-03-15 10:55:23,2025-03-15,PRD-ZNSBTOWHINIF,CLI-J0ZC9S14BHPE,Withdrawal,,107995.48,ARS,308.56,ATM,SUC-ISVYMZP9,,,Argentina,Mendoza,Approved,00,False,12.29,,
TRX-QR2TZYQUS095AFY75OIU,2025-03-16 04:19:14,2025-03-15,PRD-KNVBDI7DOOWM,CLI-HG1AWNT0UZU8,Deposit,,1034837.37,ARS,2956.68,POS,,,,Argentina,,Approved,00,False,26.24,,
TRX-71AC21E62RTRUESSW9OG,2025-03-15 14:16:27,2025-03-15,PRD-CFYUNOWD4TA3,CLI-ASWOLNWFVNJ0,Payment,Food,925.42,USD,,ATM,SUC-5FCLNF9U,,,México,Guadalajara,Approved,00,False,9.97,0.5984986,-0.6801684
TRX-4DTZUMHQ8OL6KFHYDECS,2025-03-15 22:41:45,2025-03-15,PRD-1O1O58NAUBU0,CLI-1S1QEOYVEJBD,Purchase,Other,466.78,USD,,ATM,SUC-8HPG0AE8,Centro Comercial,,México,Ciudad de México,Approved,00,False,7.96,,
TRX-TG4ZU0KDYX541SGWEDSZ,2025-03-15 18:15:13,2025-03-15,PRD-GPY0WY22M5SP,CLI-C730EOKDAYA3,Purchase,Entertainment,134.54,USD,,POS,,Cine Premium,Entertainment,México,Querétaro,Approved,00,False,6.57,0.2418909,0.4389162
TRX-LIBR15AE42Y3S4Z3L9VU,2025-03-16 04:20:58,2025-03-15,PRD-97FEJM3VJ2HL,CLI-YUWEBE4UHN26,Deposit,,1682.43,USD,,Web,,,,México,,Approved,00,False,26.88,,
TRX-RA80KL94PLEOMG2CX6TU,2025-03-15 10:40:08,2025-03-15,PRD-OW23I3FM1P7C,CLI-RCWI9Z3VGME3,Purchase,Other,38.11,USD,,POS,,Tienda General,Other,México,Tijuana,Approved,00,False,,-0.261529,
TRX-L32YQKDWJZDLRZ2FO886,2025-03-15 09:19:05,2025-03-15,PRD-NF1VSR8L18S1,CLI-X4GYOPWN1086,Purchase,Other,99596.75,ARS,284.56,Web,,Boutique Moda,Other,Argentina,Córdoba,Approved,00,False,26.96,,
TRX-ZSUALJHK1HKD0G30W9M4,2025-03-15 20:28:53,2025-03-15,PRD-S6T92Q1AYIKA,CLI-23XU4NZYP49F,Purchase,Services,410.45,USD,,Web,,Servicios Públicos,Services,Mexico,Guadalajara,Approved,00,False,7.7,,
TRX-VJNQBUCF3HUA85X9XLI2,2025-03-15 22:10:27,2025-03-15,PRD-7CKN45H4GLG2,CLI-C3W3QLGI9AYC,Transfer,,4595400.66,COP,1148.85,ATM,SUC-O4G07J7I,,,Colombia,,Approved,00,False,8.78,,
TRX-TVQA0GZUUB06BLB964PK,2025-03-15 19:37:10,2025-03-15,PRD-K6J7CVB97FUG,CLI-MNWFH3IEDS18,Payment,Transport,1117.89,USD,,ATM,SUC-KNGCTTUB,,,México,Tijuana,Approved,00,False,28.06,,
TRX-7LMKD1XBXGX9I5L4WJ6V,2025-03-15 11:57:18,2025-03-15,PRD-VMB5I4O3V3YH,CLI-A2K3MNSYHNM7,Purchase,Food,1299601.76,COP,324.9,Web,,Restaurante El Buen Sabor,Food,Colombia,Cartagena,Approved,00,False,15.28,,
TRX-GV1U72P0QUMT711MXDCK,2025-03-15 16:47:56,2025-03-15,PRD-J29KBTHG7XAW,CLI-JT1FVFM7PB7I,Withdrawal,,410484.01,COP,102.62,POS,,,,Colombia,Cartagena,Approved,00,False,24.32,5.2372214,-73.3259508
TRX-HPUQHOOSOFJH51U3DEZG,2025-03-15 14:41:13,2025-03-15,PRD-62NYSPM0BJLL,CLI-B2X10T5SA66M,Deposit,,4008.36,USD,,App,,,,México,Puebla,Approved,00,False,,,
TRX-Y7NFWGMQFJN5YHWKSAQJ,2025-03-15 21:52:57,2025-03-15,PRD-9WRXSFL01SBH,CLI-OWJHH7882EBT,Transfer,,1065781.77,ARS,3045.09,App,,,,Argentina,Rosario,Approved,00,False,6.36,,
TRX-MSD4GK70V4RD06Q3A1B1,2025-03-15 13:14:16,2025-03-15,PRD-EYLVN2VSIIV7,CLI-FDS7LUVP8AKH,Payment,Other,1033.93,USD,,POS,,,,México,Tijuana,Pending,51,False,20.73,,
TRX-2GLMD9M7OBMD3ZNEU74Z,2025-03-15 13:02:48,2025-03-15,PRD-648UOSJQ1XSX,CLI-2SLYARC6H26K,Purchase,Health,306.46,USD,,ATM,SUC-JGJN78RV,Farmacia Salud,Health,México,Monterrey,Approved,00,False,27.29,,
TRX-8TVOG5SQPO8IFDNGK7IP,2025-03-16 05:24:24,2025-03-15,PRD-3HDPP8MIVSMI,CLI-S40SR5GUULFM,Purchase,Food,1753944.43,COP,438.49,Web,,Tienda Don José,Food,Colombia,Barranquilla,Approved,,False,17.84,,
TRX-6941G35FGR2SWTWB9653,2025-03-15 11:59:09,2025-03-15,PRD-D5S1R6IL23ZP,CLI-Z1GBDSPMZ0PZ,Withdrawal,,38.02,USD,,Web,,,,México,Tijuana,Approved,00,False,4.24,,
TRX-I1S5QRVUPNBNJCNIY9R0,2025-03-15 12:27:03,2025-03-15,PRD-C3X7N745I4UY,CLI-LQ1MOUWUZ7ED,Deposit,,1589.72,USD,,POS,,,,México,Puebla,Approved,00,False,25.03,,
TRX-HXD03CIJGCTYDB21LYKF,2025-03-15 13:45:13,2025-03-15,PRD-DQ6Q2V8C5GNE,CLI-Y59Z8MMD5FQI,Purchase,Food,93.19,USD,,POS,,Super Ahorro,Food,Colombia,Medellín,Approved,00,False,6.43,-0.9671179,-0.8891143
TRX-PX2W4BQXRMJM8KT46W8S,2025-03-15 16:10:32,2025-03-15,PRD-7E3YM82KFVA2,CLI-8ULBHJSRLDAO,Purchase,Food,38.99,USD,,ATM,SUC-JYU0POJ9,Restaurante El Buen Sabor,Food,México,Querétaro,Approved,00,False,0.48,-0.7579717,0.1605665
TRX-QFRP1LBGSF2CRLO5TWD3,2025-03-15 09:50:44,2025-03-15,PRD-QXZKEUN4W395,CLI-O9ZNQ6SQLWDC,Deposit,,983.91,USD,,ATM,SUC-I8M9CS2Y,,,México,Querétaro,Approved,00,False,,-0.5519456,0.1890174
TRX-RLXFBBSTK4N5IDWTFIY0,2025-03-16 00:25:23,2025-03-15,PRD-GFW38POXF7H2,CLI-N72KGPGK6UZT,Transfer,,17362125.43,COP,4340.53,POS,,,,Colombia,Medellín,Approved,00,False,18.9,,
TRX-0V5WODC92MQXAFRL31JU,2025-03-15 22:01:10,2025-03-15,PRD-JZDF5ZZ1MX33,CLI-GG9JX5WOII55,Deposit,,4267753.75,COP,1066.94,Web,,,,Colombia,Cali,Approved,00,False,22.48,,
TRX-9JVOJLPRULTG78518248,2025-03-15 12:04:51,2025-03-15,PRD-B8IBF1465J6O,CLI-WOHUOIQMBYOA,Payment,Food,380979.17,ARS,1088.51,POS,,,,Argentina,,Approved,00,False,4.19,,
TRX-88DVPLXEBHXKQJAIQSB0,2025-03-16 02:19:55,2025-03-15,PRD-C49M0TW5XSOR,CLI-ZWE5CK250U85,Withdrawal,,1272571.55,COP,318.14,ATM,SUC-I7CB5PA8,,,Colombia,Cali,Approved,00,False,20.69,3.926492,-73.5628769
TRX-7EEM74ZEONG6QI2A7J5Z,2025-03-15 14:03:49,2025-03-15,PRD-UVUG9J8260SR,CLI-NGRD0XPYVUV3,Transfer,,20183484.14,COP,5045.87,Web,,,,Colombia,Medellín,Pending,05,False,21.27,,
TRX-B6C56QCE9NGYP9VRP6YR,2025-03-16 00:40:31,2025-03-15,PRD-HR1JGRU05MSK,CLI-BYW0Y1WRJ98J,Purchase,Transport,116618.45,ARS,333.2,ATM,SUC-C1OF9350,Uber,Transport,Argentina,La Plata,Approved,00,False,,,
TRX-FTL5B73T903FQEBM76YS,2025-03-16 02:32:08,2025-03-15,PRD-WCB0ZGUOE6SF,CLI-AU5OGZAGWKWB,Payment,Food,7760555.95,COP,1940.14,POS,,,,Colombia,Cali,Approved,00,False,,,
TRX-QVWLSNE73HSOGFOLRLM6,2025-03-16 01:50:05,2025-03-15,PRD-UP7X4HOYAX40,CLI-WHFEHOYL8ZVC,Purchase,Services,196.98,USD,,POS,,Cable TV,Services,México,Guadalajara,Approved,00,False,4.63,0.5826498,0.4390847
TRX-K28FXZVL3ZUCF5T5UHGQ,2025-03-15 11:30:00,2025-03-15,PRD-NX04TM8NJPB7,CLI-3FT65WMHBYP9,Withdrawal,,9694.42,ARS,27.7,App,,,,Argentina,Mendoza,Approved,00,False,18.3,,
TRX-XREL6HSCNS1NHUJNXM9C,2025-03-16 03:28:19,2025-03-15,PRD-92LORV1E6EBO,CLI-MXATCFWW7J8H,Payment,Other,2556976.25,COP,639.24,POS,,,,Colombia,Cartagena,Approved,00,False,,,
TRX-04KUD5LMWY2O8HMD9OQ2,2025-03-15 14:41:37,2025-03-15,PRD-1Q68CIWYF37Q,CLI-CJQ63SKLUU20,Transfer,,8202.83,USD,,ATM,SUC-RF3372LI,,,México,Querétaro,Approved,00,False,5.61,,
TRX-CDX64AQZ1YZSSFNJZO32,2025-03-16 04:18:22,2025-03-15,PRD-MOU8LRNHWA6J,CLI-TG7USIQXZ4GV,Withdrawal,,281.65,USD,,App,,,,México,Monterrey,Approved,00,False,29.27,,
TRX-K7BX5FQFJAPZW3LLNPDG,2025-03-15 21:03:01,2025-03-15,PRD-44FLPQLH2V93,CLI-BBP83G369IE0,Payment,Food,4609989.32,COP,1152.5,POS,,,,Colombia,Cartagena,Approved,00,False,25.32,,
TRX-Q08INUGWMNYPSLQQ32CT,2025-03-16 04:02:52,2025-03-15,PRD-JQ0F74UNJT2D,CLI-HS8E570B1APV,Deposit,,12238415.51,COP,3059.6,ATM,,,,Colombia,Bogotá,Approved,00,False,3.76,5.3226789,-73.127259
TRX-TAPO9J8O1G0C4W47H7AH,2025-03-15 06:03:21,2025-03-15,PRD-I4BM22M12LGN,CLI-SH0CYL7Z0I6H,Purchase,Entertainment,158385.53,ARS,452.53,App,,Cine Premium,Entertainment,Argentina,Rosario,Approved,00,False,,,
TRX-2DLNZ9HJVWCD7M86OTTF,2025-03-15 11:25:17,2025-03-15,PRD-XHYFMLMSMBMJ,CLI-EU39I86JP5NM,Purchase,Health,325.47,USD,,ATM,SUC-P92DIW6S,Farmacia Salud,Health,México,Puebla,Approved,00,False,16.78,,
TRX-M0GH61E4FS2424QYEQQS,2025-03-15 17:42:02,2025-03-15,PRD-2LQHUPIANK6F,CLI-IT8OKM8L76U4,Payment,Food,214761.32,COP,,App,,,,Colombia,Cali,Approved,00,False,14.07,,
TRX-AGQCG0EGY1ZMM5A9HBXA,2025-03-15 18:31:06,2025-03-15,PRD-VR3QVPETJ2KZ,CLI-R9D8JWCO1SFG,Payment,Other,994.33,USD,,POS,,,,México,,Approved,00,False,28.98,,
TRX-DKCGI5V07ZQORUY9HAZW,2025-03-15 22:58:00,2025-03-15,PRD-DIDOPLVQMIOY,CLI-6XAT8HUZ3B5V,Adjustment,,304948.06,ARS,871.28,Branch,SUC-MAWPQ7HZ,,,Argentina,Córdoba,Approved,00,False,5.72,,
TRX-JAVN4OYSCBMQLMOS0NOL,2025-03-15 23:55:28,2025-03-15,PRD-868BWS3MB85T,CLI-FNMLOTE8F8DM,Payment,Health,158.47,USD,,POS,,,,México,Ciudad de México,Approved,00,False,15.44,,
TRX-5M7VMPP6KB90WVLD4PYW,2025-03-15 14:09:54,2025-03-15,PRD-A03LJC90H44H,CLI-K6IPDUC9S7XS,Withdrawal,,174.01,USD,,ATM,SUC-3DCC91G4,,,México,Guadalajara,Approved,00,False,9.48,-0.7492648,
TRX-JYF6Q0K3IUHBY3XDZL9G,2025-03-15 11:25:01,2025-03-15,PRD-HBNY6I6QXG7U,CLI-6ARXP4QIJH70,Withdrawal,,114.44,USD,,App,,,,México,Ciudad de México,Approved,00,False,11.67,,
TRX-AJFSTAIIU2ZW8EX8E19P,2025-03-16 02:25:35,2025-03-15,PRD-73IMBDOGFT9N,CLI-TZD1ZCJHJBM5,Transfer,,6014.52,USD,,App,,,,México,Puebla,Approved,00,False,1.24,,
TRX-7TSFVQ3XG6P9CWFET18M,2025-03-15 13:10:27,2025-03-15,PRD-VN270Q0YDJKU,CLI-43T5QOEJ0NZU,Withdrawal,,47500.22,ARS,135.71,App,,,,Argentina,Rosario,Approved,00,False,21.4,,
TRX-44KAOFLVV5KHPWI08Q85,2025-03-16 04:09:07,2025-03-15,PRD-23AKBLJA3D1S,CLI-J6V111YUZZ5U,Transfer,,1174962.67,ARS,3357.04,POS,,,,Argentina,Rosario,Approved,00,False,5.3,,
TRX-G4JGMAG30G8MMPP1DIU1,2025-03-15 20:33:30,2025-03-15,PRD-XYB8XVXG0U8R,CLI-WM7V42SG5VM1,Purchase,Entertainment,226.87,USD,,Branch,SUC-PUPXM7MA,Streaming Music,Entertainment,México,Querétaro,Approved,00,False,5.38,,
TRX-3SWZ436D43H2QRUAM7C3,2025-03-15 13:48:38,2025-03-15,PRD-8FPXSTM9BE7U,CLI-CX405E8NXJB1,Withdrawal,,83.39,USD,,App,,,,Argentina,Mendoza,Approved,00,False,1.39,,
TRX-NK3EV15362ZA9SABLH9J,2025-03-16 00:56:36,2025-03-15,PRD-DRRX67FL25L3,CLI-W6TGYXWD1OZZ,Withdrawal,,263.37,USD,,POS,,,,México,Tijuana,Approved,00,False,10.42,,
TRX-1LNC98BVNNAWNAFI6379,2025-03-15 14:32:00,2025-03-15,PRD-TLWF8LK7I81Z,CLI-VNZFS3C615HY,Deposit,,696458.55,ARS,,App,,,,Argentina,Mendoza,Approved,00,False,16.97,,
TRX-XXZTJ1LNKF8RIC76PBIM,2025-03-15 21:13:44,2025-03-15,PRD-MZOFFK7SAPTC,CLI-ZSMJ98JTBMY0,Purchase,Services,112.87,USD,,Branch,SUC-SCFDICUT,Cable TV,Services,México,Guadalajara,Approved,00,False,,-0.6958235,-0.0604257
TRX-2FM2G1WEU7M70UZJNSFK,2025-03-15 19:14:19,2025-03-15,PRD-S6ECFLV4Z0OY,CLI-Q6NWC8QR61WT,Payment,Services,258.54,USD,,POS,,,,México,Querétaro,Approved,00,False,14.82,,
TRX-B8UOVJMVQCEOWLYNA6KU,2025-03-15 10:54:17,2025-03-15,PRD-0X22ULWECW6D,CLI-XZWZHSNCMV6F,Transfer,,30666005.5,COP,7666.5,ATM,SUC-22RCTEVV,,,Colombia,Cartagena,Approved,,False,14.95,,
TRX-MP594QX7EXL2L3MZPMXB,2025-03-15 22:50:21,2025-03-15,PRD-A0KQ8NWZ52VY,CLI-M5I52QEVSTYG,Purchase,Transport,154.96,USD,,POS,,Estación de Servicio,Transport,México,Monterrey,Approved,00,False,21.28,0.9605863,-0.5587235
TRX-9RNR31EBW0WYC2C5BBFT,2025-03-15 08:16:13,2025-03-15,PRD-45MLMLHTBUP8,CLI-N2WU2E1VXD2N,Transfer,,24801617.57,COP,6200.4,POS,,,,Colombia,Cartagena,Approved,00,False,2.28,4.9693149,-74.9866882
TRX-9U5FBT6SUXRKX1S8X5I5,2025-03-15 23:34:44,2025-03-15,PRD-56CSJ6QB901E,CLI-0BDGF97NPDIQ,Purchase,Entertainment,49.21,USD,,App,,Teatro Nacional,Entertainment,Argentina,Rosario,Approved,00,True,41.99,,
TRX-8JMRMSKKDR344DHZHKB7,2025-03-15 08:03:36,2025-03-15,PRD-YG3V7P9V5TZZ,CLI-UNE94GSK8QS2,Purchase,Entertainment,495.27,USD,,POS,,Conciertos Live,Entertainment,México,Guadalajara,Approved,00,False,24.31,-0.0049166,0.9059959
TRX-TKCELIXMYX7T9PW2EGHI,2025-03-15 22:54:11,2025-03-15,PRD-43XPOI4QA2G8,CLI-XDV5S0IV9982,Withdrawal,,270284.18,COP,67.57,POS,,,,Mexico,Monterrey,Approved,00,False,28.66,,
TRX-BNYWZPG9TD62OCURBS5X,2025-03-15 15:43:16,2025-03-15,PRD-8Z4YYWJ607C2,CLI-4KXXC3VZ8JCU,Purchase,Entertainment,36.2,USD,,Web,,Streaming Music,Entertainment,México,Ciudad de México,Pending,54,False,27.52,,
TRX-BAWO53OFKHTFXPQFT9C6,2025-03-15 18:40:02,2025-03-15,PRD-BWTW7TLI86SN,CLI-S0KGGEB1TULH,Purchase,Transport,183.73,USD,,POS,,Taxi Seguro,Transport,México,Puebla,Pending,05,False,13.2,0.3476801,0.2661452
TRX-NOD93FR7GAZ7W1PZXFJH,2025-03-15 19:34:18,2025-03-15,PRD-S3ZD7MDK8Z3Z,CLI-9QZERH36Q4BR,Transfer,,4927.15,USD,,POS,,,,México,Puebla,Approved,,False,7.94,,
TRX-ZQFJXRRHVA7IRMVDMXSG,2025-03-16 05:08:24,2025-03-15,PRD-3UZVQE6QQO54,CLI-TUB02TPI9Q26,Withdrawal,,139301.62,COP,34.83,POS,,,,Colombia,Barranquilla,Approved,00,False,11.8,,
TRX-44G0Z8OYD3TE2TPCAI5G,2025-03-15 15:24:23,2025-03-15,PRD-CGTK8TTDW2KW,CLI-7QDNJM86JJEW,Deposit,,388.51,USD,,POS,,,,México,Ciudad de México,Approved,00,False,26.91,,
TRX-SOQBXYI6P2XKPXT79Y1I,2025-03-16 03:15:42,2025-03-15,PRD-JCIBORH8KGQQ,CLI-R8TZB6JBD050,Purchase,Health,1192501.41,COP,298.13,POS,,Óptica Visión,Health,Colombia,Barranquilla,Approved,00,False,,,
TRX-MLJMYCY06M3DNIUKP6ZA,2025-03-15 09:47:45,2025-03-15,PRD-QQB5KLK404CA,CLI-E499BHD2PN89,Purchase,Transport,305.4,USD,,ATM,SUC-8RYAQ0NO,Estación de Servicio,Transport,México,Puebla,Approved,00,False,,,
TRX-MU42OS0QFTJ10F9K4HVB,2025-03-15 22:55:17,2025-03-15,PRD-AR8W6UT7LR17,CLI-HNMAHIA1I3N8,Transfer,,9434.84,USD,,Web,,,,México,Puebla,Approved,00,False,9.2,,
TRX-VCOLT9EBY6IGINOYGJRQ,2025-03-16 02:21:11,2025-03-15,PRD-T5COCA2BDENP,CLI-YN04TG0RANSX,Transfer,,13970872.94,COP,3492.72,POS,,,,Colombia,Cartagena,Approved,00,False,17.25,,
TRX-XR1QA4PFYTP1EKG717ZK,2025-03-15 18:12:43,2025-03-15,PRD-ZRQB09Z7X3YY,CLI-IB8W04U8OLZ8,Purchase,,68.35,USD,,ATM,,Teatro Nacional,Entertainment,México,Guadalajara,Approved,00,False,5.94,,
TRX-ICHZ0TPC9TQG2SQR8SZ1,2025-03-16 01:59:45,2025-03-15,PRD-JODWNK7362H0,CLI-9W2Y7AYGXOUG,Purchase,Food,237.87,USD,,ATM,,Tienda Don José,Food,México,Ciudad de México,Approved,00,False,19.98,,
TRX-UJ9CG9LZ0264R07ZFR4R,2025-03-15 06:27:31,2025-03-15,PRD-USSKV9S5TULH,CLI-ZKE3HNWN1BRY,Payment,Services,600926.42,COP,150.23,POS,,,,Colombia,Bogotá,Approved,,False,24.75,4.1857337,
TRX-FHBDH68G443A36WJFSTB,2025-03-15 09:47:02,2025-03-15,PRD-81IVBO7QEPPE,CLI-QCVPPS5AA15R,Purchase,Health,399.24,USD,,ATM,SUC-J532XZ5B,Óptica Visión,Health,México,Puebla,Approved,00,False,3.92,0.8384976,0.3746256
TRX-LPBRXMJ40UN80IUWW0YO,2025-03-15 19:04:18,2025-03-15,PRD-4YX5662GP2H0,CLI-8B5AWH3OJTY5,Deposit,,4489.4,USD,,ATM,SUC-DL6TAAQL,,,México,Ciudad de México,Approved,00,False,14.19,,
TRX-RCH6D6Q331CLMW7UHHK6,2025-03-15 23:02:30,2025-03-15,PRD-1NYM9IYKX8D6,CLI-FVXDP9BS8CSN,Transfer,,2087392.58,ARS,5963.98,POS,,,,Argentina,Mendoza,Reversed,05,False,23.82,,
TRX-4KHQX6I162EZGPCPUJ94,2025-03-15 08:58:55,2025-03-15,PRD-35BVOIQVUILB,CLI-OOHXEUP2VVAG,Purchase,Services,471.33,USD,,POS,,Internet Plus,Services,México,Monterrey,Approved,00,False,16.29,,
TRX-KAQN5CU2CJKI2KPU8CJW,2025-03-15 12:26:05,2025-03-15,PRD-VFNNKJDZHH78,CLI-UP644UIVB93R,Payment,Transport,485.31,USD,,POS,,,,México,Querétaro,Approved,00,False,21.32,,
TRX-X4VZOSHIVJ4W9DBYS7MU,2025-03-15 23:24:47,2025-03-15,PRD-BGKI3H3IEM6I,CLI-0CNYA1GA8P1T,Payment,Services,693.67,USD,,POS,,,,México,,Approved,00,False,26.18,,
TRX-OETJVE40R01WFB48EBSX,2025-03-15 21:31:47,2025-03-15,PRD-53GTP2JOJ84G,CLI-MPI3BORLL261,Withdrawal,,425.33,USD,,POS,,,,Argentina,La Plata,Approved,00,False,12.4,,
TRX-6KE98MWSFV6KW8NR0QN8,2025-03-15 10:54:33,2025-03-15,PRD-RDXFFET64622,CLI-CSRGLZYGQER3,Transfer,,21002609.21,COP,5250.65,App,,,,Colombia,Cali,Approved,00,False,27.56,,
TRX-2K0IY00V07PI55T1DEYS,2025-03-15 17:34:24,2025-03-15,PRD-ME51XMQYY84P,CLI-3856461C3DMC,Transfer,,6120.55,USD,,POS,,,,México,,Approved,00,False,3.79,,
TRX-ZBZ8Y5MW7XM58WLUG3X3,2025-03-15 07:03:00,2025-03-15,PRD-AZKQK1WRA8N5,CLI-4RZADFR13J85,Purchase,Entertainment,76.84,USD,,ATM,SUC-E4V48SY3,Streaming Music,Entertainment,México,Querétaro,Approved,00,False,12.07,,
TRX-ECMU7O6D4YUFJOL8BJW3,2025-03-15 13:45:32,2025-03-15,PRD-0EJM30RKTTD3,CLI-2M7DW0M2HVOV,Purchase,Health,1750014.22,COP,437.5,App,,Óptica Visión,Health,Colombia,Barranquilla,Approved,00,False,,,
TRX-6OVBXPYHH80UYJLBT3XS,2025-03-15 17:25:11,2025-03-15,PRD-U3TRUWDKR7SO,CLI-MKQV1DGCX41T,Withdrawal,,322.58,USD,,ATM,SUC-5FDGLKJX,,,México,Guadalajara,Declined,14,False,21.23,,
TRX-UG0UILL2MLSGCB5SNX8N,2025-03-15 09:19:39,2025-03-15,PRD-ELOONDOSH0ZS,CLI-ELT30GLKPQ21,Purchase,Other,1828292.15,COP,457.07,Web,,Tienda General,Other,Colombia,Bogotá,Approved,00,False,12.67,,
TRX-OTZCVJ4VKTFHG5MKOJ8U,2025-03-15 12:39:43,2025-03-15,PRD-9S8O08WWDMBU,CLI-DL29KV545KKU,Withdrawal,,36994.7,ARS,105.7,ATM,SUC-6M2HY1ZX,,,Argentina,,Pending,51,False,,,
TRX-TPBM6SUGUW6DMVCREUDF,2025-03-15 20:36:08,2025-03-15,PRD-UI6SL8G6QPAW,CLI-2UNSZ68USIVQ,Withdrawal,,441.77,USD,,ATM,SUC-COPO2MJ8,,,México,,Approved,00,False,6.79,,
TRX-06KCH34H48RY83CNDHC1,2025-03-15 15:53:09,2025-03-15,PRD-NCGQ91VTOQ6U,CLI-OCOQB150CYZ8,Purchase,Food,146.15,USD,,ATM,SUC-7TVQFT2O,Tienda Don José,Food,México,Monterrey,Approved,00,False,26.07,,
TRX-EP85NSJW1DKKJK4MRQDW,2025-03-16 03:51:25,2025-03-15,PRD-EI5NVHJQA9Q6,CLI-WF9RP5KS8FI3,Purchase,Entertainment,68.25,USD,,Web,,Conciertos Live,,México,Tijuana,Approved,00,False,22.56,,
TRX-BXH24U5MH45IDD83A1SU,2025-03-16 05:06:16,2025-03-15,PRD-Q904MJDHGK8B,CLI-QCCEFZOG2IHX,Payment,Transport,1480.5,USD,,POS,,,,México,,Approved,00,False,16.35,-0.6461812,
TRX-9NBSFN7FB0XGFAB94Y7V,2025-03-16 05:23:39,2025-03-15,PRD-346SDZO4U2YN,CLI-RS5VLJK1Y95O,Deposit,,3123.91,USD,,App,,,,México,Tijuana,Approved,00,False,14.36,,
TRX-PFYLPEAMBNMJ62RIAPHW,2025-03-15 07:28:53,2025-03-15,PRD-XN8O1FA18VT7,CLI-ZOETSK3ZX6TZ,Withdrawal,,1385816.48,COP,,POS,,,,Colombia,Medellín,Approved,00,False,15.81,,
TRX-JNF1ZMXQI427U5E5M218,2025-03-15 09:37:28,2025-03-15,PRD-S6PSFN5IUSJ9,CLI-OQKG5CAX9CHE,Deposit,,8431341.33,COP,2107.84,App,,,,Colombia,Cali,Approved,00,False,16.46,,
TRX-4PEAMN6JVQ3RENLNRZJA,2025-03-15 11:20:32,2025-03-15,PRD-VSY05HK3FYXN,CLI-99QC68X8TT0K,Transfer,,6136.17,USD,,Branch,SUC-BDUHNO9T,,,Argentina,Córdoba,Approved,00,False,25.45,,
TRX-HUR4XZC2CW0SJZ4KUKIL,2025-03-16 02:52:54,2025-03-15,PRD-I6XJ3JPG5VRQ,CLI-2B1QDLINMVVK,Withdrawal,,432543.55,COP,108.14,POS,,,,Colombia,Medellín,Approved,00,False,20.74,4.3735717,-73.262623
TRX-FUH1BU7P9F3UR0IKA1GY,2025-03-15 20:58:39,2025-03-15,PRD-TMW99WCKICUM,CLI-90ZMHVXCHJV9,Transfer,,33318188.98,COP,8329.55,App,,,,Colombia,Cartagena,Approved,00,False,,,
TRX-JI2CCS76AC0X6331Z24X,2025-03-15 10:42:40,2025-03-15,PRD-7QT7OUPTA7BX,CLI-3R6RBZI08HY3,Transfer,,1841.98,USD,,App,,,,México,,Approved,00,False,,,
TRX-Q2GAOSGAAEA060TDNYWQ,2025-03-15 09:43:26,2025-03-15,PRD-YWWQ65Q0CP64,CLI-MTPLXN3IBX1E,Payment,Other,1325.64,USD,,POS,,,,México,Puebla,Approved,00,False,25.77,,
TRX-NS2SYBPTEGWZ7BGOYXS0,2025-03-15 16:07:08,2025-03-15,PRD-UVRFCG6Z8F17,CLI-5FVTJ3FY41R4,Transfer,,176.57,USD,,POS,,,,México,Puebla,Approved,00,False,8.42,-0.7388206,0.6928239
TRX-EKH76TFTPH5QNP58PKUB,2025-03-16 01:55:19,2025-03-15,PRD-SEHCB3HLRDC9,CLI-MM2YQHTKT84N,Transfer,,6569.72,USD,,POS,,,,México,Querétaro,Reversed,54,False,29.56,,
TRX-9T4WKCBVNUPF9U2WWL4F,2025-03-15 12:34:30,2025-03-15,PRD-TR44VSRZXBDT,CLI-VPAGGKIZES1W,Purchase,Other,53.73,USD,,POS,,Ferretería,Other,México,Monterrey,Approved,00,False,4.13,,
TRX-IAQHVPNMPM9K4JV4ZP4X,2025-03-15 17:53:50,2025-03-15,PRD-OU14NXDOS364,CLI-FH6RO2UH0J4X,Transfer,,3419158.05,ARS,9769.02,POS,,,,Argentina,La Plata,Approved,00,False,2.86,,
TRX-19S4UEHF7NKZNXIAAXXI,2025-03-16 02:44:49,2025-03-15,PRD-SOIHH7NHCT19,CLI-ZAPPP5OSH6R4,Payment,Transport,207672.71,ARS,593.35,App,,,,Argentina,Buenos Aires,Approved,00,False,3.21,,
TRX-LOMIDS70YCE0TT8VDL5S,2025-03-15 20:06:51,2025-03-15,PRD-0RGTTENGEBW7,CLI-Z9NAZPGQ3RK7,Deposit,,3091118.97,COP,772.78,POS,,,,Colombia,Cartagena,Approved,00,False,3.69,3.7347135,
TRX-PDRKNJF0ICZ4M7730UME,2025-03-15 11:51:26,2025-03-15,PRD-4T8A9MFXO44J,CLI-LQRW5X6ZPDXY,Payment,Entertainment,44490.0,ARS,127.11,ATM,SUC-VPCJ60UW,,,Brazil,Rio de Janeiro,Approved,00,False,20.58,,
TRX-EZEIOIOLAY0BI868SZVA,2025-03-15 09:55:54,2025-03-15,PRD-RT7SGTG62Z03,CLI-E0Z5ZJL3TDLX,Purchase,Entertainment,79981.02,ARS,228.52,ATM,SUC-2T5PUX8Q,Teatro Nacional,Entertainment,Argentina,Mendoza,Approved,00,False,7.24,-34.2642971,-58.6357974
TRX-2A32I5Z6HL4QUZ9YNUV1,2025-03-15 12:19:52,2025-03-15,PRD-051JKS0RXLVC,CLI-1W44HXZHE1K5,Deposit,,2587.96,USD,,POS,,,,México,Tijuana,Approved,00,False,2.87,,
TRX-0JTN5ECWIICC2QDJMVK6,2025-03-15 19:13:03,2025-03-15,PRD-KN1VNZUE7SYH,CLI-MJBDL7N651NU,Withdrawal,,190.66,USD,,ATM,SUC-KD93KQ8I,,,México,Querétaro,Approved,00,False,27.18,-0.0668651,-0.1165939
TRX-S8ROCTLYX1NM6AGJEOS8,2025-03-15 23:06:17,2025-03-15,PRD-U68ICOU1OMAH,CLI-J48NHZLUJT4A,Payment,Food,1938.16,USD,,ATM,SUC-3XWIPDZ3,,,México,Monterrey,Approved,00,False,24.17,,
TRX-UJRKM6N2C7UR2D5C7TPE,2025-03-15 07:02:31,2025-03-15,PRD-4ACI94ZF2Z93,CLI-V9R3VS5SW93T,Purchase,Food,249.58,USD,,ATM,SUC-552N76DP,Mercado Central,Food,México,Monterrey,Approved,00,False,1.32,,
TRX-WJNFG3N96LKXQTLR3FJ7,2025-03-15 17:10:49,2025-03-15,PRD-41F8U70DJ05R,CLI-WXJBMUK86PAK,Payment,Transport,1321.53,USD,,Web,,,,México,Puebla,Pending,14,False,15.78,,
TRX-D7I5MYQN3UC896U64AFI,2025-03-16 03:44:58,2025-03-15,PRD-W2P6Y8KDOM4C,CLI-498L5AM9AO83,Withdrawal,,377.56,USD,,ATM,SUC-QL08OUL0,,,México,Guadalajara,Approved,00,False,28.62,,
TRX-SEKMVWBGXBPRKFX5I7ZN,2025-03-15 06:01:57,2025-03-15,PRD-2LO2SW3EKVTA,CLI-L3FG8FG1EQHX,Withdrawal,,393.51,USD,,Web,,,,México,Puebla,Approved,,False,15.21,,
TRX-GNPDIUREWW09ELEFIKKO,2025-03-16 04:04:20,2025-03-15,PRD-PMKQ7TZ8D6DO,CLI-Z90L1CSAJVDW,Purchase,,1813960.66,COP,,POS,,Mercado Central,Food,Colombia,Bogotá,Approved,00,False,21.98,,
TRX-HA6MQVE73X06MXHTKGX8,2025-03-16 04:00:04,2025-03-15,PRD-CX7256WWM2E0,CLI-SNBXO44KZKZI,Withdrawal,,347.13,USD,,POS,,,,México,Puebla,Approved,00,False,13.56,0.3721917,0.8649747
TRX-B2CB7RPZPGZ8XQY7UQH7,2025-03-15 13:18:25,2025-03-15,PRD-OHRNTWLE4SQ8,CLI-A1M7S5DB0WJM,Withdrawal,,173.81,USD,,POS,,,,México,Puebla,Approved,00,False,5.39,0.8827178,-0.1126653
TRX-T2FTXTSG815IPNOFFODC,2025-03-16 01:00:20,2025-03-15,PRD-P386BNVCDMYK,CLI-KN4AZYQXH92O,Purchase,Food,149.3,USD,,POS,,Mercado Central,Food,México,Tijuana,Approved,00,False,20.46,,
TRX-16W4RG6Y1V6DDGO1OKUN,2025-03-15 15:18:09,2025-03-15,PRD-WPAOXYREUYZF,CLI-P4WZLFSWIM1U,Purchase,Transport,413.62,USD,,Web,,Uber,Transport,México,Ciudad de México,Approved,00,False,,,
TRX-7JNTNMZCAPE71T7RQLZK,2025-03-16 00:20:55,2025-03-15,PRD-ML226TIOI062,CLI-YTEORJJPMWPK,Deposit,,2755.55,USD,,ATM,SUC-8RYAQ0NO,,,México,Puebla,Approved,00,False,17.03,,
TRX-I397YEZ4QQXYQY03U2N4,2025-03-15 14:30:04,2025-03-15,PRD-S8UA7OQXO5EM,CLI-KTNY3GKBPJ5B,Withdrawal,,31789.76,ARS,90.83,ATM,SUC-UUF77WSC,,,Argentina,La Plata,Approved,00,False,23.28,,
TRX-QMVZNKXS61R46J2OOML1,2025-03-15 09:24:25,2025-03-15,PRD-KOV9918RN0IU,CLI-NFX6KLJ55XA8,Payment,Transport,2381729.78,COP,595.43,Web,,,,Colombia,,Approved,00,False,25.97,,
TRX-DY7HNO9OT0O1CPMTK7Q4,2025-03-15 23:57:09,2025-03-15,PRD-A523WRJYD81B,CLI-I446LSS2NNOR,Withdrawal,,429.96,USD,,ATM,SUC-QTWR8S76,,,México,Guadalajara,Approved,00,False,16.61,,
TRX-2L0V4B48BDBCRQLDRPXM,2025-03-15 18:32:40,2025-03-15,PRD-MYK4X4LI0PFC,CLI-8CK4CTE4MK02,Payment,Health,1899.0,USD,,POS,,,,Colombia,Medellín,Reversed,05,False,27.52,,
TRX-3HVNYTA5EEIZPMSV4I90,2025-03-16 03:20:48,2025-03-15,PRD-LWCNNGYP2HW1,CLI-F8IF6LOPK2KM,Payment,Transport,428937.27,ARS,1225.54,Transfer,,,,Argentina,Rosario,Approved,00,False,28.37,,
TRX-8SRW191KQ95B37KMQ3T8,2025-03-15 16:12:58,2025-03-15,PRD-KKQPTDZR3PA2,CLI-QFA11JJEPI6T,Payment,Entertainment,7745399.71,COP,1936.35,POS,,,,Colombia,Barranquilla,Approved,00,False,27.02,,
TRX-7YOW8L9YUSMX84IA0BBB,2025-03-16 02:04:44,2025-03-15,PRD-85B86B4CJKXK,CLI-UZT4KDCF7WL1,Purchase,Food,245.75,USD,,POS,,Restaurante El Buen Sabor,Food,México,Guadalajara,Approved,00,False,,,
TRX-IQTNW81VVB2TG5Q6EKC6,2025-03-15 09:03:15,2025-03-15,PRD-ZA97NJMLBF8O,CLI-VNEM3ZC1S594,Deposit,,3137.38,USD,,ATM,SUC-TVNO2KL5,,,México,Querétaro,Approved,00,False,2.64,,
TRX-SZPW14MBZCE0VHFTXOBE,2025-03-16 02:30:56,2025-03-15,PRD-GOFKRML39LK0,CLI-U2KLQ2P5LXKJ,Purchase,Services,107331.74,ARS,306.66,Branch,SUC-XHNP3DLP,Empresa Telefónica,Services,Argentina,La Plata,Approved,00,False,27.51,,
TRX-AWNU802BGY8UDLPNJBVP,2025-03-16 05:52:59,2025-03-15,PRD-C41UOIHPHCJA,CLI-FOG2GU90FYIM,Withdrawal,,171268.89,ARS,489.34,ATM,SUC-JBECVTZ8,,,Argentina,Rosario,Approved,00,False,0.4,-34.9767961,
TRX-KZYJRROZBCMEGO2CVZ4W,2025-03-15 11:21:49,2025-03-15,PRD-JCQHAERWEKDL,CLI-VB53QJHAAD56,Withdrawal,,147.35,USD,,ATM,SUC-OLTX380V,,,México,Guadalajara,Approved,00,False,24.54,,
TRX-3EUL6YK0IHXC3RR2KHTX,2025-03-16 00:55:53,2025-03-15,PRD-S2GM41761K4S,CLI-RZUM5PHP33IO,Withdrawal,,148796.5,ARS,425.13,ATM,SUC-RRCPMD2D,,,Argentina,,Reversed,14,False,0.7,,
TRX-FGBRRTZNM6HKR84BXHEJ,2025-03-16 01:34:38,2025-03-15,PRD-LNNV2G1XZBCY,CLI-PTODJ3GSW5D1,Transfer,,2702288.89,ARS,7720.83,Web,,,,Argentina,Rosario,Approved,00,False,10.95,,
TRX-K8YAWD4CUB0SLXGJNQPU,2025-03-15 11:31:38,2025-03-15,PRD-IL8JULGE9VKD,CLI-AXDFUP85UNSE,Purchase,Food,30.92,USD,,POS,,Restaurante El Buen Sabor,Food,México,Puebla,Approved,00,False,2.47,0.8860959,-0.0502468
TRX-39CE4BF3GIHRBEY4BFLJ,2025-03-15 13:51:20,2025-03-15,PRD-JCYQUFAS71DJ,CLI-VNK0S3P4N49H,Transfer,,4629.91,USD,,Web,,,,México,Guadalajara,Approved,00,False,,,
TRX-Z6FM0EF83MPYRE928XK2,2025-03-15 06:02:01,2025-03-15,PRD-ADCKVPT38VAT,CLI-XFM2AIA0D5UT,Payment,Services,724.42,USD,,ATM,SUC-QO0HYSRK,,,México,Querétaro,Approved,00,False,3.12,,
TRX-RUWDWJ666ULNQI80HCP8,2025-03-15 16:40:50,2025-03-15,PRD-A6DGA67UTJTS,CLI-MNEXP3ECQV0B,Withdrawal,,1791887.7,COP,447.97,ATM,SUC-RNGAMG7V,,,Colombia,Barranquilla,Approved,00,False,11.66,3.722779,-74.3262857
TRX-NBJ0W6RPHF9WM2YZYS84,2025-03-15 11:32:29,2025-03-15,PRD-57LZ4Y4KBJ4T,CLI-2LQL5P2NJS9B,Payment,Transport,1277.11,USD,,ATM,SUC-VTIA5X8Y,,,México,Querétaro,Approved,00,False,1.69,,
TRX-3L7JP6WTAFYH5SJP926A,2025-03-15 14:21:02,2025-03-15,PRD-VKTNDV9JHTOM,CLI-OPUUIQM9TJ4D,Adjustment,,3288134.17,COP,822.03,POS,,,,Colombia,,Approved,00,False,,,
TRX-NK1HM00138ENER2L6BAT,2025-03-15 12:10:13,2025-03-15,PRD-2TSNFRQ9OHSP,CLI-8OQ2ZOIKQESH,Payment,Transport,95059.45,ARS,271.6,POS,,,,Argentina,Buenos Aires,Approved,00,False,15.44,-34.7256793,
TRX-BHEB53W2EX15YSCW7W2S,2025-03-15 18:38:18,2025-03-15,PRD-PNAVRBX80THR,CLI-3HG0ZGVE63PE,Purchase,Food,53406.57,ARS,152.59,App,,Mercado Central,Food,USA,Houston,Approved,00,False,19.76,,
TRX-NWKAXFXTM0MHPSDRJM6P,2025-03-15 15:15:48,2025-03-15,PRD-YW0W1XHP8Z7T,CLI-EQ92GY25UIL1,Purchase,Food,146.38,USD,,Web,,Restaurante El Buen Sabor,Food,México,Querétaro,Approved,00,False,24.81,,
TRX-WKU0M89FZ9TZZY3Y5ORA,2025-03-16 03:03:13,2025-03-15,PRD-AHQHGBVEFBZE,CLI-1O1WT1K7PR6O,Transfer,,3999.01,USD,,App,,,,México,Monterrey,Approved,00,False,0.05,,
TRX-2C9GJR2UGC53LSS63YSR,2025-03-16 02:52:02,2025-03-15,PRD-7NELWHY1DCYK,CLI-BKRJQZUUP37K,Transfer,,9550693.53,COP,2387.67,App,,,,Colombia,Barranquilla,Approved,00,False,13.09,,
TRX-BJV2DLCIN305A2VC6V0P,2025-03-15 14:25:08,2025-03-15,PRD-7EISSZZ4IX9C,CLI-CUJRWXOVTHLU,Withdrawal,,242.94,USD,,App,,,,México,,Declined,51,False,,,
TRX-HDWBFS3W9X1JC3LT787A,2025-03-15 20:08:15,2025-03-15,PRD-NLIKFR90LBT3,CLI-CNJX4YRYY1JB,Payment,Services,1664.91,USD,,ATM,,,,México,Monterrey,Approved,00,False,13.24,,
TRX-HKT4D8DOEQ4IDLRPK90J,2025-03-15 17:53:49,2025-03-15,PRD-HZLH2ZLFDW2S,CLI-YWZ38WLGONQL,Withdrawal,,241.42,USD,,POS,,,,México,Monterrey,Approved,00,False,9.25,,
TRX-PCNEW5ELZ0C05W72TPO9,2025-03-16 01:15:03,2025-03-15,PRD-2OKXDC9OYRDP,CLI-X5TV22TBV9AF,Purchase,Entertainment,179.77,USD,,POS,,Streaming Music,Entertainment,México,Querétaro,Approved,00,False,20.19,,
TRX-VC0LRX2GADZ1G34L99RS,2025-03-15 10:45:06,2025-03-15,PRD-DDV5T7L969BS,CLI-II548NUHF4L8,Payment,Food,232.21,USD,,Web,,,,México,Querétaro,Approved,00,False,,,
TRX-OOVO5303F6BZUZSOBX89,2025-03-15 19:23:52,2025-03-15,PRD-YFJBJTJFGNC5,CLI-LK4STC22H4DK,Payment,,1998717.29,COP,499.68,App,,,,Colombia,,Approved,,False,,,
TRX-P3AW8Q1ORRPBFRX9CZ8G,2025-03-15 06:46:44,2025-03-15,PRD-0WGFFNJZNX3P,CLI-I7YLGR0THDND,Purchase,Services,378.69,USD,,ATM,SUC-QZU3WHKF,Empresa Telefónica,Services,México,Puebla,Approved,00,False,16.7,,
TRX-4RWWC1HS88FJCK25726V,2025-03-15 16:41:39,2025-03-15,PRD-FLBK74IY1MI6,CLI-HTFHLEBWWSEK,Withdrawal,,83.68,USD,,POS,,,,México,Guadalajara,Approved,00,False,26.66,,
TRX-OGK17NZKU0BKATKTP4OE,2025-03-15 23:18:24,2025-03-15,PRD-44F0RFIPIHWU,CLI-7N3P7IG2CGL3,Transfer,,4435.81,USD,,POS,,,,México,Puebla,Approved,00,False,12.31,,
TRX-87MYOOB02CYVCGZX2K07,2025-03-15 15:32:32,2025-03-15,PRD-Z925X2567I8F,CLI-R5LH8W60A5MB,Deposit,,507778.17,ARS,,ATM,,,,Argentina,Córdoba,Approved,00,False,3.48,-34.0367936,-59.3733991
TRX-YNBYOCNKD6W5KURNTHDD,2025-03-16 03:09:21,2025-03-15,PRD-R4ME9PM0XIKB,CLI-MFPQHT595E7G,Transfer,,6896.44,USD,,POS,,,,Brazil,Brasília,Approved,00,False,0.78,0.1405937,0.6729101
TRX-MTLLEIHVU9IF5NLMT4MM,2025-03-16 05:27:52,2025-03-15,PRD-TG80P9FKNI7Z,CLI-BFIC625I5E3O,Deposit,,2214.39,USD,,Web,,,,México,Puebla,Approved,00,False,,,
TRX-X6ZT9M2ZR2LHPAYH8L39,2025-03-15 06:58:49,2025-03-15,PRD-2B4BWTN7RLI3,CLI-GAX1SG5XW0XP,Withdrawal,,43971.92,ARS,125.63,Web,,,,USA,Los Angeles,Approved,00,False,25.98,,
TRX-2G41HU4S48AQ9GX474G9,2025-03-16 03:48:29,2025-03-15,PRD-RSXXXF3NEG5T,CLI-8D1KWC2YHD0Q,Purchase,Other,107512.14,ARS,307.18,POS,,Tienda General,Other,Argentina,Rosario,Approved,00,False,14.38,,
TRX-YII4GIRTD1LCMU1UV9CJ,2025-03-15 15:27:39,2025-03-15,PRD-BJOFVUPLVT2Q,CLI-TGDS27K8CPPM,Payment,Health,1677.31,USD,,ATM,SUC-WSSLNOPN,,,México,Tijuana,Approved,00,False,9.92,,
TRX-D3JVJW60JCRHXWZOTDEI,2025-03-15 06:56:39,2025-03-15,PRD-VV5MIX1UOYVJ,CLI-AP2J7NAYTYQV,Purchase,Transport,1074458.01,COP,268.61,ATM,SUC-DH7PDUA6,Gasolinera Express,Transport,Colombia,Medellín,Approved,00,False,,,
TRX-V50CCEUJFEXA983L92C3,2025-03-15 06:11:08,2025-03-15,PRD-OIOO2API29WO,CLI-YSK1BU1N5N70,Purchase,Services,707572.83,COP,176.89,POS,,Internet Plus,Services,Colombia,Barranquilla,Approved,00,False,1.7,5.5113133,-74.6837273
TRX-DZJQXQE3CU6HL9RF86QS,2025-03-16 05:35:55,2025-03-15,PRD-GCL17JCCNIIX,CLI-U6MDXNFTA73R,Withdrawal,,207.5,USD,,App,,,,México,Monterrey,Approved,00,False,,,
TRX-MUYCJ3JII86B4QLQRBM9,2025-03-15 10:28:46,2025-03-15,PRD-KRT02G2WNIAH,CLI-T1BQCZQHJKEF,Withdrawal,,293.79,USD,,ATM,SUC-QL08OUL0,,,México,Monterrey,Approved,00,False,,,
TRX-UI63ZRQRV8WL6XSXV4T8,2025-03-15 10:33:35,2025-03-15,PRD-KUJRINV870CE,CLI-4O5FEZHN7ZQW,Transfer,,3590.66,USD,,App,,,,México,,Declined,51,False,25.76,,
TRX-FFVV8J0CL5QI2SQHOJ77,2025-03-15 15:50:13,2025-03-15,PRD-52IPA95OAT1J,CLI-5NEQMSRM93BI,Deposit,,750.0,USD,,POS,,,,México,Ciudad de México,Approved,00,False,,,
TRX-60AN338A5E21755ML1I3,2025-03-15 11:26:02,2025-03-15,PRD-5PGRWLXXF1UG,CLI-VR79MT8MDQ07,Withdrawal,,127153.94,ARS,363.3,POS,,,,Argentina,Mendoza,Approved,00,False,,,
TRX-KIS0V8JBCHCRQBI3RUDH,2025-03-15 12:00:53,2025-03-15,PRD-661H2YV3E0C0,CLI-98DFHS2YDLDV,Purchase,Other,211.07,USD,,ATM,SUC-9W1MT1C4,Boutique Moda,Other,México,Puebla,Approved,00,False,0.38,,
TRX-8Y91JGA1VJUJWM5Z9PWL,2025-03-15 14:56:01,2025-03-15,PRD-RUBUVK5RVU2O,CLI-VRLCW6PM176C,Purchase,Food,349.11,USD,,ATM,SUC-F61XHTE2,Super Ahorro,Food,México,Querétaro,Approved,00,False,13.87,,
TRX-BU3908UZ2RS7EZ0Z4BRE,2025-03-15 23:03:44,2025-03-15,PRD-1YM75YOVIVMJ,CLI-M44ECJTFDZ8M,Purchase,Food,1069459.55,COP,267.36,App,,Restaurante El Buen Sabor,Food,Colombia,Bogotá,Approved,00,False,24.88,,
TRX-QRTKHYZDXL68PTQ6LD58,2025-03-15 15:15:52,2025-03-15,PRD-04N5TR23R8EP,CLI-T3TLDK5QPOB5,Purchase,Food,839935.89,COP,209.98,ATM,SUC-U5SARN4H,Super Ahorro,Food,Colombia,Medellín,Approved,00,False,26.41,,
TRX-MG6H4KRMPALM6JDTT6C9,2025-03-15 06:48:01,2025-03-15,PRD-1YVL1L68T80J,CLI-2UT1K8G4X5BQ,Deposit,,11367735.36,COP,2841.93,App,,,,Colombia,Barranquilla,Approved,00,False,5.52,,
TRX-0HIVSRTJ9780WE4LGHXL,2025-03-16 01:29:41,2025-03-15,PRD-5EQZIG74RAM0,CLI-2WDX8O1N2KH6,Purchase,Food,393.47,USD,,ATM,,Tienda Don José,Food,México,Monterrey,Approved,00,False,26.39,,
TRX-YPKS0JUXFHKCZI6K70PH,2025-03-16 01:44:25,2025-03-15,PRD-13Y6V7NWUOA3,CLI-82HI0PHYM50S,Withdrawal,,90.36,USD,,App,,,,México,,Approved,00,False,28.5,,
TRX-I83DQ380ABWN7HSJMO0J,2025-03-15 16:37:56,2025-03-15,PRD-BD17PFERXHTE,CLI-GCTDIMD3Q3CQ,Purchase,Services,68831.88,ARS,196.66,App,,Internet Plus,Services,Argentina,Córdoba,Approved,00,False,0.12,,
TRX-OXD37M31FP5PM58GHLDL,2025-03-15 18:06:57,2025-03-15,PRD-LH0UEQVHL61E,CLI-L9S9PBUB4SKQ,Deposit,,4350398.52,COP,1087.6,ATM,SUC-9FWCAJXI,,,Colombia,Medellín,Approved,00,False,,5.5168535,-73.550152
TRX-EMP2S19I7DT2WRNTHLJE,2025-03-15 06:39:14,2025-03-15,PRD-VPEEVAPX9F9O,CLI-CWSJQIWQGGLJ,Transfer,,3654648.97,COP,913.66,ATM,SUC-DH7PDUA6,,,Colombia,Bogotá,Approved,00,False,12.55,,
TRX-RCK0B5JH5WU8WIERFHMK,2025-03-16 04:37:17,2025-03-15,PRD-2V8C7KHHDE8V,CLI-GH0SRC3CP7ST,Withdrawal,,270.42,USD,,POS,,,,México,Guadalajara,Approved,00,False,8.57,,
TRX-G0C1AKMWS0MUK3YUYGAL,2025-03-15 09:57:56,2025-03-15,PRD-32AWT6H4EJN5,CLI-NU7ACTTT3GRH,Withdrawal,,978736.94,COP,244.68,POS,,,,Colombia,Cartagena,Approved,00,False,,,
TRX-NOLA7HSN5H0W7GVTN9PT,2025-03-16 04:15:44,2025-03-15,PRD-CG4U67QA9M7F,CLI-CTWISRDBOH65,Withdrawal,,579952.26,COP,144.99,ATM,,,,Colombia,Bogotá,Approved,00,False,24.39,,
TRX-4OT6QKY0TJTJM3CASQWV,2025-03-15 09:02:25,2025-03-15,PRD-MZOXLL417H2M,CLI-EZ9HSJ9OMBB2,Withdrawal,,524487.67,COP,131.12,POS,,,,Colombia,Medellín,Approved,00,False,,5.0984304,-74.3017809
TRX-66QVH9BH2SI43GVT0V0L,2025-03-15 15:08:23,2025-03-15,PRD-GD44W08IHYTQ,CLI-1PML79YXPMO2,Withdrawal,,42964.95,ARS,122.76,POS,,,,Argentina,Rosario,Approved,,False,10.25,,
TRX-NWAKVF0FTUKZ9ZMV8P6V,2025-03-15 08:28:34,2025-03-15,PRD-5Q53JXERID05,CLI-F43GYKQ060W5,Payment,Entertainment,1760545.57,COP,,ATM,SUC-CG5XPAZU,,,Colombia,Barranquilla,Approved,00,False,25.0,,
TRX-6Y0XTMP14H89U7QF9C6P,2025-03-15 23:22:51,2025-03-15,PRD-VG2DTV5ZX02N,CLI-2HA88YR49CT6,Withdrawal,,1751089.6,COP,437.77,ATM,SUC-M96GKW7T,,,Colombia,Cali,Approved,00,False,16.2,,
TRX-2EW5J20LIK1687VT3STA,2025-03-16 03:18:43,2025-03-15,PRD-JSFJH4ZRGMTG,CLI-5A7GZA3RHL0J,Deposit,,1762.84,USD,,POS,,,,México,Monterrey,Approved,00,False,23.29,,
TRX-FERBHSF0LXHVL84NI9QJ,2025-03-16 00:28:23,2025-03-15,PRD-BSP4OP4S6JW3,CLI-SYB9Z0DU6JHW,Purchase,Services,14.39,USD,,POS,,Cable TV,Services,México,Monterrey,Approved,00,False,6.44,,
TRX-SDR5V6OFF5KYHBB2AH9G,2025-03-15 09:58:55,2025-03-15,PRD-MPOXW7VIF293,CLI-3WJ6UKV9UUF8,Purchase,Transport,164.5,USD,,App,,Taxi Seguro,Transport,México,Querétaro,Approved,00,False,23.8,,
TRX-1BA9F97PE3TPK47N0LG4,2025-03-15 18:36:29,2025-03-15,PRD-73LLW5SL9SGC,CLI-XSQMPF4EXM0W,Purchase,Food,1762558.02,COP,440.64,POS,,Mercado Central,Food,Colombia,,Approved,00,False,13.91,4.8376423,-74.7913219
TRX-OMUL778LR0RR18UU6BS2,2025-03-16 05:09:08,2025-03-15,PRD-9VOSILKNJQRV,CLI-NTYXTO1NJ7HU,Deposit,,2998.37,USD,,App,,,,México,Monterrey,Declined,54,False,1.97,,
TRX-OZ98BB5VDGEU47VBM4MA,2025-03-15 11:56:05,2025-03-15,PRD-U0Y0ZEGYZX69,CLI-IJBSF7527DSU,Purchase,,130.16,USD,,ATM,SUC-JD6LDRA8,Tienda Don José,Food,México,Puebla,Approved,00,False,20.52,,
TRX-KOTUZFYCLK1F8UU9DVRO,2025-03-15 13:11:20,2025-03-15,PRD-0UY5DCS4R3TF,CLI-PCNQHDH49QF9,Withdrawal,,1345699.49,COP,336.42,POS,,,,Colombia,Barranquilla,Approved,00,False,4.77,,
TRX-NKOB8TCC4J77M4NFKBYX,2025-03-15 10:30:59,2025-03-15,PRD-ZVESPAJ2FRD6,CLI-YKMSMGXKD38I,Purchase,Transport,442.96,USD,,Web,,Gasolinera Express,Transport,México,Tijuana,Approved,00,False,29.77,,
TRX-8HTA7BRFPTDRP2E886HY,2025-03-15 12:22:21,2025-03-15,PRD-0PLNOSCOLEDY,CLI-9TXDQ83R6P4X,Purchase,Food,218.66,USD,,POS,,Super Ahorro,Food,México,Monterrey,Approved,00,False,,0.7658636,0.3478203
TRX-63D2ZOABTBCXSIF2UBB4,2025-03-15 22:24:04,2025-03-15,PRD-M73G27OD04EU,CLI-54DFZSP3A4OR,Withdrawal,,182.9,USD,,POS,,,,México,Querétaro,Declined,,False,2.95,-0.1896179,0.9134521
TRX-0GJ0V5AD0AOC2ELJW8TU,2025-03-15 22:44:26,2025-03-15,PRD-Z9SRA2YBSJHR,CLI-8L6FNAGAJ0SI,Deposit,,4994.22,USD,,POS,,,,México,Querétaro,Approved,00,False,6.13,,
TRX-UKH6F9JUXIYGHN5Z1EVK,2025-03-15 12:47:09,2025-03-15,PRD-5VL06V6MV6XY,CLI-T6TE84ILXTJ9,Payment,Entertainment,308.82,USD,,App,,,,México,,Approved,00,False,2.3,,
TRX-KMVHE73RVAMSRP45ZW3M,2025-03-15 09:52:24,2025-03-15,PRD-7MI09ZPQUIJ6,CLI-8883X45J4X0C,Withdrawal,,967610.86,COP,241.9,POS,,,,Spain,Barcelona,Approved,00,False,1.14,,
TRX-HHGM0MC0D801V9Q1AKGX,2025-03-15 21:26:10,2025-03-15,PRD-AM8YBOFPG0NA,CLI-L4BTCDIAGMRB,Transfer,,11467315.01,COP,2866.83,POS,,,,Colombia,Medellín,Approved,00,False,,4.0986268,-73.5508464
TRX-1D4PDKRNJEXENRUT2D82,2025-03-15 08:31:01,2025-03-15,PRD-WVFJZDJ7Y0C2,CLI-1P9VRCIZJX3M,Purchase,Health,65.85,USD,,ATM,SUC-MAWPQ7HZ,Clínica Médica,Health,Argentina,,Approved,00,False,,,
TRX-KADQ2DP4FLYLCAYD9MM9,2025-03-15 06:13:59,2025-03-15,PRD-NP6O6QYQXMSK,CLI-UI3EWYRHGYMN,Payment,,402.08,USD,,Web,,,,México,,Approved,00,False,2.58,,
TRX-O6L6OIEBDUVA3TJL0UG7,2025-03-15 15:52:02,2025-03-15,PRD-8GILDGPFUXRD,CLI-X9N0I6QR9QUK,Payment,Services,666.85,USD,,Web,,,,México,Querétaro,Approved,00,False,19.71,,
TRX-ZH8BS4OZFAHXEZ98WS0C,2025-03-15 22:58:50,2025-03-15,PRD-TWRQFD6RGCIE,CLI-J1T96Q7YSOGY,Transfer,,33297953.08,COP,8324.49,Branch,SUC-5AXOWGN3,,,Colombia,Barranquilla,Pending,14,False,4.38,,
TRX-ZON9VN1HKE8LUAOECBYI,2025-03-15 09:30:31,2025-03-15,PRD-UDHE3CZPVUOS,CLI-R5OHDVQDUZHW,Purchase,Entertainment,367.25,USD,,ATM,SUC-DH7PDUA6,Cine Premium,Entertainment,Colombia,Cali,Approved,00,False,,,
TRX-4FV2SSGI1ERRAPYNVW5E,2025-03-15 09:50:21,2025-03-15,PRD-RFJLYHUM16WQ,CLI-MUYSMF0CF46W,Deposit,,17557343.48,COP,4389.34,App,,,,Colombia,Bogotá,Approved,00,False,16.74,,
TRX-91SPOOE0G3KHU93KSL6L,2025-03-15 10:14:15,2025-03-15,PRD-FKMA3ESPUZ2C,CLI-V8UMVW08BR82,Transfer,,15565434.96,COP,3891.36,Branch,SUC-Q56PLH2J,,,Colombia,Bogotá,Approved,00,False,12.78,4.0820354,-74.4027706
TRX-XA4XP7M2944W7JSTDG3S,2025-03-15 19:17:04,2025-03-15,PRD-FQ3LBB8P83G5,CLI-2RLBRZFPDJVE,Withdrawal,,237.78,USD,,Web,,,,México,Puebla,Approved,00,False,16.33,,
TRX-JQ2HHRGA5HVY1Y5AD9OG,2025-03-15 11:49:14,2025-03-15,PRD-NEV2OMAEJ8G9,CLI-FZM6Y794BGWI,Withdrawal,,373.78,USD,,POS,,,,México,Monterrey,Approved,00,False,16.25,,
TRX-DQASM0S9EHHE3H8N20ZF,2025-03-16 03:58:48,2025-03-15,PRD-MT5SJ6NFQXBA,CLI-Y650G4QM7BRD,Withdrawal,,192.69,USD,,POS,,,,México,Puebla,Approved,00,False,24.72,,
TRX-GYDN5CM3ZV6KH5OU40MX,2025-03-16 02:01:08,2025-03-15,PRD-2OV89NZ9O9Y0,CLI-EUEDWZ8VX2T8,Deposit,,2438.54,USD,,ATM,SUC-HFPBAT4U,,,México,Guadalajara,Approved,00,False,26.25,,
TRX-P2UO8NVKJSWKV4O1L7SH,2025-03-16 05:25:43,2025-03-15,PRD-8GODCX0O1UE1,CLI-SWAN3X6E8AUI,Withdrawal,,310.16,USD,,App,,,,México,Ciudad de México,Approved,00,False,13.58,,
TRX-3FZZ8EKO5A5YL3M7RS03,2025-03-15 09:32:54,2025-03-15,PRD-LARDLD11K7CO,CLI-SCOZMK25PWKM,Transfer,,8707.87,USD,,App,,,,México,Tijuana,Declined,54,False,24.09,,
TRX-7X3M1W2M0HT80BEWTGK4,2025-03-15 23:17:14,2025-03-15,PRD-9Q1YC02T46VQ,CLI-E3RJY0VI0HKZ,Purchase,Transport,1437974.78,COP,359.49,ATM,SUC-XZM2NPS4,Taxi Seguro,Transport,Colombia,Medellín,Approved,00,False,3.93,,
TRX-HDLXSWG7RU7EB3Z7M6VZ,2025-03-16 02:09:07,2025-03-15,PRD-JJO9SGCC05JN,CLI-6RQZXOADTGBZ,Withdrawal,,122.85,USD,,ATM,SUC-U3Q69OLV,,,USA,Houston,Approved,00,False,7.78,,
TRX-O3NNG7K0YJXS1SBBBQD6,2025-03-16 01:29:20,2025-03-15,PRD-0A8TCMZRUKMG,CLI-BCF0H0TJXKWQ,Purchase,Food,13.16,USD,,POS,,Super Ahorro,Food,México,Guadalajara,Approved,00,False,,-0.1156044,0.1451786
TRX-567MHVTB0QWOQV6ICWMB,2025-03-16 02:33:06,2025-03-15,PRD-65UDU1Y7JVL8,CLI-4O7A1AE189EK,Deposit,,3444.82,USD,,ATM,SUC-JJT8C9XQ,,,México,Tijuana,Approved,00,False,,-0.4011872,-0.0799578
TRX-FJTID3UZEUJQYC1OSEQ2,2025-03-15 21:03:56,2025-03-15,PRD-NQPRBLCFMH5M,CLI-ISQKH4OFBTQH,Transfer,,8981524.91,COP,2245.38,Branch,SUC-KY2QIURA,,,Colombia,Cartagena,Approved,00,False,21.22,4.9413731,-74.4233931
TRX-VWPQEKCC4Q1RU82QVRKC,2025-03-16 01:33:30,2025-03-15,PRD-9MY88Q8P3Z7K,CLI-TDO8Y4ZIYLBS,Transfer,,6126.37,USD,,ATM,SUC-KX44GJKB,,,México,Guadalajara,Approved,00,False,,,
TRX-R3808S6MZIQFPGWK6V82,2025-03-15 19:07:28,2025-03-15,PRD-8GRGO1HE29KQ,CLI-41J9OG0LGMZR,Payment,Food,1016.2,USD,,Web,,,,México,Puebla,Approved,00,False,9.45,,
TRX-EEYG2797OWI2LFT8G6ZC,2025-03-15 15:00:13,2025-03-15,PRD-BGJSZRV0DO1F,CLI-MAZVT3BBSIRZ,Adjustment,,717888.63,COP,179.47,POS,,,,Colombia,Barranquilla,Approved,00,False,4.26,,
TRX-OPPET10IL715YHI64S0N,2025-03-15 19:03:19,2025-03-15,PRD-4MDUW6CZEXWA,CLI-KP087J6BZVSR,Transfer,,9202566.71,COP,2300.64,POS,,,,Colombia,Cartagena,Approved,00,False,22.66,,
TRX-A8FXVO8NGBBXEE4DJMUI,2025-03-16 00:32:16,2025-03-15,PRD-9LO2HNU9SDXV,CLI-UZUR5MFH0SJB,Withdrawal,,1111275.32,COP,277.82,App,,,,Colombia,Cartagena,Approved,00,False,16.79,,
TRX-PBV1RB1LQHVNGGIO3ZTO,2025-03-15 14:14:41,2025-03-15,PRD-VU8A4CFNWYJD,CLI-XA4EIZ07SKCJ,Transfer,,30569932.28,COP,7642.48,POS,,,,Colombia,Bogotá,Approved,00,False,,,
TRX-MSBH1C8INBN1U8BFVSXO,2025-03-16 05:39:58,2025-03-15,PRD-DGA8YBRWC66B,CLI-Q2KWCV33ZDUO,Deposit,,3025.54,USD,,ATM,SUC-IC4I9JS9,,,Brazil,São Paulo,Approved,00,False,9.55,0.5211667,0.5461148
TRX-4MKCZMDDEXIUXMYEO9II,2025-03-15 18:56:17,2025-03-15,PRD-7XT8Q1WH83H1,CLI-0YDDMLAACYR0,Transfer,,281031.35,ARS,802.95,POS,,,,Argentina,Buenos Aires,Approved,00,False,19.92,,
TRX-8Q2KP0A95JC2DUODTRUH,2025-03-15 21:25:10,2025-03-15,PRD-QMVJLIV4YUBC,CLI-3FD8KHB2J7F6,Purchase,Services,145.41,USD,,Web,,Servicios Públicos,Services,México,Ciudad de México,Approved,00,False,9.56,,
TRX-O7LO7HTA5SKGTCQE98XE,2025-03-16 02:29:33,2025-03-15,PRD-EN5736VIQ50T,CLI-9WGJY17DHSZ1,Purchase,Food,127.19,USD,,Web,,Super Ahorro,Food,México,Monterrey,Approved,00,False,2.04,,
TRX-QIUEYD31OHUYS375ZY2B,2025-03-15 16:48:04,2025-03-15,PRD-UO9HF2R9P5Y3,CLI-SHUK82DVF1XS,Transfer,,1889.31,USD,,POS,,,,Brazil,São Paulo,Declined,54,False,18.39,0.3738932,-0.0072141
TRX-SG8C1GBXB5LHZY1V4HGF,2025-03-15 17:29:41,2025-03-15,PRD-NCD0JCWR32FA,CLI-YMJES16KARBA,Payment,Food,155092.92,ARS,443.12,POS,,,,Argentina,Buenos Aires,Approved,00,False,1.75,,
TRX-WAY5DS88QJWEHKLS7GQE,2025-03-15 08:46:25,2025-03-15,PRD-WITO92Y19Y90,CLI-RFQL3ANSDGE2,Payment,Food,6187442.07,COP,1546.86,Web,,,,Colombia,Cali,Approved,00,False,16.54,,
TRX-RSFLQAXV9FZDB0T1FDCK,2025-03-15 06:25:32,2025-03-15,PRD-JCYEY2DINJP5,CLI-PMCF5EDW4QD6,Deposit,,3365.25,USD,,ATM,SUC-KKZOCIP3,,,México,Guadalajara,Approved,00,False,5.36,,
TRX-R3GCPEU8FXNM5TLRYYHO,2025-03-15 06:04:04,2025-03-15,PRD-9KZ7YA0DVQB1,CLI-VPX8FS7STFVN,Withdrawal,,1526835.71,COP,381.71,ATM,SUC-4B1UVBW3,,,Colombia,Cartagena,Approved,00,False,18.3,4.8476568,-73.1743103
TRX-4JAKR0M418FBJ5GLRKKG,2025-03-16 01:04:33,2025-03-15,PRD-VYEM5IDX6RAH,CLI-BFH7F3TB8G10,Purchase,Food,494.06,USD,,ATM,SUC-N1ZUF3PF,Tienda Don José,Food,México,,Approved,00,False,13.59,,
TRX-W11S5JDBYUQ82JQOZ61P,2025-03-15 10:48:03,2025-03-15,PRD-YFD9C8SQCFJD,CLI-GBBF2E500ZWR,Purchase,Services,932870.5,COP,233.22,ATM,SUC-CG5XPAZU,Servicios Públicos,Services,Colombia,Barranquilla,Approved,00,False,28.47,,
TRX-NA7NZY6P580UD6QM1IO3,2025-03-15 19:18:52,2025-03-15,PRD-258VR8QJBQDX,CLI-L9D0W7MRIJCJ,Transfer,,30361860.53,COP,7590.47,App,,,,Colombia,Medellín,Approved,00,False,24.98,,
TRX-2DXYR6F2DMSSEOVN8KV7,2025-03-15 18:18:31,2025-03-15,PRD-UCSKN19A37LM,CLI-LBYK2VHAHO3L,Deposit,,16227441.51,COP,4056.86,ATM,,,,Colombia,Barranquilla,Approved,00,False,19.56,,
TRX-8U7SWKXTUCWZ7GVLWZXM,2025-03-15 09:43:48,2025-03-15,PRD-NWYJF1RTGC8J,CLI-O08YGTTO305Q,Purchase,Services,247.8,USD,,POS,,Internet Plus,Services,México,Ciudad de México,Approved,00,False,19.67,,-0.4190539
TRX-X6T8XYSMTU6JCAFZ3KBJ,2025-03-15 14:57:37,2025-03-15,PRD-AB4RSEC64VZJ,CLI-DJF2PM2DNPGK,Transfer,,8361.72,USD,,POS,,,,México,Guadalajara,Approved,00,False,12.9,0.6404433,-0.0259781
TRX-57DCU9QOESVHZE20N3TE,2025-03-15 07:11:21,2025-03-15,PRD-E2193ESGAK40,CLI-B7VRK8AYXD0M,Deposit,,1070155.35,ARS,3057.59,ATM,SUC-5XWR79HW,,,Colombia,Barranquilla,Approved,00,False,10.46,-34.8400198,-57.4033154
TRX-M07342781YX0YE3JN0SH,2025-03-16 01:55:05,2025-03-15,PRD-KXAXZ3UAICI1,CLI-ZR0QEAIH9TSJ,Purchase,Food,150.59,USD,,POS,,Tienda Don José,Food,México,Querétaro,Pending,05,False,10.21,-0.7686439,0.2988511
TRX-EO7PTRT8HR7YCO6XTGDQ,2025-03-15 10:39:36,2025-03-15,PRD-JWKUFZX239AG,CLI-VHB9VZREK0UY,Transfer,,7907.83,USD,,ATM,SUC-YJSI0V1D,,,México,Guadalajara,Approved,00,False,20.19,,
TRX-VSRKY42KYKR09S8JTQO5,2025-03-15 06:53:16,2025-03-15,PRD-99U3Z7DDPNOT,CLI-RQKF7UGDMQWX,Transfer,,3181246.0,ARS,9089.27,POS,,,,Argentina,Rosario,Approved,00,False,10.99,-34.3602304,-59.0787462
TRX-UCTMLFZQC5M1F0VHFJPO,2025-03-16 00:48:15,2025-03-15,PRD-5JFAU10R996P,CLI-77NCM4N9VLCD,Withdrawal,,268.79,USD,,ATM,SUC-9W1MT1C4,,,México,Puebla,Approved,00,False,17.84,,
TRX-3MZVO79ER3KQ511Q1894,2025-03-15 12:18:15,2025-03-15,PRD-FS0IGC2M731P,CLI-8O8MNWA7V45Y,Transfer,,2810.36,USD,,POS,,,,Spain,Madrid,Approved,00,False,,,
TRX-L9FZ923LBR518Y36KZFO,2025-03-15 11:37:12,2025-03-15,PRD-MEQA1767FBTB,CLI-X3F6R31MO2OO,Purchase,Services,423.55,USD,,POS,,Servicios Públicos,Services,México,Ciudad de México,Approved,00,False,19.7,,
TRX-3O09AGWRO0BZKYPKIOLW,2025-03-16 02:24:02,2025-03-15,PRD-MIZL8AD9X18G,CLI-K9T4B1N5YM8W,Transfer,,20037881.68,COP,5009.47,App,,,,Colombia,Cali,Approved,00,False,25.49,,
TRX-SNAN5E1R7NT99SGIOXGB,2025-03-16 04:27:27,2025-03-15,PRD-DHL6G4QVDNSF,CLI-CBUVMXYSMMG6,Transfer,,6737.78,USD,,ATM,SUC-SCFDICUT,,,México,Guadalajara,Approved,00,False,21.0,,
TRX-6W019G9S9A0YKR32I9RP,2025-03-15 09:47:32,2025-03-15,PRD-UV26WRAT3SX1,CLI-4GYE3K4NZUP7,Transfer,,10044866.48,COP,2511.22,Branch,SUC-DH7PDUA6,,,Colombia,Bogotá,Approved,00,False,26.92,,
TRX-GT3Z0WSH9EPQ9PS0KO9F,2025-03-15 07:50:07,2025-03-15,PRD-QS9IOE7FV7T2,CLI-M9RJOROXZX0F,Deposit,,3438.08,USD,,Branch,SUC-JDSJM3BZ,,,México,Guadalajara,Declined,14,False,21.59,0.5167312,0.0746031
TRX-3OWPI1G00D5YYXV69T8J,2025-03-15 18:00:25,2025-03-15,PRD-7M7TQDKHZJUS,CLI-6QLZY3JT90JG,Payment,Entertainment,270989.06,ARS,774.25,ATM,SUC-0N077NAM,,,Argentina,Rosario,Approved,00,False,23.79,-34.5718074,
TRX-IONIG2KQC4Q4TV1ONK9C,2025-03-15 07:09:49,2025-03-15,PRD-V4M2P32SZJ8N,CLI-CNXIA8U9XGSD,Withdrawal,,93286.33,ARS,266.53,App,,,,Argentina,Buenos Aires,Approved,00,False,20.92,,
TRX-X0ND8S90EA1H82KXILPA,2025-03-16 05:42:22,2025-03-15,PRD-1FP6JSDCIERX,CLI-C1100V6X4V3D,Payment,Food,1606.13,USD,,Web,,,,México,Tijuana,Approved,00,False,7.91,,
TRX-EKYHLA4XGDWW5FQ9LCPH,2025-03-15 16:04:46,2025-03-15,PRD-W1JZ869U34S6,CLI-EF0Q4JAEGTLY,Purchase,Other,99.86,USD,,Web,,Boutique Moda,Other,México,Monterrey,Approved,00,False,6.21,,
TRX-MB9BYM2K7KPXBXSTFFQQ,2025-03-15 18:10:25,2025-03-15,PRD-XGY405P8ZIOT,CLI-R70CWB8AG0YA,Deposit,,2432.12,USD,,ATM,SUC-UJA1ZE8Q,,,USA,Miami,Approved,00,False,5.52,5.5613158,-74.9759055
TRX-NJVKL1F0UOB0CBXE2G6S,2025-03-15 20:04:10,2025-03-15,PRD-NW73H9U1I4JA,CLI-49MRFLKSHDWW,Transfer,,3909.57,USD,,ATM,SUC-LQXENAY2,,,México,Guadalajara,Approved,00,False,8.86,-0.842651,0.5845513
TRX-64XLLSCDHGSIJI9SVOE8,2025-03-15 07:16:37,2025-03-15,PRD-P2A7Q9ZANYE9,CLI-VWP2TKA6DNOE,Withdrawal,,371.55,USD,,ATM,SUC-NZJH5BG1,,,México,,Approved,00,False,8.49,,
TRX-ZAOX4WIX5O5XDBHVE5C6,2025-03-15 21:54:57,2025-03-15,PRD-EQUESXIF6Y1P,CLI-NOS0N32832QU,Payment,Services,907.76,USD,,Web,,,,México,Querétaro,Approved,,False,9.71,,
TRX-89N364GF5M9L925U1KC4,2025-03-16 02:27:55,2025-03-15,PRD-7D92LO2PDS80,CLI-X4EFM7XKC95H,Withdrawal,,621663.22,COP,155.42,POS,,,,Colombia,Cali,Approved,00,False,5.03,,
TRX-IJRWV0P5J8OT0LCOO25O,2025-03-16 00:19:15,2025-03-15,PRD-H6BSKN0BIZW6,CLI-C49XFGRK9FZ9,Deposit,,2023753.63,COP,505.94,ATM,SUC-07AK38PR,,,Colombia,Bogotá,Approved,00,False,10.45,,
TRX-KPTC1W19TVYIHADOIY29,2025-03-15 22:31:52,2025-03-15,PRD-WC7TFZ8FBFNA,CLI-E499BHD2PN89,Transfer,,7943.03,USD,,ATM,SUC-8HPG0AE8,,,México,Puebla,Approved,00,False,18.65,,
TRX-PLN99V2UW5OBN45EVFEO,2025-03-15 16:53:44,2025-03-15,PRD-SP8UQ719KK7K,CLI-8WBUD8KYLUZ7,Withdrawal,,1426736.7,COP,356.68,ATM,SUC-H2ROE7C8,,,Colombia,,Approved,00,False,,4.8761365,-73.2066511
TRX-4XQZ1CT6ZCKP4BN5BCE9,2025-03-15 17:46:59,2025-03-15,PRD-X09LGGXONDXJ,CLI-SDRTOGHHDC9F,Transfer,,3148677.36,ARS,8996.22,ATM,SUC-4ICHM641,,,Argentina,La Plata,Approved,00,False,1.62,,
TRX-ID3ZAJKLLITEEGVM23RX,2025-03-15 22:38:08,2025-03-15,PRD-AT3FRZ6RQGI8,CLI-FEB7PZI4GSGK,Withdrawal,,144608.33,ARS,,ATM,SUC-SX32177B,,,Argentina,Córdoba,Approved,00,False,5.95,-33.9575198,-58.410534
TRX-76KDMBJ3D64024UXG03D,2025-03-15 15:21:53,2025-03-15,PRD-DR7B66FNVV55,CLI-8VYR8WRHN4DC,Withdrawal,,160378.54,ARS,458.22,Web,,,,Argentina,,Approved,00,False,24.88,,
TRX-N864LL47CW8535BRMRCP,2025-03-15 12:50:42,2025-03-15,PRD-60FC0ECE3ZA5,CLI-4D0NLWBFHBVG,Purchase,Other,241045.6,COP,60.26,POS,,Ferretería,Other,Colombia,Barranquilla,Approved,00,False,0.5,3.7282359,-74.7966373
TRX-8MJY0JH6PKQPDBCVVVUI,2025-03-15 18:04:58,2025-03-15,PRD-9MLKKR3901Y8,CLI-EZLKQY6XIAFW,Purchase,Entertainment,325.09,USD,,ATM,SUC-N8LPAX0U,Conciertos Live,Entertainment,México,Ciudad de México,Approved,00,False,0.93,-0.1550572,0.890405
TRX-US998JGINI0WM9QTHYLN,2025-03-16 02:17:38,2025-03-15,PRD-FCXJTXTA5FKJ,CLI-39QP60BF5TV8,Withdrawal,,1401419.49,COP,350.35,ATM,SUC-MSYTX2WG,,,Colombia,Cartagena,Approved,00,False,2.06,,
TRX-MCTNOHXCVX078KR2RBPG,2025-03-16 05:06:42,2025-03-15,PRD-VPJCWYE61FYO,CLI-JMRLTCX9KC5T,Purchase,Food,368.83,USD,,Web,,Super Ahorro,Food,México,Monterrey,Pending,,False,14.76,,
TRX-D6A8LL43DL1KQIGVL9GW,2025-03-15 22:26:46,2025-03-15,PRD-OYOH7TQ7R2HZ,CLI-MM3NNMCG647P,Transfer,,8220.76,USD,,ATM,SUC-1TATGCL8,,,México,Puebla,Declined,05,False,14.22,,
TRX-K9MHT0CD5AE5PVSR8K6M,2025-03-15 15:00:39,2025-03-15,PRD-3V4TGO0BNZ1E,CLI-TAQGE9A7F1W4,Payment,Food,524.09,USD,,POS,,,,México,Tijuana,Approved,00,False,15.35,0.2383634,-0.3289968
TRX-Y19G9WUIGY9LZEXXDRUW,2025-03-15 11:02:19,2025-03-15,PRD-BS23TS8D3SYE,CLI-UYQOJLHBKFR4,Payment,Transport,285559.95,ARS,815.89,POS,,,,Argentina,,Approved,00,False,6.4,,
TRX-4EBGUSKEBLN081QXJGTS,2025-03-16 03:51:43,2025-03-15,PRD-JHQXNG585K4S,CLI-ODPMFJQGU940,Withdrawal,,79.39,USD,,App,,,,México,Ciudad de México,Approved,00,False,0.93,,
TRX-TGJUWY5JAGISLSF3EB5S,2025-03-15 21:06:06,2025-03-15,PRD-JWNTC0OB6CD0,CLI-DKZ7P1S0Y0NT,Payment,Entertainment,1090.81,USD,,App,,,,Argentina,Mendoza,Approved,00,False,7.15,,
TRX-O51MYHRZDHZPOWZ4C8AY,2025-03-15 20:03:17,2025-03-15,PRD-BWKFXMV98IBJ,CLI-NKJ2W49M6Q7S,Transfer,,1952652.66,COP,488.16,ATM,SUC-2NNWC3AV,,,Colombia,,Pending,51,False,7.28,,
TRX-AFR9NHOAQ7JSVMH5448U,2025-03-15 18:48:38,2025-03-15,PRD-0N14OPFD1SG2,CLI-R5T7DH36BQ25,Deposit,,2580.94,USD,,POS,,,,México,Ciudad de México,Approved,00,False,15.02,,
TRX-ZVJF8W72DQULIBBOV3WV,2025-03-15 23:23:15,2025-03-15,PRD-17L2VKOZSIVY,CLI-NWYH652CH2YU,Transfer,,3409344.53,ARS,9740.98,App,,,,Argentina,Buenos Aires,Approved,,False,28.36,,
TRX-2HF4MIYO1P6YFWWWUACC,2025-03-15 18:36:30,2025-03-15,PRD-BZ2Q8WZP9D3L,CLI-4W2TN19QG3LR,Payment,Food,1393786.62,COP,348.45,POS,,,,Colombia,Cartagena,Approved,00,False,,4.3590153,-74.6262793
TRX-NPPUU2IZPQH24876L551,2025-03-15 22:32:15,2025-03-15,PRD-5VWSVY63PPCF,CLI-CW6HZIJ48E8K,Deposit,,341857.54,COP,85.46,POS,,,,Colombia,Medellín,Reversed,05,False,,,
TRX-409FIWLB1RFT7I62FUGU,2025-03-15 16:20:50,2025-03-15,PRD-S2DCTU7AIBNM,CLI-FZYMKR9B1TML,Withdrawal,,155.41,USD,,Web,,,,México,Tijuana,Approved,00,False,,,
TRX-LDQDUK0RY6V6VK6POJX8,2025-03-16 01:43:16,2025-03-15,PRD-6NKGG3LCVUBO,CLI-NGTL3E2Z6SDG,Purchase,Services,964599.49,COP,241.15,POS,,Cable TV,Services,Colombia,Bogotá,Approved,00,False,15.05,,
TRX-T3R4Z8SF1K4HLHOTOWAO,2025-03-16 01:02:13,2025-03-15,PRD-LHB0AKWUTJOR,CLI-KGCU0PZRJOB9,Transfer,,254083.64,ARS,,ATM,SUC-RAI81ICG,,,Argentina,Buenos Aires,Approved,,False,29.17,,
TRX-J9ORO9V8HX9Y192C4OYH,2025-03-15 11:05:48,2025-03-15,PRD-4TI6366PU02U,CLI-RGXVS0EAIS21,Transfer,,5293.37,USD,,Web,,,,México,Querétaro,Approved,00,False,28.13,,
TRX-F17HGDFXNAMVB680WDXN,2025-03-15 23:00:21,2025-03-15,PRD-0NZUZ5YW6DF9,CLI-L3YZULJR5VDL,Purchase,Transport,52.53,USD,,POS,,Uber,Transport,México,Ciudad de México,Approved,00,False,20.05,,
TRX-VOPL3BHDHBTKB3GJ79W1,2025-03-16 04:38:32,2025-03-15,PRD-G6LAGX98RVCI,CLI-GYHY56VX8FS5,Transfer,,273940.64,ARS,782.69,ATM,SUC-10TO2Y3U,,,Argentina,Rosario,Approved,00,False,28.27,,
TRX-G8UJ9SHI9SQE9HUWSU0D,2025-03-15 14:40:27,2025-03-15,PRD-1A5VEL40XUJQ,CLI-CQGAJCK625OF,Purchase,Food,235.25,USD,,ATM,SUC-QL08OUL0,Super Ahorro,Food,México,Ciudad de México,Approved,00,False,7.31,,
TRX-GXXEEES4BAVM9OBOUUR1,2025-03-16 05:54:29,2025-03-15,PRD-MPF63B01I5Q4,CLI-JG20LS4Y23FZ,Deposit,,1258.05,USD,,POS,,,,México,Guadalajara,Approved,00,False,,0.157544,0.7024438
TRX-9MXXHL6XYNZP9M9HB8FF,2025-03-15 15:53:40,2025-03-15,PRD-7V0TSLCPAP0K,CLI-VHXK7SO1Q2S7,Deposit,,19255072.94,COP,4813.77,App,,,,Colombia,Cali,Approved,00,False,,,
TRX-9R0MKD7UCCQO9ZTWIAEY,2025-03-15 19:19:48,2025-03-15,PRD-8Y3SKV9RA57M,CLI-QTOBU83WQMW3,Withdrawal,,416.38,USD,,Transfer,,,,México,Puebla,Pending,14,False,22.19,,
TRX-36HK93V24KSMURCKMUMB,2025-03-15 22:57:56,2025-03-15,PRD-JQKF7PYL52XP,CLI-ER6Q8RN4W4XL,Withdrawal,,156.65,USD,,App,,,,México,Guadalajara,Approved,00,False,2.93,,
TRX-STV6O6A69OBE547F5EJS,2025-03-15 06:31:47,2025-03-15,PRD-B0RZDTS6F6JC,CLI-PZHZKMWYJ52X,Adjustment,,298.79,USD,,POS,,,,México,Querétaro,Approved,00,False,14.8,,
TRX-GRFMAFZZLUO03UUGJ33Q,2025-03-15 10:18:22,2025-03-15,PRD-FF2VPK0A9SHK,CLI-OE2ZJIWQUZBA,Payment,Food,418763.92,ARS,1196.47,ATM,SUC-8433QXQ4,,,Argentina,La Plata,Approved,00,False,28.4,-34.2222666,-58.8410504
TRX-7DII5NHPGKIUE7GM9Q7D,2025-03-15 16:46:58,2025-03-15,PRD-DJPHGNFNUZ1T,CLI-5SO4DN11ELVT,Deposit,,812.28,USD,,Web,,,,México,Monterrey,Approved,00,False,7.02,,
TRX-VJ7YHDGI7A21N0SXB6RQ,2025-03-15 06:33:43,2025-03-15,PRD-KWV7IXTPO2YC,CLI-TD66PQG2ZLCO,Purchase,Services,69.8,USD,,Web,,,Services,México,Monterrey,Approved,00,False,,,
TRX-3V0O21TNK2M9F96MPN90,2025-03-15 17:06:14,2025-03-15,PRD-Y2M78TZ08MDJ,CLI-4GD2ZDUZX9PQ,Payment,Food,945.05,USD,,App,,,,Colombia,Cartagena,Approved,00,False,15.71,,
TRX-KVOJZ3CDW1EQ19416Q9S,2025-03-16 02:35:29,2025-03-15,PRD-FO2MIYAH7141,CLI-K9BKEVRQMI1N,Deposit,,3405.96,USD,,ATM,SUC-F1BZEJXJ,,,México,Ciudad de México,Approved,00,False,15.28,-0.4767901,-0.2370321
TRX-YV34LYIGXAXL0GA65GT7,2025-03-15 08:16:54,2025-03-15,PRD-RR1IJKMHU7E2,CLI-W47YHUYQAM29,Withdrawal,,14308.64,ARS,40.88,ATM,,,,Argentina,La Plata,Approved,00,False,13.33,,
TRX-PH9FJE5V35WPMB4YP4NL,2025-03-16 05:29:40,2025-03-15,PRD-DO85UOXY3XDV,CLI-JCZMV1C8068D,Purchase,Transport,152.42,USD,,POS,,Estación de Servicio,Transport,México,Ciudad de México,Approved,00,False,10.19,,
TRX-N2OEFVECSWASZA921B5W,2025-03-15 09:53:14,2025-03-15,PRD-VFUGQF2G4FNK,CLI-8PT16MJAJ1W6,Withdrawal,,383198.33,COP,95.8,POS,,,,Colombia,Medellín,Approved,00,False,22.57,,
TRX-YDCL3BOHIYDDUDIBW7SF,2025-03-15 11:54:50,2025-03-15,PRD-7CCPUYVQ3U9X,CLI-T3UX8Z43UEYN,Payment,Services,135.45,USD,,ATM,SUC-FGQWMFNS,,,México,,Approved,00,False,4.98,-0.0214928,-0.111454
TRX-9THJIA83UC3DYTF4FPTL,2025-03-15 20:08:16,2025-03-15,PRD-58DZ4P8T5LTY,CLI-21H9WOZ94HFO,Transfer,,5557.53,USD,,Web,,,,México,Puebla,Approved,00,False,19.38,,
TRX-RCLI0LTAWFPX4L9JRT6Z,2025-03-15 17:59:40,2025-03-15,PRD-FM2STCO7WNE2,CLI-9WGJY17DHSZ1,Transfer,,8732.09,USD,,Transfer,,,,México,Monterrey,Approved,00,False,10.72,,
TRX-N1UPN162NR5SKOB1JTV9,2025-03-15 13:40:23,2025-03-15,PRD-CZIB34SDPFC5,CLI-ITMFZ4LTO5UE,Withdrawal,,162108.38,ARS,463.17,POS,,,,Argentina,Mendoza,Approved,00,False,2.51,,
TRX-L9X5NHJSE74OZVUU6Y0E,2025-03-15 18:55:56,2025-03-15,PRD-R3BQ9TV3CNNE,CLI-W7JHS7GNHOMK,Withdrawal,,48.04,USD,,ATM,SUC-3XWIPDZ3,,,México,Tijuana,Approved,,False,28.53,0.1232041,-0.1926716
TRX-6B6NUFVD8DH06M70NBO4,2025-03-15 21:44:29,2025-03-15,PRD-L707RIBX6LX3,CLI-YH4M6CQG5LXM,Transfer,,11853617.92,COP,2963.4,ATM,SUC-C93NERQQ,,,Colombia,Cali,Approved,00,False,15.87,,
TRX-NK3ZCHMUG8SX5QSU3N7L,2025-03-15 16:09:33,2025-03-15,PRD-8A94MU3SFZ93,CLI-9SA0T45J6KKZ,Purchase,Health,431.35,USD,,Transfer,,Óptica Visión,Health,México,Monterrey,Approved,,False,,,
TRX-KNNY2BXQKVVRT5POUQXF,2025-03-15 21:01:20,2025-03-15,PRD-9ZJPNXOLGBC7,CLI-0CFYGQ0J5PG5,Purchase,Services,353.62,USD,,ATM,SUC-QTKN7Z0R,Servicios Públicos,Services,Colombia,Medellín,Approved,00,False,12.87,,
TRX-T5ORQ016FNG14GBMAVDA,2025-03-15 07:09:30,2025-03-15,PRD-VYHON86MTHNS,CLI-1C4C9SHRZSDN,Deposit,,233907.48,ARS,668.31,Web,,,,Argentina,Mendoza,Approved,00,False,,,
TRX-1C6V0VCR44W22KZQSR7W,2025-03-15 08:44:53,2025-03-15,PRD-MM4DR72V5SPJ,CLI-VJ7Z1WZ9EVG8,Purchase,Food,364.09,USD,,POS,,,Food,México,Tijuana,Approved,00,False,4.05,-0.2515481,-0.6953571
TRX-1FNBUAO5EWK9GENX8QCB,2025-03-15 13:52:32,2025-03-15,PRD-KM0K6GGU1IH7,CLI-T4CSRGN1SQ11,Withdrawal,,499.47,USD,,POS,,,,México,Tijuana,Approved,00,False,6.89,,
TRX-QG7NAPFFSKM2ENIMHDNQ,2025-03-16 02:38:21,2025-03-15,PRD-5VKDWPEXAC3I,CLI-C9IH3CTEMZMM,Deposit,,1359074.9,COP,339.77,Web,,,,Colombia,Medellín,Declined,51,False,13.95,,
TRX-KLFMK9XAHC7LTY3T04PQ,2025-03-15 08:17:41,2025-03-15,PRD-C4HOJG5WJP7F,CLI-Q2LHQHTRRWKX,Payment,Food,6830393.67,COP,1707.6,ATM,SUC-IKK3G59W,,,USA,,Approved,00,False,,5.0151981,-73.334891
TRX-VLM8P2QPOK7KINDB4DYJ,2025-03-15 06:00:51,2025-03-15,PRD-QGFGHFG0YH6S,CLI-FZZWITI2WJ7D,Transfer,,4199528.63,COP,1049.88,App,,,,Colombia,Barranquilla,Approved,00,False,1.88,,
TRX-GEHUZAJ1CHTVBB5XBWWD,2025-03-15 07:18:50,2025-03-15,PRD-YES4AZD70DYO,CLI-43W3G1D757PS,Payment,Food,3424232.15,COP,856.06,Web,,,,Colombia,Cartagena,Approved,00,False,11.1,,
TRX-S962TR4I72ULRPLW7SOP,2025-03-16 05:14:46,2025-03-15,PRD-C1UBGYHCY34S,CLI-T508ITZ64KQ3,Withdrawal,,1077015.59,COP,269.25,POS,,,,Colombia,Medellín,Approved,00,False,,4.4030108,-74.7996595
TRX-5SBCM1NGIAPG28JAZOVY,2025-03-15 10:32:32,2025-03-15,PRD-2DR2IY6UZG41,CLI-B7MPFATGPUOG,Transfer,,5780.62,USD,,Web,,,,México,Puebla,Approved,,False,15.47,,
TRX-ZACPP8DFRYSQD70XBSW7,2025-03-15 17:55:40,2025-03-15,PRD-CG6T8J47M1EE,CLI-N3H6YW3Y56YJ,Transfer,,2141853.55,ARS,6119.58,POS,,,,Argentina,Córdoba,Approved,00,False,17.49,,
TRX-7FQPWL05JS3JMN4OS5IX,2025-03-15 23:47:26,2025-03-15,PRD-DCTAKXNFZGY0,CLI-ANFXLQRVI12K,Purchase,Food,986670.64,COP,246.67,POS,,Restaurante El Buen Sabor,Food,Colombia,Bogotá,Approved,00,False,14.84,,
TRX-EAICHYLIWXI04M4F1WJ0,2025-03-15 10:46:25,2025-03-15,PRD-L090PVM33OQC,CLI-5C5CS537TO2Z,Transfer,,5563.66,USD,,Web,,,,México,Querétaro,Approved,00,False,,,
TRX-72YKPB4OG4VECHAQ73QZ,2025-03-16 03:44:41,2025-03-15,PRD-LN9RLEXBIUF1,CLI-GCO1KUFT814A,Deposit,,3679.81,USD,,ATM,,,,México,Tijuana,Approved,,False,27.44,,
TRX-U35L1JAHR4QIFCL75ODF,2025-03-15 18:46:41,2025-03-15,PRD-BI0BL9Z1YP2E,CLI-UUCQD6IXNXGL,Payment,Food,118462.51,ARS,338.46,Web,,,,Argentina,Mendoza,Approved,00,False,12.52,,
TRX-ETA7JPXD3LUPHX6GOOZM,2025-03-15 13:16:12,2025-03-15,PRD-B772XSF8TC2W,CLI-KA68K6OX3JQ6,Purchase,Entertainment,269.44,USD,,ATM,SUC-S3V4CSL0,Conciertos Live,Entertainment,México,Querétaro,Approved,00,False,17.6,,
TRX-8YPJP38MIP5IFOEJ1EFC,2025-03-15 12:55:38,2025-03-15,PRD-U0H62UXADTQK,CLI-USZTFP0QET57,Purchase,,1011272.98,COP,252.82,App,,Streaming Music,Entertainment,Colombia,Bogotá,Approved,00,False,,,
TRX-Y03V706KG7AJZH09ZV51,2025-03-15 06:51:21,2025-03-15,PRD-2UYXSJ34I0G3,CLI-YXC5Y5N0IMD5,Transfer,,9138.34,USD,,App,,,,México,,Reversed,54,False,21.14,,
TRX-AXLWRX0UGGG0OC58YEST,2025-03-15 20:38:22,2025-03-15,PRD-ROGP3JWQ3JNW,CLI-1XL9R3EEOVX8,Transfer,,28665510.15,COP,7166.38,POS,,,,Colombia,,Approved,00,False,,4.1084478,-74.7078351
TRX-OTLA9QJ9V3VKPYFSVPP4,2025-03-16 04:21:43,2025-03-15,PRD-31EEKHO0J7R3,CLI-6YWP90BX15ZG,Withdrawal,,155.68,USD,,ATM,SUC-8HPG0AE8,,,México,Tijuana,Approved,00,False,7.48,,
TRX-NCIB2MDLNF2ML086WS72,2025-03-15 12:47:23,2025-03-15,PRD-37S3GEALQHFH,CLI-C2ZD5ZJU54GM,Payment,Health,726.77,USD,,POS,,,,México,Guadalajara,Approved,00,False,4.89,,
TRX-EBHI1F0I5E24W0P8J0FA,2025-03-15 13:33:10,2025-03-15,PRD-VNOLTRYBI61U,CLI-WJV0O3F0RH92,Purchase,Other,434.73,USD,,App,,Boutique Moda,Other,México,Monterrey,Approved,00,False,,,
TRX-DQULV2QYSE992CD2ZHNA,2025-03-15 08:18:26,2025-03-15,PRD-ZTRNGS0RYNYK,CLI-Y0L7H5MS55PW,Adjustment,,974.45,USD,,POS,,,,México,Monterrey,Approved,00,False,17.41,,
TRX-79POE5GRKGFH0NHZOBPS,2025-03-15 07:20:46,2025-03-15,PRD-YKJNUKBTP3IG,CLI-OAZU8A9VATN8,Transfer,,2415004.16,COP,603.75,ATM,SUC-U7NNFMS6,,,Spain,,Approved,00,False,,,
TRX-V9KGQTGLHUS7TBDKVW8O,2025-03-15 21:42:12,2025-03-15,PRD-A5S1ZBJWR8VO,CLI-84AF5VSV9WPB,Transfer,,7824.34,USD,,ATM,SUC-2L4DTLRM,,,USA,New York,Approved,00,False,,,
TRX-B6BO2AEOVGL8LV8VJJOB,2025-03-15 19:37:28,2025-03-15,PRD-00TQKWJO03XK,CLI-S0OSJ6E8OGA5,Withdrawal,,199729.07,COP,49.93,POS,,,,Colombia,Medellín,Approved,00,False,,4.6925247,-73.4597382
TRX-QFP57X0G7GE86VK9WKAW,2025-03-15 15:19:55,2025-03-15,PRD-N149M5BDC09T,CLI-PCMPZ9DRE0AG,Payment,Other,106142.9,ARS,303.27,Web,,,,Argentina,Rosario,Approved,00,False,12.9,,
TRX-6OLRMJGQNIJUDDFYD5WV,2025-03-15 15:21:35,2025-03-15,PRD-Z3Y8BK8CKUTN,CLI-EX6BOAOEFZHQ,Withdrawal,,183.04,USD,,POS,,,,México,Ciudad de México,Approved,00,False,1.53,,
TRX-WN992I9ZWTQD9L340QSG,2025-03-15 21:04:09,2025-03-15,PRD-VP6YU4Q1OW4M,CLI-043GYWRA1XE5,Purchase,Other,1415378.56,COP,353.84,Branch,SUC-84HXKY7Q,Boutique Moda,Other,Colombia,Medellín,Approved,00,False,27.44,,
TRX-72UQ41B6SGSQVO4LPQA4,2025-03-15 20:54:00,2025-03-15,PRD-N8SGT88MINPH,CLI-E8O64W51BUVI,Withdrawal,,82313.93,ARS,235.18,POS,,,,Argentina,Rosario,Approved,00,False,20.89,,
TRX-KIRT1BA7LCBHTYM4QF3P,2025-03-15 11:55:30,2025-03-15,PRD-RXARZ93DB5D5,CLI-OHC9GVNM29TN,Purchase,Transport,388.08,USD,,ATM,SUC-KI33JLSV,Taxi Seguro,Transport,México,Querétaro,Approved,,False,23.25,,
TRX-P1X20095I6VN2VO38HUG,2025-03-16 02:45:30,2025-03-15,PRD-EAIJLMDQ05UR,CLI-DQD7J01XPSG1,Transfer,,13371903.27,COP,3342.98,App,,,,Colombia,,Approved,00,False,15.37,,
TRX-ZD2MJK7KLG4BBG92EJVU,2025-03-15 07:32:33,2025-03-15,PRD-H58DK5QZOUSI,CLI-HJV6PUW8DD4O,Withdrawal,,54.1,USD,,ATM,SUC-UBOAYTJG,,,México,Guadalajara,Approved,00,False,22.38,,
TRX-INMXWRSWX7V69KM4ETR4,2025-03-15 17:48:53,2025-03-15,PRD-1ZNL7SK3MF78,CLI-F7R7035E5EZ4,Transfer,,5761.73,USD,,Web,,,,México,Tijuana,Approved,00,False,26.4,,
TRX-UUVR7I9RWIXPTAAQPNZ0,2025-03-15 07:22:55,2025-03-15,PRD-SO5JWYNLCFCL,CLI-09BXO6I1VVS1,Withdrawal,,242.92,USD,,POS,,,,México,Tijuana,Approved,00,False,12.88,,
TRX-P55OQZA719C149EAAUQX,2025-03-15 07:39:59,2025-03-15,PRD-8W0WJB0IHCGJ,CLI-120CDC53H1K6,Transfer,,5917.95,USD,,POS,,,,México,Puebla,Approved,00,False,20.79,,
TRX-OKFGQ7W4W5Z2RC5DLQXA,2025-03-16 04:03:21,2025-03-15,PRD-UJLNPORSAG9T,CLI-HMX1WEB1SVCB,Withdrawal,,626908.69,COP,156.73,POS,,,,Colombia,Cali,Approved,00,False,22.97,,
TRX-JAAEC57818Z8XOP69RC6,2025-03-15 21:08:24,2025-03-15,PRD-ZME8X1IF9DEA,CLI-H48050P54GQ8,Transfer,,8682.8,USD,,POS,,,,México,Puebla,Approved,00,False,12.15,,
TRX-CMTWN4I88HX8CM2YR6HC,2025-03-16 01:07:29,2025-03-15,PRD-JVS0G9JT4AVW,CLI-HF5KRSK1WPW8,Deposit,,1596.36,USD,,Web,,,,México,Monterrey,Approved,00,False,24.31,,
TRX-B034KKI97JIBPJBBQSAE,2025-03-16 04:16:55,2025-03-15,PRD-OTMPUPYPNRZK,CLI-B4XO4Q27XHS2,Purchase,Entertainment,407.65,USD,,App,,,Entertainment,México,Querétaro,Approved,,False,3.21,,
TRX-2C4O5PA4IGRZWNNF3OHK,2025-03-15 16:18:02,2025-03-15,PRD-3ZKRM5FEOPBW,CLI-42W5ILZP024L,Withdrawal,,20.73,USD,,App,,,,Colombia,Barranquilla,Approved,00,False,13.5,,
TRX-LANBZQOOXLQEP0W9JE3E,2025-03-15 18:24:02,2025-03-15,PRD-S5JNUVITJGZ3,CLI-9PC6OF5R0H3D,Purchase,Food,1562379.08,COP,,POS,,Mercado Central,Food,Colombia,Bogotá,Approved,00,False,2.86,5.4702355,-74.9588081
TRX-PKPKBCMT6E281YYUZKN7,2025-03-16 00:50:36,2025-03-15,PRD-JRVLTVHQ5PC5,CLI-N32RL728C9CH,Withdrawal,,353.73,USD,,POS,,,,México,Querétaro,Approved,00,False,20.6,,
TRX-CP9574O6540SMQXN1AT2,2025-03-15 13:22:53,2025-03-15,PRD-VV5U6X6OAHB6,CLI-YIVSCRL8AUJR,Withdrawal,,1768139.58,COP,442.03,ATM,SUC-1NFIF0G0,,,Colombia,Cali,Approved,00,False,14.41,4.5018269,-73.9119724
TRX-U6CC0E09KODN0IRNU1WR,2025-03-15 21:24:37,2025-03-15,PRD-TSU0OUR7KMJF,CLI-CKI00EQHBRUG,Purchase,Services,1056212.79,COP,264.05,Web,,Empresa Telefónica,Services,Colombia,Cartagena,Approved,00,False,7.83,,
TRX-JUBSF96SHPBFNUMU15VK,2025-03-16 00:50:37,2025-03-15,PRD-NQWGSHKVJK94,CLI-2SO5V6K2QF0P,Payment,Transport,1163.55,USD,,POS,,,,Colombia,Barranquilla,Approved,00,False,20.18,,
TRX-XCEI4J24SO6SZXJS2JJB,2025-03-15 20:54:59,2025-03-15,PRD-57SLZC1XL9ON,CLI-DV1WXG4J27MS,Payment,Transport,705.73,USD,,POS,,,,México,Guadalajara,Approved,00,False,,,
TRX-5JE7RQPOZCRIANXYKWHP,2025-03-16 05:20:30,2025-03-15,PRD-ZUR3LDZZKEUF,CLI-VY9DZQIDPMAZ,Transfer,,9280.62,USD,,Transfer,,,,México,,Approved,00,False,19.73,,
TRX-M5337SUKS0LQWUW9XEX8,2025-03-15 17:05:28,2025-03-15,PRD-IKAJCSXZBZ0K,CLI-1R6FZDWKWE2M,Withdrawal,,77774.5,ARS,222.21,Web,,,,Argentina,Rosario,Declined,51,False,13.58,,
TRX-LSSTFNWH38WOGZFRL24C,2025-03-16 02:31:50,2025-03-15,PRD-AD3NXWSW1I83,CLI-9XX038BPVWSB,Purchase,Entertainment,98.08,USD,,ATM,SUC-Y15GDF24,Cine Premium,Entertainment,Argentina,Rosario,Approved,00,False,12.19,0.3836935,-0.1551658
TRX-BANVCFBCNQA2232T56AY,2025-03-15 12:10:33,2025-03-15,PRD-ZSRP7HQQ19F6,CLI-7NO3LIDUUTQT,Purchase,,1501801.68,COP,375.45,ATM,SUC-KY2QIURA,Taxi Seguro,Transport,Colombia,Bogotá,Approved,00,False,19.35,,
TRX-LFR023WOH8ONYBR3X06F,2025-03-15 12:55:01,2025-03-15,PRD-RMH78P6D9PDL,CLI-8MQ002YI1BR3,Purchase,Services,479.24,USD,,POS,,Servicios Públicos,Services,México,Ciudad de México,Approved,00,False,,,
TRX-VA7LIS85ORK8YDUAV7YV,2025-03-16 05:49:48,2025-03-15,PRD-NIM04P0GG80K,CLI-VYDRZ6NSB9S2,Withdrawal,,256.73,USD,,ATM,,,,Colombia,Medellín,Approved,00,False,29.16,3.9317004,-73.2544587
TRX-2BDRVA0C00QBLY30UZBX,2025-03-15 09:15:47,2025-03-15,PRD-J9X3GZDQB63Z,CLI-AQR6IT1OIEH5,Payment,Food,578508.93,ARS,1652.88,POS,,,,Argentina,Rosario,Approved,00,False,4.71,-35.543213,-57.7016813
TRX-EVP7Q1CERLTE8L93MP8L,2025-03-15 19:09:40,2025-03-15,PRD-AOXQSQ5M4DV2,CLI-3W6ANOCOQTDE,Withdrawal,,7192.27,ARS,,Web,,,,Argentina,La Plata,Approved,00,False,2.68,,
TRX-ZYWW7IFA43JSOJNUGMFG,2025-03-15 14:09:57,2025-03-15,PRD-TF0MYIP9E2MJ,CLI-AH1BOZXRQ0JA,Transfer,,4873.59,USD,,ATM,SUC-POHHKXPA,,,México,Querétaro,Approved,00,False,,,
TRX-LV4XT7DNR086YGFILRFT,2025-03-16 05:08:48,2025-03-15,PRD-4A1Y0CT57DDQ,CLI-GQCBWH29HPFE,Purchase,Health,12332.75,ARS,35.24,ATM,SUC-GKQAVGPP,Farmacia Salud,Health,Argentina,Mendoza,Approved,00,False,,,
TRX-RCW40YKBZIIPR2PFFWJ3,2025-03-15 12:31:55,2025-03-15,PRD-49J0DD46K7AR,CLI-SXHB58QD0L6I,Transfer,,18032638.42,COP,4508.16,App,,,,Colombia,Cartagena,Approved,,False,,,
TRX-D0RWPGL2UE5IFFLUBZR5,2025-03-15 21:59:38,2025-03-15,PRD-VJSVM7JX5NO4,CLI-85XJ3C0HWUYG,Payment,Other,130052.54,ARS,371.58,POS,,,,Argentina,Córdoba,Approved,00,False,,,
TRX-KEBCX77BMK2XK5RKMC8K,2025-03-15 15:46:00,2025-03-15,PRD-CSMGFYFYGHKD,CLI-SIDAL0719ERO,Transfer,,3579.58,USD,,POS,,,,México,Monterrey,Approved,00,False,,0.2096394,0.3903958
TRX-CKR1NDP2XJLBK79VN05P,2025-03-15 15:54:57,2025-03-15,PRD-ABHOGX1P7XSQ,CLI-7AM753Z272W4,Transfer,,5008.31,USD,,POS,,,,México,Querétaro,Approved,00,False,22.55,,0.2521274
TRX-TH6HLSBK5E68ZWLEY1IR,2025-03-15 10:47:42,2025-03-15,PRD-FR8UIG4V9BCW,CLI-X9649FAUSI0D,Purchase,Entertainment,305.75,USD,,POS,,Cine Premium,Entertainment,Argentina,Mendoza,Approved,00,False,4.69,,
TRX-K76Q7H1PI6086U4HPDR7,2025-03-16 05:13:18,2025-03-15,PRD-0IGDC09LSMEV,CLI-WAE41DS1DNXQ,Transfer,,7190.14,USD,,Web,,,,México,Monterrey,Approved,00,False,,,
TRX-F4P30G0CEGRLEEUOCSV6,2025-03-15 22:03:41,2025-03-15,PRD-FHMZ6B8BBPFD,CLI-EJEQ2S8ZGD5I,Payment,Other,34064.21,ARS,97.33,Web,,,,Argentina,Rosario,Pending,51,False,,,
TRX-ENXFVSVHOHQH6JLJCZBW,2025-03-15 16:07:46,2025-03-15,PRD-BI3V69CFGH2C,CLI-85SO978OBNWU,Transfer,,9888.76,USD,,ATM,SUC-1PSI5W5X,,,México,Ciudad de México,Approved,00,False,3.38,-0.2192507,0.8181809
TRX-O2AH70EMS9KUCVUT3Z4L,2025-03-15 19:30:20,2025-03-15,PRD-F4QTEELN38RL,CLI-S47T0Y3CGJNB,Transfer,,8740264.44,COP,2185.07,ATM,SUC-0KBWS25U,,,Colombia,Barranquilla,Approved,00,False,25.67,,
TRX-I4C5G6JP1EEY8S0NMJ7Z,2025-03-15 20:27:50,2025-03-15,PRD-NW3D18WKQ810,CLI-IMSAUCV63EJM,Transfer,,49630.61,ARS,141.8,ATM,,,,Argentina,Buenos Aires,Approved,00,False,23.7,-33.9118058,-58.6426471
TRX-DBM7N9LAQ2S5IVJ3LA7W,2025-03-15 14:20:35,2025-03-15,PRD-W9GMB8I29K5Q,CLI-8LX9YGQU8WAQ,Adjustment,,903.64,USD,,POS,,,,México,Querétaro,Approved,,False,,-0.5335347,0.5714127
TRX-7ZC87BH0P8NL04KAA2ZI,2025-03-15 15:23:31,2025-03-15,PRD-NQIZPIQ6SXMF,CLI-2A52DKW4MNZM,Transfer,,5776.17,USD,,Transfer,,,,Argentina,La Plata,Approved,00,False,25.93,,
TRX-C7RRJRG7PFJHG5UEO1X5,2025-03-15 16:55:20,2025-03-15,PRD-1I8BF47NRJF2,CLI-FI7A8792OBR6,Withdrawal,,1615081.37,COP,403.77,POS,,,,Colombia,Cali,Approved,00,False,27.04,4.2056669,-73.5455452
TRX-A5USYTZS7YGB9FN8CEU3,2025-03-15 18:03:55,2025-03-15,PRD-W7HX4M7C4D07,CLI-2BYEQSY3WIYA,Purchase,Food,240.32,USD,,ATM,SUC-JQ7BZNFI,,Food,México,,Approved,00,False,24.5,,
TRX-JI1KH494MQZ7RA9DVU1U,2025-03-16 04:22:05,2025-03-15,PRD-XA89HGES3AFS,CLI-5TQIXTXIGOWO,Deposit,,2336.89,USD,,POS,,,,México,Guadalajara,Approved,00,False,,,
TRX-HRXCMBGUHE0QAC5O2987,2025-03-15 11:09:16,2025-03-15,PRD-FHRADYRF5K4Y,CLI-NA77YK05HZH6,Deposit,,2612.57,USD,,App,,,,México,Guadalajara,Approved,,False,,,
TRX-FE880WIGDCLK20MWOKVH,2025-03-16 03:32:35,2025-03-15,PRD-XVCH2RCY93I1,CLI-TVCI0PA703M4,Deposit,,1128.93,USD,,App,,,,México,Querétaro,Approved,00,False,26.8,,
TRX-M1A4TD4TFYJOCMAJ6A02,2025-03-15 14:29:45,2025-03-15,PRD-UOBQA66617RB,CLI-ETP4J6E3J4O6,Deposit,,4303.44,USD,,ATM,SUC-JA4P9IIP,,,Colombia,Cartagena,Approved,00,False,28.05,5.2504759,-73.5943414
TRX-OYKX2MICE4V89M4O5U2H,2025-03-16 02:41:29,2025-03-15,PRD-ZIV5BVJIEI4P,CLI-4WIWHVNOUXRT,Payment,Entertainment,915.48,USD,,App,,,,México,Guadalajara,Pending,14,False,17.31,,
TRX-INK21FA4SN1LVTU8X2IV,2025-03-16 03:19:17,2025-03-15,PRD-ACEI2DMRULWZ,CLI-0THB6PRTKJVG,Purchase,,80309.57,ARS,229.46,ATM,SUC-YV8Q78LJ,Cine Premium,Entertainment,Argentina,Rosario,Approved,00,False,16.11,,
TRX-K6QQ67Z1J0A46JRGMC5R,2025-03-15 23:47:36,2025-03-15,PRD-5FC0DVFJ94C7,CLI-DISPDFFGU9SW,Transfer,,8789.95,USD,,POS,,,,México,Puebla,Approved,00,False,,,
TRX-HG5PSUPAGNH1VFAZFBLS,2025-03-16 03:20:14,2025-03-15,PRD-834ZOLOV5G3Q,CLI-VOFW1VO514ER,Purchase,Entertainment,350.09,USD,,Web,,Teatro Nacional,Entertainment,México,,Approved,00,False,8.17,,
TRX-ICAJLVY6HFAJSFLVN8ZL,2025-03-15 10:04:06,2025-03-15,PRD-WQPFJEC9UK96,CLI-X3NHDW7AG12E,Purchase,Other,742578.86,COP,185.64,POS,,Tienda General,Other,Colombia,Medellín,Declined,54,False,,,
TRX-3LK4Z9L4213BPGZH7BSF,2025-03-15 18:42:52,2025-03-15,PRD-NJY3QIWE0WM4,CLI-7EVOOUM7KFO8,Adjustment,,806.83,USD,,POS,,,,México,Puebla,Approved,00,False,21.66,,
TRX-JCUAID8WXII9YHN59XHL,2025-03-15 18:53:43,2025-03-15,PRD-ARP5P6F26D5E,CLI-U1K30BT9B5F2,Transfer,,4671866.25,COP,1167.97,ATM,SUC-X57ITSKO,,,Mexico,Ciudad de México,Approved,00,False,28.9,4.2767322,-73.6402202
TRX-HTXUCIU19EG20QX97GZ3,2025-03-15 21:01:56,2025-03-15,PRD-SO42BRGHG7BZ,CLI-5L0H89KL72QO,Transfer,,285379.95,ARS,815.37,POS,,,,Argentina,Rosario,Approved,00,False,0.74,,
TRX-599QYQHRCB7XA47TWLGU,2025-03-15 20:51:01,2025-03-15,PRD-GSM79JSV0OOW,CLI-COZNOIRA5BI1,Deposit,,15814472.08,COP,3953.62,POS,,,,Colombia,Cartagena,Approved,00,False,,,
TRX-2HL5DZGE70QK4WYEOCFE,2025-03-15 17:44:07,2025-03-15,PRD-A30SRZKB6WRY,CLI-YS0BF3KYSG84,Purchase,Health,50.67,USD,,ATM,SUC-FFI5DAEC,Clínica Médica,,México,Guadalajara,Approved,00,False,23.02,,
TRX-P8GIDI6VI3GN9V094KF3,2025-03-15 21:43:45,2025-03-15,PRD-NLVG79OP5D6V,CLI-5B7SH8WYPO4R,Payment,Other,1286.3,USD,,App,,,,México,Puebla,Approved,00,False,26.29,,
TRX-6TL0BZS0ST74TK4SGXL3,2025-03-16 01:59:03,2025-03-15,PRD-AXRQHA9HAGFQ,CLI-I0P1CWKTLFK0,Transfer,,1821.56,USD,,ATM,SUC-6A2UBEHN,,,México,Monterrey,Approved,00,False,16.82,,
TRX-VRGAXBXR1LV3HS1VK8H0,2025-03-15 07:03:37,2025-03-15,PRD-S7H7KIUQMZVO,CLI-2E9AESB9JJFL,Purchase,Services,50899.11,ARS,145.43,Web,,Servicios Públicos,Services,Argentina,Buenos Aires,Approved,00,False,28.02,,
TRX-J59FTSMNFBNMXZBVIMEF,2025-03-15 19:25:48,2025-03-15,PRD-I8RHS6M7VDT0,CLI-GJLFJ6Q1AIE7,Withdrawal,,1049242.4,COP,262.31,App,,,,Brazil,Rio de Janeiro,Approved,00,False,16.6,,
TRX-GLIIWEE86U24O3RYHPW9,2025-03-15 10:15:51,2025-03-15,PRD-XG9B9XZU4RU4,CLI-TOADDILXJMED,Transfer,,9407.06,USD,,ATM,SUC-XT96PBC0,,,México,Guadalajara,Approved,00,False,6.83,,
TRX-87DHYUCVVFAYKV4COQJD,2025-03-15 10:22:41,2025-03-15,PRD-AXFHO4WQRJT7,CLI-5W4TZJV2UMAW,Payment,Services,607700.87,COP,151.93,ATM,SUC-GPHM9NB1,,,Colombia,,Approved,00,False,,,
TRX-6INUJA76UIPM90FTGYF9,2025-03-15 06:22:37,2025-03-15,PRD-E9K8Z720W9I2,CLI-2QX8JUK5FFZ6,Deposit,,3331.37,USD,,POS,,,,México,Guadalajara,Approved,00,False,,,
TRX-21JM8VZ70OG21J9NCANM,2025-03-15 10:10:32,2025-03-15,PRD-AI793MYE9UZT,CLI-QDFIBPGK3RWG,Withdrawal,,497.84,USD,,Web,,,,Argentina,La Plata,Approved,00,False,28.24,,
TRX-YCA41JZ7A4EHFMD51XE7,2025-03-16 05:19:14,2025-03-15,PRD-BM4RBTCMVJTT,CLI-TIMU4URUTDJH,Deposit,,8752165.32,COP,2188.04,POS,,,,Colombia,Cartagena,Approved,00,False,2.77,,
TRX-QQSVRP8VH9UMCUI7WX2D,2025-03-15 14:12:17,2025-03-15,PRD-PJWQ92R1OEWY,CLI-J58HUJTHIUD8,Withdrawal,,766368.94,COP,191.59,ATM,SUC-RFQLK7RX,,,Colombia,Bogotá,Approved,00,False,15.8,,
TRX-GWV598JXEO2UEBG27MI2,2025-03-15 07:13:52,2025-03-15,PRD-FYZZ8QMTQWSP,CLI-80M91GC4P7CM,Purchase,Entertainment,153156.24,ARS,437.59,Branch,SUC-ZVFW3M23,Streaming Music,Entertainment,Argentina,Mendoza,Approved,00,False,,,
TRX-7TAJP328Q69B1MV08JYO,2025-03-15 23:45:52,2025-03-15,PRD-42NS0U4F95OH,CLI-TYFAX71IKQQC,Purchase,Entertainment,1922215.29,COP,480.55,POS,,Streaming Music,Entertainment,Colombia,Bogotá,Declined,54,False,,4.8633703,-73.7595912
TRX-MZTRGSLKSMQ7ILVJ97YY,2025-03-15 14:45:41,2025-03-15,PRD-2F9N11YSWG0R,CLI-90E4KKHL6JTA,Withdrawal,,172.85,USD,,App,,,,México,Querétaro,Approved,00,False,,,
TRX-IZVGWW2R89P8FTOSZPRH,2025-03-15 17:43:05,2025-03-15,PRD-E88ZMF107LPK,CLI-8B0A396OYF3Q,Withdrawal,,1025588.11,COP,256.4,ATM,SUC-85YWBJ74,,,Colombia,Medellín,Approved,00,False,8.79,,
TRX-MNRL7WK1OROE9ONST04G,2025-03-15 15:03:07,2025-03-15,PRD-78AT84GL6LO7,CLI-ZAA4QD5GH2HV,Withdrawal,,56.28,USD,,ATM,SUC-Z7426PZT,,,Argentina,Mendoza,Approved,00,False,21.91,,
TRX-E492VMOOY5JBT8QJFQHO,2025-03-15 17:13:54,2025-03-15,PRD-L8HE7YM9I5IO,CLI-AK9F46Z90HTJ,Purchase,Services,1483536.69,COP,370.88,POS,,Empresa Telefónica,Services,Colombia,Bogotá,Approved,00,False,,,
TRX-Z3PKWDJP5OWXIM9O2ZXY,2025-03-15 16:58:46,2025-03-15,PRD-DO13Q8YJIBDS,CLI-84G58473VWKN,Deposit,,17352605.34,COP,4338.15,ATM,SUC-HAC1OZ8F,,,Colombia,Barranquilla,Approved,00,False,,,
TRX-XR8NEJQKGC5GDEBMMQS0,2025-03-15 06:56:24,2025-03-15,PRD-BANSGNNOIHEY,CLI-TC8BH31J8UNG,Withdrawal,,435.51,USD,,POS,,,,México,Querétaro,Approved,00,False,2.94,,
TRX-JRA6IMNOY9VLGZBB8C2T,2025-03-16 02:29:46,2025-03-15,PRD-QYVTPYABA5CI,CLI-W7BF99XFNSF4,Purchase,Health,161795.54,COP,40.45,ATM,SUC-IV7HG0FV,Clínica Médica,Health,Colombia,Bogotá,Approved,00,False,0.04,,
TRX-ET8V02SYWZU3A9L1BPST,2025-03-16 04:17:25,2025-03-15,PRD-L9HTK3GA5W9M,CLI-HIYVX9S0HRWL,Payment,Other,1100.82,USD,,App,,,,México,Guadalajara,Approved,00,False,,,
TRX-VAN0AO8JABV6NKPFKR45,2025-03-15 15:52:54,2025-03-15,PRD-BM10WU3IHYNX,CLI-IJW5ATG8SIME,Transfer,,3423.28,USD,,App,,,,México,Ciudad de México,Approved,00,False,9.96,,
TRX-ZQ2MAV7XQDTSIHT9DILN,2025-03-16 04:50:32,2025-03-15,PRD-17R9P1DOFOUE,CLI-9R2494X849IU,Withdrawal,,373.01,USD,,POS,,,,México,Puebla,Approved,00,False,18.37,-0.8100158,-0.1241096
TRX-9LSU9DQVZOW6EW4FGLYW,2025-03-15 20:50:02,2025-03-15,PRD-WGH1Z6M9M2M4,CLI-N1YIQSE0961G,Transfer,,3017.68,USD,,Web,,,,Argentina,,Approved,00,False,,,
TRX-WO2SSD4RZ0ZWYNBOVVV5,2025-03-16 03:53:09,2025-03-15,PRD-KSSLA5FSNBOO,CLI-OLFP61A7UAUI,Payment,Services,656690.53,ARS,1876.26,POS,,,,Argentina,La Plata,Approved,00,False,10.97,,
TRX-MEF010HT9LJOEY6QMF26,2025-03-16 02:49:26,2025-03-15,PRD-CD7X3QVG6RNR,CLI-9O9M2X4ADX5F,Deposit,,15949934.32,COP,3987.48,ATM,SUC-2NNWC3AV,,,Colombia,Cartagena,Approved,00,False,2.7,,
TRX-OWZ3B2OJBRHW1CPJ4MO4,2025-03-15 18:09:16,2025-03-15,PRD-YPRLZJTZCIFT,CLI-BLN5FL5N7PBM,Purchase,Food,96369.35,ARS,275.34,ATM,SUC-7TUK3JBL,Super Ahorro,Food,Argentina,Buenos Aires,Approved,00,False,,,
TRX-HPFHLYY05E46ASR9U6SF,2025-03-15 23:34:09,2025-03-15,PRD-W6JCYOQMAG6J,CLI-W8RLATPE2LWR,Transfer,,11061034.51,COP,2765.26,Web,,,,Colombia,Bogotá,Declined,05,False,27.33,,
TRX-I3TT13SUAH95JQL4EJBF,2025-03-16 05:07:38,2025-03-15,PRD-NEIA03TNO0V8,CLI-0H70BT00JE3G,Payment,Health,395.65,USD,,POS,,,,México,Tijuana,Approved,00,False,,,
TRX-RJ8ICJUDK60A0QYNPRM5,2025-03-15 07:56:51,2025-03-15,PRD-LHVR8LZ2S2C0,CLI-QWVVYTKXVGRL,Payment,Entertainment,112.03,USD,,ATM,SUC-N8LPAX0U,,,México,Ciudad de México,Approved,00,False,11.3,0.0430026,
TRX-G0ACS8WELL2R1U03KK4I,2025-03-15 19:01:09,2025-03-15,PRD-62QWOA0RNWBS,CLI-9HVXJIV4JBID,Transfer,,8220.8,USD,,App,,,,Colombia,Cartagena,Approved,00,False,20.16,,
TRX-M1Q5WCGG8Y6IBI2UDASR,2025-03-15 09:08:36,2025-03-15,PRD-D36N70DS5YDD,CLI-H5AIWJ0Q7ZDL,Withdrawal,,1039265.18,COP,259.82,POS,,,,Colombia,Bogotá,Declined,05,False,0.64,,
TRX-NROY6F8HX0ONCWDF3GTW,2025-03-15 11:52:25,2025-03-15,PRD-FEKGVKUW18QY,CLI-763R3QVXD5NH,Purchase,Entertainment,308.01,USD,,App,,Streaming Music,Entertainment,México,Puebla,Approved,00,False,15.31,,
TRX-RXQ2E1ZB438J4N61KPN6,2025-03-16 05:26:46,2025-03-15,PRD-E9YHYRI2PJNX,CLI-0PRQUOJH5OME,Withdrawal,,153106.53,ARS,,ATM,SUC-2T5PUX8Q,,,Argentina,Mendoza,Approved,00,False,18.02,-34.3335726,-59.1242101
TRX-YXQUMUHB4ITSAU5FFA9B,2025-03-15 21:10:05,2025-03-15,PRD-UPXL0576H12P,CLI-QG167UMFGISC,Adjustment,,2800401.52,COP,700.1,Branch,SUC-8UUCS42Y,,,Colombia,Barranquilla,Approved,00,False,22.19,5.6797999,-74.9376901
TRX-9WLGFB87TVLYIW6BO5IG,2025-03-16 03:58:08,2025-03-15,PRD-TXXLDQPARD9Z,CLI-UF44IQY5TRO9,Deposit,,13226761.91,COP,3306.69,ATM,SUC-IV7HG0FV,,,Colombia,Cali,Approved,00,False,16.39,,
TRX-DQJ32CIB76W7QRIC07SS,2025-03-15 15:45:26,2025-03-15,PRD-AUN6TBXAQM6D,CLI-3LUNPK7BKX5P,Payment,Food,1908615.23,COP,477.15,POS,,,,Colombia,Barranquilla,Approved,00,False,6.29,4.971943,-74.8790546
TRX-M054MK6W5G5J2VSFUI2Y,2025-03-15 20:04:50,2025-03-15,PRD-TKCOMBE2QAYG,CLI-V72MTAXXA0VK,Payment,Services,1306.86,USD,,ATM,SUC-5FCLNF9U,,,México,Tijuana,Approved,00,False,14.65,,
TRX-YCGB71BHPF3XBVMV5PVR,2025-03-15 22:09:26,2025-03-15,PRD-AA61GUBQ8YHT,CLI-EUU1L4H2UPT2,Payment,Other,753.52,USD,,POS,,,,México,Tijuana,Approved,00,False,26.76,-0.7908822,-0.1058548
TRX-8ME9QLGPUCDEPJCROP5Q,2025-03-15 18:02:48,2025-03-15,PRD-8X8U6QKIVG1B,CLI-E1FTBBL7MW79,Deposit,,3144.75,USD,,POS,,,,México,Querétaro,Approved,00,False,15.1,,
TRX-LT6VKSW9LB3MONQMXYZV,2025-03-16 02:12:44,2025-03-15,PRD-N5UNZR89QF2J,CLI-ZB1S66H135T3,Purchase,Services,159889.91,COP,39.97,POS,,Internet Plus,Services,Colombia,Barranquilla,Approved,00,False,13.9,,
TRX-DGK5FF8CIJZ24INV1DQD,2025-03-15 19:17:45,2025-03-15,PRD-4ES4VNLT2ZWP,CLI-KB3X8I4BW7DO,Withdrawal,,79327.88,ARS,226.65,POS,,,,Argentina,Rosario,Approved,00,False,2.89,,
TRX-GS6JMWINO3AKLQDGTWQE,2025-03-15 07:17:23,2025-03-15,PRD-Z0LJUBCIRYYJ,CLI-ZF35YDITAOFV,Payment,Food,1190.53,USD,,ATM,,,,Argentina,Buenos Aires,Approved,00,False,,-34.4353564,-58.0241607
TRX-B1E8ALJDDK3MQ983YIZV,2025-03-15 07:54:15,2025-03-15,PRD-3QB683IQAIYO,CLI-M6CSSX7Y1VJ5,Purchase,Health,42.15,USD,,Web,,Laboratorio Central,Health,México,Ciudad de México,Declined,51,False,,,
TRX-GKOR5YH3VI2TWX6X9PB9,2025-03-16 03:05:16,2025-03-15,PRD-SKMW9KSYCYUK,CLI-SA60FKFL1H59,Payment,Food,655098.87,ARS,1871.71,POS,,,,Argentina,,Approved,00,False,26.11,,
TRX-LLVBOZRJE9BI7J0VQDDD,2025-03-15 17:04:37,2025-03-15,PRD-9HW4XY3353KV,CLI-7VJ5XKGJ9FXX,Transfer,,123830.62,ARS,353.8,ATM,SUC-XHNP3DLP,,,Argentina,Rosario,Approved,00,False,,-34.78417,-57.4951815
TRX-5LEE3ANMZ38W3KXPKSTQ,2025-03-15 18:33:15,2025-03-15,PRD-1G3IOGH0DVX3,CLI-VTFOEIDPD4W3,Deposit,,2675.47,USD,,ATM,SUC-WU56M94O,,,México,Querétaro,Approved,00,False,2.95,-0.8773293,0.1340552
TRX-4KUNRXWGJBZ58AMNC73B,2025-03-15 07:06:17,2025-03-15,PRD-1N6PNU84ZWVU,CLI-JZG48823A32M,Payment,Services,1163.24,USD,,POS,,,,México,Ciudad de México,Approved,00,False,8.88,-0.2892377,0.989241
TRX-A9QSG6ZBNU9TA89T5V1H,2025-03-15 14:56:07,2025-03-15,PRD-V18C7EZKEOLJ,CLI-ZJD36H3WGU49,Transfer,,8482.25,USD,,App,,,,México,Querétaro,Approved,00,False,6.29,,
TRX-AGOYQGFGTQGE3TWX3K85,2025-03-15 15:05:19,2025-03-15,PRD-98BK5G4CU3IE,CLI-KVH8ORPW340A,Transfer,,5853.23,USD,,ATM,SUC-CGL8D37U,,,México,Guadalajara,Approved,00,False,15.6,,
TRX-BSL1VLY8KXFCK86UE5ZN,2025-03-16 03:18:43,2025-03-15,PRD-J9AUDIIZOVH7,CLI-4PXLXCYRDP46,Withdrawal,,272.11,USD,,ATM,SUC-XT96PBC0,,,México,,Approved,00,False,,,
TRX-RQVSQUWGIA9BUD9K4JX9,2025-03-15 22:49:48,2025-03-15,PRD-KGRVARSO26NI,CLI-4LV2K2EWWAOK,Transfer,,3556.63,USD,,Web,,,,México,Guadalajara,Approved,00,False,8.02,,
TRX-H20OUEF2OPSYCDYN5PHX,2025-03-15 08:10:46,2025-03-15,PRD-YKAIUM9LNUH9,CLI-6NBZWM7P4F64,Withdrawal,,69.23,USD,,POS,,,,México,Ciudad de México,Approved,00,False,12.08,,
TRX-LV7L1PHDZB29S6AAFNTG,2025-03-15 10:41:54,2025-03-15,PRD-PUINP2T26JQ7,CLI-D5ZDA1IFX2XO,Withdrawal,,964821.81,COP,241.21,Web,,,,Colombia,Cali,Approved,00,False,12.91,,
TRX-8YPP4WIB5DGOLT41FC9A,2025-03-15 23:08:00,2025-03-15,PRD-ERJH88KEQQYR,CLI-305QOVACH5MD,Purchase,Health,180.88,USD,,ATM,SUC-SDXPHMG4,Farmacia Salud,Health,México,Guadalajara,Reversed,14,False,0.05,,
TRX-4WBX136UODQCE1F21KR7,2025-03-16 02:13:40,2025-03-15,PRD-MAFDYI5A2WAS,CLI-NC2QLIS7ZMFY,Purchase,Other,58895.03,ARS,168.27,ATM,SUC-7TUK3JBL,Ferretería,Other,Argentina,Buenos Aires,Approved,00,False,9.68,,
TRX-18DCIURWYDR3XQRANQZE,2025-03-15 19:33:33,2025-03-15,PRD-ATG7S4BGYQM6,CLI-ACUP9IZ9962Z,Deposit,,12090707.83,COP,3022.68,App,,,,Colombia,Bogotá,Approved,00,False,27.76,,
TRX-RMCEW2W0PJDXRWJNA937,2025-03-16 02:35:55,2025-03-15,PRD-2DU57UJBYX8M,CLI-XMVRS4T34EZQ,Purchase,Entertainment,428.28,USD,,POS,,Cine Premium,Entertainment,Colombia,,Approved,00,False,28.61,4.0073767,-75.0005292
TRX-7P05RO6MAXECZA9VVRV5,2025-03-15 19:59:46,2025-03-15,PRD-26FV7O1P3VVZ,CLI-9T02XN9KO6Y7,Transfer,,2787.72,USD,,POS,,,,Spain,Madrid,Approved,00,False,7.39,4.0526967,-73.345747
TRX-BMCRQKZBAJSH8EX4MF1Q,2025-03-15 17:39:12,2025-03-15,PRD-3YF99XSEXB0S,CLI-6JGQYS8CQZ4M,Withdrawal,,102866.22,ARS,,ATM,SUC-ISVYMZP9,,,Spain,Madrid,Approved,00,False,3.97,,
TRX-2SO22NYBH4JSC86KCSL9,2025-03-15 22:03:21,2025-03-15,PRD-1BBQFN2JOYZD,CLI-E80PSXOAS6VR,Deposit,,970.82,USD,,POS,,,,México,Tijuana,Approved,00,False,21.86,,
TRX-1PMGVK2AKQDJ5PTJFFV3,2025-03-15 14:06:45,2025-03-15,PRD-Y4CQOBMLQYNR,CLI-8MP19L5ZJZZ6,Withdrawal,,98.72,USD,,POS,,,,México,Guadalajara,Approved,00,False,0.62,,
TRX-KCGYOBPPAL7FACWVIQXE,2025-03-15 22:31:46,2025-03-15,PRD-F5N0QFLK6OJR,CLI-3HKP2KPOJ1C2,Transfer,,7691756.55,COP,1922.94,POS,,,,Colombia,Medellín,Approved,00,False,11.46,,
TRX-8U2TOA9JYMDDJW36INV7,2025-03-16 00:37:14,2025-03-15,PRD-D1IQRUGAVD0X,CLI-SEHZW3JF38P0,Transfer,,7995.28,USD,,POS,,,,México,Puebla,Approved,00,False,,,
TRX-PUXI9TWQ49GMKTQEIQKG,2025-03-16 04:11:31,2025-03-15,PRD-KWWG9RIWP06N,CLI-BO6AZDDALFRU,Withdrawal,,20813.68,ARS,59.47,ATM,SUC-FXWYIOXF,,,Argentina,Córdoba,Approved,00,False,2.79,,
TRX-6W4XJMP560ZBNQHO0Q0Y,2025-03-15 12:16:08,2025-03-15,PRD-BSFFBNW01JV3,CLI-9QK981HBJ7BD,Transfer,,1085443.77,ARS,3101.27,POS,,,,Argentina,Rosario,Declined,51,False,29.08,-35.5725794,-58.2588305
TRX-6HZGYQLPXSPY822OXJUC,2025-03-15 09:07:01,2025-03-15,PRD-RZD3HU1QZ2LE,CLI-NXB87JDQZEVX,Purchase,Transport,1387164.45,COP,346.79,ATM,SUC-A1FLMPEF,Taxi Seguro,Transport,Colombia,Medellín,Approved,00,False,9.64,,
TRX-3KTF2ER0AAII30J2P7H2,2025-03-15 17:03:14,2025-03-15,PRD-2BIBYVM3L0ZI,CLI-W5TKG5NE5A0L,Withdrawal,,76.9,USD,,POS,,,,México,Querétaro,Pending,,False,23.56,,
TRX-DW1TUGG3HMW0QMSB75AZ,2025-03-15 18:49:52,2025-03-15,PRD-PBGEYZ59VFHW,CLI-C3W3QLGI9AYC,Payment,Food,473.78,USD,,App,,,,Colombia,Barranquilla,Pending,14,False,19.16,,
TRX-S83ZNUJSHTIC5MCFNKJV,2025-03-16 00:14:08,2025-03-15,PRD-DOB92YCZ4F3G,CLI-590AJI92UF45,Transfer,,3426395.4,COP,856.6,ATM,SUC-AXEH5GB0,,,Colombia,Bogotá,Approved,00,False,3.32,4.5822722,-74.0570548
TRX-7H1381VWNT10EW6S32KM,2025-03-16 01:45:16,2025-03-15,PRD-HR07TY8I65AK,CLI-Z3V3SBS18YWQ,Payment,Services,557.04,USD,,POS,,,,México,Monterrey,Approved,00,False,3.73,,
TRX-OFEQAL4USTMYJE037BCH,2025-03-15 10:13:13,2025-03-15,PRD-L856L9GGHU47,CLI-3NAVNB09VK0P,Purchase,Food,247.2,USD,,POS,,Mercado Central,Food,México,Tijuana,Approved,00,False,6.54,,
TRX-IZDEEUKK8F8Q9N2VLZZE,2025-03-15 22:07:26,2025-03-15,PRD-603MC3VOLOOY,CLI-E6KWX6MTOM47,Transfer,,3656.06,USD,,ATM,SUC-WSUW783S,,,México,Querétaro,Approved,,False,7.26,,
TRX-VD83OGZBWYP3QS7385AS,2025-03-15 11:09:24,2025-03-15,PRD-57TNB5TWU3I4,CLI-TSBAGZ47DH3W,Transfer,,836.13,USD,,App,,,,México,Guadalajara,Approved,00,False,17.05,,
TRX-FXFDH4PA0559J1A8K1KP,2025-03-15 20:46:38,2025-03-15,PRD-EJRIEYH26OQI,CLI-G0ZK2MB6KMB5,Withdrawal,,424.46,USD,,App,,,,Argentina,,Approved,00,False,17.96,,
TRX-EQF5MIVLHI3YTE1YUYWH,2025-03-15 22:12:54,2025-03-15,PRD-9MSBZIYB4YXZ,CLI-21MP7DAODM89,Payment,Health,6363129.18,COP,1590.78,POS,,,,Colombia,Medellín,Approved,00,False,7.27,,
TRX-VNBWEP39K6UTM0KRQF73,2025-03-16 03:40:40,2025-03-15,PRD-S8TSQDK1VYKH,CLI-ZX14MAGTEFMI,Purchase,Entertainment,106.75,USD,,POS,,Cine Premium,Entertainment,México,Puebla,Approved,00,False,7.92,,
TRX-K591YRO1CEDFRV6M1MB2,2025-03-15 12:58:07,2025-03-15,PRD-H5RB52EFU7WK,CLI-H9HER4ROUFZK,Withdrawal,,293.34,USD,,ATM,SUC-VTIA5X8Y,,,México,Querétaro,Approved,00,False,,,
TRX-YTBEE2LULUOG11SFUEX2,2025-03-15 18:42:04,2025-03-15,PRD-R1KYRV0FBNXS,CLI-B46JHOPXHGIC,Payment,Transport,374752.66,ARS,1070.72,Web,,,,Argentina,Rosario,Approved,00,False,,,
TRX-M65U9QAJZ1B44J9G8A5Q,2025-03-15 10:30:09,2025-03-15,PRD-VU9DUJ44ESTJ,CLI-K2T5NGEAJZ59,Withdrawal,,1195755.72,COP,298.94,ATM,SUC-DLYE60QN,,,Colombia,Barranquilla,Approved,00,False,15.17,,
TRX-LAO2SI87V75Z2N5GS1YH,2025-03-15 22:01:36,2025-03-15,PRD-JHVHKFT5HMXE,CLI-K5LL4R2RLD6W,Deposit,,1593392.81,ARS,4552.55,ATM,SUC-V5DT47YR,,,Argentina,La Plata,Declined,54,False,1.67,,
TRX-7EQ0739IKRXAQBHJOGAX,2025-03-15 08:01:25,2025-03-15,PRD-0J1DN7B3LFF3,CLI-S8EGPR6CF4LW,Purchase,Food,184.55,USD,,App,,Mercado Central,Food,Colombia,Barranquilla,Approved,00,False,16.54,,
TRX-DTSJE4WNY8K6HLJ05SOB,2025-03-15 11:14:44,2025-03-15,PRD-H4DCLYJJ62SW,CLI-5L6EGAWYR2Q2,Purchase,Other,38789.54,ARS,110.83,POS,,Tienda General,Other,Argentina,Córdoba,Approved,00,False,,-34.0672823,-58.3024175
TRX-YCO4N1VEW6LA7LMP13UG,2025-03-16 02:54:36,2025-03-15,PRD-ODTFZWZ8NJ0I,CLI-8ABBRCQ4ECNN,Payment,Transport,4422055.6,COP,1105.51,POS,,,,Colombia,Cartagena,Approved,00,False,18.43,,
TRX-DS3BZNKQDFNR7KWT7R66,2025-03-15 23:40:01,2025-03-15,PRD-5YJQR89YVIGO,CLI-9VITMNWDYNKF,Purchase,Food,76153.13,ARS,217.58,App,,Restaurante El Buen Sabor,Food,Argentina,Rosario,Approved,00,False,9.55,,
TRX-NVE7YZC67QVH02SUI0XA,2025-03-16 00:36:24,2025-03-15,PRD-DZLT5MAO82O8,CLI-919JL8JYQ6O6,Payment,Food,1660.62,USD,,POS,,,,México,Tijuana,Approved,00,False,18.26,0.9395696,-0.5260736
TRX-Y9OW200RQ5P7E3MS5MWB,2025-03-15 21:19:47,2025-03-15,PRD-TR9WQRJLZO68,CLI-FSMLIBAXWIMG,Deposit,,2917.31,USD,,POS,,,,Colombia,Bogotá,Approved,00,False,28.98,,
TRX-3Q31IRA5W0CFAKXNYRNT,2025-03-15 10:10:29,2025-03-15,PRD-5UNIUI431AX3,CLI-F60NS8CXJHPG,Purchase,Other,234.92,USD,,Web,,Boutique Moda,Other,Colombia,Cartagena,Approved,00,False,0.84,,
TRX-S4KMBXE5S6GYAWXU4USK,2025-03-15 21:13:07,2025-03-15,PRD-ZOX597HVKPGS,CLI-ZT8WEN87XSTZ,Payment,Entertainment,1548.85,USD,,ATM,SUC-KUOJDQSO,,,México,Tijuana,Approved,00,False,,0.5522915,0.2147716
TRX-IZK1XCXBH19ZGJ8DGCVC,2025-03-15 20:19:20,2025-03-15,PRD-KLGJ2LQNCGU7,CLI-V1NBFXVYKJCQ,Withdrawal,,484.13,USD,,POS,,,,USA,New York,Approved,00,False,26.36,,
TRX-TCGVWOZJ05R6FQEX7QVD,2025-03-15 22:54:53,2025-03-15,PRD-MG3923AFIVQ9,CLI-WAO5EEYZ7S5N,Purchase,Services,370.47,USD,,ATM,SUC-JGB6PK8R,Empresa Telefónica,Services,México,Ciudad de México,Approved,00,False,6.2,-0.2612946,0.5982558
TRX-S0JR7CZ6Q7FLWDR2Z7RI,2025-03-15 17:47:39,2025-03-15,PRD-23R3B6V8546O,CLI-6I26CJZFDXFT,Adjustment,,253749.61,ARS,725.0,ATM,SUC-7TH4CVFK,,,Argentina,Rosario,Approved,00,False,15.44,,
TRX-1OY2MNAUUS8W14V15451,2025-03-15 07:15:49,2025-03-15,PRD-0COB69VU0ULX,CLI-XTAE4TUYYMOR,Deposit,,2363.1,USD,,POS,,,,Colombia,Cartagena,Approved,00,False,27.83,4.5063762,-74.4473853
TRX-QMV65UCS695M38VLAN4D,2025-03-15 22:25:52,2025-03-15,PRD-OJ8J27AM08OK,CLI-OVAY8OR93HIW,Deposit,,1202872.38,ARS,3436.78,ATM,SUC-5S93Z8YS,,,Colombia,Bogotá,Declined,05,False,13.66,-35.2624272,-57.6330285
TRX-VKFSGJF7N64UWP90G344,2025-03-16 00:37:40,2025-03-15,PRD-MX7XGCN6U2ZC,CLI-CO57VFBIDRKH,Withdrawal,,309.59,USD,,POS,,,,México,Monterrey,Approved,00,False,25.82,-0.0526427,0.9817418
TRX-INKDZJ0Q0A7R7ZIXRGKQ,2025-03-16 00:02:54,2025-03-15,PRD-JKNZ7LABDCRA,CLI-0CV80721Y3TJ,Deposit,,4315.74,USD,,Web,,,,México,Querétaro,Approved,00,False,0.87,,
TRX-VYM6273N93EDPRA9OSQ5,2025-03-15 19:24:57,2025-03-15,PRD-5YMLZ8YCF4PH,CLI-SQJOCEDJJNCZ,Purchase,Entertainment,460273.9,COP,115.07,POS,,Cine Premium,Entertainment,Colombia,Bogotá,Approved,00,False,6.8,,
TRX-6JDKD463601E9N9O44N5,2025-03-15 19:47:26,2025-03-15,PRD-5H37QLCPU01Y,CLI-BTJAPFDZP3G4,Transfer,,28705329.58,COP,7176.33,ATM,SUC-X3OFCBL0,,,Colombia,,Approved,00,False,,,
TRX-7PUFOAETL0OOV50LYI4B,2025-03-16 01:24:53,2025-03-15,PRD-XNRRN5BCZPIV,CLI-RISEY5E0L1IH,Withdrawal,,47.19,USD,,POS,,,,Colombia,Bogotá,Pending,51,False,6.38,,
TRX-GAGX7LGBLUB3A361RVQ5,2025-03-15 21:56:05,2025-03-15,PRD-2W1JHIEN420C,CLI-HC8VCUCTBRM0,Transfer,,2120.94,USD,,POS,,,,México,Tijuana,Approved,00,False,14.17,0.7887512,-0.7629257
TRX-Q92T9I4CRR6QTAIQ6GAB,2025-03-15 07:06:09,2025-03-15,PRD-J1ATDBWOMO15,CLI-UA4UCRS7WDB5,Withdrawal,,69069.67,ARS,197.34,Branch,,,,Argentina,Mendoza,Approved,00,False,25.15,,-58.8003236
TRX-26NZHBLMEP145UMRDPVG,2025-03-15 08:09:03,2025-03-15,PRD-KQ9IBXLRZ6R6,CLI-DZIVTCGHSOOM,Deposit,,10253387.44,COP,2563.35,App,,,,Colombia,Medellín,Approved,00,False,24.16,,
TRX-EA9XSS53RG0H4F522F08,2025-03-16 00:09:00,2025-03-15,PRD-51FSOBQOWQN9,CLI-NYV0WT0UB7ZS,Deposit,,716.0,USD,,ATM,SUC-HWG24EKK,,,Spain,Sevilla,Approved,00,False,,,
TRX-QJZLMQCZVU2TVAP76MIB,2025-03-15 09:56:53,2025-03-15,PRD-LGKKX0BP11KO,CLI-QEWDSOTGIWSA,Withdrawal,,153.32,USD,,ATM,SUC-UBOAYTJG,,,México,Tijuana,Declined,51,False,21.83,-0.3485222,0.8201121
TRX-8QJKRAV60BBOHSN7HF5M,2025-03-15 09:32:00,2025-03-15,PRD-81RTYI48MEKM,CLI-2RM2JU2ADX2M,Withdrawal,,112426.37,ARS,321.22,ATM,SUC-ZVFW3M23,,,Argentina,Córdoba,Approved,00,False,2.18,,
TRX-RAE51JGXA70BKM6FG17F,2025-03-15 19:40:27,2025-03-15,PRD-YFN6NGC0RTYS,CLI-MUZKX3P28XE1,Adjustment,,303.77,USD,,Web,,,,México,Monterrey,Declined,54,False,21.87,,
TRX-B2S6GH2OHL0IFOUELMUN,2025-03-15 07:38:02,2025-03-15,PRD-KZY62P8A01YJ,CLI-U1BCWAQZHGSW,Withdrawal,,107774.69,ARS,307.93,ATM,SUC-YO2Y6PA3,,,Argentina,La Plata,Approved,00,False,2.3,,
TRX-IFXGTAKPRPM6K2TB9FG8,2025-03-15 17:22:30,2025-03-15,PRD-KELFRWRQJIME,CLI-WETGEY92HUGI,Transfer,,4417397.74,COP,1104.35,POS,,,,Colombia,Medellín,Approved,00,False,8.63,,
TRX-IL7GE1TAXX7SAF2RZ9VS,2025-03-15 21:21:51,2025-03-15,PRD-KUBMO5KP8SAI,CLI-FU4IMTYR8P4N,Deposit,,11845138.22,COP,2961.28,Branch,SUC-3NEGSLF6,,,Colombia,,Approved,00,False,,,
TRX-9H73HHM82Y4NGQBQZU2O,2025-03-16 00:05:02,2025-03-15,PRD-7BRNVINWHAES,CLI-FMWDOXVS1BKQ,Deposit,,4757.69,USD,,App,,,,Argentina,Mendoza,Approved,00,False,28.29,,
TRX-KBVTUDVQDBBBF1S5IFBK,2025-03-16 05:02:14,2025-03-15,PRD-S5Y5P8YZVSGF,CLI-26VSD1I0EW69,Adjustment,,613.93,USD,,POS,,,,México,Querétaro,Approved,00,False,,,
TRX-DKIH7I50AXL8ZHYEX19X,2025-03-16 05:15:28,2025-03-15,PRD-7UXZNEHK8Z8E,CLI-JRADVRQXOSOX,Payment,Transport,7476816.89,COP,1869.2,Branch,SUC-M447M9GU,,,Colombia,Cartagena,Approved,00,False,6.77,,
TRX-WKQPU3APATDAE2X3JQ4M,2025-03-15 17:41:00,2025-03-15,PRD-GCZ0QS89W2MG,CLI-5PVMMUOOCE4I,Deposit,,3263.78,USD,,ATM,SUC-YJSI0V1D,,,México,Guadalajara,Declined,05,False,8.42,,
TRX-5KFNRTQV43STHW8LNGOF,2025-03-15 16:15:53,2025-03-15,PRD-2RHKKNRKMPY3,CLI-02LBVUE0A7AN,Withdrawal,,163273.41,ARS,466.5,Web,,,,Argentina,,Approved,00,False,26.57,,
TRX-CID1INC9TZ8KE0IWJMTV,2025-03-15 14:45:56,2025-03-15,PRD-59VNZ4XFSJ0U,CLI-LQTC8P9JIZEL,Payment,Other,320291.96,ARS,915.12,Transfer,,,,Argentina,Córdoba,Approved,00,False,11.07,,
TRX-ASNB5PROWWIH90WOSLE2,2025-03-15 07:48:21,2025-03-15,PRD-ORPQM4I7M9BU,CLI-2VAAZWYPDWA8,Purchase,Services,1557163.42,COP,389.29,ATM,SUC-YAQTMQ56,Cable TV,Services,Colombia,Barranquilla,Reversed,51,False,15.51,,
TRX-MCOMH32J3QB78BRZB7QY,2025-03-16 00:20:38,2025-03-15,PRD-BTE0M85O0UQO,CLI-EDQAIUL6NGWW,Purchase,Services,412.3,USD,,Branch,SUC-N1ZUF3PF,Cable TV,Services,México,Monterrey,Approved,00,False,28.23,,
TRX-L3REHPXAR6UWB5IMZ3H4,2025-03-15 18:01:34,2025-03-15,PRD-YB4NUV7NE0H2,CLI-XKEZISMIRPGG,Purchase,Other,47.24,USD,,Branch,SUC-5R12FFLE,Tienda General,Other,México,Guadalajara,Approved,00,False,24.91,0.9911961,
TRX-1R7C2WTZ8LJ0UP325WFP,2025-03-15 21:23:13,2025-03-15,PRD-RASD1L770HG0,CLI-MCK2W32X34KA,Payment,Food,669929.94,ARS,1914.09,Web,,,,Argentina,Córdoba,Approved,,False,2.09,,
TRX-KIP6MNA8RQ58KFJVJE69,2025-03-16 05:17:05,2025-03-15,PRD-10NMUWKEVQUH,CLI-KDCGAYWO9JQ3,Purchase,Health,233.74,USD,,Transfer,,Clínica Médica,Health,México,,Approved,00,False,24.68,,
TRX-5V0DZL352CLHP3XIESPB,2025-03-15 09:47:04,2025-03-15,PRD-WR329O13IWTT,CLI-POIMZOV3N5WQ,Purchase,Health,322.04,USD,,POS,,,,México,Guadalajara,Approved,00,False,29.6,0.4168551,0.7471592
TRX-MFDXK5OOWWTPA70QYUTJ,2025-03-15 14:28:14,2025-03-15,PRD-11PS36PJUWDX,CLI-455ZUBPBHQ28,Purchase,Food,280.63,USD,,ATM,SUC-BDUHNO9T,Mercado Central,Food,México,Puebla,Approved,00,False,,,
TRX-FBUUA8H1ESHUVGM2MEN3,2025-03-15 11:46:36,2025-03-15,PRD-P1H4QU8C51VG,CLI-W411599OXN1V,Withdrawal,,396.45,USD,,POS,,,,Mexico,Guadalajara,Approved,00,False,24.23,-0.8237387,0.3176935
TRX-4NOMMMJV9VF8JA61QY7O,2025-03-16 03:02:52,2025-03-15,PRD-1TBVSUBV2DV0,CLI-YZADSJEPAL3H,Purchase,Services,289.75,USD,,POS,,,Services,México,Puebla,Approved,00,False,3.6,,
TRX-NVSAWBTGZQX5TO53V6A9,2025-03-15 16:38:39,2025-03-15,PRD-JXGY656AAX7B,CLI-XYW85W5SHJB4,Withdrawal,,394312.49,COP,98.58,POS,,,,Colombia,Cali,Approved,00,False,16.42,,
TRX-XDEZCVTRJCCCQ86FQ2JF,2025-03-15 20:06:32,2025-03-15,PRD-LL949OF7K4UG,CLI-RZ8YIAUE90LK,Deposit,,436657.12,COP,109.16,Web,,,,Colombia,,Pending,54,False,15.5,,
TRX-4HACSJHDORZJLCE0SZQE,2025-03-15 06:31:20,2025-03-15,PRD-OQ6V3EB2DYUI,CLI-KKE11A845V8A,Transfer,,8601.34,USD,,Web,,,,Argentina,Rosario,Approved,00,False,7.43,,
TRX-TDEBG053E0AG1FXMXT59,2025-03-16 04:47:46,2025-03-15,PRD-VW53OLTC6I4J,CLI-JM5M0IHY7AYV,Withdrawal,,37.81,USD,,ATM,SUC-YZKP5AYK,,,México,Puebla,Approved,00,False,28.09,,
TRX-OUC1AVBIL1JGBZ5XE5Z6,2025-03-15 07:53:02,2025-03-15,PRD-BNFX95YDG567,CLI-9M5IGPKRA765,Purchase,Services,484.09,USD,,App,,Internet Plus,Services,Argentina,Buenos Aires,Approved,00,False,20.93,,
TRX-Y9QCY51JF6SYD6RA7BJK,2025-03-15 22:49:34,2025-03-15,PRD-QE50DGRIJYQ2,CLI-WI1BJUNU1GEP,Transfer,,1259.53,USD,,App,,,,México,,Approved,00,False,,,
TRX-KSNQSWVK0A9GHV2XW502,2025-03-16 01:18:51,2025-03-15,PRD-L7E3P9Q80QIN,CLI-OFVV6IIDMDWN,Purchase,Food,469.04,USD,,Web,,Super Ahorro,,México,Guadalajara,Approved,00,False,,,
TRX-YG28XUG1SG9IWLJ678DN,2025-03-15 08:22:15,2025-03-15,PRD-MD11U2F5CQDQ,CLI-Q6JOLNL3BEGL,Payment,Services,6993483.83,COP,1748.37,ATM,SUC-TQX7379E,,,Colombia,Barranquilla,Approved,00,False,16.14,,
TRX-URAG8BSDT7E8TI5UZ3KQ,2025-03-16 03:06:38,2025-03-15,PRD-R3CRWHJNN0HW,CLI-PYHYX6RBUD7V,Transfer,,12176495.29,COP,,POS,,,,Colombia,Medellín,Declined,51,False,25.56,5.3978837,-75.0018503
TRX-T5HEWXRIBCB5C36H0AGL,2025-03-15 14:48:42,2025-03-15,PRD-ICJS46AKZO2F,CLI-IAOUWKXB27JB,Withdrawal,,94304.98,ARS,269.44,ATM,SUC-D4W8JR4A,,,Argentina,La Plata,Approved,00,False,25.74,,
TRX-NLP646P76Z466E4U60T0,2025-03-15 22:01:58,2025-03-15,PRD-7L5C1YIKIV55,CLI-G1T3C9SCJGS1,Payment,Other,6862675.79,COP,1715.67,ATM,SUC-RNGAMG7V,,,Colombia,Medellín,Approved,00,False,,,
TRX-HNNJ2DA24P4MCL56FKM2,2025-03-16 02:39:31,2025-03-15,PRD-PEQEVX9UBZAW,CLI-XDU4XL9POW8A,Purchase,Transport,3825.67,ARS,10.93,POS,,Estación de Servicio,Transport,Colombia,Cali,Approved,00,False,,,
TRX-8IEBN0W8B18HE2WBTVH4,2025-03-15 11:14:26,2025-03-15,PRD-NH6W3UMKZZVK,CLI-4IUHLRE483TM,Withdrawal,,114184.34,ARS,326.24,Web,,,,Argentina,Rosario,Approved,00,False,,,
TRX-VPXTGPUU9ZDTLNIRPYH9,2025-03-16 02:19:44,2025-03-15,PRD-EPBLD9A6U3H0,CLI-LN5AI1WXN2TQ,Purchase,Food,203.29,USD,,ATM,SUC-6M2HY1ZX,Mercado Central,Food,Argentina,Mendoza,Approved,00,False,12.53,,
TRX-0V2H4H85H3TGHO63WUG4,2025-03-15 22:22:23,2025-03-15,PRD-GJJQHQX96QCK,CLI-3VVTAZBPXWIQ,Transfer,,4775.44,USD,,App,,,,México,Puebla,Approved,00,False,21.1,,
TRX-Y1ZVV05S44XO3MTOGBI7,2025-03-16 00:07:30,2025-03-15,PRD-6SZP5VNSHVX5,CLI-9451YQ3QWS5K,Purchase,Other,1691324.47,COP,422.83,ATM,SUC-C93NERQQ,Tienda General,Other,Colombia,Medellín,Approved,00,False,19.44,4.7678016,-73.3452188
TRX-H786MZHFUN3S6QTIG33P,2025-03-15 20:00:00,2025-03-15,PRD-8LVU3XVLPPTB,CLI-Y0H243JAO1YM,Payment,Entertainment,3221742.49,COP,805.44,ATM,SUC-M96GKW7T,,,Colombia,,Declined,14,False,13.34,4.0922556,-73.5355554
TRX-13O1MWX8CKQNTJN9G982,2025-03-15 17:36:54,2025-03-15,PRD-CIVSYNTQMQ2E,CLI-0ZG2WHAN0F1X,Payment,Health,1168.59,USD,,POS,,,,México,,Approved,00,False,26.69,0.2744153,0.8858381
TRX-WI4WN6BEBP9KPA1WSULF,2025-03-15 06:50:12,2025-03-15,PRD-4CJ85JV3TDVZ,CLI-QL4958KM00U9,Transfer,,9351.95,USD,,ATM,SUC-337QKO7D,,,México,Guadalajara,Approved,00,False,20.51,,
TRX-PB50O59YNOUSA2B2BI0D,2025-03-15 11:13:05,2025-03-15,PRD-D9P6FC0SMIK2,CLI-D9OF4TKFE9XZ,Withdrawal,,378.78,USD,,ATM,SUC-RF3372LI,,,México,,Approved,00,False,7.12,,
TRX-RIGXZUJECU6JO8YMBKVM,2025-03-15 15:43:04,2025-03-15,PRD-524H53INPY9X,CLI-VKG1WM48REOH,Payment,Other,7519402.24,COP,1879.85,POS,,,,Colombia,Cali,Approved,00,False,24.17,,-73.866292
TRX-EV4KOF4I9SRT1HZSI8BA,2025-03-15 20:51:58,2025-03-15,PRD-7AWMC8ZERHTH,CLI-DVFWWWI7MMGS,Purchase,Other,475.62,USD,,Web,,Ferretería,Other,Argentina,,Approved,00,False,15.42,,
TRX-J8G3RJM4TGXXXNNR3HKT,2025-03-15 11:06:47,2025-03-15,PRD-XSM27LHDBA9V,CLI-X2O6A7AGRJI3,Deposit,,7173834.12,COP,1793.46,POS,,,,Colombia,Medellín,Approved,00,False,11.22,,
TRX-GZLQUKN6YG1GWQQ5OHLG,2025-03-15 09:56:55,2025-03-15,PRD-ZHL7GEHLLP9Z,CLI-29BK0YRSSR11,Payment,Entertainment,864.13,USD,,App,,,,México,Querétaro,Approved,,False,9.15,,
TRX-43N26YGHFM0LG304C3KH,2025-03-15 08:42:01,2025-03-15,PRD-ZQSB5WZ04HQP,CLI-6FHN4SDN1J3Y,Deposit,,31973.69,ARS,91.35,ATM,SUC-RAI81ICG,,,Argentina,Rosario,Approved,00,False,3.96,,
TRX-0I5W0IEV42HGYTNXVQH3,2025-03-15 20:03:47,2025-03-15,PRD-Y8CX3YUE2Y7O,CLI-HC8C9881WXPZ,Transfer,,8747.51,USD,,Web,,,,México,Ciudad de México,Approved,00,False,,,
TRX-1PO7A4IH1EHTQREWW0NI,2025-03-15 10:16:41,2025-03-15,PRD-S0OY45HQ2AOM,CLI-AMZ3FMN63SR9,Purchase,Food,260.4,USD,,POS,,Mercado Central,Food,Colombia,Cartagena,Approved,00,False,7.63,,
TRX-7V7S0U8ONHD01VQBO5U6,2025-03-16 03:02:41,2025-03-15,PRD-8Y88JWMQSJQT,CLI-FAX50QLGLN49,Transfer,,9922.9,USD,,POS,,,,México,Guadalajara,Approved,00,False,,,
TRX-FHQX84USPA3SXGBIIEZD,2025-03-16 03:36:29,2025-03-15,PRD-C6PH2LOSPUPL,CLI-2P868LSXDPKP,Payment,Food,519369.97,ARS,1483.91,Web,,,,Argentina,Buenos Aires,Approved,00,False,8.81,,
TRX-3TN60H1QPDHE8RB82Q81,2025-03-15 10:10:53,2025-03-15,PRD-CQVS9K7F1VHR,CLI-GKIYKA61UFYE,Deposit,,4223.79,USD,,POS,,,,Argentina,Rosario,Approved,00,False,,-0.1778203,-0.6958517
TRX-KOZGN1WYHH0ILNRPSLHB,2025-03-15 14:59:02,2025-03-15,PRD-CNC0N4LZJ0ES,CLI-0X4D01Q5EM26,Transfer,,7780.72,USD,,POS,,,,México,,Approved,00,False,27.04,,
TRX-BHYR3RGIGOYGQSWA5484,2025-03-15 11:57:31,2025-03-15,PRD-VY1HSTU7SVOK,CLI-MM17UQ2F949Y,Withdrawal,,120.94,USD,,Web,,,,México,Ciudad de México,Approved,00,False,,,
TRX-1O5KJHT1RW80NASLEBZ8,2025-03-15 13:43:49,2025-03-15,PRD-T5ZVGLVC8SXR,CLI-VMGRCUV8M2ML,Transfer,,584937.18,ARS,1671.25,POS,,,,Argentina,Mendoza,Approved,00,False,16.47,-33.8680253,-59.3348777
TRX-JHWZBSV7E5TD486TB6KP,2025-03-15 08:30:40,2025-03-15,PRD-4QBSOWF7F04C,CLI-BUTGAFXCBSN1,Deposit,,1712152.29,COP,428.04,Web,,,,Colombia,Medellín,Approved,00,False,7.98,,
TRX-ES2ZFA7CCH6C559QNY4A,2025-03-15 09:49:23,2025-03-15,PRD-UFP2ZJBO6CUA,CLI-TQDCXQ9YCX4W,Transfer,,613775.29,ARS,1753.64,POS,,,,Argentina,Buenos Aires,Approved,00,False,23.82,-34.464038,-57.7886911
TRX-AKK0H1NKLI1N1YBNECOP,2025-03-15 08:59:17,2025-03-15,PRD-C1WZGYWUH2GU,CLI-XVXD431VL3CL,Deposit,,2148.53,USD,,POS,,,,México,Monterrey,Approved,00,False,10.57,,
TRX-XAYWG5ULTX69TO701ODW,2025-03-15 12:56:19,2025-03-15,PRD-NC836U6WTIFT,CLI-BSMTX3U8LIEB,Payment,Entertainment,1221.94,USD,,POS,,,,México,Monterrey,Approved,00,False,10.51,0.6380374,-0.4948842
TRX-EZICDPNI2LHCFEKZ6051,2025-03-15 10:00:51,2025-03-15,PRD-JU53KC8L60DT,CLI-ELLVZK7UJYNA,Transfer,,1564.32,USD,,POS,,,,México,Puebla,Approved,00,False,,,
TRX-OP0Q7F4K1RH4SCGACG8Y,2025-03-15 10:55:33,2025-03-15,PRD-FL9LN6NO5ND1,CLI-SRLZNAN1PXH4,Withdrawal,,143.04,USD,,ATM,SUC-57LRN6RH,,,México,,Approved,00,False,24.33,-0.0547325,0.7176418
TRX-F0EMXKHAJB92XK9OQ7K8,2025-03-15 21:31:55,2025-03-15,PRD-47F7J5NTLQAU,CLI-8524OWVJ8PJS,Purchase,Other,411.95,USD,,ATM,SUC-KNGCTTUB,Tienda General,Other,México,,Pending,51,False,22.13,,
TRX-S5LH3RA04A5HUYFSZ3TB,2025-03-15 21:23:33,2025-03-15,PRD-5CVGE8MSMOIB,CLI-VFV8C3WSCXJ2,Purchase,Other,42.18,USD,,App,,Boutique Moda,Other,Colombia,Barranquilla,Approved,00,False,18.17,,
TRX-R8HQH1QP0JUE3L3813MT,2025-03-15 16:55:52,2025-03-15,PRD-NIY95D5N1DGA,CLI-MHD1ONEAGKBA,Transfer,,3458794.38,ARS,9882.27,Web,,,,Argentina,Buenos Aires,Approved,00,False,5.85,,
TRX-K4GLAIVAUPBID5GQKWJ0,2025-03-15 20:23:36,2025-03-15,PRD-2N7672XOA7NY,CLI-61T9SA42Y704,Purchase,Services,121.47,USD,,POS,,Empresa Telefónica,Services,México,Tijuana,Approved,00,False,4.95,,
TRX-RRX4Q6R2RE7SC6X3VORF,2025-03-15 20:56:00,2025-03-15,PRD-JGQ2DZ7AZTUY,CLI-7R3LWRSFI4SZ,Transfer,,784.07,USD,,POS,,,,México,Ciudad de México,Approved,00,False,7.21,,
TRX-P5LO1QIL59C2X0IHUPSR,2025-03-15 10:22:18,2025-03-15,PRD-DXEF3IYWPNIA,CLI-0U4BNNG32SER,Withdrawal,,1415129.33,COP,353.78,ATM,SUC-E5CCM8ZI,,,Colombia,Cali,Approved,00,False,12.87,4.8759879,-74.848236
TRX-8TKPWNVB1JC9BD0959MR,2025-03-15 13:40:45,2025-03-15,PRD-B5BLCWKLG6AC,CLI-E1OM2IMIDPGY,Deposit,,325498.27,ARS,930.0,POS,,,,Argentina,,Approved,00,False,11.61,,
TRX-VVGWVEID8H1SVT85BUGL,2025-03-16 00:31:33,2025-03-15,PRD-Z4X0V52NSTHJ,CLI-IDUDUSOENMRM,Deposit,,1319.47,USD,,POS,,,,México,Querétaro,Approved,00,False,,,
TRX-3TI1ZFU7DXGOPVBTQI7A,2025-03-15 19:00:49,2025-03-15,PRD-61J3J6WDISSE,CLI-VCXCARM0AOGT,Withdrawal,,90.98,USD,,ATM,SUC-9YYT37NY,,,México,Puebla,Approved,00,False,13.92,0.7307032,-0.0029539
TRX-59GY86E4Z0PX7HH149QH,2025-03-16 05:22:20,2025-03-15,PRD-PQHZPCNAN4T1,CLI-NEHNH7NTB1Y2,Transfer,,8254.73,USD,,Branch,SUC-EN5GYCON,,,México,Ciudad de México,Approved,00,False,29.66,,-0.3370457
TRX-ODLLC9N8GMG8N4O2OS7U,2025-03-15 22:33:07,2025-03-15,PRD-W64DJSBV00IG,CLI-VCMMOX7SP9ER,Transfer,,6346.48,USD,,ATM,SUC-FV69BGCV,,,México,,Approved,00,False,5.99,,
TRX-K1MESQU3HTS7C86LGKXO,2025-03-15 07:07:05,2025-03-15,PRD-IVNECJA9BXG4,CLI-W3ZR24I0UP96,Transfer,,7225.88,USD,,App,,,,México,Puebla,Approved,00,False,27.39,,
TRX-C5PNKV6E7A8EBYZN64RT,2025-03-15 11:36:00,2025-03-15,PRD-PACD3QVZ7RPV,CLI-ESESCD2IWZS8,Withdrawal,,1601660.95,COP,400.42,Branch,SUC-H24HUACK,,,Colombia,,Approved,00,False,27.78,,
TRX-XS91ZQ9J70EN2W3BYXOJ,2025-03-15 17:00:49,2025-03-15,PRD-KLTGHIZINGHF,CLI-69NNYW652QZT,Payment,Entertainment,3144543.09,COP,786.14,ATM,SUC-84HXKY7Q,,,Colombia,Medellín,Approved,00,False,27.36,,
TRX-J2PEC6EA2MXYQHJ4F731,2025-03-15 18:52:50,2025-03-15,PRD-V2G183U8A9RD,CLI-6A53QFO2ERZ2,Transfer,,3398153.11,ARS,9709.01,Web,,,,Spain,,Approved,00,False,5.49,,
TRX-SKP36SPZPMLTWD48ZLXG,2025-03-16 04:44:37,2025-03-15,PRD-Q9C98TYFL5B2,CLI-7HQQDRMBZ5YM,Withdrawal,,63.53,USD,,App,,,,Colombia,Cartagena,Approved,00,False,14.01,,
TRX-AZDWJ947CJS24M9PDR9A,2025-03-15 11:16:09,2025-03-15,PRD-AZFLXCXT8JX5,CLI-4ZIHDXDWVMGB,Payment,Entertainment,155.88,USD,,Branch,SUC-2Z7NT3UT,,,México,Tijuana,Reversed,54,False,5.34,,
TRX-7JD8228WUV2FGY0CTW3Y,2025-03-15 16:52:29,2025-03-15,PRD-CSLS18JKCW1R,CLI-EKQMY1R0CN27,Withdrawal,,1052267.46,COP,263.07,POS,,,,Spain,Valencia,Approved,00,False,27.81,3.9896566,-73.4278156
TRX-G8P7ZU0SSQ7Y4CTN49BE,2025-03-16 03:55:37,2025-03-15,PRD-DPALXKBXCPEF,CLI-0Z82ZGBLV6WC,Transfer,,9568.82,USD,,ATM,SUC-AXDYB0RQ,,,México,Querétaro,Approved,,False,16.59,-0.8337135,0.3154757
TRX-FY1HGO0UVLJT8PR3JO2V,2025-03-16 05:18:45,2025-03-15,PRD-R2Z4S0R4SYCM,CLI-IU9F310KW01Q,Purchase,Services,120934.75,ARS,345.53,ATM,SUC-Y7VHYCDG,Internet Plus,Services,Argentina,La Plata,Approved,00,False,21.43,-33.747238,-59.0967717
TRX-297IHCL5GERSFDUVRSWG,2025-03-15 14:10:22,2025-03-15,PRD-W3W573FP4KU6,CLI-1AWA7FIZZYY8,Payment,Services,59.97,USD,,ATM,,,,México,Ciudad de México,Approved,00,False,20.8,,
TRX-XSSCOISWYB4N008UR03A,2025-03-16 01:02:09,2025-03-15,PRD-Z3IY3JVZUNWV,CLI-VNECIM5MN6G5,Purchase,Services,98.48,USD,,POS,,Servicios Públicos,Services,México,Tijuana,Approved,00,False,20.82,,
TRX-59GVXXOO28S3LHTF4ZTT,2025-03-16 05:40:49,2025-03-15,PRD-6P0AMXWVC6QH,CLI-42A7IV1S79SE,Deposit,,18928912.42,COP,4732.23,App,,,,USA,Houston,Approved,00,False,16.03,,
TRX-UVGHFCLJL1ZCPIT8PRHR,2025-03-16 01:53:31,2025-03-15,PRD-WEEWI4QMQ4KL,CLI-0JCS5D168DXD,Withdrawal,,394.76,USD,,Web,,,,México,Querétaro,Approved,00,False,,,
TRX-UE1CLMXQEMP1KR3IE4QU,2025-03-15 10:31:50,2025-03-15,PRD-RETXVLZ1QAWU,CLI-89KOE7JCL52X,Transfer,,4272.78,USD,,ATM,SUC-12NKB9OB,,,México,Querétaro,Approved,00,False,5.2,,
TRX-ML7PC6LR09RBH86WHMGK,2025-03-16 00:00:40,2025-03-15,PRD-XFCZPOXR70PV,CLI-4MIJEKT7QHCB,Deposit,,1669.16,USD,,Web,,,,México,Tijuana,Declined,54,False,23.52,,
TRX-NG449KKIRZ67AL8432AF,2025-03-16 03:26:22,2025-03-15,PRD-Y3A9CRBSMDRZ,CLI-YZ6QT6D2GMNG,Withdrawal,,47.21,USD,,Web,,,,USA,Houston,Approved,00,False,26.61,,
TRX-GB4WCB15X38KW7AUQS6D,2025-03-15 19:03:55,2025-03-15,PRD-SLGU8KFVOZSI,CLI-IMKU6SG5FNWU,Deposit,,2557.16,USD,,Web,,,,México,Ciudad de México,Approved,00,False,3.97,,
TRX-90GR4CJ3644NSN1P721U,2025-03-16 02:43:02,2025-03-15,PRD-1YB9RUS0TD86,CLI-8VM5WMV8XLJS,Transfer,,3314.3,USD,,POS,,,,México,Monterrey,Approved,00,False,9.4,,
TRX-YDBA9XFPT1EASSGM9EFS,2025-03-15 15:46:00,2025-03-15,PRD-UHL7KDO7N8IS,CLI-591WCBCWKL1Y,Withdrawal,,197.4,USD,,POS,,,,México,Puebla,Approved,00,False,16.81,0.8396746,0.8561803
TRX-AOC1F1S1KMJQQPW7V7DR,2025-03-15 23:49:20,2025-03-15,PRD-1ZTD82UVRENK,CLI-D0Z6GLMZ76KF,Transfer,,39229972.71,COP,9807.49,POS,,,,Colombia,Medellín,Approved,00,False,8.88,3.8145667,-74.9888527
TRX-LBS47O0CGKSVUC2PTIDC,2025-03-15 14:44:56,2025-03-15,PRD-K7M97Y74CGBY,CLI-EEDWTBRFKKJU,Deposit,,237790.47,ARS,679.4,POS,,,,Argentina,La Plata,Approved,00,False,10.25,,
TRX-T2PS1UD0BXG0WU61MSH3,2025-03-15 08:06:49,2025-03-15,PRD-GIT0W16YJOKQ,CLI-LBOJP9CGUZPN,Transfer,,33331749.94,COP,8332.94,ATM,SUC-2L4DTLRM,,,Colombia,Barranquilla,Approved,00,False,,,
TRX-RC8FZT1MZ2M6B9EISXSC,2025-03-15 08:41:31,2025-03-15,PRD-UW69NREZSMPY,CLI-CTD8J1MULZOY,Purchase,Health,722980.58,COP,180.75,POS,,Clínica Médica,Health,Colombia,Barranquilla,Approved,00,False,1.32,,
TRX-ACNRDQEGZVP49EZFV7GU,2025-03-15 16:27:54,2025-03-15,PRD-I5YEQQAVF0T2,CLI-KUFY0BM4MZ3U,Purchase,Services,189261.8,COP,47.32,POS,,Empresa Telefónica,Services,Colombia,Medellín,Approved,00,False,2.35,,
TRX-QEHWJVS8NL6EKCCQJEZQ,2025-03-15 23:19:01,2025-03-15,PRD-EGFGLCNL4N15,CLI-UGPOQ9BM2M3K,Purchase,Other,80.87,USD,,ATM,SUC-PUPXM7MA,Ferretería,Other,México,Guadalajara,Approved,00,False,15.8,0.7733933,0.1536177
TRX-N839FA9V22RWK97MVMWO,2025-03-15 11:14:24,2025-03-15,PRD-XVD7HR9EAKKV,CLI-FOVBX70JEOMO,Purchase,Food,156610.76,ARS,447.46,POS,,Mercado Central,Food,Argentina,Mendoza,Approved,00,False,,,
TRX-PANC01V068BWODKVG3PP,2025-03-15 22:02:40,2025-03-15,PRD-49T9JW6XE2BM,CLI-L7EZ334RN8P6,Purchase,Transport,157.86,USD,,ATM,SUC-5FDGLKJX,Uber,Transport,Colombia,Bogotá,Approved,,False,25.46,,
TRX-VRF6WTCDDIT4OR3NDW77,2025-03-15 08:20:17,2025-03-15,PRD-AM9O886DXTJA,CLI-7RZO16DDTEZA,Payment,Services,409311.22,ARS,1169.46,App,,,,Argentina,La Plata,Approved,00,False,12.84,,
TRX-JK53KHZCYEHCM4YXTHV7,2025-03-15 10:33:27,2025-03-15,PRD-OZQ0G5LGBW87,CLI-JGU9EL4QOPU8,Transfer,,1195.38,USD,,ATM,SUC-R1MU0X5G,,,México,Monterrey,Approved,00,False,24.01,,
TRX-R3BGF2KMZO4KJD6JT09O,2025-03-16 03:01:40,2025-03-15,PRD-FOV7ZIG4IIBY,CLI-41GGPNM3J4BP,Transfer,,4395.78,USD,,ATM,SUC-3NEGSLF6,,,Colombia,Cartagena,Declined,51,False,12.96,3.9619714,-74.0932344
TRX-08KWNMDLPWY5SY3I42F0,2025-03-15 13:56:54,2025-03-15,PRD-BB6BYTBQL1T4,CLI-K9CL8I41NA8Q,Transfer,,21054312.94,COP,5263.58,ATM,SUC-VZIGM714,,,Colombia,Medellín,Approved,00,False,23.43,4.593429,-73.7986912
TRX-6M9TUI774DJ5UB3W6SZY,2025-03-15 20:44:22,2025-03-15,PRD-LKG4F340P6KJ,CLI-VHBWQDMWROFE,Purchase,Food,263.88,USD,,ATM,SUC-YIS5JECV,Restaurante El Buen Sabor,Food,México,Puebla,Approved,00,False,,0.9313392,0.7304516
TRX-GCNMPWRQNM5JATOG02Z1,2025-03-16 03:51:15,2025-03-15,PRD-TJPJUDWNF7FJ,CLI-WMXF1F2JYNWZ,Payment,Entertainment,57478.37,ARS,,ATM,SUC-XCP0A6C8,,,Argentina,Córdoba,Approved,00,False,21.76,-33.9713424,-58.8212804
TRX-H6E0G3KTXP5R7M5XT9GB,2025-03-16 05:31:28,2025-03-15,PRD-WTQZTW56AA6J,CLI-41MH55BYO3O4,Purchase,Health,92122.81,ARS,263.21,POS,,Farmacia Salud,Health,Argentina,Buenos Aires,Approved,00,False,12.13,,
TRX-CQU1UGJVZTQ9924PTWXH,2025-03-16 03:35:14,2025-03-15,PRD-FWWZIMSFBV2Y,CLI-CY6TB1MQB9X0,Transfer,,3987.84,USD,,POS,,,,México,Tijuana,Approved,,False,6.95,0.6288675,0.8695096
TRX-IJTZTVJ85VCOWRPYCV1D,2025-03-15 07:25:39,2025-03-15,PRD-0Y86X3Y2SGD1,CLI-D8EQXKJJ35E4,Payment,Food,7957804.15,COP,1989.45,POS,,,,Colombia,Barranquilla,Approved,00,False,8.36,4.050789,-73.2932028
TRX-B7GSLL8WQI61MP0NJM6A,2025-03-16 05:00:28,2025-03-15,PRD-LRLRVAEEW5CL,CLI-2GNLB2MMDXZV,Transfer,,8727.88,USD,,ATM,SUC-8QU1XFUX,,,México,Guadalajara,Approved,00,False,4.49,,
TRX-VYSQBPKUE4SU6RHGJQ8C,2025-03-15 15:08:46,2025-03-15,PRD-UMLBMEIF60L8,CLI-2AO603T24CNJ,Transfer,,2599.58,USD,,Web,,,,México,Tijuana,Approved,,False,24.64,,
TRX-0QPYLJ2VDB6P1GAEYEK7,2025-03-15 11:57:12,2025-03-15,PRD-A4BATXG53H6X,CLI-K2JZH5UL9BIK,Deposit,,1696.44,USD,,Transfer,,,,México,Puebla,Approved,00,False,1.94,,
TRX-JXHM701HF3QNLYUOGNU3,2025-03-15 20:53:57,2025-03-15,PRD-FU6JTFWSD75O,CLI-HKDB771D6TYD,Transfer,,348.78,USD,,POS,,,,México,Guadalajara,Approved,,False,22.58,,
TRX-RPG7F6NR71UXD46AIJZ6,2025-03-15 08:10:49,2025-03-15,PRD-37P1ILNU7RFO,CLI-0662NONI1HWR,Transfer,,822.05,USD,,Web,,,,México,Querétaro,Approved,00,False,1.13,,
TRX-27E90LBPZDN5LOIKGLJ9,2025-03-15 06:10:08,2025-03-15,PRD-PKQ8G97W736W,CLI-MQPLM4S5AQ98,Transfer,,5196.98,USD,,ATM,SUC-BDUFJ6GZ,,,México,Guadalajara,Approved,00,False,0.08,0.4315034,0.9130743
TRX-LLTCZ0KZWH8FY3TSZHVG,2025-03-15 18:37:04,2025-03-15,PRD-X8XY03G508IU,CLI-KK8UYGWKTG5F,Withdrawal,,134053.62,ARS,383.01,Transfer,,,,Argentina,Buenos Aires,Approved,00,False,6.17,,
TRX-UX4DA3L3IXG6187BKS67,2025-03-15 09:20:34,2025-03-15,PRD-ZQ6E983VR9WM,CLI-4QIIOLKZWBGM,Withdrawal,,112.05,USD,,Web,,,,México,Querétaro,Approved,00,False,,,
TRX-A5XD9AJPNJ5YTMO0Q820,2025-03-15 07:26:40,2025-03-15,PRD-IPHDHV89R4WP,CLI-5B3C4YRDGY8X,Purchase,Services,419.79,USD,,Web,,Empresa Telefónica,Services,Colombia,Bogotá,Declined,51,False,15.55,,
TRX-2RPY3YT22DSWJQ3HBU6Y,2025-03-15 07:19:05,2025-03-15,PRD-CFEE30DALXZW,CLI-A76PV1D90AM8,Withdrawal,,399.17,USD,,POS,,,,México,Querétaro,Approved,00,False,27.19,-0.9783711,-0.6350582
TRX-T4RMRPHEYWHDABUWMKCT,2025-03-15 10:47:06,2025-03-15,PRD-R42GAJKWOL8D,CLI-YMOWZ3AJBQG0,Transfer,,7026.04,USD,,POS,,,,México,Tijuana,Approved,00,False,21.21,0.7111132,-0.1900617
TRX-TM4X971KLLUFJDCLWL2E,2025-03-15 15:29:09,2025-03-15,PRD-0YBJZ442EIHM,CLI-W3YCN1PTEE4F,Transfer,,24360838.78,COP,6090.21,ATM,SUC-JARPMK7O,,,Colombia,Cartagena,Approved,00,False,,,
TRX-D27LMBQ4NZ2NZE2JU470,2025-03-15 23:51:36,2025-03-15,PRD-3JRWY3923NYW,CLI-HQIC1XGJGZLC,Payment,Services,1054.42,USD,,POS,,,,México,Puebla,Approved,00,False,3.48,0.4983089,-0.2107957
TRX-8BOQ1X5KN3WN59Y4PO5V,2025-03-15 17:52:33,2025-03-15,PRD-J8A3KEMIFO6B,CLI-LCFQK4JZ2S6F,Withdrawal,,1261569.61,COP,315.39,App,,,,Colombia,Bogotá,Approved,00,False,1.79,,
TRX-UIRBTOCZIHTBM2UN8VWY,2025-03-15 10:41:54,2025-03-15,PRD-GMFXK3EOS496,CLI-8OTXNVJT7FVB,Adjustment,,745.37,USD,,ATM,SUC-WU56M94O,,,México,Tijuana,Approved,00,False,15.11,,0.5220292
TRX-V35SYC7VKPF379MAKFDH,2025-03-15 07:40:38,2025-03-15,PRD-IK3S0ZBVBRNZ,CLI-7ELGKQNITHKB,Transfer,,3121758.03,ARS,8919.31,App,,,,Argentina,La Plata,Approved,00,False,,,
TRX-D74HJ94FDUV9CWETR18N,2025-03-15 08:58:29,2025-03-15,PRD-TGV5V1LYI6UR,CLI-2L6UNC0YXYNC,Deposit,,775752.58,ARS,2216.44,Web,,,,Argentina,La Plata,Approved,00,False,16.55,,
TRX-QM2715C4YOTESR4ZY1SP,2025-03-15 21:43:05,2025-03-15,PRD-O32Z85F6UL77,CLI-C92HGRKPZ147,Payment,Other,1493.8,USD,,POS,,,,México,Guadalajara,Approved,,False,,,
TRX-O057ECEYTBVIRI1EII51,2025-03-15 19:51:18,2025-03-15,PRD-CLAVDL9EG9YL,CLI-5HX7ALDX4JW5,Transfer,,783153.44,ARS,2237.58,ATM,SUC-RAI81ICG,,,Argentina,Córdoba,Approved,00,False,4.73,,
TRX-HUCBHZ6A6IMABS7CK0CD,2025-03-15 07:58:43,2025-03-15,PRD-K15D7JG3FAWS,CLI-CGCB80U65JLS,Payment,Transport,1990.51,USD,,Transfer,,,,México,Puebla,Approved,00,False,21.44,,
TRX-LHL5BPYQB3I6HUOORL0H,2025-03-16 01:02:06,2025-03-15,PRD-JMP7ITYF7JQ7,CLI-NU0FVJKULMMI,Deposit,,10118352.83,COP,,ATM,SUC-HO849Z2Q,,,Colombia,Cali,Approved,00,False,3.5,5.1291612,-74.5367121
TRX-1DKB5SPD9R9KGW82YC71,2025-03-15 09:41:25,2025-03-15,PRD-LGEFZA4SDJZX,CLI-4VQK6Y8GAOD7,Withdrawal,,471.37,USD,,Branch,SUC-YIS5JECV,,,México,,Approved,00,False,,,
TRX-1K55LHX6E23XW5979WU9,2025-03-16 02:09:43,2025-03-15,PRD-8MPTCLZ3OO9I,CLI-KDRH09MTJU1E,Withdrawal,,376.89,USD,,ATM,SUC-U3Q69OLV,,,México,Ciudad de México,Approved,00,False,5.53,,
TRX-U34X0MMCOZ8P7DD2HE5G,2025-03-15 11:12:15,2025-03-15,PRD-K3Q0C5N7S0F9,CLI-HCLZVJ4KTR5R,Deposit,,4836.63,USD,,POS,,,,México,Tijuana,Approved,00,False,25.02,,
TRX-3HYIF46NJTUODWK84J4Z,2025-03-16 04:13:41,2025-03-15,PRD-PDLLRIGIFUOX,CLI-UFQYQYVIN0HA,Withdrawal,,466886.54,COP,116.72,Web,,,,Colombia,Bogotá,Pending,54,False,18.95,,
TRX-X9QW0B1LAMZW6261MZUL,2025-03-16 04:13:36,2025-03-15,PRD-CGCMIJI2JMQN,CLI-Z98T6SXIVDUL,Purchase,Services,220594.42,COP,55.15,ATM,SUC-OFZKCO6O,Cable TV,Services,Argentina,,Approved,00,False,,,
TRX-P722IACUT6R3IIXC7Z9N,2025-03-15 20:19:11,2025-03-15,PRD-M513KNXYHBQ0,CLI-0WNXVMOAL21B,Payment,,1401827.75,COP,350.46,ATM,SUC-ZCLZ4UQA,,,Colombia,Cali,Approved,00,False,16.87,,
TRX-6HP8OX4Y434KZCHKPQCN,2025-03-15 08:28:28,2025-03-15,PRD-I40HPCTKFA7G,CLI-4KC57KK4BQYP,Withdrawal,,329.34,USD,,ATM,SUC-HVN55QJQ,,,México,Ciudad de México,Approved,00,False,,0.5283419,0.2487233
TRX-BTMF230NHXRN6CJ0Y672,2025-03-15 16:53:22,2025-03-15,PRD-4K652TRCPMG0,CLI-BCUFHQOX1FR3,Payment,Transport,595781.18,ARS,1702.23,POS,,,,Argentina,Mendoza,Approved,00,False,,,
TRX-UIL0RAL3Z6Q5R9ZETK4B,2025-03-15 08:58:27,2025-03-15,PRD-6P82YD2X6OJ7,CLI-F3ONGAKDF1UC,Payment,Entertainment,474.22,USD,,Web,,,,México,Tijuana,Approved,00,False,,,
TRX-FIBVC69XMORCI1P90KZP,2025-03-15 11:03:11,2025-03-15,PRD-8CXMQUDA8F5V,CLI-8RM96QQB1V0C,Transfer,,29840665.93,COP,7460.17,ATM,SUC-CG5XPAZU,,,Colombia,Medellín,Approved,,False,19.69,5.6211971,-73.5730089
TRX-FT82FF3WA28FA6VSAFUX,2025-03-15 18:02:50,2025-03-15,PRD-OXFJNIO2SK8B,CLI-FZ9A9QFDX0YW,Withdrawal,,1070143.75,COP,267.54,App,,,,Colombia,Medellín,Approved,,False,18.88,,
TRX-K7F6K1LSXVISPM9NZNR2,2025-03-15 06:02:34,2025-03-15,PRD-OQT2IJ49027R,CLI-W436WTC3ENL4,Transfer,,3617.15,USD,,ATM,SUC-XV1N3YM9,,,México,Puebla,Approved,00,False,15.67,,
TRX-2CGX8MR0A8RQZQD2EM7M,2025-03-15 22:50:25,2025-03-15,PRD-3570A393PZQC,CLI-3EP0IOSH8CYA,Purchase,Services,245.13,USD,,POS,,Internet Plus,Services,Colombia,,Approved,00,False,,-0.5864929,-0.2070484
TRX-BVS06GHDTQQL4A691WC0,2025-03-16 00:06:54,2025-03-15,PRD-GJMQC6QK34YH,CLI-3V080HNSPUAG,Transfer,,30829337.49,COP,7707.33,POS,,,,Colombia,Bogotá,Approved,00,False,26.14,3.8266178,-73.8861778
TRX-DFL6YJ15EH5BEHEMQRFP,2025-03-15 15:06:28,2025-03-15,PRD-76YIYF1J4PTS,CLI-G3D8B9BHBYIL,Payment,Health,431358.74,ARS,1232.45,App,,,,Argentina,Mendoza,Approved,00,False,12.95,,
TRX-SZE2B6ZLI9QQUGOFCXAW,2025-03-15 12:42:08,2025-03-15,PRD-2LEYOL2IQYPT,CLI-SH3QOVK0CCMD,Withdrawal,,1151535.01,COP,287.88,POS,,,,Colombia,Cali,Approved,00,False,6.03,,
TRX-YQY7Z3EL83C2PO4FNE1H,2025-03-15 12:16:25,2025-03-15,PRD-FOX16J3A00GL,CLI-23NU70QKC6NH,Purchase,Entertainment,498.44,USD,,Web,,Streaming Music,Entertainment,México,,Approved,00,False,29.19,,
TRX-O7AIFUAMXP4MV88OM734,2025-03-15 06:21:12,2025-03-15,PRD-QLGXCV974I8O,CLI-3YU79FCHMPXO,Deposit,,19939627.08,COP,4984.91,Web,,,,Colombia,Barranquilla,Approved,00,False,,,
TRX-8VOE1KWSENK3EOLMMBLH,2025-03-15 21:46:34,2025-03-15,PRD-7RW12NNILI13,CLI-6PTJPIPLCURI,Transfer,,4961.11,USD,,App,,,,México,Ciudad de México,Approved,00,False,26.32,,
TRX-WNZBYKOKVGUVBR4CD93P,2025-03-15 07:44:39,2025-03-15,PRD-9HWV9B6P2HYJ,CLI-T6NHTJRPJRLQ,Purchase,Other,161.65,USD,,ATM,SUC-QVGF07AP,Boutique Moda,Other,México,Puebla,Approved,00,False,13.5,,
TRX-4JNFFBF71W777YT3TAOM,2025-03-15 07:10:09,2025-03-15,PRD-Z2S49WMDTFVO,CLI-VBEXXR7T8AI3,Purchase,Services,31821.85,ARS,90.92,POS,,Empresa Telefónica,Services,Argentina,La Plata,Approved,00,False,1.48,,
TRX-QXMBSKJKL7ADG31LUNY4,2025-03-15 22:56:02,2025-03-15,PRD-B1PT3C9PWG0R,CLI-M3WR29F3DDY1,Withdrawal,,269.3,USD,,App,,,,México,Puebla,Approved,00,False,6.51,,
TRX-3K6R72VTW9U8SVXEDQUV,2025-03-15 18:37:08,2025-03-15,PRD-UBJO1J4SMFLM,CLI-NO01KHGEZJRZ,Deposit,,1330677.81,ARS,3801.94,ATM,SUC-OJAQW0AJ,,,Argentina,Rosario,Approved,00,False,11.28,-33.8407733,-58.0897798
TRX-WNX11PJSETM24CQ0VVOZ,2025-03-16 03:07:27,2025-03-15,PRD-EYQTCYVW7DW2,CLI-BMP7VIW6APBY,Transfer,,7358.46,USD,,POS,,,,México,,Approved,00,False,17.93,,
TRX-2VQDE7MC87VKYH22ZUU7,2025-03-15 13:28:37,2025-03-15,PRD-WS56II7N631X,CLI-K99SMCA98G81,Payment,Entertainment,5175425.18,COP,1293.86,ATM,SUC-HQWDAM56,,,Colombia,Bogotá,Approved,00,False,14.72,,
TRX-AR9EXTK3CWCYYXBA9M7W,2025-03-15 13:39:54,2025-03-15,PRD-TPH4L6DKL8GK,CLI-X7GYU8TXYPTV,Withdrawal,,1642012.28,COP,410.5,Transfer,,,,Colombia,,Approved,00,False,26.44,,
TRX-JP1BTGKNEF3RI3GS1H8W,2025-03-15 21:03:48,2025-03-15,PRD-9E5WJM98CM4P,CLI-0FLV7NGKDFZV,Transfer,,4857.48,USD,,POS,,,,México,Tijuana,Declined,,False,23.81,0.2138781,0.9636956
TRX-J886F5SFI591HK78NQNM,2025-03-15 07:22:45,2025-03-15,PRD-AUAPZB7677BN,CLI-BD0EBB1DRHTT,Purchase,Entertainment,123.44,USD,,Web,,Conciertos Live,Entertainment,México,Ciudad de México,Approved,00,False,,,
TRX-SP90L5R8T2N94IXWE9UG,2025-03-15 10:53:57,2025-03-15,PRD-G6GLU1K68KLM,CLI-UI1OWKMPCVVP,Purchase,Transport,69531.88,COP,17.38,POS,,,Transport,Colombia,Bogotá,Approved,00,False,13.77,4.1027045,-73.6325517
TRX-P8VLYF33ZRNDQNUQSV30,2025-03-16 00:32:35,2025-03-15,PRD-J53FLBSVGWU7,CLI-U7YIHJBWMHRY,Withdrawal,,100540.81,ARS,287.26,App,,,,Argentina,Buenos Aires,Approved,00,False,28.65,,
TRX-L4HDWYS7RDEIX3T4MRYP,2025-03-16 02:18:26,2025-03-15,PRD-6N4OR4FQ33FK,CLI-8032LVDWO6OB,Payment,Transport,709.38,USD,,Web,,,,México,Tijuana,Approved,00,False,25.47,,
TRX-OEZL5VHJSUM0JL8G83MR,2025-03-16 03:07:32,2025-03-15,PRD-8LQ3TTKQA1FM,CLI-PO9JUJI75ZSB,Withdrawal,,480.82,USD,,ATM,SUC-J532XZ5B,,,México,Querétaro,Approved,00,False,17.22,-0.9805615,0.6388664
TRX-X2RGST0JP775AIVL0JNF,2025-03-15 10:53:47,2025-03-15,PRD-ZDK54ACQBJXG,CLI-41O7MYZEA7EP,Withdrawal,,117801.43,ARS,336.58,ATM,SUC-NXELWI6F,,,Argentina,Buenos Aires,Approved,00,False,,,
TRX-S8D89LJ4Q4HACFPMRN53,2025-03-15 17:36:07,2025-03-15,PRD-U8DEEEUFR4V8,CLI-WR8FMREK0CQR,Deposit,,13368856.41,COP,3342.21,POS,,,,Colombia,,Approved,00,False,12.63,4.1515237,-73.0988137
TRX-XZ0V6FYXIK1ZF2QY9O4D,2025-03-15 11:06:07,2025-03-15,PRD-KRXIF5WVONBM,CLI-YEWO1WLJDZ88,Deposit,,2617.11,USD,,ATM,SUC-QMYSBASD,,,México,Ciudad de México,Approved,00,False,1.01,,
TRX-G4MIQUMH3IQPYUBN4XSZ,2025-03-15 06:34:25,2025-03-15,PRD-QSPOGH92CZK2,CLI-5UKR26YXBEPS,Withdrawal,,73602.21,ARS,210.29,POS,,,,Argentina,Córdoba,Approved,00,False,16.78,,
TRX-YKWOEB8ZR2H9PCJXX6JM,2025-03-16 04:23:45,2025-03-15,PRD-9O6HWBNOY0DU,CLI-4KVUVM32RCPM,Withdrawal,,110621.96,ARS,316.06,ATM,SUC-5S93Z8YS,,,Argentina,Buenos Aires,Approved,00,False,,,
TRX-SA51AWW2U0IPJJHII8MQ,2025-03-15 22:18:08,2025-03-15,PRD-U4EK780VM8IQ,CLI-I7FI63OT8GEK,Withdrawal,,1356902.8,COP,339.23,ATM,SUC-H9U13579,,,Colombia,Cali,Reversed,14,False,19.09,,
TRX-53UBAR9OZXUVD1AV1DLS,2025-03-15 21:02:51,2025-03-15,PRD-995K1VJSDJLS,CLI-O2EFSO6DESPB,Withdrawal,,1233801.67,COP,308.45,ATM,SUC-84HXKY7Q,,,Colombia,Cali,Approved,00,False,14.24,,
TRX-N44KS7FH7A862APK6CA9,2025-03-15 10:37:47,2025-03-15,PRD-4LEOWZ6058IY,CLI-UIAQJ97NOET3,Payment,Transport,694.3,USD,,ATM,SUC-WU56M94O,,,México,Querétaro,Approved,00,False,3.33,,
TRX-TUQ2CQ14UQ4PK8C6A8LJ,2025-03-15 22:30:44,2025-03-15,PRD-393RU2OPPYTK,CLI-S5VXTX91LMS1,Purchase,Entertainment,129187.76,ARS,369.11,POS,,,Entertainment,Argentina,Córdoba,Approved,00,False,13.98,,
TRX-YK3534BBWER6SLKDPWK7,2025-03-16 02:13:15,2025-03-15,PRD-BLVAHYQPWVKI,CLI-BL00KN97FNLL,Purchase,Services,330.59,USD,,App,,Empresa Telefónica,Services,México,Monterrey,Approved,00,False,22.2,,
TRX-5DCK0YLR4BHMQ3M6D80R,2025-03-15 15:49:30,2025-03-15,PRD-64ETGC7732HW,CLI-0D8GFSB88X16,Withdrawal,,358.98,USD,,Web,,,,México,Puebla,Approved,00,False,18.86,,
TRX-CGYJON9G78GRJ60IJTS8,2025-03-15 07:46:28,2025-03-15,PRD-0IGOZLSK8H4O,CLI-9RGJ0XO2AWGG,Purchase,Transport,380227.67,COP,,Web,,Estación de Servicio,Transport,Colombia,,Declined,54,False,4.21,,
TRX-4ZQ73PVFME9KLHKCACKV,2025-03-15 20:47:15,2025-03-15,PRD-8SJU23V13ORD,CLI-O06VFM3S1TSP,Transfer,,1316.5,USD,,POS,,,,México,Ciudad de México,Approved,00,False,26.9,-0.6011158,0.7919105
TRX-7OTSWEG3KKSU5225R6JR,2025-03-15 12:20:54,2025-03-15,PRD-7P7IQPBZLNCR,CLI-8DMN8R5CIT67,Deposit,,81377.83,ARS,232.51,POS,,,,Argentina,Córdoba,Approved,00,False,24.52,,
TRX-HNQC549F6U2LLAEYGZ66,2025-03-15 16:39:19,2025-03-15,PRD-1ZQ5VHCUVO28,CLI-H1WHZUHNVUEX,Payment,Food,4302243.44,COP,1075.56,ATM,SUC-RFQLK7RX,,,Colombia,Cartagena,Approved,00,False,,4.6665252,-73.2017213
TRX-A62JBOOWACD7CUSW12RF,2025-03-16 05:37:13,2025-03-15,PRD-NBR36JESDTQZ,CLI-HFM329GGJLZO,Withdrawal,,329.7,USD,,App,,,,México,Ciudad de México,Approved,00,False,15.37,,
TRX-L4EDAL46JIV9QNF3T3PP,2025-03-15 12:38:48,2025-03-15,PRD-G33X7G0ZNAQ4,CLI-8OP6Z492IHQN,Deposit,,2623.62,USD,,Web,,,,México,Ciudad de México,Approved,00,False,21.92,,
TRX-S6FU63LO6UO06BZ2F8DI,2025-03-15 18:23:58,2025-03-15,PRD-KQC20I24KWZM,CLI-AOVG6NCU14VT,Deposit,,12398056.38,COP,3099.51,POS,,,,Colombia,Bogotá,Approved,00,False,18.66,,
TRX-9CGR7J2RTTXARL0OXAW2,2025-03-15 22:12:11,2025-03-15,PRD-O2SEBE7NLU57,CLI-6UKINA3KRABC,Payment,,628791.74,ARS,1796.55,ATM,SUC-5S93Z8YS,,,Argentina,La Plata,Approved,00,False,6.44,,
TRX-1W8VX5YEIJE58CGVQUEC,2025-03-16 01:28:41,2025-03-15,PRD-IWV8B62DBYC2,CLI-Z84GK17VESOI,Transfer,,8816.14,USD,,ATM,SUC-COPO2MJ8,,,México,Tijuana,Approved,00,False,4.09,,
TRX-54KRAAYWTR895Q6E0NOK,2025-03-15 18:23:54,2025-03-15,PRD-TDUEDKZGB423,CLI-SDWCBTQ3DGXM,Transfer,,1726542.62,ARS,4932.98,Web,,,,Argentina,La Plata,Approved,00,False,,,
TRX-5VI4HR61JM05W1IZLH49,2025-03-15 08:13:17,2025-03-15,PRD-WPQHM96HM1Y3,CLI-V564CAYPGCTU,Withdrawal,,169.21,USD,,ATM,SUC-7TVQFT2O,,,México,Querétaro,Approved,00,False,16.34,,
TRX-0FEQ2SN1LJEXBY4DD8YM,2025-03-15 11:37:15,2025-03-15,PRD-RKETLH3H7MZY,CLI-7RG1RLJY4HTU,Purchase,Health,346.32,USD,,Branch,SUC-CUMTPAM3,Óptica Visión,Health,México,Tijuana,Approved,00,False,16.12,,
TRX-QJELDRM3S3EE91OBESG0,2025-03-15 12:32:25,2025-03-15,PRD-FXA247IV9IRG,CLI-0HXYIRKA0WJO,Withdrawal,,899569.8,COP,224.89,ATM,,,,Colombia,Barranquilla,Declined,14,False,3.38,4.0849142,-74.6200454
TRX-FFYWK63PI4NVPJ308E8V,2025-03-15 08:20:28,2025-03-15,PRD-J7FO47I9EFWQ,CLI-HDJA6ADLGZMD,Purchase,Food,83.58,USD,,POS,,Super Ahorro,Food,México,Monterrey,Approved,00,False,,,
TRX-34B6NW47O62LGXNIP2WR,2025-03-15 22:31:55,2025-03-15,PRD-5SPLAOOXQUCR,CLI-W22T2W7KZ1GY,Withdrawal,,122.12,USD,,App,,,,México,Guadalajara,Approved,,False,3.55,,
TRX-K74SGDN2NDJVOLXOYTR5,2025-03-15 17:34:54,2025-03-15,PRD-69E7R50UUFSZ,CLI-9T3BVNHPRJ6O,Transfer,,11775573.22,COP,2943.89,ATM,SUC-CG5XPAZU,,,Colombia,Cartagena,Approved,00,False,5.18,,
TRX-YE0NS2C81NSN6LQBOANL,2025-03-15 06:03:45,2025-03-15,PRD-1AP0B5JONOBB,CLI-Y9GQDRD2OQF8,Payment,Services,542.3,USD,,ATM,SUC-ZXOSBE5D,,,USA,Houston,Approved,00,False,23.85,,
TRX-8TNJA01T4U3DYRU8ELUO,2025-03-15 10:05:11,2025-03-15,PRD-743JCIM5HFW5,CLI-4MT30E3VS9FC,Withdrawal,,47702.0,ARS,136.29,ATM,SUC-8433QXQ4,,,Argentina,La Plata,Approved,00,False,,-34.2816891,-59.1085797
TRX-BL1JMCJ6JS0VCD6TPK17,2025-03-16 01:11:10,2025-03-15,PRD-24KNXL2XAW7Y,CLI-LPB0F96ZZKX1,Purchase,Food,1119134.84,COP,,App,,Tienda Don José,Food,Colombia,Cartagena,Approved,00,False,19.7,,
TRX-8HVECFFU6V5U736GREMP,2025-03-16 04:56:53,2025-03-15,PRD-O0DY1MOQYURU,CLI-I8D88UXB1IHO,Transfer,,36015928.79,COP,9003.98,POS,,,,Colombia,Barranquilla,Approved,00,False,23.34,4.1765699,-73.5993964
TRX-YILCD3KY372BQPP4EYO6,2025-03-16 05:48:50,2025-03-15,PRD-B4I4GRZYZSPL,CLI-CBIP5E4WME7L,Purchase,Transport,111935.5,ARS,319.82,POS,,Gasolinera Express,Transport,Argentina,La Plata,Approved,00,False,27.47,,
TRX-A9E3G05QLSKQJW1FSR5O,2025-03-15 13:31:08,2025-03-15,PRD-F588XBN9QY13,CLI-DPK4JC5QK4OB,Adjustment,,669.92,USD,,App,,,,México,,Approved,00,False,11.74,,
TRX-T5JLMRKQQEUURN59K9EZ,2025-03-15 06:14:05,2025-03-15,PRD-1FW32DSSDIPZ,CLI-71KX4MZQOFS3,Purchase,Food,39852.65,ARS,113.86,Web,,Super Ahorro,Food,Argentina,Córdoba,Approved,00,False,,,
TRX-Y1G21NNHYOFDA7FE5EJJ,2025-03-15 12:37:04,2025-03-15,PRD-CCJTIV4H0Y9Z,CLI-SIV7U98SQLVA,Withdrawal,,447370.55,COP,111.84,Web,,,,Colombia,Cali,Approved,00,False,28.84,,
TRX-5NHKKLJ3A3MJEBLI5J0P,2025-03-15 13:21:20,2025-03-15,PRD-TNQ98UDN1HBS,CLI-OAD8WZH84WI4,Withdrawal,,148.82,USD,,Web,,,,México,Monterrey,Approved,00,False,,,
TRX-LGT8INRQXI1L2PY77VDJ,2025-03-15 23:55:41,2025-03-15,PRD-QLAFE2RKOXYP,CLI-BDB4Y4TYAW7J,Purchase,Food,103198.47,ARS,294.85,POS,,Restaurante El Buen Sabor,Food,Argentina,Rosario,Approved,00,False,,-33.7051741,-59.0980014
TRX-LXDB9PE1Y0BPZ6C04SH6,2025-03-15 15:36:37,2025-03-15,PRD-XTYVN9M00W4V,CLI-4T62P9UIR8RC,Payment,Other,7177395.88,COP,1794.35,POS,,,,Colombia,Bogotá,Approved,00,False,7.43,,
TRX-WQGK4S9I9WI2H6DBD6B2,2025-03-15 20:56:08,2025-03-15,PRD-8V2D69W9MZ9P,CLI-Y2XW0QN8SHGG,Purchase,Food,128.65,USD,,ATM,SUC-98QOW3F1,Super Ahorro,Food,México,,Approved,00,False,23.97,-0.6156261,-0.8165302
TRX-R68Q99EOVAJO57PSRZPM,2025-03-15 08:34:58,2025-03-15,PRD-0LCJGI7VX9IF,CLI-Q9M44UB37AVE,Transfer,,5899162.58,COP,1474.79,Web,,,,Colombia,Cartagena,Approved,00,False,,,
TRX-H9NQNRZR10QICHU8X71B,2025-03-16 05:23:55,2025-03-15,PRD-4LXOXIY2RI1L,CLI-0S5693N0X9QJ,Withdrawal,,636387.66,COP,159.1,Web,,,,Colombia,Cali,Approved,00,False,,,
TRX-ZVD9UPG79SFMOKYACDN5,2025-03-15 15:44:18,2025-03-15,PRD-OVE3SW5R7FEL,CLI-TZ1U4DESEG2V,Payment,,1086.15,USD,,ATM,SUC-QVGF07AP,,,México,,Approved,00,False,20.9,,
TRX-AE5PUNFLPMQVTQH2C3FU,2025-03-15 09:25:57,2025-03-15,PRD-8SA4N8NK6VRC,CLI-OSORZVBM19MO,Transfer,,2678876.74,COP,669.72,POS,,,,Colombia,Cartagena,Approved,,False,8.64,,
TRX-ER1QJ1TRPRM3XHTOPXJ1,2025-03-15 10:21:43,2025-03-15,PRD-WETFZ9BLE6SB,CLI-G58DTGLA7Z7X,Purchase,Services,830237.66,COP,207.56,POS,,Internet Plus,Services,Colombia,Cartagena,Approved,00,False,17.51,5.0709865,-75.0544657
TRX-VUAG32JLGV5K6JH7GT7E,2025-03-15 23:18:46,2025-03-15,PRD-UX6C7EX1N5F4,CLI-V3MFNOETYDZI,Transfer,,2250.44,USD,,Web,,,,Argentina,La Plata,Approved,00,False,,,
TRX-C23S69YIG8Y4TBFMIVSB,2025-03-16 01:24:46,2025-03-15,PRD-XPD9WN3K0USC,CLI-GBDV8WPZC4RM,Deposit,,4594.36,USD,,ATM,,,,México,,Approved,00,False,15.76,,
TRX-JHERO6F6NQFZS27POLB0,2025-03-16 04:36:58,2025-03-15,PRD-PF0IGZJPAVIJ,CLI-G3E65MR8JELN,Purchase,Health,320.29,USD,,Web,,Farmacia Salud,Health,Argentina,Rosario,Approved,00,False,26.86,,
TRX-783WEYW603VHOOGIQDND,2025-03-15 10:13:27,2025-03-15,PRD-VHA0XMEEKP24,CLI-3U9LG6AMVH6X,Purchase,Entertainment,14057.23,ARS,40.16,ATM,SUC-PJ3BSV1X,Cine Premium,Entertainment,USA,Houston,Approved,00,False,28.01,-34.2526802,-58.6425625
TRX-JRZSW74KVAWOSZ1THMLG,2025-03-15 07:07:42,2025-03-15,PRD-U32Z46O4367V,CLI-UM8G7L76CS8J,Withdrawal,,451.92,USD,,ATM,SUC-C28AFJAZ,,,México,Puebla,Approved,00,False,3.32,0.0070302,-0.6288074
TRX-YZQ1DEDTM7WVIUJUU0SU,2025-03-15 06:17:39,2025-03-15,PRD-ZF0ZSP0LZV6N,CLI-3EZ0IL5XNTMB,Deposit,,1422065.04,ARS,4063.04,POS,,,,Argentina,Rosario,Approved,00,False,27.08,,
TRX-8QIIFI0VXI5HLR5R3X24,2025-03-15 09:17:31,2025-03-15,PRD-WN52TI6U6S4G,CLI-OZTJ4Q46O2AY,Withdrawal,,204.54,USD,,App,,,,México,Puebla,Approved,00,False,,,
TRX-TUUVP1HJ6CQ3BFO7N99A,2025-03-16 00:43:32,2025-03-15,PRD-O62TCTA7SKW0,CLI-F5WVFOOAP43E,Transfer,,2490400.12,ARS,7115.43,POS,,,,Argentina,La Plata,Approved,00,False,22.07,,
TRX-NVGCYHMSEK8SRP8Z0YZM,2025-03-15 06:26:25,2025-03-15,PRD-QGDIQHXCNTQQ,CLI-LWN9MIDC1XEY,Payment,Transport,596604.31,ARS,1704.58,App,,,,Argentina,Córdoba,Approved,00,False,29.92,,
TRX-MNWS4LT7OBF4C6PN6PY9,2025-03-16 03:48:19,2025-03-15,PRD-V539OUOQM23N,CLI-0JAT01Y7OQG4,Withdrawal,,987493.6,COP,246.87,App,,,,Colombia,Barranquilla,Declined,54,False,20.49,,
TRX-F1FQSYJ7I4KLMZJE1848,2025-03-15 21:48:57,2025-03-15,PRD-HJVKX5YRUEXO,CLI-NL749VH6SIW3,Deposit,,9602248.5,COP,2400.56,App,,,,Colombia,Medellín,Approved,00,False,20.07,,
TRX-5A9Q7WDRB3Z29T5L06WH,2025-03-15 23:05:31,2025-03-15,PRD-B0XZF532KDSX,CLI-DU4YMK6V06LT,Withdrawal,,536982.41,COP,134.25,POS,,,,Colombia,Barranquilla,Approved,00,False,,,
TRX-RNDWKW0Q8AW2GB7P32OK,2025-03-15 20:35:23,2025-03-15,PRD-78WM6DOINZVS,CLI-AP9LKYPV37HU,Deposit,,842054.69,ARS,2405.87,POS,,,,Argentina,Córdoba,Approved,00,False,,,
TRX-Y492XZH7W6UNHHF8B0ZJ,2025-03-15 09:59:30,2025-03-15,PRD-IS4HIF86873J,CLI-SHA0X7VAQA8Y,Withdrawal,,121319.72,COP,30.33,App,,,,Colombia,Medellín,Approved,00,False,16.92,,
TRX-KCKZH4DBAQHMHRCG2W2Q,2025-03-16 02:26:32,2025-03-15,PRD-Q2HJK21VVVGR,CLI-TKUZA3JT5PX1,Transfer,,1990.31,USD,,POS,,,,México,Puebla,Approved,00,False,5.84,0.3921221,0.9096351
TRX-8SCWARY4XTHIB3ZKI9F8,2025-03-15 23:08:07,2025-03-15,PRD-ULR043A5LTVM,CLI-4ZTJHEXAO261,Purchase,Other,277.62,USD,,ATM,SUC-S3V4CSL0,,Other,México,Guadalajara,Approved,,False,28.99,,
TRX-ZVC6JOJ34A9XF71ER4IN,2025-03-15 06:27:29,2025-03-15,PRD-DGWMKH8DOY8T,CLI-O7SHWNONY6KM,Payment,Health,930.06,USD,,POS,,,,México,Puebla,Approved,00,False,,,
TRX-K195D0UN0793DJ0S8WBG,2025-03-15 12:49:40,2025-03-15,PRD-DRPQ6QHQ00OZ,CLI-AMHOXJUTRMIS,Transfer,,7976.66,USD,,App,,,,Spain,Valencia,Approved,00,False,,,
TRX-1R1GVCPJ3SG5MHQKTK06,2025-03-15 06:41:20,2025-03-15,PRD-FC6WEE7RN0M9,CLI-7UBJFGFF4SJW,Transfer,,2839.31,USD,,ATM,,,,México,Tijuana,Approved,00,False,13.62,,
TRX-WZRDKFZDTBI4G4KJOY6J,2025-03-15 21:27:33,2025-03-15,PRD-DN8NAYLTMXGV,CLI-K6KOIT3C6K5K,Payment,Food,629.47,USD,,POS,,,,México,Guadalajara,Approved,00,False,,,
TRX-S6C65HH0BG7880I5HAOO,2025-03-15 14:50:50,2025-03-15,PRD-OB5EILJVCSFU,CLI-KGQT2DQ1QFOM,Purchase,Services,498.98,USD,,ATM,SUC-TVNO2KL5,Internet Plus,Services,México,Guadalajara,Approved,00,False,13.16,,
TRX-WC2LE71CRDDE2K7LZHHJ,2025-03-15 12:17:26,2025-03-15,PRD-9119UVPT319V,CLI-U9SKFFJG76B8,Deposit,,4558.05,USD,,ATM,,,,México,Querétaro,Approved,00,False,0.84,,
TRX-2WP9CLLWVQ8DIC43TK3C,2025-03-16 03:32:26,2025-03-15,PRD-H9QBXZKW6EJX,CLI-T11JZCCB5AT2,Transfer,,8030.19,USD,,Web,,,,México,Ciudad de México,Approved,00,False,10.56,,
TRX-R0CFSXTQGTX8PU1VSTZG,2025-03-16 04:05:51,2025-03-15,PRD-HGIT2YENHJ86,CLI-CUQ2WNDFB4FY,Adjustment,,134.65,USD,,Web,,,,México,Ciudad de México,Approved,00,False,24.36,,
TRX-3RZ60SVM7V6KUGUQ0YQC,2025-03-15 20:15:24,2025-03-15,PRD-CFWBTLBGPI90,CLI-RZTYZ708S0UO,Purchase,Food,420.07,USD,,App,,Restaurante El Buen Sabor,Food,México,Puebla,Approved,00,False,27.43,,
TRX-0W1FBO2MI2SBCOKYJNW9,2025-03-15 15:03:13,2025-03-15,PRD-SEFTSU2WVK0W,CLI-SCR7C3QK2QC7,Purchase,Health,48.46,USD,,Web,,Laboratorio Central,Health,Argentina,Rosario,Approved,00,False,12.01,,
TRX-ZWC97IGHCIRGFI59E1TH,2025-03-16 00:00:53,2025-03-15,PRD-X88SPMLOMW9D,CLI-ZAUN9P18DC1O,Purchase,Other,74.29,USD,,App,,Centro Comercial,Other,México,Puebla,Approved,00,False,,,
TRX-4TU3KM0KUUNZ0U7QP6WU,2025-03-15 19:10:53,2025-03-15,PRD-WYYAQVDSXK82,CLI-Z2X9CQM4E7DM,Payment,Health,5415197.34,COP,1353.8,POS,,,,Colombia,Cartagena,Approved,00,False,13.33,,
TRX-0CMMVOA1SQGPCJFD7842,2025-03-15 13:14:59,2025-03-15,PRD-Y0KTWD66W8FM,CLI-H16D4O00GZMV,Payment,Entertainment,804.1,USD,,Web,,,,México,Ciudad de México,Approved,,False,13.92,,
TRX-XQ1259X1J5TIZ0Y39P84,2025-03-16 05:00:21,2025-03-15,PRD-RLHHWMLU0W7Y,CLI-IV0KJGJIYIBJ,Withdrawal,,95120.87,COP,23.78,POS,,,,Colombia,Medellín,Approved,00,False,2.53,5.6025205,-73.8358358
TRX-BQ8OKVQUNXD5U9CU7MRN,2025-03-15 15:11:35,2025-03-15,PRD-P4S1EA2J2G7Q,CLI-PRRZLC437XIZ,Purchase,Transport,159229.05,ARS,454.94,Web,,Uber,Transport,Argentina,,Approved,00,False,,,
TRX-H6YZN6OR4K52Q9M3T5U9,2025-03-15 19:01:59,2025-03-15,PRD-3URVK96IXVS1,CLI-BVPX055WR6GL,Purchase,Food,87.47,USD,,App,,Super Ahorro,Food,México,,Declined,54,False,,,
TRX-TO3HH7I8B1M8DRF3OMT6,2025-03-15 13:53:37,2025-03-15,PRD-ACJ9YV8RE1UV,CLI-KKKCPUBYRQ72,Transfer,,6986.93,USD,,ATM,,,,México,Querétaro,Approved,00,False,29.7,,
TRX-97I1ANH0HRF0X9C87M89,2025-03-15 20:19:04,2025-03-15,PRD-RTJZTPZ9P6WT,CLI-XXXZM720QCXR,Deposit,,1577.65,USD,,POS,,,,México,Monterrey,Approved,00,False,19.82,,
TRX-SWWYIAMCP4CJJUT3JJWO,2025-03-16 04:17:10,2025-03-15,PRD-WEG5STGQNT71,CLI-1RPCZOSRFPSG,Deposit,,18282451.72,COP,4570.61,App,,,,Argentina,Rosario,Approved,00,False,27.54,,
TRX-SUZ14UMVP2BJ0PE6BGP2,2025-03-15 10:06:24,2025-03-15,PRD-1OK2DROQH0O9,CLI-GDS0QHLYXA19,Deposit,,2600.34,USD,,POS,,,,México,Guadalajara,Approved,00,False,21.35,,
TRX-7WWTUE9TANZY6M004492,2025-03-16 05:41:26,2025-03-15,PRD-V3NYFPP85VJO,CLI-9JI438VSZJ43,Withdrawal,,319.06,USD,,POS,,,,México,Querétaro,Approved,00,False,20.75,,
TRX-AEPKR9M44H3A0XKQYOZ0,2025-03-16 05:21:15,2025-03-15,PRD-W56PNB1NNBBO,CLI-QWXZ1PIOTGPF,Deposit,,13104038.21,COP,3276.01,ATM,SUC-KXMF616G,,,Colombia,Barranquilla,Approved,00,False,,,
TRX-6LFW803G2EAGTY8CFHK8,2025-03-16 03:02:53,2025-03-15,PRD-NVY320N63L9T,CLI-W07VRHJJJRQE,Payment,Food,471580.67,ARS,1347.37,POS,,,,Argentina,La Plata,Approved,00,False,0.83,,
TRX-SGH0UP07XE9RIQCHO5VD,2025-03-16 04:55:32,2025-03-15,PRD-EGPXJFTFFEWM,CLI-OJ2VA4S9S65G,Withdrawal,,283.39,USD,,ATM,SUC-UUF77WSC,,,Argentina,Rosario,Approved,00,False,5.36,,
TRX-WSBX89HP3GCL1KM60BT9,2025-03-15 16:49:08,2025-03-15,PRD-PHZOVAJG07YT,CLI-U9SKFFJG76B8,Payment,Other,314.58,USD,,Web,,,,México,Querétaro,Approved,00,False,,,
TRX-BFKZ7D2OIMBH60MUHFPT,2025-03-16 02:56:50,2025-03-15,PRD-3F94OUQIUUWL,CLI-IL7W2CLWQXCF,Withdrawal,,32.74,USD,,ATM,SUC-7TVQFT2O,,,México,Querétaro,Approved,00,False,,,
TRX-34TBB5OG73UK5W65ZM08,2025-03-15 13:15:00,2025-03-15,PRD-1L70GY4F99J1,CLI-C34P166D91F0,Withdrawal,,217.51,USD,,App,,,,Colombia,,Approved,00,False,11.71,,
TRX-KDKC0K6WG28TVDHLB5ZD,2025-03-15 17:23:56,2025-03-15,PRD-Z24FRWG6H2KX,CLI-ZSC1MCMJVKHL,Purchase,Food,255.09,USD,,Web,,Tienda Don José,Food,México,Guadalajara,Approved,00,False,24.45,,
TRX-FFEH3MWZ2T2Q7OE5WW15,2025-03-15 17:04:02,2025-03-15,PRD-4S89QS7UIBFH,CLI-VX4PZTUKQXXT,Withdrawal,,71543.66,ARS,204.41,POS,,,,Argentina,Córdoba,Approved,00,False,7.41,-33.7740313,-57.5579259
TRX-E2LPEJ7SX3ZESIWOFK79,2025-03-15 14:15:45,2025-03-15,PRD-VFHZGG5YTAF4,CLI-15FIBGJUEPPS,Payment,Other,197367.76,ARS,563.91,Web,,,,Argentina,Córdoba,Reversed,14,False,29.06,,
TRX-HQJFLY90H4BI2YUC8LHQ,2025-03-15 08:21:11,2025-03-15,PRD-PLJVFH1VI34O,CLI-EPM08P4JAIW3,Purchase,Services,213549.96,COP,53.39,ATM,SUC-GHHYX8OE,Servicios Públicos,,Colombia,Barranquilla,Approved,00,False,4.05,,
TRX-VLXQ94N4DPR4Y8MASJWK,2025-03-15 13:13:22,2025-03-15,PRD-7MTJ6LDIVTVM,CLI-SZVODZD33CDI,Withdrawal,,254.74,USD,,POS,,,,Colombia,Barranquilla,Approved,,False,22.64,,
TRX-KWS4FH7REJHO16T4POFL,2025-03-15 08:36:07,2025-03-15,PRD-O4OMF75WHK4G,CLI-GJ0KT4PIEIZH,Purchase,Entertainment,94.7,USD,,Web,,Streaming Music,Entertainment,México,Puebla,Approved,00,False,,,
TRX-J5VC5BU6PWH2WBF1NPAR,2025-03-16 01:53:13,2025-03-15,PRD-0W2JLJI3EDN9,CLI-4AD9IKI6G5TI,Withdrawal,,452.09,USD,,ATM,SUC-UHIX6KQ4,,,USA,Houston,Approved,00,False,23.77,0.292844,-0.1977092
TRX-OFJVZ59NM6W1KG4TSNVW,2025-03-15 07:30:00,2025-03-15,PRD-DW51X15BYALL,CLI-HT0WPTU22X2I,Payment,Health,1042.77,USD,,POS,,,,México,Ciudad de México,Approved,00,False,24.21,,
TRX-0IBYC26VSLMU0R9PJWVQ,2025-03-15 08:32:48,2025-03-15,PRD-GL6JDGWSQSNT,CLI-4AYHQVOTUVX0,Transfer,,7980.02,USD,,ATM,SUC-OZH64PX1,,,México,Ciudad de México,Approved,00,False,,,
TRX-MKHD1XYX1P2KBF5M16XO,2025-03-16 02:54:56,2025-03-15,PRD-QOAR8YPFWHRW,CLI-XO4IEH6XAACR,Deposit,,13336243.3,COP,3334.06,ATM,SUC-VZIGM714,,,Colombia,Medellín,Approved,00,False,,5.6409664,-74.4141531
TRX-1UH58MMXRTU86QR3XUNQ,2025-03-15 06:56:04,2025-03-15,PRD-QBSCEM8VEHD9,CLI-A1RW6DMKFCHI,Purchase,Transport,249.79,USD,,ATM,SUC-XT96PBC0,Gasolinera Express,Transport,México,,Approved,00,False,8.93,0.5544761,0.5614111
TRX-9IASYQM91LYEWMFBC8KC,2025-03-15 10:59:05,2025-03-15,PRD-SMHO0QRWBZIY,CLI-JXTBLD3GDCSL,Withdrawal,,1384510.15,COP,346.13,App,,,,Colombia,Cartagena,Approved,00,False,13.82,,
TRX-3EG8T2F4MKVO335SYN5E,2025-03-15 08:54:16,2025-03-15,PRD-E20NBJ2BDZXD,CLI-XHSG0YOZB2EN,Withdrawal,,1829962.13,COP,457.49,ATM,SUC-1NFIF0G0,,,Colombia,Cali,Approved,00,False,,,
TRX-OUVCABV0SPG7V5XO5Q51,2025-03-15 16:27:20,2025-03-15,PRD-BOMJVVB9SSQG,CLI-TR2Q2J3FMT67,Purchase,Health,77416.08,ARS,221.19,ATM,SUC-0MPZUQLJ,Farmacia Salud,Health,Argentina,La Plata,Pending,54,False,13.24,,
TRX-87TAZ5TMVCHUM5DPRE8M,2025-03-15 23:37:00,2025-03-15,PRD-692ISGBMCCZC,CLI-FZPC0YI64AX9,Deposit,,894.65,USD,,POS,,,,México,Querétaro,Approved,00,False,1.97,,
TRX-45XUGSPCW2AILXT5ET9O,2025-03-15 17:05:34,2025-03-15,PRD-U3KEM4G0AFXP,CLI-19SH09SEQ5Q4,Purchase,Entertainment,114689.49,ARS,327.68,ATM,SUC-O09F6PWJ,Streaming Music,Entertainment,Argentina,Buenos Aires,Approved,00,False,,-35.2657586,-57.7057577
TRX-SGB5ETZ0DJGEEG93ORY5,2025-03-16 04:22:44,2025-03-15,PRD-AEZ3A9RYQENX,CLI-K6Q7WQKG2R55,Payment,Services,1928.62,USD,,ATM,SUC-8RYAQ0NO,,,México,Puebla,Approved,00,False,,,
TRX-QR7UJ7MRQ84U3TM7TWLQ,2025-03-15 20:23:11,2025-03-15,PRD-GNNQ6FY43V5N,CLI-H9VER9Y19M4X,Purchase,Entertainment,153.49,USD,,ATM,SUC-COPO2MJ8,Conciertos Live,Entertainment,México,Querétaro,Approved,00,False,14.26,,
TRX-VFLBO0N6U2X6O9SLMONT,2025-03-15 13:37:38,2025-03-15,PRD-HPWUN5F9OPAS,CLI-D2ZVPG13TD0I,Deposit,,2451.53,USD,,POS,,,,México,,Approved,00,False,6.05,,
TRX-KZ8MFW0QNRELO5X66RL4,2025-03-15 07:51:41,2025-03-15,PRD-EQQRE8ZZ72K2,CLI-HFMT0A5RNNZ5,Purchase,Services,1360329.13,COP,340.08,POS,,Servicios Públicos,Services,Colombia,Cali,Approved,00,False,29.0,5.2173383,-73.2807722
TRX-4BGRRHC18UDG4A9GMSES,2025-03-16 01:21:42,2025-03-15,PRD-I8LH62RNOA44,CLI-B4T34TBX4Y9D,Withdrawal,,28.82,USD,,App,,,,México,Querétaro,Approved,00,False,,,
TRX-2AKODDGIPFUF3H3NS2KC,2025-03-16 02:12:42,2025-03-15,PRD-EAHR82SZG0QL,CLI-TVZ23SUH6SME,Withdrawal,,1134890.53,COP,283.72,ATM,SUC-DG6C9C1K,,,Colombia,Barranquilla,Approved,00,False,27.06,,
TRX-W4EFFP2G8E1Q5UVACZ2M,2025-03-15 08:30:48,2025-03-15,PRD-3HQMP28OMHFD,CLI-017YGCBLVMKH,Transfer,,4216.4,USD,,POS,,,,México,Querétaro,Approved,00,False,27.98,,
TRX-XUBQLARTRTYB7PVIG1TC,2025-03-15 20:23:39,2025-03-15,PRD-RICBW7S2HP7G,CLI-J4VLYHTDVZZ2,Purchase,,159.09,USD,,POS,,Uber,Transport,México,Guadalajara,Approved,00,False,21.98,,
TRX-A7CQATAAEPD3AXLC7224,2025-03-15 20:01:10,2025-03-15,PRD-XR47DVSSXBL0,CLI-OVAVNAP2V2YZ,Transfer,,1978.52,USD,,Web,,,,México,Ciudad de México,Approved,00,False,5.09,,
TRX-57UQZAP7C5ES0RDIH31B,2025-03-16 00:10:18,2025-03-15,PRD-2R8BU32FQDK9,CLI-ON4VKWWDZKJ2,Purchase,Other,1882314.22,COP,470.58,POS,,Ferretería,Other,Colombia,,Approved,00,False,,,
TRX-5IECB81EK46PSP4D69G1,2025-03-16 04:18:51,2025-03-15,PRD-HZATC36GNK2T,CLI-93EQSRDZJW4N,Payment,Services,977.0,USD,,App,,,,Spain,Sevilla,Approved,00,False,23.52,,
TRX-GENEJAYR01X1PZB3U71L,2025-03-15 22:57:08,2025-03-15,PRD-HW3KOS9R4NQV,CLI-PFRJMHU409BA,Purchase,Food,404.63,USD,,POS,,Tienda Don José,Food,México,Guadalajara,Approved,00,False,28.74,-0.7073553,0.7526167
TRX-6EGV17ABDTRM72EDSCH5,2025-03-16 04:05:09,2025-03-15,PRD-COWJP3WACWUE,CLI-F9BGX7PSXVXU,Purchase,Services,318.88,USD,,POS,,Servicios Públicos,Services,Mexico,Puebla,Approved,00,False,2.37,,
TRX-03BEUSWWYLJWYZPVRMJW,2025-03-15 22:11:27,2025-03-15,PRD-PMNFM7Q0QSAV,CLI-WJ3EADBISAUQ,Adjustment,,165520.92,ARS,472.92,ATM,SUC-5YFUX3Z6,,,Argentina,Mendoza,Approved,00,False,27.21,-34.3665978,-58.0656578
TRX-BVAZX8RCRNGJ1U7ATOC3,2025-03-15 13:16:57,2025-03-15,PRD-W6X5M1QSVW7K,CLI-ABR96UIYIZ7J,Withdrawal,,1856463.25,COP,464.12,POS,,,,Colombia,Bogotá,Approved,00,False,8.16,,
TRX-454P8KS3610C4OZZV478,2025-03-15 11:08:36,2025-03-15,PRD-AVO5C8H9V7EI,CLI-XDG0GBD3ADKP,Deposit,,1199121.78,ARS,3426.06,ATM,SUC-7EJG5XUH,,,Argentina,Rosario,Approved,00,False,,-34.1283684,-58.404057
TRX-5W7JX5ICRRYVZTZGC4M6,2025-03-15 19:39:56,2025-03-15,PRD-1E6JSQTI54DO,CLI-5OPQCHF0X92J,Transfer,,8152372.29,COP,2038.09,Web,,,,Colombia,,Approved,00,False,12.01,,
TRX-KOUOGDRL7M7EWT9TYIK0,2025-03-16 02:34:46,2025-03-15,PRD-1AUO95U1CN5Z,CLI-GRVN6W53NSI5,Withdrawal,,1400318.43,COP,350.08,Transfer,,,,Colombia,,Approved,00,False,13.48,,
TRX-IA45465MS72SQQPKTF9W,2025-03-15 15:06:11,2025-03-15,PRD-8D8HTY5AI4YW,CLI-L19GRT0CASBO,Transfer,,630.26,USD,,POS,,,,México,Puebla,Approved,00,False,23.69,,
TRX-5BHM1H6BR0MPGDADZOMJ,2025-03-15 20:43:22,2025-03-15,PRD-4VYP8DM9T84X,CLI-23BEW253QGA8,Withdrawal,,1420456.48,COP,355.11,ATM,SUC-1NFIF0G0,,,Colombia,Cali,Approved,00,False,8.59,,
TRX-IILTB14Y0FDHGGWXC083,2025-03-15 18:20:18,2025-03-15,PRD-X34QCYWCUW0D,CLI-VX3RU42IHSUG,Transfer,,2553322.3,ARS,7295.21,ATM,SUC-115U74JL,,,Argentina,Mendoza,Pending,51,False,13.98,,
TRX-S0L5DY8XJ29YOBHIZU3G,2025-03-15 10:00:56,2025-03-15,PRD-767M50NY69PN,CLI-V1BYX5ZYG7MP,Purchase,Food,97478.53,COP,24.37,Web,,Restaurante El Buen Sabor,Food,Colombia,,Approved,00,False,1.39,,
TRX-3CKBHDWH9M5BXPRI8W4A,2025-03-16 00:22:17,2025-03-15,PRD-KJQYHIW43DCU,CLI-6SMUSU30K869,Withdrawal,,169.03,USD,,POS,,,,México,Monterrey,Approved,00,False,18.89,,
TRX-8TKYHDAVSQFZZRHRWRZP,2025-03-15 23:56:38,2025-03-15,PRD-EO3HLAYRXM5N,CLI-QZUAPNZPLHC2,Transfer,,5821.29,USD,,POS,,,,México,Monterrey,Approved,00,False,,,
TRX-UF9L2VIZ4NBY7CLTH7FZ,2025-03-15 14:59:41,2025-03-15,PRD-3E0VMDDDGOS9,CLI-MTNIGGFFHN1Y,Transfer,,2121527.41,ARS,6061.51,POS,,,,Argentina,La Plata,Approved,00,False,29.57,,
TRX-VU2BRYJV41XSXDSZ8K0V,2025-03-15 21:07:01,2025-03-15,PRD-9AG0CG5NF29H,CLI-C1FNCO9E3WIE,Purchase,Health,25708.09,COP,6.43,ATM,SUC-H4WPLB7O,Clínica Médica,Health,Colombia,Cartagena,Approved,,False,13.43,,
TRX-C96FIZZV37TG57FHYP8H,2025-03-15 08:27:17,2025-03-15,PRD-STKCF03KW1K1,CLI-IZ1KR3649R36,Purchase,Services,2054.34,ARS,5.87,ATM,SUC-7EJG5XUH,Servicios Públicos,,Brazil,Salvador,Approved,00,False,18.69,-35.3268575,-57.8824727
TRX-3SVZFLCFJ017YYVQC8I7,2025-03-15 20:53:50,2025-03-15,PRD-QDFJI04FIYL5,CLI-UYXUQ40OHWES,Deposit,,161074.51,ARS,460.21,Web,,,,Argentina,La Plata,Approved,00,False,26.63,,
TRX-J1HGUYQWGW5T1Z1WKW62,2025-03-16 01:51:11,2025-03-15,PRD-OL3N2IIZN8GD,CLI-89X6JA9BCVJR,Transfer,,2674001.68,ARS,7640.0,Web,,,,Argentina,Rosario,Approved,00,False,17.53,,
TRX-BJES6DWSOFG9KIS7WA6X,2025-03-15 06:00:00,2025-03-15,PRD-Y5A7341GF2E3,CLI-DLC91F233PYQ,Purchase,Services,178.39,USD,,ATM,SUC-DG6C9C1K,,Services,Colombia,Cartagena,Approved,00,False,29.96,,
TRX-QNLKK3FY1T7XCGI8O856,2025-03-15 17:55:22,2025-03-15,PRD-PHF6FB5GEYL3,CLI-YBKGBU0NZPPE,Payment,Health,831718.77,COP,207.93,ATM,SUC-MSYTX2WG,,,Colombia,Medellín,Approved,00,False,16.75,,
TRX-98HKXTZH6S97GPUN3Y8J,2025-03-15 08:42:20,2025-03-15,PRD-C14D47VHQE89,CLI-M60K809SZ3RX,Purchase,Other,122883.57,COP,30.72,ATM,SUC-CG5XPAZU,Boutique Moda,Other,Colombia,Cali,Approved,00,False,21.26,,
TRX-AQJIXCSMT6TEQ7K8MQVD,2025-03-15 18:04:32,2025-03-15,PRD-JG385M7E6NVL,CLI-5KA1JN5TE32Z,Transfer,,15530479.07,COP,3882.62,Web,,,,Colombia,,Approved,00,False,24.1,,
TRX-UH1KK671HGGIK2HURNM1,2025-03-15 17:51:06,2025-03-15,PRD-Z785TK0NLDTF,CLI-91GEMVM8UNEB,Transfer,,37352795.97,COP,9338.2,POS,,,,Colombia,,Approved,00,False,14.58,,
TRX-9QY4ZUUQUJOAIZ7RRBRI,2025-03-16 00:02:36,2025-03-15,PRD-EDZ7FHDK4W6L,CLI-APG10DMS00QY,Withdrawal,,56.99,USD,,POS,,,,México,Tijuana,Approved,00,False,12.48,,
TRX-Z7XRANG2K1HXEW5EGPFK,2025-03-15 14:04:26,2025-03-15,PRD-FXLXK4ZM8X4O,CLI-H3CU64RNM2SE,Deposit,,16678872.15,COP,,POS,,,,Colombia,,Approved,00,False,18.32,,
TRX-MXWU2LX4H4EX9Y5D2V3K,2025-03-16 05:19:44,2025-03-15,PRD-BKLR5923MEKN,CLI-EVBGNGBCXRXN,Transfer,,8849.99,USD,,Web,,,,México,Monterrey,Approved,00,False,7.25,,
TRX-79STU0Y64FVRX1PXG3SV,2025-03-15 16:10:51,2025-03-15,PRD-61QN2MWC2QMW,CLI-0G2KOX1IVSJN,Payment,Food,677.44,USD,,POS,,,,México,Puebla,Approved,,False,21.49,,
TRX-3Y634AKOL4RDTKF36UQC,2025-03-15 18:41:25,2025-03-15,PRD-5MXDEFSE54YW,CLI-3IIYR1OZ0792,Transfer,,23261888.27,COP,5815.47,POS,,,,Colombia,Cali,Approved,,False,26.67,,
TRX-V4HQXWXS1V7G95OJKQN4,2025-03-15 20:08:43,2025-03-15,PRD-YF6YFSRLF5C2,CLI-RTTS1JW4AGST,Deposit,,8003448.64,COP,2000.86,ATM,SUC-6NKYKKQR,,,Colombia,Medellín,Approved,00,False,15.95,4.6858977,-74.0862831
TRX-7329Q7PP3X5L7DHZ42Q1,2025-03-15 11:16:05,2025-03-15,PRD-573MLB5UPKSG,CLI-XDAB891Q3KNH,Purchase,Food,475.88,USD,,POS,,Restaurante El Buen Sabor,Food,México,Guadalajara,Approved,00,False,,0.8890375,
TRX-VK81QAZ8BWKL54DCGJP6,2025-03-15 12:50:40,2025-03-15,PRD-VM4NDC16AQNY,CLI-QNCXQEH38MQ1,Withdrawal,,174.39,USD,,Web,,,,México,Tijuana,Approved,00,False,16.39,,
TRX-H8I5XJ0D2AWBQRP2GD38,2025-03-15 07:19:18,2025-03-15,PRD-W7SQ085PK7YM,CLI-BCNS80CJB4MV,Withdrawal,,387.64,USD,,Web,,,,México,,Approved,00,False,1.65,,
