date,source_currency,target_currency,exchange_rate,buy_rate,sell_rate,source
2023-06-17,MXN,USD,0.059152,0.058841,0.059462,Reuters
2023-06-17,COP,USD,0.000247,0.000246,0.000249,Central Bank
2023-06-17,ARS,USD,0.002877,0.002837,0.002917,Central Bank
2023-06-17,USD,MXN,17.061535,16.970805,17.152265,Central Bank
2023-06-17,USD,COP,3954.982076,3915.220455,3994.743697,Central Bank
2023-06-17,USD,ARS,350.857431,346.590936,355.123926,Internal
2023-06-17,MXN,COP,232.662971,230.128653,235.197288,Central Bank
2023-06-17,MXN,ARS,20.801371,20.664153,20.938589,Internal
2023-06-17,COP,MXN,0.004223,0.004195,0.004251,Reuters
2023-06-17,COP,ARS,0.086108,0.08535,0.086865,Reuters
2023-06-17,ARS,MXN,0.049247,0.048703,0.04979,Central Bank
2023-06-17,ARS,COP,11.533592,11.414077,11.653106,Internal
2023-06-18,MXN,USD,0.057832,0.057374,0.058291,Reuters
2023-06-18,COP,USD,0.000251,0.000248,0.000254,Central Bank
2023-06-18,ARS,USD,0.002876,0.002839,0.002912,Central Bank
2023-06-18,USD,MXN,17.241616,17.006012,17.47722,Internal
2023-06-18,USD,COP,3964.475776,3919.451842,4009.499711,Reuters
2023-06-18,USD,ARS,345.277157,342.324103,348.230212,Reuters
2023-06-18,MXN,COP,237.193603,234.386304,240.000902,Central Bank
2023-06-18,MXN,ARS,20.678108,20.539329,20.816887,Bloomberg
2023-06-18,COP,MXN,0.004193,0.004156,0.00423,Bloomberg
2023-06-18,COP,ARS,0.088146,0.086962,0.08933,Central Bank
2023-06-18,ARS,MXN,0.048045,0.047789,0.048301,Reuters
2023-06-18,ARS,COP,11.38339,11.318938,11.447841,Reuters
2023-06-19,MXN,USD,0.058147,0.057566,0.058728,Internal
2023-06-19,COP,USD,0.000246,0.000245,0.000248,Reuters
2023-06-19,ARS,USD,0.002885,0.002859,0.002912,Internal
2023-06-19,USD,MXN,16.906158,16.653017,17.159298,Bloomberg
2023-06-19,USD,COP,4001.524207,3977.878824,4025.16959,Central Bank
2023-06-19,USD,ARS,355.055441,352.737492,357.373389,Bloomberg
2023-06-19,MXN,COP,238.0431,235.847962,240.238238,Central Bank
2023-06-19,MXN,ARS,20.493338,20.268754,20.717922,Internal
2023-06-19,COP,MXN,0.004255,0.004192,0.004318,Central Bank
2023-06-19,COP,ARS,0.088131,0.087589,0.088673,Reuters
2023-06-19,ARS,MXN,0.049093,0.048681,0.049506,Reuters
2023-06-19,ARS,COP,11.39875,11.290037,11.507462,Reuters
2023-06-20,MXN,USD,0.059934,0.059178,0.06069,Central Bank
2023-06-20,COP,USD,0.000254,0.000252,0.000256,Bloomberg
2023-06-20,ARS,USD,0.002817,0.002782,0.002853,Central Bank
2023-06-20,USD,MXN,17.067282,16.898554,17.23601,Central Bank
2023-06-20,USD,COP,4068.655779,4012.560331,4124.751226,Reuters
2023-06-20,USD,ARS,346.352332,343.786306,348.918358,Central Bank
2023-06-20,MXN,COP,231.394385,229.112859,233.675912,Central Bank
2023-06-20,MXN,ARS,20.98187,20.765189,21.198551,Bloomberg
2023-06-20,COP,MXN,0.004187,0.004146,0.004228,Bloomberg
2023-06-20,COP,ARS,0.086678,0.085488,0.087867,Internal
2023-06-20,ARS,MXN,0.049474,0.048767,0.050181,Bloomberg
2023-06-20,ARS,COP,11.52592,11.422302,11.629537,Reuters
2023-06-21,MXN,USD,0.058678,0.058081,0.059275,Central Bank
2023-06-21,COP,USD,0.000247,0.000246,0.000249,Central Bank
2023-06-21,ARS,USD,0.002867,0.002846,0.002888,Bloomberg
2023-06-21,USD,MXN,16.66489,16.463604,16.866175,Central Bank
2023-06-21,USD,COP,3956.630685,3901.023406,4012.237965,Reuters
2023-06-21,USD,ARS,343.992003,341.453326,346.53068,Internal
2023-06-21,MXN,COP,232.604582,231.133795,234.075368,Internal
2023-06-21,MXN,ARS,20.376586,20.178327,20.574845,Internal
2023-06-21,COP,MXN,0.004197,0.004172,0.004222,Internal
2023-06-21,COP,ARS,0.08699,0.086197,0.087783,Central Bank
2023-06-21,ARS,MXN,0.048908,0.048182,0.049634,Central Bank
2023-06-21,ARS,COP,11.227709,11.089808,11.365609,Central Bank
2023-06-22,MXN,USD,0.058232,0.05783,0.058634,Internal
2023-06-22,COP,USD,0.000246,0.000245,0.000248,Internal
2023-06-22,ARS,USD,0.002829,0.002788,0.002869,Internal
2023-06-22,USD,MXN,17.209455,16.976101,17.44281,Central Bank
2023-06-22,USD,COP,3928.094133,3869.200906,3986.987359,Central Bank
2023-06-22,USD,ARS,356.565948,351.480009,361.651887,Bloomberg
2023-06-22,MXN,COP,232.153516,229.865316,234.441717,Bloomberg
2023-06-22,MXN,ARS,20.888536,20.595586,21.181485,Bloomberg
2023-06-22,COP,MXN,0.004229,0.004167,0.004292,Reuters
2023-06-22,COP,ARS,0.088993,0.087849,0.090136,Reuters
2023-06-22,ARS,MXN,0.048422,0.047716,0.049128,Internal
2023-06-22,ARS,COP,11.270764,11.180969,11.360559,Central Bank
2023-06-23,MXN,USD,0.05901,0.058395,0.059625,Reuters
2023-06-23,COP,USD,0.000246,0.000243,0.000248,Bloomberg
2023-06-23,ARS,USD,0.002807,0.002778,0.002835,Bloomberg
2023-06-23,USD,MXN,16.706595,16.611708,16.801481,Bloomberg
2023-06-23,USD,COP,3984.604088,3927.16219,4042.045986,Bloomberg
2023-06-23,USD,ARS,351.104867,349.209808,352.999926,Central Bank
2023-06-23,MXN,COP,234.533882,231.992303,237.07546,Reuters
2023-06-23,MXN,ARS,20.946229,20.798713,21.093744,Reuters
2023-06-23,COP,MXN,0.004206,0.004168,0.004243,Reuters
2023-06-23,COP,ARS,0.08735,0.086102,0.088599,Central Bank
2023-06-23,ARS,MXN,0.047618,0.047084,0.048152,Central Bank
2023-06-23,ARS,COP,11.233491,11.153378,11.313603,Reuters
2023-06-24,MXN,USD,0.057959,0.057467,0.058451,Central Bank
2023-06-24,COP,USD,0.000254,0.000252,0.000256,Bloomberg
2023-06-24,ARS,USD,0.00285,0.00282,0.00288,Reuters
2023-06-24,USD,MXN,17.075941,16.821982,17.3299,Central Bank
2023-06-24,USD,COP,4026.858113,3984.390775,4069.32545,Central Bank
2023-06-24,USD,ARS,356.14502,353.886024,358.404016,Central Bank
2023-06-24,MXN,COP,238.962002,235.993098,241.930906,Bloomberg
2023-06-24,MXN,ARS,20.400757,20.175364,20.626151,Reuters
2023-06-24,COP,MXN,0.0042,0.004152,0.004247,Reuters
2023-06-24,COP,ARS,0.087519,0.086862,0.088176,Central Bank
2023-06-24,ARS,MXN,0.047779,0.047338,0.048221,Reuters
2023-06-24,ARS,COP,11.220154,11.126628,11.31368,Bloomberg
2023-06-25,MXN,USD,0.059146,0.058695,0.059597,Internal
2023-06-25,COP,USD,0.000251,0.000248,0.000253,Central Bank
2023-06-25,ARS,USD,0.002813,0.002772,0.002853,Bloomberg
2023-06-25,USD,MXN,17.031001,16.803707,17.258296,Bloomberg
2023-06-25,USD,COP,3988.765874,3967.153589,4010.378159,Reuters
2023-06-25,USD,ARS,355.585741,350.976915,360.194567,Central Bank
2023-06-25,MXN,COP,239.048702,237.351274,240.746131,Bloomberg
2023-06-25,MXN,ARS,20.72571,20.548779,20.902641,Internal
2023-06-25,COP,MXN,0.004331,0.004276,0.004385,Bloomberg
2023-06-25,COP,ARS,0.088776,0.087466,0.090087,Bloomberg
2023-06-25,ARS,MXN,0.049312,0.049054,0.049571,Reuters
2023-06-25,ARS,COP,11.557662,11.45229,11.663035,Bloomberg
2023-06-26,MXN,USD,0.058275,0.057525,0.059025,Central Bank
2023-06-26,COP,USD,0.000249,0.000247,0.00025,Internal
2023-06-26,ARS,USD,0.002825,0.002788,0.002863,Internal
2023-06-26,USD,MXN,16.897768,16.674627,17.120909,Bloomberg
2023-06-26,USD,COP,3955.667768,3909.780709,4001.554826,Internal
2023-06-26,USD,ARS,347.595667,342.853236,352.338099,Reuters
2023-06-26,MXN,COP,233.89314,231.532209,236.254071,Reuters
2023-06-26,MXN,ARS,20.94996,20.821046,21.078874,Reuters
2023-06-26,COP,MXN,0.004195,0.004134,0.004257,Reuters
2023-06-26,COP,ARS,0.085884,0.084942,0.086826,Reuters
2023-06-26,ARS,MXN,0.049015,0.048617,0.049414,Central Bank
2023-06-26,ARS,COP,11.376089,11.253616,11.498563,Reuters
2023-06-27,MXN,USD,0.057751,0.057211,0.058292,Bloomberg
2023-06-27,COP,USD,0.000249,0.000247,0.00025,Reuters
2023-06-27,ARS,USD,0.002871,0.002838,0.002905,Central Bank
2023-06-27,USD,MXN,17.149433,17.012182,17.286684,Reuters
2023-06-27,USD,COP,4026.702865,3993.434934,4059.970795,Reuters
2023-06-27,USD,ARS,350.761775,348.335064,353.188485,Internal
2023-06-27,MXN,COP,236.962992,233.638862,240.287122,Reuters
2023-06-27,MXN,ARS,20.510885,20.237327,20.784444,Reuters
2023-06-27,COP,MXN,0.004214,0.004175,0.004253,Reuters
2023-06-27,COP,ARS,0.087377,0.086554,0.088201,Bloomberg
2023-06-27,ARS,MXN,0.048593,0.047964,0.049222,Bloomberg
2023-06-27,ARS,COP,11.501189,11.411044,11.591334,Reuters
2023-06-28,MXN,USD,0.057867,0.057027,0.058707,Bloomberg
2023-06-28,COP,USD,0.000252,0.00025,0.000254,Bloomberg
2023-06-28,ARS,USD,0.002817,0.002801,0.002832,Internal
2023-06-28,USD,MXN,17.075666,16.859063,17.292269,Internal
2023-06-28,USD,COP,3986.310562,3941.274605,4031.346518,Bloomberg
2023-06-28,USD,ARS,353.056843,349.935896,356.177789,Internal
2023-06-28,MXN,COP,232.884559,230.192279,235.57684,Central Bank
2023-06-28,MXN,ARS,20.911602,20.627112,21.196092,Central Bank
2023-06-28,COP,MXN,0.004297,0.004266,0.004328,Internal
2023-06-28,COP,ARS,0.085926,0.085282,0.08657,Central Bank
2023-06-28,ARS,MXN,0.048487,0.047856,0.049118,Reuters
2023-06-28,ARS,COP,11.634304,11.472421,11.796187,Internal
2023-06-29,MXN,USD,0.059601,0.058977,0.060226,Bloomberg
2023-06-29,COP,USD,0.000252,0.00025,0.000255,Reuters
2023-06-29,ARS,USD,0.002886,0.002847,0.002925,Reuters
2023-06-29,USD,MXN,17.180753,17.005286,17.35622,Bloomberg
2023-06-29,USD,COP,3963.935592,3941.044523,3986.82666,Reuters
2023-06-29,USD,ARS,346.28291,343.388513,349.177307,Central Bank
2023-06-29,MXN,COP,231.890579,230.194853,233.586306,Bloomberg
2023-06-29,MXN,ARS,20.758228,20.641104,20.875351,Internal
2023-06-29,COP,MXN,0.004221,0.00418,0.004262,Central Bank
2023-06-29,COP,ARS,0.086474,0.085678,0.08727,Central Bank
2023-06-29,ARS,MXN,0.049265,0.048641,0.049888,Internal
2023-06-29,ARS,COP,11.418048,11.253315,11.582781,Reuters
2023-06-30,MXN,USD,0.05942,0.058616,0.060224,Internal
2023-06-30,COP,USD,0.00025,0.000247,0.000253,Bloomberg
2023-06-30,ARS,USD,0.002856,0.002834,0.002878,Internal
2023-06-30,USD,MXN,16.679737,16.540273,16.819201,Internal
2023-06-30,USD,COP,4035.86902,3981.767968,4089.970073,Bloomberg
2023-06-30,USD,ARS,356.730108,353.041077,360.419138,Internal
2023-06-30,MXN,COP,236.158991,233.412462,238.905519,Central Bank
2023-06-30,MXN,ARS,20.705794,20.574167,20.83742,Internal
2023-06-30,COP,MXN,0.004196,0.004164,0.004228,Reuters
2023-06-30,COP,ARS,0.086491,0.085776,0.087206,Internal
2023-06-30,ARS,MXN,0.048141,0.047442,0.048839,Internal
2023-06-30,ARS,COP,11.315324,11.24948,11.381169,Central Bank
2023-07-01,MXN,USD,0.059409,0.059081,0.059737,Reuters
2023-07-01,COP,USD,0.000247,0.000246,0.000249,Central Bank
2023-07-01,ARS,USD,0.002886,0.002844,0.002928,Bloomberg
2023-07-01,USD,MXN,17.230676,17.037462,17.423889,Bloomberg
2023-07-01,USD,COP,3940.195356,3894.116393,3986.274319,Bloomberg
2023-07-01,USD,ARS,349.510476,346.867325,352.153627,Reuters
2023-07-01,MXN,COP,232.167427,229.596759,234.738095,Central Bank
2023-07-01,MXN,ARS,20.817005,20.678829,20.955181,Reuters
2023-07-01,COP,MXN,0.004183,0.004161,0.004205,Reuters
2023-07-01,COP,ARS,0.087765,0.08653,0.089001,Internal
2023-07-01,ARS,MXN,0.048371,0.047783,0.048958,Central Bank
2023-07-01,ARS,COP,11.470673,11.318048,11.623299,Bloomberg
2023-07-02,MXN,USD,0.057887,0.05715,0.058623,Central Bank
2023-07-02,COP,USD,0.000253,0.00025,0.000256,Central Bank
2023-07-02,ARS,USD,0.00284,0.002813,0.002866,Reuters
2023-07-02,USD,MXN,16.706891,16.515172,16.898609,Central Bank
2023-07-02,USD,COP,4055.9321,4002.299256,4109.564944,Central Bank
2023-07-02,USD,ARS,349.069328,346.059694,352.078962,Internal
2023-07-02,MXN,COP,237.245258,235.025859,239.464657,Reuters
2023-07-02,MXN,ARS,20.683693,20.390063,20.977322,Internal
2023-07-02,COP,MXN,0.004244,0.004188,0.0043,Reuters
2023-07-02,COP,ARS,0.086878,0.08623,0.087526,Central Bank
2023-07-02,ARS,MXN,0.048142,0.047684,0.0486,Internal
2023-07-02,ARS,COP,11.460503,11.326622,11.594383,Reuters
2023-07-03,MXN,USD,0.057715,0.056935,0.058494,Bloomberg
2023-07-03,COP,USD,0.00025,0.000248,0.000252,Reuters
2023-07-03,ARS,USD,0.002839,0.0028,0.002878,Reuters
2023-07-03,USD,MXN,17.037938,16.864726,17.21115,Bloomberg
2023-07-03,USD,COP,3933.698074,3885.70402,3981.692127,Internal
2023-07-03,USD,ARS,350.772467,348.175614,353.369319,Internal
2023-07-03,MXN,COP,236.667321,234.322371,239.012272,Central Bank
2023-07-03,MXN,ARS,20.253103,20.106957,20.399248,Bloomberg
2023-07-03,COP,MXN,0.004217,0.004171,0.004263,Internal
2023-07-03,COP,ARS,0.087687,0.086947,0.088427,Reuters
2023-07-03,ARS,MXN,0.048284,0.047823,0.048744,Reuters
2023-07-03,ARS,COP,11.314927,11.244701,11.385154,Bloomberg
2023-07-04,MXN,USD,0.05839,0.057664,0.059115,Bloomberg
2023-07-04,COP,USD,0.000247,0.000244,0.00025,Reuters
2023-07-04,ARS,USD,0.002883,0.00284,0.002925,Reuters
2023-07-04,USD,MXN,17.326747,17.095846,17.557648,Reuters
2023-07-04,USD,COP,3956.397306,3929.515899,3983.278713,Central Bank
2023-07-04,USD,ARS,352.912259,350.700971,355.123547,Central Bank
2023-07-04,MXN,COP,239.75807,237.232557,242.283583,Bloomberg
2023-07-04,MXN,ARS,20.701775,20.442425,20.961125,Central Bank
2023-07-04,COP,MXN,0.004313,0.004267,0.00436,Internal
2023-07-04,COP,ARS,0.087425,0.086691,0.08816,Central Bank
2023-07-04,ARS,MXN,0.048091,0.047436,0.048745,Central Bank
2023-07-04,ARS,COP,11.575824,11.47156,11.680089,Central Bank
2023-07-05,MXN,USD,0.059005,0.058305,0.059705,Bloomberg
2023-07-05,COP,USD,0.000246,0.000244,0.000249,Reuters
2023-07-05,ARS,USD,0.00281,0.002789,0.002831,Internal
2023-07-05,USD,MXN,17.072296,16.851937,17.292655,Bloomberg
2023-07-05,USD,COP,4044.110966,4008.507502,4079.714431,Internal
2023-07-05,USD,ARS,347.162944,343.383988,350.9419,Internal
2023-07-05,MXN,COP,233.462402,230.845225,236.07958,Central Bank
2023-07-05,MXN,ARS,20.956839,20.808509,21.105169,Bloomberg
2023-07-05,COP,MXN,0.00421,0.004186,0.004234,Bloomberg
2023-07-05,COP,ARS,0.086358,0.085862,0.086855,Central Bank
2023-07-05,ARS,MXN,0.048394,0.047818,0.048969,Internal
2023-07-05,ARS,COP,11.333147,11.250248,11.416046,Reuters
2023-07-06,MXN,USD,0.059301,0.058735,0.059867,Bloomberg
2023-07-06,COP,USD,0.000254,0.000251,0.000258,Bloomberg
2023-07-06,ARS,USD,0.002849,0.002819,0.002878,Bloomberg
2023-07-06,USD,MXN,17.27772,17.048508,17.506931,Central Bank
2023-07-06,USD,COP,3929.542086,3878.747703,3980.33647,Reuters
2023-07-06,USD,ARS,349.148148,345.765957,352.530339,Reuters
2023-07-06,MXN,COP,237.173964,233.752312,240.595617,Internal
2023-07-06,MXN,ARS,20.536978,20.311474,20.762481,Internal
2023-07-06,COP,MXN,0.00429,0.004243,0.004337,Central Bank
2023-07-06,COP,ARS,0.08607,0.084811,0.087328,Central Bank
2023-07-06,ARS,MXN,0.049542,0.048961,0.050123,Reuters
2023-07-06,ARS,COP,11.463427,11.318632,11.608223,Bloomberg
2023-07-07,MXN,USD,0.058754,0.058078,0.059431,Reuters
2023-07-07,COP,USD,0.000247,0.000244,0.000249,Internal
2023-07-07,ARS,USD,0.002911,0.002883,0.002939,Internal
2023-07-07,USD,MXN,16.88665,16.689053,17.084246,Bloomberg
2023-07-07,USD,COP,3972.768586,3925.346693,4020.190479,Reuters
2023-07-07,USD,ARS,352.27617,349.104091,355.448248,Central Bank
2023-07-07,MXN,COP,234.86895,232.955902,236.781998,Reuters
2023-07-07,MXN,ARS,20.271935,20.013965,20.529906,Central Bank
2023-07-07,COP,MXN,0.004277,0.004232,0.004321,Internal
2023-07-07,COP,ARS,0.08594,0.085064,0.086815,Internal
2023-07-07,ARS,MXN,0.048815,0.0482,0.04943,Bloomberg
2023-07-07,ARS,COP,11.322083,11.250639,11.393527,Reuters
2023-07-08,MXN,USD,0.058678,0.057975,0.059381,Central Bank
2023-07-08,COP,USD,0.000245,0.000243,0.000248,Bloomberg
2023-07-08,ARS,USD,0.002881,0.002858,0.002904,Central Bank
2023-07-08,USD,MXN,17.035531,16.934475,17.136587,Central Bank
2023-07-08,USD,COP,3993.831663,3969.171104,4018.492222,Bloomberg
2023-07-08,USD,ARS,349.977257,345.719422,354.235092,Reuters
2023-07-08,MXN,COP,234.498733,232.194784,236.802682,Internal
2023-07-08,MXN,ARS,20.37719,20.162972,20.591408,Internal
2023-07-08,COP,MXN,0.004197,0.004151,0.004244,Bloomberg
2023-07-08,COP,ARS,0.088774,0.088085,0.089463,Internal
2023-07-08,ARS,MXN,0.04826,0.047639,0.048882,Reuters
2023-07-08,ARS,COP,11.575108,11.484494,11.665723,Reuters
2023-07-09,MXN,USD,0.059618,0.058974,0.060261,Internal
2023-07-09,COP,USD,0.000254,0.000251,0.000256,Internal
2023-07-09,ARS,USD,0.002839,0.00281,0.002869,Internal
2023-07-09,USD,MXN,16.969634,16.830182,17.109087,Bloomberg
2023-07-09,USD,COP,4076.923941,4046.803401,4107.044481,Internal
2023-07-09,USD,ARS,346.269874,341.853048,350.6867,Central Bank
2023-07-09,MXN,COP,233.582836,231.310131,235.855542,Internal
2023-07-09,MXN,ARS,20.494418,20.255927,20.732909,Bloomberg
2023-07-09,COP,MXN,0.004249,0.004226,0.004272,Reuters
2023-07-09,COP,ARS,0.088794,0.087574,0.090014,Internal
2023-07-09,ARS,MXN,0.047794,0.04712,0.048468,Central Bank
2023-07-09,ARS,COP,11.53026,11.425337,11.635183,Bloomberg
2023-07-10,MXN,USD,0.057823,0.057082,0.058564,Reuters
2023-07-10,COP,USD,0.000248,0.000245,0.000251,Central Bank
2023-07-10,ARS,USD,0.002897,0.002858,0.002937,Internal
2023-07-10,USD,MXN,17.308815,17.113779,17.503851,Internal
2023-07-10,USD,COP,4059.581283,4037.826023,4081.336542,Central Bank
2023-07-10,USD,ARS,346.286783,342.185364,350.388203,Reuters
2023-07-10,MXN,COP,239.975773,236.983836,242.967711,Internal
2023-07-10,MXN,ARS,20.98216,20.717708,21.246613,Central Bank
2023-07-10,COP,MXN,0.00424,0.00419,0.004291,Central Bank
2023-07-10,COP,ARS,0.085911,0.084797,0.087024,Reuters
2023-07-10,ARS,MXN,0.048296,0.047847,0.048746,Bloomberg
2023-07-10,ARS,COP,11.442819,11.320847,11.564791,Bloomberg
2023-07-11,MXN,USD,0.058047,0.057711,0.058383,Internal
2023-07-11,COP,USD,0.000251,0.000249,0.000253,Bloomberg
2023-07-11,ARS,USD,0.002827,0.002794,0.002859,Internal
2023-07-11,USD,MXN,16.833622,16.747872,16.919372,Internal
2023-07-11,USD,COP,4064.193508,4016.333123,4112.053893,Bloomberg
2023-07-11,USD,ARS,344.034067,339.061964,349.00617,Reuters
2023-07-11,MXN,COP,236.601776,234.414845,238.788707,Reuters
2023-07-11,MXN,ARS,20.552688,20.387831,20.717546,Internal
2023-07-11,COP,MXN,0.00431,0.004284,0.004336,Internal
2023-07-11,COP,ARS,0.087752,0.086809,0.088695,Reuters
2023-07-11,ARS,MXN,0.047643,0.047009,0.048276,Internal
2023-07-11,ARS,COP,11.325477,11.204755,11.446198,Central Bank
2023-07-12,MXN,USD,0.05979,0.059045,0.060534,Reuters
2023-07-12,COP,USD,0.000253,0.000251,0.000255,Reuters
2023-07-12,ARS,USD,0.002825,0.002806,0.002845,Reuters
2023-07-12,USD,MXN,17.12088,16.911846,17.329914,Bloomberg
2023-07-12,USD,COP,4020.519697,3964.095574,4076.943819,Central Bank
2023-07-12,USD,ARS,347.32506,344.057346,350.592775,Reuters
2023-07-12,MXN,COP,237.481033,236.079578,238.882488,Reuters
2023-07-12,MXN,ARS,20.445533,20.258354,20.632713,Bloomberg
2023-07-12,COP,MXN,0.004187,0.004144,0.004231,Reuters
2023-07-12,COP,ARS,0.087608,0.08637,0.088846,Bloomberg
2023-07-12,ARS,MXN,0.048099,0.047462,0.048736,Internal
2023-07-12,ARS,COP,11.642233,11.549661,11.734805,Reuters
2023-07-13,MXN,USD,0.059539,0.058963,0.060116,Central Bank
2023-07-13,COP,USD,0.000246,0.000243,0.00025,Internal
2023-07-13,ARS,USD,0.002911,0.002873,0.002949,Reuters
2023-07-13,USD,MXN,16.721406,16.571821,16.870991,Reuters
2023-07-13,USD,COP,4005.851569,3967.604258,4044.09888,Reuters
2023-07-13,USD,ARS,351.183841,346.539725,355.827957,Reuters
2023-07-13,MXN,COP,231.607963,229.908373,233.307553,Central Bank
2023-07-13,MXN,ARS,20.686686,20.388142,20.98523,Reuters
2023-07-13,COP,MXN,0.004321,0.004289,0.004352,Central Bank
2023-07-13,COP,ARS,0.087974,0.087126,0.088822,Reuters
2023-07-13,ARS,MXN,0.048861,0.04856,0.049163,Central Bank
2023-07-13,ARS,COP,11.632577,11.539008,11.726145,Internal
2023-07-14,MXN,USD,0.05792,0.057495,0.058346,Bloomberg
2023-07-14,COP,USD,0.000249,0.000247,0.000251,Internal
2023-07-14,ARS,USD,0.002867,0.002832,0.002902,Internal
2023-07-14,USD,MXN,17.105347,16.877214,17.33348,Internal
2023-07-14,USD,COP,4070.248491,4038.511129,4101.985852,Reuters
2023-07-14,USD,ARS,346.041776,342.772733,349.310818,Bloomberg
2023-07-14,MXN,COP,238.639531,237.209234,240.069828,Reuters
2023-07-14,MXN,ARS,20.624854,20.320051,20.929657,Reuters
2023-07-14,COP,MXN,0.004175,0.004143,0.004208,Central Bank
2023-07-14,COP,ARS,0.089072,0.087892,0.090251,Central Bank
2023-07-14,ARS,MXN,0.048888,0.04833,0.049446,Central Bank
2023-07-14,ARS,COP,11.223122,11.129576,11.316667,Bloomberg
2023-07-15,MXN,USD,0.059499,0.059079,0.059918,Bloomberg
2023-07-15,COP,USD,0.000251,0.000248,0.000254,Bloomberg
2023-07-15,ARS,USD,0.002838,0.002819,0.002856,Central Bank
2023-07-15,USD,MXN,16.848547,16.59851,17.098584,Bloomberg
2023-07-15,USD,COP,4006.434473,3954.410368,4058.458579,Central Bank
2023-07-15,USD,ARS,352.254807,350.402721,354.106893,Central Bank
2023-07-15,MXN,COP,233.959927,230.945514,236.974341,Reuters
2023-07-15,MXN,ARS,20.189467,20.034943,20.34399,Bloomberg
2023-07-15,COP,MXN,0.004291,0.004247,0.004335,Central Bank
2023-07-15,COP,ARS,0.087417,0.0863,0.088534,Central Bank
2023-07-15,ARS,MXN,0.048478,0.048128,0.048828,Central Bank
2023-07-15,ARS,COP,11.532454,11.36999,11.694918,Reuters
2023-07-16,MXN,USD,0.058725,0.057865,0.059585,Central Bank
2023-07-16,COP,USD,0.000255,0.000252,0.000258,Internal
2023-07-16,ARS,USD,0.002878,0.00285,0.002907,Internal
2023-07-16,USD,MXN,16.709974,16.612924,16.807024,Bloomberg
2023-07-16,USD,COP,3930.509157,3900.047082,3960.971232,Reuters
2023-07-16,USD,ARS,348.332662,344.510087,352.155236,Reuters
2023-07-16,MXN,COP,234.858498,232.262309,237.454687,Central Bank
2023-07-16,MXN,ARS,20.829609,20.701629,20.957589,Bloomberg
2023-07-16,COP,MXN,0.004238,0.004179,0.004297,Internal
2023-07-16,COP,ARS,0.086936,0.086107,0.087765,Internal
2023-07-16,ARS,MXN,0.049018,0.048619,0.049416,Reuters
2023-07-16,ARS,COP,11.504049,11.403469,11.604629,Bloomberg
2023-07-17,MXN,USD,0.059263,0.058686,0.05984,Central Bank
2023-07-17,COP,USD,0.000253,0.000252,0.000255,Central Bank
2023-07-17,ARS,USD,0.002885,0.00286,0.00291,Bloomberg
2023-07-17,USD,MXN,17.038332,16.853217,17.223448,Reuters
2023-07-17,USD,COP,4027.202122,3990.522018,4063.882227,Internal
2023-07-17,USD,ARS,355.15329,350.816653,359.489927,Reuters
2023-07-17,MXN,COP,236.239154,234.227232,238.251076,Bloomberg
2023-07-17,MXN,ARS,20.303895,20.104473,20.503318,Central Bank
2023-07-17,COP,MXN,0.004225,0.00418,0.004269,Central Bank
2023-07-17,COP,ARS,0.088419,0.087469,0.089369,Internal
2023-07-17,ARS,MXN,0.049242,0.048516,0.049968,Central Bank
2023-07-17,ARS,COP,11.478398,11.345497,11.611298,Reuters
2023-07-18,MXN,USD,0.057715,0.057269,0.058161,Reuters
2023-07-18,COP,USD,0.000254,0.000252,0.000256,Bloomberg
2023-07-18,ARS,USD,0.002899,0.002868,0.00293,Internal
2023-07-18,USD,MXN,16.707318,16.499985,16.914651,Central Bank
2023-07-18,USD,COP,3934.681229,3894.13502,3975.227438,Internal
2023-07-18,USD,ARS,348.877655,345.943957,351.811353,Reuters
2023-07-18,MXN,COP,233.521293,231.596183,235.446402,Central Bank
2023-07-18,MXN,ARS,20.903929,20.766887,21.040971,Central Bank
2023-07-18,COP,MXN,0.00428,0.004247,0.004313,Internal
2023-07-18,COP,ARS,0.08745,0.086626,0.088274,Reuters
2023-07-18,ARS,MXN,0.048019,0.047533,0.048505,Reuters
2023-07-18,ARS,COP,11.396532,11.307269,11.485795,Internal
2023-07-19,MXN,USD,0.058887,0.058411,0.059363,Bloomberg
2023-07-19,COP,USD,0.000249,0.000246,0.000252,Central Bank
2023-07-19,ARS,USD,0.002823,0.002783,0.002864,Bloomberg
2023-07-19,USD,MXN,17.179629,17.044005,17.315254,Central Bank
2023-07-19,USD,COP,3921.236785,3872.338409,3970.135162,Bloomberg
2023-07-19,USD,ARS,344.8086,341.248167,348.369033,Bloomberg
2023-07-19,MXN,COP,235.296587,232.15925,238.433924,Reuters
2023-07-19,MXN,ARS,20.235827,19.960263,20.511391,Central Bank
2023-07-19,COP,MXN,0.004239,0.004198,0.00428,Central Bank
2023-07-19,COP,ARS,0.088767,0.087812,0.089722,Internal
2023-07-19,ARS,MXN,0.048978,0.048529,0.049428,Central Bank
2023-07-19,ARS,COP,11.385158,11.218228,11.552087,Bloomberg
2023-07-20,MXN,USD,0.059533,0.058867,0.060198,Reuters
2023-07-20,COP,USD,0.000246,0.000243,0.000249,Bloomberg
2023-07-20,ARS,USD,0.00285,0.002824,0.002875,Central Bank
2023-07-20,USD,MXN,16.929121,16.791949,17.066294,Reuters
2023-07-20,USD,COP,3955.451529,3904.856642,4006.046417,Central Bank
2023-07-20,USD,ARS,350.146766,347.996772,352.29676,Bloomberg
2023-07-20,MXN,COP,239.114567,237.083587,241.145547,Bloomberg
2023-07-20,MXN,ARS,20.371045,20.239357,20.502732,Bloomberg
2023-07-20,COP,MXN,0.004194,0.004167,0.004222,Central Bank
2023-07-20,COP,ARS,0.08637,0.085271,0.087469,Internal
2023-07-20,ARS,MXN,0.048501,0.047985,0.049017,Internal
2023-07-20,ARS,COP,11.511375,11.352283,11.670468,Reuters
2023-07-21,MXN,USD,0.059681,0.059008,0.060353,Bloomberg
2023-07-21,COP,USD,0.000249,0.000247,0.000252,Reuters
2023-07-21,ARS,USD,0.002891,0.002859,0.002923,Reuters
2023-07-21,USD,MXN,17.004989,16.867179,17.142799,Internal
2023-07-21,USD,COP,3926.017159,3891.910372,3960.123947,Reuters
2023-07-21,USD,ARS,344.074234,339.380201,348.768267,Central Bank
2023-07-21,MXN,COP,236.37655,233.996077,238.757022,Internal
2023-07-21,MXN,ARS,20.654389,20.354026,20.954752,Central Bank
2023-07-21,COP,MXN,0.004241,0.004186,0.004297,Bloomberg
2023-07-21,COP,ARS,0.086875,0.086028,0.087723,Bloomberg
2023-07-21,ARS,MXN,0.049461,0.048991,0.049931,Reuters
2023-07-21,ARS,COP,11.649091,11.581022,11.71716,Bloomberg
2023-07-22,MXN,USD,0.057739,0.057042,0.058436,Internal
2023-07-22,COP,USD,0.00025,0.000247,0.000253,Reuters
2023-07-22,ARS,USD,0.002843,0.00282,0.002865,Internal
2023-07-22,USD,MXN,17.186636,16.984023,17.389249,Central Bank
2023-07-22,USD,COP,4046.276309,3999.853164,4092.699454,Central Bank
2023-07-22,USD,ARS,347.615671,343.938025,351.293316,Internal
2023-07-22,MXN,COP,233.26256,230.408047,236.117072,Bloomberg
2023-07-22,MXN,ARS,20.451004,20.229573,20.672435,Bloomberg
2023-07-22,COP,MXN,0.004321,0.004286,0.004356,Internal
2023-07-22,COP,ARS,0.086201,0.085159,0.087243,Central Bank
2023-07-22,ARS,MXN,0.048201,0.047779,0.048624,Reuters
2023-07-22,ARS,COP,11.571742,11.436339,11.707144,Central Bank
2023-07-23,MXN,USD,0.059167,0.058621,0.059713,Reuters
2023-07-23,COP,USD,0.000245,0.000243,0.000247,Bloomberg
2023-07-23,ARS,USD,0.002839,0.002803,0.002875,Bloomberg
2023-07-23,USD,MXN,16.814049,16.706849,16.92125,Central Bank
2023-07-23,USD,COP,3967.326736,3916.2228,4018.430672,Central Bank
2023-07-23,USD,ARS,352.267009,347.418432,357.115587,Bloomberg
2023-07-23,MXN,COP,236.209378,234.663972,237.754785,Bloomberg
2023-07-23,MXN,ARS,20.861108,20.595943,21.126273,Bloomberg
2023-07-23,COP,MXN,0.004288,0.004264,0.004311,Reuters
2023-07-23,COP,ARS,0.088117,0.087467,0.088767,Internal
2023-07-23,ARS,MXN,0.048786,0.048175,0.049397,Internal
2023-07-23,ARS,COP,11.306973,11.223395,11.39055,Internal
2023-07-24,MXN,USD,0.059774,0.059359,0.060189,Internal
2023-07-24,COP,USD,0.00025,0.000248,0.000252,Internal
2023-07-24,ARS,USD,0.002857,0.002831,0.002884,Bloomberg
2023-07-24,USD,MXN,17.215486,16.991468,17.439504,Bloomberg
2023-07-24,USD,COP,4059.680307,4037.263572,4082.097042,Internal
2023-07-24,USD,ARS,355.237637,351.491512,358.983763,Central Bank
2023-07-24,MXN,COP,237.283774,234.873186,239.694362,Central Bank
2023-07-24,MXN,ARS,20.411228,20.153411,20.669046,Reuters
2023-07-24,COP,MXN,0.004241,0.004198,0.004284,Internal
2023-07-24,COP,ARS,0.086071,0.084857,0.087285,Internal
2023-07-24,ARS,MXN,0.049319,0.048613,0.050024,Internal
2023-07-24,ARS,COP,11.224346,11.111877,11.336815,Bloomberg
2023-07-25,MXN,USD,0.058556,0.058215,0.058896,Bloomberg
2023-07-25,COP,USD,0.000245,0.000242,0.000249,Reuters
2023-07-25,ARS,USD,0.00289,0.002872,0.002909,Reuters
2023-07-25,USD,MXN,17.283829,17.115752,17.451907,Bloomberg
2023-07-25,USD,COP,4041.414585,4002.248827,4080.580343,Central Bank
2023-07-25,USD,ARS,355.682005,353.836001,357.528008,Bloomberg
2023-07-25,MXN,COP,238.446712,235.945872,240.947551,Internal
2023-07-25,MXN,ARS,20.268036,20.108304,20.427769,Reuters
2023-07-25,COP,MXN,0.004186,0.004155,0.004217,Internal
2023-07-25,COP,ARS,0.08597,0.084821,0.087119,Internal
2023-07-25,ARS,MXN,0.048759,0.048508,0.049011,Bloomberg
2023-07-25,ARS,COP,11.528477,11.437256,11.619699,Central Bank
2023-07-26,MXN,USD,0.059094,0.058656,0.059531,Internal
2023-07-26,COP,USD,0.000247,0.000244,0.00025,Reuters
2023-07-26,ARS,USD,0.002808,0.002779,0.002837,Central Bank
2023-07-26,USD,MXN,16.925509,16.761308,17.089709,Internal
2023-07-26,USD,COP,4076.966308,4046.24024,4107.692375,Central Bank
2023-07-26,USD,ARS,347.999314,346.024211,349.974418,Bloomberg
2023-07-26,MXN,COP,237.486504,234.807046,240.165962,Reuters
2023-07-26,MXN,ARS,20.286337,20.113437,20.459238,Reuters
2023-07-26,COP,MXN,0.004303,0.004274,0.004332,Internal
2023-07-26,COP,ARS,0.089183,0.08831,0.090056,Bloomberg
2023-07-26,ARS,MXN,0.049177,0.0489,0.049454,Internal
2023-07-26,ARS,COP,11.216907,11.13821,11.295604,Bloomberg
2023-07-27,MXN,USD,0.059731,0.059244,0.060218,Reuters
2023-07-27,COP,USD,0.00025,0.000246,0.000254,Internal
2023-07-27,ARS,USD,0.002829,0.002793,0.002864,Bloomberg
2023-07-27,USD,MXN,16.854555,16.624973,17.084138,Central Bank
2023-07-27,USD,COP,4058.527724,4024.76383,4092.291618,Central Bank
2023-07-27,USD,ARS,354.190794,350.872198,357.509389,Internal
2023-07-27,MXN,COP,237.584073,234.270636,240.897509,Internal
2023-07-27,MXN,ARS,20.455677,20.315184,20.59617,Internal
2023-07-27,COP,MXN,0.004227,0.004173,0.004282,Reuters
2023-07-27,COP,ARS,0.088554,0.087467,0.089641,Central Bank
2023-07-27,ARS,MXN,0.048437,0.047712,0.049161,Bloomberg
2023-07-27,ARS,COP,11.44936,11.355336,11.543383,Central Bank
2023-07-28,MXN,USD,0.058419,0.057954,0.058883,Internal
2023-07-28,COP,USD,0.000251,0.000249,0.000253,Internal
2023-07-28,ARS,USD,0.00284,0.002825,0.002856,Reuters
2023-07-28,USD,MXN,17.078099,16.918429,17.237769,Central Bank
2023-07-28,USD,COP,3932.006586,3887.279518,3976.733654,Reuters
2023-07-28,USD,ARS,350.183204,345.806271,354.560137,Bloomberg
2023-07-28,MXN,COP,239.555665,238.01585,241.09548,Internal
2023-07-28,MXN,ARS,20.205129,20.090518,20.319739,Reuters
2023-07-28,COP,MXN,0.004227,0.004165,0.004288,Central Bank
2023-07-28,COP,ARS,0.087868,0.086832,0.088904,Reuters
2023-07-28,ARS,MXN,0.048323,0.047712,0.048933,Bloomberg
2023-07-28,ARS,COP,11.442039,11.339285,11.544792,Reuters
2023-07-29,MXN,USD,0.058234,0.057877,0.058592,Bloomberg
2023-07-29,COP,USD,0.00025,0.000248,0.000252,Central Bank
2023-07-29,ARS,USD,0.00283,0.002808,0.002851,Internal
2023-07-29,USD,MXN,16.805908,16.619047,16.992769,Internal
2023-07-29,USD,COP,3952.028535,3926.904366,3977.152703,Central Bank
2023-07-29,USD,ARS,349.328598,344.442612,354.214583,Internal
2023-07-29,MXN,COP,239.974234,236.82934,243.119128,Reuters
2023-07-29,MXN,ARS,20.726456,20.475761,20.977151,Reuters
2023-07-29,COP,MXN,0.004317,0.004258,0.004375,Bloomberg
2023-07-29,COP,ARS,0.088528,0.087635,0.089421,Central Bank
2023-07-29,ARS,MXN,0.049514,0.048874,0.050154,Bloomberg
2023-07-29,ARS,COP,11.561313,11.500468,11.622159,Reuters
2023-07-30,MXN,USD,0.058747,0.057876,0.059618,Bloomberg
2023-07-30,COP,USD,0.000251,0.00025,0.000253,Reuters
2023-07-30,ARS,USD,0.002846,0.002811,0.00288,Internal
2023-07-30,USD,MXN,17.017473,16.801493,17.233453,Central Bank
2023-07-30,USD,COP,3940.052285,3907.860968,3972.243603,Central Bank
2023-07-30,USD,ARS,349.299643,345.177526,353.421759,Reuters
2023-07-30,MXN,COP,231.79609,228.715396,234.876785,Bloomberg
2023-07-30,MXN,ARS,20.808761,20.677867,20.939655,Central Bank
2023-07-30,COP,MXN,0.004306,0.004262,0.00435,Reuters
2023-07-30,COP,ARS,0.086326,0.085616,0.087036,Bloomberg
2023-07-30,ARS,MXN,0.048272,0.047577,0.048968,Reuters
2023-07-30,ARS,COP,11.586713,11.499742,11.673683,Reuters
2023-07-31,MXN,USD,0.057942,0.057476,0.058407,Central Bank
2023-07-31,COP,USD,0.00025,0.000248,0.000252,Bloomberg
2023-07-31,ARS,USD,0.00282,0.002788,0.002851,Reuters
2023-07-31,USD,MXN,17.23292,17.049628,17.416213,Central Bank
2023-07-31,USD,COP,3932.995657,3876.024372,3989.966942,Reuters
2023-07-31,USD,ARS,352.11582,347.654657,356.576983,Internal
2023-07-31,MXN,COP,236.405726,235.1521,237.659353,Reuters
2023-07-31,MXN,ARS,20.7051,20.539026,20.871175,Bloomberg
2023-07-31,COP,MXN,0.004302,0.004251,0.004353,Reuters
2023-07-31,COP,ARS,0.087337,0.086299,0.088376,Bloomberg
2023-07-31,ARS,MXN,0.048454,0.047977,0.048931,Bloomberg
2023-07-31,ARS,COP,11.355517,11.282425,11.428609,Reuters
2023-08-01,MXN,USD,0.059375,0.058567,0.060183,Internal
2023-08-01,COP,USD,0.000246,0.000244,0.000248,Central Bank
2023-08-01,ARS,USD,0.002836,0.002809,0.002864,Reuters
2023-08-01,USD,MXN,16.965725,16.856996,17.074455,Central Bank
2023-08-01,USD,COP,3966.433921,3931.364702,4001.50314,Internal
2023-08-01,USD,ARS,346.475784,341.745324,351.206244,Bloomberg
2023-08-01,MXN,COP,238.244497,234.828663,241.660332,Reuters
2023-08-01,MXN,ARS,20.332805,20.198742,20.466867,Internal
2023-08-01,COP,MXN,0.00425,0.004215,0.004284,Central Bank
2023-08-01,COP,ARS,0.086065,0.085296,0.086834,Internal
2023-08-01,ARS,MXN,0.049478,0.049124,0.049832,Reuters
2023-08-01,ARS,COP,11.222244,11.134558,11.309929,Internal
2023-08-02,MXN,USD,0.058319,0.058023,0.058616,Central Bank
2023-08-02,COP,USD,0.000249,0.000246,0.000253,Reuters
2023-08-02,ARS,USD,0.002887,0.002862,0.002912,Internal
2023-08-02,USD,MXN,16.694787,16.517519,16.872055,Reuters
2023-08-02,USD,COP,4008.515668,3985.525558,4031.505778,Internal
2023-08-02,USD,ARS,353.701658,350.943773,356.459543,Central Bank
2023-08-02,MXN,COP,231.799185,230.416082,233.182288,Reuters
2023-08-02,MXN,ARS,20.831092,20.656301,21.005882,Reuters
2023-08-02,COP,MXN,0.004293,0.004263,0.004323,Internal
2023-08-02,COP,ARS,0.0875,0.087023,0.087977,Bloomberg
2023-08-02,ARS,MXN,0.048986,0.048348,0.049625,Internal
2023-08-02,ARS,COP,11.268087,11.111108,11.425066,Bloomberg
2023-08-03,MXN,USD,0.058419,0.057769,0.059069,Bloomberg
2023-08-03,COP,USD,0.000249,0.000246,0.000252,Reuters
2023-08-03,ARS,USD,0.002868,0.002839,0.002897,Internal
2023-08-03,USD,MXN,17.141943,17.004843,17.279043,Central Bank
2023-08-03,USD,COP,3978.93725,3932.23223,4025.642269,Internal
2023-08-03,USD,ARS,351.17183,346.617992,355.725668,Central Bank
2023-08-03,MXN,COP,236.206208,234.397978,238.014439,Bloomberg
2023-08-03,MXN,ARS,20.770565,20.545511,20.995619,Bloomberg
2023-08-03,COP,MXN,0.004254,0.004202,0.004306,Internal
2023-08-03,COP,ARS,0.086267,0.085249,0.087286,Central Bank
2023-08-03,ARS,MXN,0.048712,0.048128,0.049297,Bloomberg
2023-08-03,ARS,COP,11.208657,11.117453,11.299861,Bloomberg
2023-08-04,MXN,USD,0.058619,0.058206,0.059031,Internal
2023-08-04,COP,USD,0.000254,0.000251,0.000257,Central Bank
2023-08-04,ARS,USD,0.002881,0.002851,0.00291,Reuters
2023-08-04,USD,MXN,17.338724,17.169087,17.508361,Internal
2023-08-04,USD,COP,3970.200416,3943.473724,3996.927107,Reuters
2023-08-04,USD,ARS,350.647825,346.524667,354.770983,Reuters
2023-08-04,MXN,COP,236.330133,234.694104,237.966161,Bloomberg
2023-08-04,MXN,ARS,20.406241,20.243297,20.569184,Reuters
2023-08-04,COP,MXN,0.004296,0.004244,0.004348,Internal
2023-08-04,COP,ARS,0.08686,0.086122,0.087597,Reuters
2023-08-04,ARS,MXN,0.048159,0.047642,0.048676,Internal
2023-08-04,ARS,COP,11.60949,11.50564,11.713341,Reuters
2023-08-05,MXN,USD,0.059893,0.059112,0.060675,Reuters
2023-08-05,COP,USD,0.000245,0.000242,0.000249,Central Bank
2023-08-05,ARS,USD,0.00284,0.002813,0.002866,Reuters
2023-08-05,USD,MXN,17.16819,17.045612,17.290769,Reuters
2023-08-05,USD,COP,4069.283829,4020.608224,4117.959435,Bloomberg
2023-08-05,USD,ARS,344.529172,340.253941,348.804404,Bloomberg
2023-08-05,MXN,COP,232.870193,230.145999,235.594388,Bloomberg
2023-08-05,MXN,ARS,20.701837,20.587461,20.816213,Internal
2023-08-05,COP,MXN,0.004221,0.00418,0.004262,Bloomberg
2023-08-05,COP,ARS,0.085768,0.084867,0.086669,Bloomberg
2023-08-05,ARS,MXN,0.048391,0.047696,0.049085,Internal
2023-08-05,ARS,COP,11.418262,11.338396,11.498128,Reuters
2023-08-06,MXN,USD,0.058403,0.057734,0.059072,Central Bank
2023-08-06,COP,USD,0.000252,0.00025,0.000253,Central Bank
2023-08-06,ARS,USD,0.002904,0.002885,0.002924,Bloomberg
2023-08-06,USD,MXN,17.295067,17.202307,17.387828,Internal
2023-08-06,USD,COP,4046.073701,4018.305026,4073.842375,Reuters
2023-08-06,USD,ARS,355.274404,353.465108,357.0837,Central Bank
2023-08-06,MXN,COP,239.326634,237.328156,241.325112,Internal
2023-08-06,MXN,ARS,20.991023,20.772024,21.210023,Internal
2023-08-06,COP,MXN,0.004316,0.004289,0.004344,Internal
2023-08-06,COP,ARS,0.086705,0.08557,0.08784,Reuters
2023-08-06,ARS,MXN,0.047916,0.047456,0.048375,Reuters
2023-08-06,ARS,COP,11.528502,11.469236,11.587768,Reuters
2023-08-07,MXN,USD,0.059508,0.058872,0.060143,Bloomberg
2023-08-07,COP,USD,0.000247,0.000243,0.00025,Internal
2023-08-07,ARS,USD,0.002895,0.002865,0.002924,Central Bank
2023-08-07,USD,MXN,16.932567,16.831753,17.033381,Bloomberg
2023-08-07,USD,COP,3996.392656,3939.011435,4053.773876,Central Bank
2023-08-07,USD,ARS,346.650994,344.101302,349.200686,Reuters
2023-08-07,MXN,COP,239.567387,237.646186,241.488587,Central Bank
2023-08-07,MXN,ARS,20.391867,20.216589,20.567146,Bloomberg
2023-08-07,COP,MXN,0.004176,0.00415,0.004201,Reuters
2023-08-07,COP,ARS,0.086309,0.085285,0.087333,Reuters
2023-08-07,ARS,MXN,0.048941,0.048384,0.049498,Reuters
2023-08-07,ARS,COP,11.36802,11.286074,11.449966,Bloomberg
2023-08-08,MXN,USD,0.058772,0.058211,0.059333,Reuters
2023-08-08,COP,USD,0.000249,0.000247,0.000252,Internal
2023-08-08,ARS,USD,0.002887,0.002849,0.002924,Bloomberg
2023-08-08,USD,MXN,17.178065,16.975305,17.380824,Central Bank
2023-08-08,USD,COP,4004.081065,3962.91218,4045.24995,Reuters
2023-08-08,USD,ARS,344.093438,340.431703,347.755173,Central Bank
2023-08-08,MXN,COP,238.388462,235.044138,241.732785,Bloomberg
2023-08-08,MXN,ARS,20.648107,20.513925,20.782289,Reuters
2023-08-08,COP,MXN,0.00431,0.00427,0.004351,Bloomberg
2023-08-08,COP,ARS,0.088259,0.087386,0.089132,Internal
2023-08-08,ARS,MXN,0.049171,0.048702,0.04964,Internal
2023-08-08,ARS,COP,11.408822,11.345191,11.472453,Internal
2023-08-09,MXN,USD,0.05923,0.058751,0.059709,Central Bank
2023-08-09,COP,USD,0.000249,0.000246,0.000252,Bloomberg
2023-08-09,ARS,USD,0.002866,0.00285,0.002882,Reuters
2023-08-09,USD,MXN,17.136262,16.957845,17.314678,Central Bank
2023-08-09,USD,COP,4069.533248,4046.376824,4092.689671,Internal
2023-08-09,USD,ARS,343.444288,340.322837,346.56574,Bloomberg
2023-08-09,MXN,COP,237.796025,234.280607,241.311443,Internal
2023-08-09,MXN,ARS,20.48485,20.199838,20.769863,Internal
2023-08-09,COP,MXN,0.004313,0.004252,0.004374,Internal
2023-08-09,COP,ARS,0.086031,0.084771,0.08729,Bloomberg
2023-08-09,ARS,MXN,0.04887,0.048455,0.049284,Bloomberg
2023-08-09,ARS,COP,11.653873,11.549797,11.757949,Bloomberg
2023-08-10,MXN,USD,0.05936,0.058931,0.059789,Central Bank
2023-08-10,COP,USD,0.000253,0.000249,0.000256,Internal
2023-08-10,ARS,USD,0.002877,0.002847,0.002907,Internal
2023-08-10,USD,MXN,17.219885,17.091164,17.348606,Reuters
2023-08-10,USD,COP,3944.81942,3917.660109,3971.97873,Central Bank
2023-08-10,USD,ARS,343.451042,339.466331,347.435753,Central Bank
2023-08-10,MXN,COP,232.85333,231.532374,234.174286,Central Bank
2023-08-10,MXN,ARS,20.544128,20.303346,20.78491,Central Bank
2023-08-10,COP,MXN,0.004207,0.004184,0.004229,Internal
2023-08-10,COP,ARS,0.08657,0.085949,0.087191,Central Bank
2023-08-10,ARS,MXN,0.047872,0.047157,0.048587,Bloomberg
2023-08-10,ARS,COP,11.572931,11.430408,11.715454,Reuters
2023-08-11,MXN,USD,0.059006,0.058255,0.059757,Reuters
2023-08-11,COP,USD,0.000247,0.000244,0.000251,Bloomberg
2023-08-11,ARS,USD,0.002847,0.002825,0.002869,Bloomberg
2023-08-11,USD,MXN,17.085675,16.927257,17.244094,Internal
2023-08-11,USD,COP,3927.501456,3894.337051,3960.66586,Internal
2023-08-11,USD,ARS,354.001264,351.102934,356.899595,Internal
2023-08-11,MXN,COP,234.430675,232.555491,236.305859,Bloomberg
2023-08-11,MXN,ARS,20.797754,20.595284,21.000224,Bloomberg
2023-08-11,COP,MXN,0.004216,0.004165,0.004267,Internal
2023-08-11,COP,ARS,0.088952,0.088007,0.089897,Internal
2023-08-11,ARS,MXN,0.048683,0.048374,0.048991,Bloomberg
2023-08-11,ARS,COP,11.316569,11.222612,11.410527,Central Bank
2023-08-12,MXN,USD,0.059817,0.059011,0.060623,Central Bank
2023-08-12,COP,USD,0.00025,0.000247,0.000254,Central Bank
2023-08-12,ARS,USD,0.002831,0.002797,0.002864,Central Bank
2023-08-12,USD,MXN,17.254062,17.135326,17.372798,Bloomberg
2023-08-12,USD,COP,3996.703073,3941.96927,4051.436877,Reuters
2023-08-12,USD,ARS,347.244632,342.351976,352.137289,Bloomberg
2023-08-12,MXN,COP,239.408562,235.908224,242.908901,Central Bank
2023-08-12,MXN,ARS,20.791548,20.530753,21.052342,Bloomberg
2023-08-12,COP,MXN,0.004283,0.004232,0.004335,Internal
2023-08-12,COP,ARS,0.088953,0.088017,0.089889,Reuters
2023-08-12,ARS,MXN,0.04834,0.04784,0.048839,Reuters
2023-08-12,ARS,COP,11.340993,11.243501,11.438485,Internal
2023-08-13,MXN,USD,0.058744,0.057978,0.059509,Internal
2023-08-13,COP,USD,0.000253,0.000251,0.000255,Bloomberg
2023-08-13,ARS,USD,0.002842,0.002816,0.002868,Bloomberg
2023-08-13,USD,MXN,17.164052,17.075447,17.252656,Internal
2023-08-13,USD,COP,3967.230766,3939.611231,3994.850301,Bloomberg
2023-08-13,USD,ARS,348.317757,343.673418,352.962096,Internal
2023-08-13,MXN,COP,235.770753,232.367486,239.17402,Reuters
2023-08-13,MXN,ARS,20.388387,20.118935,20.657838,Internal
2023-08-13,COP,MXN,0.004243,0.004191,0.004296,Reuters
2023-08-13,COP,ARS,0.086342,0.085289,0.087396,Internal
2023-08-13,ARS,MXN,0.047958,0.047291,0.048624,Central Bank
2023-08-13,ARS,COP,11.439517,11.286334,11.5927,Central Bank
2023-08-14,MXN,USD,0.059871,0.059172,0.06057,Central Bank
2023-08-14,COP,USD,0.000249,0.000246,0.000252,Bloomberg
2023-08-14,ARS,USD,0.002808,0.002789,0.002826,Bloomberg
2023-08-14,USD,MXN,17.003898,16.85542,17.152377,Internal
2023-08-14,USD,COP,4025.485495,4004.724787,4046.246202,Internal
2023-08-14,USD,ARS,343.165914,339.633303,346.698524,Reuters
2023-08-14,MXN,COP,235.630476,233.776798,237.484154,Internal
2023-08-14,MXN,ARS,20.840373,20.546571,21.134175,Central Bank
2023-08-14,COP,MXN,0.004321,0.004277,0.004365,Bloomberg
2023-08-14,COP,ARS,0.086422,0.085535,0.087309,Reuters
2023-08-14,ARS,MXN,0.048119,0.047688,0.048551,Reuters
2023-08-14,ARS,COP,11.638536,11.526923,11.750149,Bloomberg
2023-08-15,MXN,USD,0.059977,0.059542,0.060412,Central Bank
2023-08-15,COP,USD,0.000252,0.000248,0.000255,Central Bank
2023-08-15,ARS,USD,0.002811,0.002786,0.002835,Internal
2023-08-15,USD,MXN,16.698158,16.613089,16.783227,Bloomberg
2023-08-15,USD,COP,3933.22978,3880.314867,3986.144692,Reuters
2023-08-15,USD,ARS,350.921993,346.156611,355.687374,Central Bank
2023-08-15,MXN,COP,239.0098,235.617887,242.401713,Bloomberg
2023-08-15,MXN,ARS,20.350579,20.072159,20.628998,Internal
2023-08-15,COP,MXN,0.004211,0.004151,0.004271,Reuters
2023-08-15,COP,ARS,0.088898,0.087952,0.089843,Central Bank
2023-08-15,ARS,MXN,0.047948,0.047301,0.048596,Central Bank
2023-08-15,ARS,COP,11.639529,11.513003,11.766055,Internal
2023-08-16,MXN,USD,0.059833,0.059354,0.060311,Bloomberg
2023-08-16,COP,USD,0.000251,0.000247,0.000254,Reuters
2023-08-16,ARS,USD,0.002844,0.002809,0.002879,Central Bank
2023-08-16,USD,MXN,17.000539,16.749896,17.251182,Central Bank
2023-08-16,USD,COP,3935.629726,3906.815249,3964.444203,Central Bank
2023-08-16,USD,ARS,347.768298,343.355099,352.181498,Internal
2023-08-16,MXN,COP,239.707487,237.726601,241.688374,Reuters
2023-08-16,MXN,ARS,20.821746,20.623824,21.019667,Bloomberg
2023-08-16,COP,MXN,0.004225,0.004165,0.004286,Internal
2023-08-16,COP,ARS,0.0864,0.085462,0.087338,Internal
2023-08-16,ARS,MXN,0.047766,0.047232,0.048301,Bloomberg
2023-08-16,ARS,COP,11.525992,11.458907,11.593078,Bloomberg
2023-08-17,MXN,USD,0.058541,0.05779,0.059293,Bloomberg
2023-08-17,COP,USD,0.000252,0.00025,0.000254,Central Bank
2023-08-17,ARS,USD,0.00281,0.00277,0.002851,Internal
2023-08-17,USD,MXN,16.904744,16.774617,17.034871,Bloomberg
2023-08-17,USD,COP,3933.967557,3897.343125,3970.591989,Internal
2023-08-17,USD,ARS,344.446101,342.415182,346.47702,Central Bank
2023-08-17,MXN,COP,236.206349,233.172423,239.240275,Internal
2023-08-17,MXN,ARS,20.186633,20.002166,20.371101,Central Bank
2023-08-17,COP,MXN,0.004288,0.004243,0.004334,Bloomberg
2023-08-17,COP,ARS,0.087752,0.087164,0.088339,Internal
2023-08-17,ARS,MXN,0.047929,0.047561,0.048298,Reuters
2023-08-17,ARS,COP,11.425428,11.361072,11.489784,Internal
2023-08-18,MXN,USD,0.058296,0.05783,0.058763,Central Bank
2023-08-18,COP,USD,0.000249,0.000245,0.000252,Internal
2023-08-18,ARS,USD,0.002868,0.002848,0.002888,Central Bank
2023-08-18,USD,MXN,16.752133,16.667239,16.837027,Internal
2023-08-18,USD,COP,3973.154754,3928.647785,4017.661724,Reuters
2023-08-18,USD,ARS,349.163121,345.913752,352.41249,Bloomberg
2023-08-18,MXN,COP,233.415862,230.840791,235.990932,Bloomberg
2023-08-18,MXN,ARS,20.570949,20.431553,20.710346,Internal
2023-08-18,COP,MXN,0.00433,0.004295,0.004364,Internal
2023-08-18,COP,ARS,0.089137,0.087994,0.09028,Reuters
2023-08-18,ARS,MXN,0.048331,0.047694,0.048967,Internal
2023-08-18,ARS,COP,11.366864,11.204083,11.529645,Bloomberg
2023-08-19,MXN,USD,0.059041,0.058423,0.059658,Central Bank
2023-08-19,COP,USD,0.000255,0.000252,0.000257,Bloomberg
2023-08-19,ARS,USD,0.00285,0.002828,0.002873,Central Bank
2023-08-19,USD,MXN,17.216897,16.993825,17.439968,Internal
2023-08-19,USD,COP,4027.676424,4001.932358,4053.420491,Reuters
2023-08-19,USD,ARS,346.388296,342.374823,350.401769,Internal
2023-08-19,MXN,COP,238.01484,236.648718,239.380962,Internal
2023-08-19,MXN,ARS,20.655966,20.442307,20.869624,Internal
2023-08-19,COP,MXN,0.004257,0.004202,0.004312,Reuters
2023-08-19,COP,ARS,0.088206,0.087048,0.089363,Central Bank
2023-08-19,ARS,MXN,0.047812,0.047455,0.04817,Reuters
2023-08-19,ARS,COP,11.27604,11.150574,11.401506,Internal
2023-08-20,MXN,USD,0.059922,0.059424,0.06042,Internal
2023-08-20,COP,USD,0.000246,0.000245,0.000248,Bloomberg
2023-08-20,ARS,USD,0.002858,0.002829,0.002887,Bloomberg
2023-08-20,USD,MXN,16.963129,16.811965,17.114294,Bloomberg
2023-08-20,USD,COP,3975.194782,3954.342395,3996.047169,Central Bank
2023-08-20,USD,ARS,347.136051,342.204818,352.067284,Central Bank
2023-08-20,MXN,COP,231.680653,228.342885,235.018421,Bloomberg
2023-08-20,MXN,ARS,20.463329,20.29081,20.635849,Bloomberg
2023-08-20,COP,MXN,0.004254,0.004218,0.00429,Central Bank
2023-08-20,COP,ARS,0.087284,0.086239,0.088328,Reuters
2023-08-20,ARS,MXN,0.047731,0.047471,0.04799,Central Bank
2023-08-20,ARS,COP,11.210325,11.115813,11.304836,Central Bank
2023-08-21,MXN,USD,0.05924,0.058847,0.059634,Bloomberg
2023-08-21,COP,USD,0.00025,0.000248,0.000253,Reuters
2023-08-21,ARS,USD,0.002864,0.002822,0.002906,Bloomberg
2023-08-21,USD,MXN,17.202474,17.008127,17.396821,Bloomberg
2023-08-21,USD,COP,4022.47662,3984.98173,4059.971511,Central Bank
2023-08-21,USD,ARS,353.323437,348.43663,358.210244,Internal
2023-08-21,MXN,COP,236.161912,234.062821,238.261004,Bloomberg
2023-08-21,MXN,ARS,20.34594,20.091143,20.600738,Central Bank
2023-08-21,COP,MXN,0.004263,0.004208,0.004319,Bloomberg
2023-08-21,COP,ARS,0.08703,0.086424,0.087637,Central Bank
2023-08-21,ARS,MXN,0.04811,0.047454,0.048765,Reuters
2023-08-21,ARS,COP,11.472901,11.345402,11.6004,Central Bank
2023-08-22,MXN,USD,0.058466,0.057679,0.059252,Bloomberg
2023-08-22,COP,USD,0.000253,0.00025,0.000256,Reuters
2023-08-22,ARS,USD,0.002905,0.002873,0.002937,Bloomberg
2023-08-22,USD,MXN,16.872966,16.748347,16.997585,Central Bank
2023-08-22,USD,COP,3949.287123,3902.154887,3996.419359,Internal
2023-08-22,USD,ARS,348.855347,346.630113,351.080582,Internal
2023-08-22,MXN,COP,234.569777,232.255347,236.884207,Bloomberg
2023-08-22,MXN,ARS,20.633457,20.42926,20.837655,Bloomberg
2023-08-22,COP,MXN,0.004197,0.00414,0.004253,Central Bank
2023-08-22,COP,ARS,0.088779,0.08749,0.090068,Internal
2023-08-22,ARS,MXN,0.047865,0.047236,0.048495,Internal
2023-08-22,ARS,COP,11.387033,11.274105,11.499961,Internal
2023-08-23,MXN,USD,0.058797,0.058454,0.05914,Central Bank
2023-08-23,COP,USD,0.000253,0.000251,0.000255,Central Bank
2023-08-23,ARS,USD,0.002831,0.002802,0.002861,Bloomberg
2023-08-23,USD,MXN,17.190903,17.007708,17.374098,Internal
2023-08-23,USD,COP,4007.95619,3983.378961,4032.533418,Central Bank
2023-08-23,USD,ARS,346.750445,343.133469,350.36742,Reuters
2023-08-23,MXN,COP,235.68982,232.727703,238.651937,Internal
2023-08-23,MXN,ARS,20.626409,20.319121,20.933696,Central Bank
2023-08-23,COP,MXN,0.00429,0.004241,0.00434,Bloomberg
2023-08-23,COP,ARS,0.086792,0.085491,0.088093,Internal
2023-08-23,ARS,MXN,0.048111,0.047455,0.048766,Central Bank
2023-08-23,ARS,COP,11.400718,11.230396,11.57104,Bloomberg
2023-08-24,MXN,USD,0.058141,0.057421,0.05886,Reuters
2023-08-24,COP,USD,0.000254,0.000251,0.000256,Internal
2023-08-24,ARS,USD,0.002819,0.002801,0.002837,Bloomberg
2023-08-24,USD,MXN,17.2132,16.988492,17.437908,Reuters
2023-08-24,USD,COP,4005.164928,3961.233968,4049.095887,Bloomberg
2023-08-24,USD,ARS,347.531151,343.346689,351.715613,Reuters
2023-08-24,MXN,COP,235.978688,232.55134,239.406036,Central Bank
2023-08-24,MXN,ARS,20.288132,20.034511,20.541753,Internal
2023-08-24,COP,MXN,0.004321,0.004257,0.004386,Bloomberg
2023-08-24,COP,ARS,0.088205,0.087647,0.088763,Bloomberg
2023-08-24,ARS,MXN,0.048982,0.048331,0.049633,Internal
2023-08-24,ARS,COP,11.423753,11.30067,11.546835,Reuters
2023-08-25,MXN,USD,0.059124,0.058607,0.059642,Central Bank
2023-08-25,COP,USD,0.000251,0.000248,0.000255,Central Bank
2023-08-25,ARS,USD,0.002846,0.00281,0.002882,Reuters
2023-08-25,USD,MXN,16.969193,16.80153,17.136856,Central Bank
2023-08-25,USD,COP,4059.025242,4004.34338,4113.707104,Central Bank
2023-08-25,USD,ARS,353.233047,349.847488,356.618607,Reuters
2023-08-25,MXN,COP,238.589235,235.497887,241.680583,Internal
2023-08-25,MXN,ARS,20.35586,20.166623,20.545097,Bloomberg
2023-08-25,COP,MXN,0.004249,0.004214,0.004284,Reuters
2023-08-25,COP,ARS,0.086932,0.085995,0.087869,Internal
2023-08-25,ARS,MXN,0.049132,0.048447,0.049817,Central Bank
2023-08-25,ARS,COP,11.221002,11.094634,11.347371,Internal
2023-08-26,MXN,USD,0.057685,0.056861,0.05851,Bloomberg
2023-08-26,COP,USD,0.000249,0.000248,0.000251,Internal
2023-08-26,ARS,USD,0.002823,0.00279,0.002857,Bloomberg
2023-08-26,USD,MXN,17.25986,17.12146,17.398261,Reuters
2023-08-26,USD,COP,3934.934398,3901.07683,3968.791965,Central Bank
2023-08-26,USD,ARS,348.205813,343.317699,353.093927,Bloomberg
2023-08-26,MXN,COP,231.075645,228.474648,233.676642,Bloomberg
2023-08-26,MXN,ARS,20.529955,20.408582,20.651328,Central Bank
2023-08-26,COP,MXN,0.004165,0.004124,0.004206,Bloomberg
2023-08-26,COP,ARS,0.087828,0.086933,0.088723,Internal
2023-08-26,ARS,MXN,0.047618,0.047049,0.048187,Central Bank
2023-08-26,ARS,COP,11.651728,11.544262,11.759193,Bloomberg
2023-08-27,MXN,USD,0.058771,0.058343,0.059199,Central Bank
2023-08-27,COP,USD,0.000252,0.000251,0.000254,Reuters
2023-08-27,ARS,USD,0.002842,0.002819,0.002865,Internal
2023-08-27,USD,MXN,17.185953,16.970586,17.40132,Bloomberg
2023-08-27,USD,COP,4022.652184,3975.300053,4070.004314,Central Bank
2023-08-27,USD,ARS,350.427116,348.645282,352.208949,Bloomberg
2023-08-27,MXN,COP,234.730347,231.860929,237.599766,Bloomberg
2023-08-27,MXN,ARS,20.93403,20.700391,21.16767,Internal
2023-08-27,COP,MXN,0.004311,0.004286,0.004336,Central Bank
2023-08-27,COP,ARS,0.08624,0.085703,0.086777,Internal
2023-08-27,ARS,MXN,0.048283,0.047834,0.048732,Bloomberg
2023-08-27,ARS,COP,11.313274,11.18378,11.442768,Bloomberg
2023-08-28,MXN,USD,0.058949,0.058301,0.059598,Reuters
2023-08-28,COP,USD,0.000253,0.00025,0.000256,Reuters
2023-08-28,ARS,USD,0.002823,0.002792,0.002855,Bloomberg
2023-08-28,USD,MXN,17.168534,17.031951,17.305117,Central Bank
2023-08-28,USD,COP,4045.408256,3993.069653,4097.746859,Bloomberg
2023-08-28,USD,ARS,349.928428,347.784264,352.072592,Internal
2023-08-28,MXN,COP,236.593716,235.242738,237.944695,Central Bank
2023-08-28,MXN,ARS,20.989197,20.688228,21.290167,Bloomberg
2023-08-28,COP,MXN,0.004231,0.004174,0.004287,Internal
2023-08-28,COP,ARS,0.087029,0.085999,0.088058,Internal
2023-08-28,ARS,MXN,0.049454,0.048826,0.050083,Central Bank
2023-08-28,ARS,COP,11.468509,11.409585,11.527433,Bloomberg
2023-08-29,MXN,USD,0.057741,0.057417,0.058064,Internal
2023-08-29,COP,USD,0.00025,0.000247,0.000253,Internal
2023-08-29,ARS,USD,0.002848,0.002823,0.002874,Bloomberg
2023-08-29,USD,MXN,16.848678,16.712219,16.985137,Bloomberg
2023-08-29,USD,COP,4075.890141,4049.17769,4102.602593,Reuters
2023-08-29,USD,ARS,348.470241,344.517563,352.422919,Central Bank
2023-08-29,MXN,COP,233.507478,231.318378,235.696578,Bloomberg
2023-08-29,MXN,ARS,20.224158,20.105601,20.342714,Internal
2023-08-29,COP,MXN,0.004185,0.004138,0.004231,Central Bank
2023-08-29,COP,ARS,0.086833,0.085754,0.087911,Bloomberg
2023-08-29,ARS,MXN,0.047832,0.047254,0.04841,Central Bank
2023-08-29,ARS,COP,11.274895,11.111069,11.438721,Reuters
2023-08-30,MXN,USD,0.05804,0.057676,0.058404,Reuters
2023-08-30,COP,USD,0.000252,0.000251,0.000254,Central Bank
2023-08-30,ARS,USD,0.002838,0.002812,0.002865,Central Bank
2023-08-30,USD,MXN,16.838806,16.590425,17.087187,Central Bank
2023-08-30,USD,COP,3999.383611,3958.958566,4039.808656,Central Bank
2023-08-30,USD,ARS,349.99454,346.260497,353.728583,Reuters
2023-08-30,MXN,COP,232.0688,229.113801,235.023799,Central Bank
2023-08-30,MXN,ARS,20.364568,20.159126,20.570011,Central Bank
2023-08-30,COP,MXN,0.004311,0.004289,0.004333,Central Bank
2023-08-30,COP,ARS,0.087401,0.086629,0.088173,Bloomberg
2023-08-30,ARS,MXN,0.047948,0.047247,0.048648,Central Bank
2023-08-30,ARS,COP,11.452738,11.290802,11.614674,Internal
2023-08-31,MXN,USD,0.058175,0.05774,0.058611,Reuters
2023-08-31,COP,USD,0.000248,0.000246,0.000249,Reuters
2023-08-31,ARS,USD,0.002814,0.002781,0.002847,Central Bank
2023-08-31,USD,MXN,16.781954,16.563061,17.000848,Central Bank
2023-08-31,USD,COP,4072.652705,4049.482307,4095.823103,Internal
2023-08-31,USD,ARS,355.124451,350.601844,359.647059,Reuters
2023-08-31,MXN,COP,233.668715,231.207969,236.12946,Central Bank
2023-08-31,MXN,ARS,20.480287,20.318166,20.642407,Reuters
2023-08-31,COP,MXN,0.004291,0.004259,0.004323,Reuters
2023-08-31,COP,ARS,0.087821,0.086949,0.088693,Bloomberg
2023-08-31,ARS,MXN,0.049023,0.04851,0.049536,Bloomberg
2023-08-31,ARS,COP,11.26883,11.107416,11.430245,Central Bank
2023-09-01,MXN,USD,0.058195,0.057703,0.058688,Central Bank
2023-09-01,COP,USD,0.000255,0.000253,0.000256,Internal
2023-09-01,ARS,USD,0.002897,0.002861,0.002933,Central Bank
2023-09-01,USD,MXN,16.799532,16.550376,17.048689,Internal
2023-09-01,USD,COP,3998.72462,3976.335958,4021.113283,Bloomberg
2023-09-01,USD,ARS,352.963135,350.869969,355.0563,Bloomberg
2023-09-01,MXN,COP,239.033294,236.59573,241.470858,Reuters
2023-09-01,MXN,ARS,20.554024,20.297531,20.810518,Central Bank
2023-09-01,COP,MXN,0.004251,0.004203,0.004299,Internal
2023-09-01,COP,ARS,0.086012,0.085093,0.08693,Internal
2023-09-01,ARS,MXN,0.048887,0.048579,0.049195,Reuters
2023-09-01,ARS,COP,11.31931,11.227057,11.411564,Internal
2023-09-02,MXN,USD,0.059296,0.058563,0.060028,Reuters
2023-09-02,COP,USD,0.00025,0.000248,0.000251,Bloomberg
2023-09-02,ARS,USD,0.002816,0.00278,0.002851,Central Bank
2023-09-02,USD,MXN,16.765679,16.654292,16.877066,Internal
2023-09-02,USD,COP,3970.245326,3945.600555,3994.890097,Reuters
2023-09-02,USD,ARS,356.504886,353.982128,359.027644,Reuters
2023-09-02,MXN,COP,234.949144,231.771499,238.12679,Central Bank
2023-09-02,MXN,ARS,20.306271,20.065428,20.547115,Central Bank
2023-09-02,COP,MXN,0.004202,0.004145,0.004259,Bloomberg
2023-09-02,COP,ARS,0.086069,0.085425,0.086713,Reuters
2023-09-02,ARS,MXN,0.04837,0.048104,0.048635,Reuters
2023-09-02,ARS,COP,11.318933,11.150205,11.487662,Central Bank
2023-09-03,MXN,USD,0.059887,0.059076,0.060699,Bloomberg
2023-09-03,COP,USD,0.000246,0.000244,0.000247,Bloomberg
2023-09-03,ARS,USD,0.002814,0.002798,0.00283,Bloomberg
2023-09-03,USD,MXN,16.748886,16.527186,16.970587,Reuters
2023-09-03,USD,COP,4029.805642,3971.874168,4087.737116,Central Bank
2023-09-03,USD,ARS,351.152533,348.487915,353.817151,Central Bank
2023-09-03,MXN,COP,230.793413,229.490649,232.096178,Internal
2023-09-03,MXN,ARS,20.842952,20.719566,20.966338,Reuters
2023-09-03,COP,MXN,0.004186,0.004125,0.004246,Central Bank
2023-09-03,COP,ARS,0.086338,0.085411,0.087265,Internal
2023-09-03,ARS,MXN,0.048564,0.048135,0.048993,Internal
2023-09-03,ARS,COP,11.278998,11.198385,11.35961,Bloomberg
2023-09-04,MXN,USD,0.058294,0.057743,0.058846,Bloomberg
2023-09-04,COP,USD,0.000245,0.000243,0.000248,Bloomberg
2023-09-04,ARS,USD,0.002874,0.002845,0.002903,Internal
2023-09-04,USD,MXN,16.701466,16.571232,16.8317,Bloomberg
2023-09-04,USD,COP,3987.077571,3941.519129,4032.636014,Bloomberg
2023-09-04,USD,ARS,351.830561,347.249136,356.411987,Central Bank
2023-09-04,MXN,COP,239.900269,236.82495,242.975589,Reuters
2023-09-04,MXN,ARS,20.571505,20.307894,20.835115,Reuters
2023-09-04,COP,MXN,0.00432,0.004277,0.004363,Internal
2023-09-04,COP,ARS,0.086697,0.08624,0.087153,Bloomberg
2023-09-04,ARS,MXN,0.047657,0.047032,0.048282,Reuters
2023-09-04,ARS,COP,11.226785,11.059334,11.394236,Reuters
2023-09-05,MXN,USD,0.059451,0.05856,0.060343,Bloomberg
2023-09-05,COP,USD,0.000246,0.000243,0.000249,Reuters
2023-09-05,ARS,USD,0.002861,0.002824,0.002898,Central Bank
2023-09-05,USD,MXN,17.179554,16.930828,17.42828,Internal
2023-09-05,USD,COP,3976.768742,3923.51097,4030.026513,Bloomberg
2023-09-05,USD,ARS,345.465405,341.691128,349.239682,Reuters
2023-09-05,MXN,COP,239.1904,237.926981,240.453819,Reuters
2023-09-05,MXN,ARS,20.956813,20.733915,21.179711,Bloomberg
2023-09-05,COP,MXN,0.004307,0.004251,0.004364,Internal
2023-09-05,COP,ARS,0.087647,0.087055,0.08824,Central Bank
2023-09-05,ARS,MXN,0.047775,0.047425,0.048125,Bloomberg
2023-09-05,ARS,COP,11.20911,11.099486,11.318734,Reuters
2023-09-06,MXN,USD,0.059807,0.059387,0.060226,Bloomberg
2023-09-06,COP,USD,0.000248,0.000247,0.00025,Reuters
2023-09-06,ARS,USD,0.002807,0.002789,0.002825,Bloomberg
2023-09-06,USD,MXN,17.186569,16.955155,17.417983,Reuters
2023-09-06,USD,COP,4073.6894,4038.102025,4109.276775,Internal
2023-09-06,USD,ARS,351.204233,348.266195,354.142271,Reuters
2023-09-06,MXN,COP,231.872486,230.347916,233.397057,Internal
2023-09-06,MXN,ARS,20.828576,20.524341,21.132811,Reuters
2023-09-06,COP,MXN,0.004195,0.004133,0.004256,Reuters
2023-09-06,COP,ARS,0.086531,0.085589,0.087474,Bloomberg
2023-09-06,ARS,MXN,0.048335,0.047739,0.048932,Reuters
2023-09-06,ARS,COP,11.258216,11.119872,11.396561,Internal
2023-09-07,MXN,USD,0.059649,0.058891,0.060407,Central Bank
2023-09-07,COP,USD,0.000247,0.000245,0.000249,Bloomberg
2023-09-07,ARS,USD,0.002873,0.002856,0.00289,Internal
2023-09-07,USD,MXN,16.755637,16.546972,16.964303,Bloomberg
2023-09-07,USD,COP,3975.48962,3942.90974,4008.0695,Central Bank
2023-09-07,USD,ARS,354.503265,350.35549,358.651041,Reuters
2023-09-07,MXN,COP,234.791811,232.995155,236.588467,Bloomberg
2023-09-07,MXN,ARS,20.747321,20.570869,20.923774,Central Bank
2023-09-07,COP,MXN,0.004287,0.004264,0.004311,Internal
2023-09-07,COP,ARS,0.088314,0.087017,0.089611,Internal
2023-09-07,ARS,MXN,0.048558,0.048131,0.048985,Internal
2023-09-07,ARS,COP,11.246367,11.13621,11.356524,Bloomberg
2023-09-08,MXN,USD,0.05803,0.057697,0.058363,Central Bank
2023-09-08,COP,USD,0.000248,0.000246,0.00025,Central Bank
2023-09-08,ARS,USD,0.002808,0.00279,0.002827,Internal
2023-09-08,USD,MXN,16.769415,16.672991,16.86584,Central Bank
2023-09-08,USD,COP,3974.072093,3915.04615,4033.098036,Internal
2023-09-08,USD,ARS,352.863065,349.576769,356.149361,Bloomberg
2023-09-08,MXN,COP,236.304166,234.096611,238.51172,Central Bank
2023-09-08,MXN,ARS,20.259859,20.116916,20.402803,Bloomberg
2023-09-08,COP,MXN,0.004235,0.00419,0.004279,Reuters
2023-09-08,COP,ARS,0.088062,0.08736,0.088764,Central Bank
2023-09-08,ARS,MXN,0.047696,0.047185,0.048208,Internal
2023-09-08,ARS,COP,11.270213,11.173195,11.36723,Internal
2023-09-09,MXN,USD,0.057853,0.057087,0.058619,Internal
2023-09-09,COP,USD,0.000247,0.000246,0.000248,Bloomberg
2023-09-09,ARS,USD,0.002873,0.002831,0.002915,Internal
2023-09-09,USD,MXN,17.233763,17.094453,17.373073,Internal
2023-09-09,USD,COP,3995.351112,3939.620859,4051.081366,Reuters
2023-09-09,USD,ARS,344.275916,340.681242,347.870591,Bloomberg
2023-09-09,MXN,COP,234.080193,232.016905,236.143482,Bloomberg
2023-09-09,MXN,ARS,20.54358,20.386771,20.700388,Internal
2023-09-09,COP,MXN,0.00421,0.004153,0.004266,Central Bank
2023-09-09,COP,ARS,0.086279,0.085247,0.087311,Central Bank
2023-09-09,ARS,MXN,0.047767,0.047363,0.04817,Internal
2023-09-09,ARS,COP,11.643751,11.516866,11.770636,Central Bank
2023-09-10,MXN,USD,0.059625,0.058839,0.060412,Internal
2023-09-10,COP,USD,0.000255,0.000252,0.000258,Internal
2023-09-10,ARS,USD,0.002865,0.002844,0.002887,Reuters
2023-09-10,USD,MXN,16.713689,16.479234,16.948145,Central Bank
2023-09-10,USD,COP,4000.336235,3944.313324,4056.359147,Bloomberg
2023-09-10,USD,ARS,344.683946,340.350618,349.017274,Bloomberg
2023-09-10,MXN,COP,239.520579,237.922582,241.118576,Bloomberg
2023-09-10,MXN,ARS,20.842262,20.71175,20.972773,Internal
2023-09-10,COP,MXN,0.004178,0.004129,0.004228,Bloomberg
2023-09-10,COP,ARS,0.08924,0.088235,0.090246,Reuters
2023-09-10,ARS,MXN,0.048221,0.04763,0.048813,Central Bank
2023-09-10,ARS,COP,11.239784,11.121051,11.358517,Reuters
2023-09-11,MXN,USD,0.059663,0.059054,0.060271,Central Bank
2023-09-11,COP,USD,0.000253,0.00025,0.000256,Internal
2023-09-11,ARS,USD,0.002813,0.002795,0.002831,Central Bank
2023-09-11,USD,MXN,17.288951,17.105224,17.472678,Central Bank
2023-09-11,USD,COP,4045.719301,3990.39509,4101.043512,Reuters
2023-09-11,USD,ARS,355.29051,352.575605,358.005415,Internal
2023-09-11,MXN,COP,235.971983,233.675866,238.268101,Bloomberg
2023-09-11,MXN,ARS,20.403282,20.271915,20.534649,Internal
2023-09-11,COP,MXN,0.004172,0.004114,0.00423,Reuters
2023-09-11,COP,ARS,0.088167,0.087683,0.088651,Internal
2023-09-11,ARS,MXN,0.049389,0.048699,0.050079,Central Bank
2023-09-11,ARS,COP,11.354453,11.207566,11.50134,Reuters
2023-09-12,MXN,USD,0.058307,0.057729,0.058885,Central Bank
2023-09-12,COP,USD,0.000255,0.000253,0.000257,Reuters
2023-09-12,ARS,USD,0.002911,0.002884,0.002939,Reuters
2023-09-12,USD,MXN,16.843206,16.688792,16.99762,Central Bank
2023-09-12,USD,COP,3950.069711,3921.96929,3978.170131,Internal
2023-09-12,USD,ARS,353.373227,348.922515,357.823939,Reuters
2023-09-12,MXN,COP,238.315458,235.895913,240.735002,Bloomberg
2023-09-12,MXN,ARS,20.230508,19.985806,20.47521,Internal
2023-09-12,COP,MXN,0.004188,0.004131,0.004245,Central Bank
2023-09-12,COP,ARS,0.086358,0.085171,0.087546,Bloomberg
2023-09-12,ARS,MXN,0.049226,0.048857,0.049595,Internal
2023-09-12,ARS,COP,11.223113,11.126552,11.319674,Bloomberg
2023-09-13,MXN,USD,0.058292,0.05752,0.059063,Internal
2023-09-13,COP,USD,0.000251,0.00025,0.000253,Central Bank
2023-09-13,ARS,USD,0.002828,0.0028,0.002856,Internal
2023-09-13,USD,MXN,16.780757,16.55078,17.010734,Reuters
2023-09-13,USD,COP,3975.079841,3921.907035,4028.252646,Reuters
2023-09-13,USD,ARS,353.485456,349.283042,357.68787,Reuters
2023-09-13,MXN,COP,230.846593,229.577742,232.115444,Bloomberg
2023-09-13,MXN,ARS,20.882327,20.642727,21.121926,Bloomberg
2023-09-13,COP,MXN,0.004211,0.004172,0.004249,Central Bank
2023-09-13,COP,ARS,0.088776,0.087474,0.090079,Central Bank
2023-09-13,ARS,MXN,0.048521,0.048214,0.048828,Bloomberg
2023-09-13,ARS,COP,11.474808,11.416463,11.533153,Reuters
2023-09-14,MXN,USD,0.059078,0.058226,0.059931,Reuters
2023-09-14,COP,USD,0.000249,0.000247,0.000251,Reuters
2023-09-14,ARS,USD,0.002852,0.002832,0.002873,Reuters
2023-09-14,USD,MXN,17.120493,16.893765,17.347222,Internal
2023-09-14,USD,COP,4013.517945,3993.155459,4033.880431,Reuters
2023-09-14,USD,ARS,350.8604,347.022785,354.698014,Reuters
2023-09-14,MXN,COP,233.39742,231.97812,234.816721,Central Bank
2023-09-14,MXN,ARS,20.45341,20.294593,20.612227,Reuters
2023-09-14,COP,MXN,0.004311,0.004279,0.004344,Reuters
2023-09-14,COP,ARS,0.086409,0.08553,0.087288,Bloomberg
2023-09-14,ARS,MXN,0.049348,0.048704,0.049992,Internal
2023-09-14,ARS,COP,11.501957,11.366147,11.637767,Central Bank
2023-09-15,MXN,USD,0.059189,0.058303,0.060076,Reuters
2023-09-15,COP,USD,0.000254,0.000252,0.000256,Central Bank
2023-09-15,ARS,USD,0.002867,0.002824,0.002909,Bloomberg
2023-09-15,USD,MXN,16.893354,16.688375,17.098332,Internal
2023-09-15,USD,COP,4065.044241,4017.407269,4112.681213,Reuters
2023-09-15,USD,ARS,354.835869,350.078802,359.592936,Bloomberg
2023-09-15,MXN,COP,233.353262,231.087913,235.618611,Reuters
2023-09-15,MXN,ARS,20.773683,20.553683,20.993683,Bloomberg
2023-09-15,COP,MXN,0.004326,0.004265,0.004387,Central Bank
2023-09-15,COP,ARS,0.086528,0.085902,0.087154,Reuters
2023-09-15,ARS,MXN,0.048417,0.047745,0.049088,Reuters
2023-09-15,ARS,COP,11.319113,11.229233,11.408992,Central Bank
2023-09-16,MXN,USD,0.058754,0.057951,0.059557,Central Bank
2023-09-16,COP,USD,0.00025,0.000248,0.000251,Central Bank
2023-09-16,ARS,USD,0.002899,0.002874,0.002925,Reuters
2023-09-16,USD,MXN,16.940913,16.708679,17.173147,Bloomberg
2023-09-16,USD,COP,3941.978441,3914.372901,3969.583982,Internal
2023-09-16,USD,ARS,356.820682,351.850723,361.790642,Internal
2023-09-16,MXN,COP,231.936227,228.776342,235.096112,Bloomberg
2023-09-16,MXN,ARS,20.817952,20.612357,21.023546,Bloomberg
2023-09-16,COP,MXN,0.004218,0.004195,0.004242,Internal
2023-09-16,COP,ARS,0.086707,0.085614,0.087801,Bloomberg
2023-09-16,ARS,MXN,0.04872,0.048399,0.04904,Central Bank
2023-09-16,ARS,COP,11.259157,11.154029,11.364285,Internal
2023-09-17,MXN,USD,0.058596,0.057738,0.059455,Internal
2023-09-17,COP,USD,0.000245,0.000243,0.000248,Reuters
2023-09-17,ARS,USD,0.002909,0.002868,0.002949,Bloomberg
2023-09-17,USD,MXN,16.672183,16.588135,16.756231,Bloomberg
2023-09-17,USD,COP,3956.202514,3901.726193,4010.678834,Reuters
2023-09-17,USD,ARS,344.805031,341.758505,347.851558,Reuters
2023-09-17,MXN,COP,232.16019,229.086752,235.233628,Reuters
2023-09-17,MXN,ARS,20.957558,20.757219,21.157897,Reuters
2023-09-17,COP,MXN,0.004239,0.004188,0.004289,Bloomberg
2023-09-17,COP,ARS,0.08695,0.085731,0.088168,Reuters
2023-09-17,ARS,MXN,0.049057,0.048731,0.049384,Internal
2023-09-17,ARS,COP,11.208743,11.127555,11.28993,Bloomberg
2023-09-18,MXN,USD,0.058144,0.057841,0.058447,Bloomberg
2023-09-18,COP,USD,0.000246,0.000243,0.000249,Central Bank
2023-09-18,ARS,USD,0.002843,0.00281,0.002875,Central Bank
2023-09-18,USD,MXN,17.063868,16.970365,17.157372,Central Bank
2023-09-18,USD,COP,4024.570819,4003.653443,4045.488194,Central Bank
2023-09-18,USD,ARS,348.834858,345.764226,351.90549,Reuters
2023-09-18,MXN,COP,235.053142,233.517946,236.588338,Central Bank
2023-09-18,MXN,ARS,20.424449,20.187185,20.661712,Reuters
2023-09-18,COP,MXN,0.004271,0.00422,0.004322,Internal
2023-09-18,COP,ARS,0.088657,0.088121,0.089194,Central Bank
2023-09-18,ARS,MXN,0.048149,0.047531,0.048768,Internal
2023-09-18,ARS,COP,11.29081,11.211803,11.369817,Reuters
2023-09-19,MXN,USD,0.059604,0.058725,0.060482,Reuters
2023-09-19,COP,USD,0.000252,0.00025,0.000254,Central Bank
2023-09-19,ARS,USD,0.002863,0.002822,0.002903,Internal
2023-09-19,USD,MXN,16.88481,16.799924,16.969697,Central Bank
2023-09-19,USD,COP,4065.100807,4010.822274,4119.379341,Internal
2023-09-19,USD,ARS,345.088023,343.051718,347.124328,Central Bank
2023-09-19,MXN,COP,237.398246,235.970793,238.825699,Reuters
2023-09-19,MXN,ARS,20.707101,20.508985,20.905216,Reuters
2023-09-19,COP,MXN,0.00421,0.004187,0.004233,Bloomberg
2023-09-19,COP,ARS,0.088809,0.087609,0.09001,Reuters
2023-09-19,ARS,MXN,0.049157,0.048758,0.049557,Central Bank
2023-09-19,ARS,COP,11.243428,11.101963,11.384893,Central Bank
2023-09-20,MXN,USD,0.05767,0.057302,0.058038,Bloomberg
2023-09-20,COP,USD,0.000248,0.000245,0.000252,Reuters
2023-09-20,ARS,USD,0.0029,0.002883,0.002918,Reuters
2023-09-20,USD,MXN,16.784351,16.633162,16.935541,Internal
2023-09-20,USD,COP,3963.493295,3928.38802,3998.598569,Internal
2023-09-20,USD,ARS,354.198587,350.129389,358.267785,Bloomberg
2023-09-20,MXN,COP,231.652297,228.881342,234.423252,Central Bank
2023-09-20,MXN,ARS,20.984822,20.702712,21.266931,Central Bank
2023-09-20,COP,MXN,0.004236,0.00419,0.004282,Internal
2023-09-20,COP,ARS,0.086384,0.085624,0.087144,Reuters
2023-09-20,ARS,MXN,0.048788,0.048123,0.049453,Bloomberg
2023-09-20,ARS,COP,11.420836,11.307985,11.533688,Internal
2023-09-21,MXN,USD,0.058684,0.058353,0.059015,Reuters
2023-09-21,COP,USD,0.000245,0.000242,0.000248,Bloomberg
2023-09-21,ARS,USD,0.002912,0.002878,0.002946,Reuters
2023-09-21,USD,MXN,17.012988,16.810832,17.215143,Central Bank
2023-09-21,USD,COP,3989.255665,3940.321382,4038.189948,Internal
2023-09-21,USD,ARS,347.840493,343.748861,351.932125,Internal
2023-09-21,MXN,COP,231.987336,228.910168,235.064504,Central Bank
2023-09-21,MXN,ARS,20.18606,19.896517,20.475604,Internal
2023-09-21,COP,MXN,0.00431,0.004251,0.004369,Central Bank
2023-09-21,COP,ARS,0.08838,0.087655,0.089105,Reuters
2023-09-21,ARS,MXN,0.049485,0.049213,0.049757,Bloomberg
2023-09-21,ARS,COP,11.451655,11.351037,11.552274,Bloomberg
2023-09-22,MXN,USD,0.057833,0.057286,0.058379,Internal
2023-09-22,COP,USD,0.000246,0.000243,0.000248,Reuters
2023-09-22,ARS,USD,0.002814,0.002786,0.002842,Central Bank
2023-09-22,USD,MXN,16.729797,16.577165,16.88243,Central Bank
2023-09-22,USD,COP,4052.145401,3999.800464,4104.490338,Reuters
2023-09-22,USD,ARS,355.461553,351.685369,359.237736,Internal
2023-09-22,MXN,COP,239.532754,237.464766,241.600742,Central Bank
2023-09-22,MXN,ARS,20.848955,20.568679,21.129232,Reuters
2023-09-22,COP,MXN,0.00426,0.004213,0.004308,Internal
2023-09-22,COP,ARS,0.088258,0.087496,0.08902,Internal
2023-09-22,ARS,MXN,0.047822,0.047219,0.048424,Bloomberg
2023-09-22,ARS,COP,11.201004,11.10522,11.296788,Reuters
2023-09-23,MXN,USD,0.058936,0.058421,0.059451,Central Bank
2023-09-23,COP,USD,0.000245,0.000244,0.000247,Bloomberg
2023-09-23,ARS,USD,0.002894,0.002858,0.00293,Internal
2023-09-23,USD,MXN,16.732734,16.546858,16.91861,Bloomberg
2023-09-23,USD,COP,3939.319329,3886.052075,3992.586583,Bloomberg
2023-09-23,USD,ARS,349.398644,344.921379,353.87591,Reuters
2023-09-23,MXN,COP,231.602501,229.484565,233.720437,Central Bank
2023-09-23,MXN,ARS,20.812355,20.614532,21.010177,Bloomberg
2023-09-23,COP,MXN,0.004329,0.004307,0.004351,Central Bank
2023-09-23,COP,ARS,0.087686,0.086868,0.088504,Internal
2023-09-23,ARS,MXN,0.049396,0.048763,0.050029,Bloomberg
2023-09-23,ARS,COP,11.51626,11.43868,11.593839,Bloomberg
2023-09-24,MXN,USD,0.057891,0.057221,0.058561,Reuters
2023-09-24,COP,USD,0.00025,0.000248,0.000252,Bloomberg
2023-09-24,ARS,USD,0.002831,0.00279,0.002873,Reuters
2023-09-24,USD,MXN,16.967935,16.860465,17.075405,Internal
2023-09-24,USD,COP,4016.403912,3960.719008,4072.088816,Reuters
2023-09-24,USD,ARS,354.803042,351.085395,358.520689,Reuters
2023-09-24,MXN,COP,237.288229,233.881928,240.69453,Bloomberg
2023-09-24,MXN,ARS,20.341909,20.113232,20.570586,Reuters
2023-09-24,COP,MXN,0.004282,0.004221,0.004343,Bloomberg
2023-09-24,COP,ARS,0.089185,0.088159,0.09021,Bloomberg
2023-09-24,ARS,MXN,0.048579,0.047999,0.049159,Reuters
2023-09-24,ARS,COP,11.524733,11.379432,11.670034,Internal
2023-09-25,MXN,USD,0.059018,0.058167,0.05987,Internal
2023-09-25,COP,USD,0.000252,0.000248,0.000255,Reuters
2023-09-25,ARS,USD,0.0029,0.002874,0.002927,Central Bank
2023-09-25,USD,MXN,17.015456,16.926079,17.104834,Bloomberg
2023-09-25,USD,COP,3928.4904,3906.624235,3950.356565,Reuters
2023-09-25,USD,ARS,353.50259,351.166167,355.839014,Reuters
2023-09-25,MXN,COP,237.020144,235.487979,238.55231,Central Bank
2023-09-25,MXN,ARS,20.745196,20.580242,20.910149,Central Bank
2023-09-25,COP,MXN,0.004226,0.004186,0.004266,Bloomberg
2023-09-25,COP,ARS,0.088348,0.087411,0.089286,Bloomberg
2023-09-25,ARS,MXN,0.048593,0.047962,0.049223,Reuters
2023-09-25,ARS,COP,11.516771,11.453776,11.579765,Internal
2023-09-26,MXN,USD,0.058559,0.057706,0.059412,Reuters
2023-09-26,COP,USD,0.000255,0.000253,0.000256,Reuters
2023-09-26,ARS,USD,0.002823,0.002785,0.002862,Internal
2023-09-26,USD,MXN,17.224389,16.981269,17.467509,Reuters
2023-09-26,USD,COP,4040.817233,3998.525428,4083.109038,Bloomberg
2023-09-26,USD,ARS,353.866054,348.68443,359.047679,Reuters
2023-09-26,MXN,COP,234.812376,231.329044,238.295708,Central Bank
2023-09-26,MXN,ARS,20.330451,20.193466,20.467437,Central Bank
2023-09-26,COP,MXN,0.004229,0.00419,0.004268,Reuters
2023-09-26,COP,ARS,0.086205,0.085271,0.08714,Reuters
2023-09-26,ARS,MXN,0.047611,0.047151,0.048071,Bloomberg
2023-09-26,ARS,COP,11.218259,11.057991,11.378526,Central Bank
2023-09-27,MXN,USD,0.059467,0.058798,0.060137,Reuters
2023-09-27,COP,USD,0.00025,0.000247,0.000253,Reuters
2023-09-27,ARS,USD,0.002808,0.002774,0.002842,Bloomberg
2023-09-27,USD,MXN,17.310752,17.134077,17.487426,Bloomberg
2023-09-27,USD,COP,3986.548999,3945.207053,4027.890945,Central Bank
2023-09-27,USD,ARS,347.891641,343.07892,352.704363,Reuters
2023-09-27,MXN,COP,233.704156,231.849539,235.558772,Internal
2023-09-27,MXN,ARS,20.997226,20.719288,21.275163,Central Bank
2023-09-27,COP,MXN,0.004185,0.004149,0.00422,Bloomberg
2023-09-27,COP,ARS,0.088916,0.087925,0.089906,Bloomberg
2023-09-27,ARS,MXN,0.049463,0.048878,0.050048,Reuters
2023-09-27,ARS,COP,11.374342,11.226907,11.521777,Central Bank
2023-09-28,MXN,USD,0.058555,0.057946,0.059164,Reuters
2023-09-28,COP,USD,0.000245,0.000243,0.000248,Reuters
2023-09-28,ARS,USD,0.002859,0.00283,0.002888,Internal
2023-09-28,USD,MXN,16.689819,16.456448,16.92319,Bloomberg
2023-09-28,USD,COP,3971.250041,3948.123647,3994.376435,Central Bank
2023-09-28,USD,ARS,345.343527,340.314372,350.372683,Central Bank
2023-09-28,MXN,COP,236.488782,234.807863,238.1697,Bloomberg
2023-09-28,MXN,ARS,20.888783,20.695727,21.081839,Central Bank
2023-09-28,COP,MXN,0.0042,0.004144,0.004256,Internal
2023-09-28,COP,ARS,0.088013,0.086746,0.08928,Bloomberg
2023-09-28,ARS,MXN,0.047646,0.047066,0.048226,Central Bank
2023-09-28,ARS,COP,11.24001,11.17771,11.302309,Reuters
2023-09-29,MXN,USD,0.05896,0.058326,0.059594,Bloomberg
2023-09-29,COP,USD,0.000254,0.000252,0.000256,Internal
2023-09-29,ARS,USD,0.002872,0.002845,0.002899,Central Bank
2023-09-29,USD,MXN,16.924861,16.820214,17.029509,Central Bank
2023-09-29,USD,COP,4022.627639,3977.640609,4067.61467,Central Bank
2023-09-29,USD,ARS,352.812348,350.792182,354.832515,Central Bank
2023-09-29,MXN,COP,233.316109,230.549263,236.082955,Central Bank
2023-09-29,MXN,ARS,20.408308,20.117145,20.699472,Internal
2023-09-29,COP,MXN,0.004232,0.004183,0.004281,Internal
2023-09-29,COP,ARS,0.086297,0.085676,0.086918,Internal
2023-09-29,ARS,MXN,0.049148,0.048485,0.049811,Reuters
2023-09-29,ARS,COP,11.638919,11.563955,11.713882,Reuters
2023-09-30,MXN,USD,0.0599,0.059594,0.060206,Bloomberg
2023-09-30,COP,USD,0.000246,0.000245,0.000247,Internal
2023-09-30,ARS,USD,0.002861,0.00282,0.002903,Reuters
2023-09-30,USD,MXN,16.802836,16.59424,17.011431,Reuters
2023-09-30,USD,COP,3953.877911,3898.301095,4009.454727,Bloomberg
2023-09-30,USD,ARS,345.253361,342.764816,347.741906,Reuters
2023-09-30,MXN,COP,232.417188,230.833595,234.000781,Central Bank
2023-09-30,MXN,ARS,20.877613,20.578569,21.176658,Internal
2023-09-30,COP,MXN,0.004275,0.00425,0.004299,Central Bank
2023-09-30,COP,ARS,0.086627,0.086023,0.087232,Internal
2023-09-30,ARS,MXN,0.049449,0.049025,0.049873,Bloomberg
2023-09-30,ARS,COP,11.245735,11.119837,11.371633,Bloomberg
2023-10-01,MXN,USD,0.058395,0.05784,0.05895,Reuters
2023-10-01,COP,USD,0.000252,0.00025,0.000254,Reuters
2023-10-01,ARS,USD,0.002892,0.00285,0.002934,Bloomberg
2023-10-01,USD,MXN,16.663286,16.538948,16.787623,Bloomberg
2023-10-01,USD,COP,4033.95186,3987.930983,4079.972738,Reuters
2023-10-01,USD,ARS,354.761541,352.511268,357.011814,Reuters
2023-10-01,MXN,COP,238.85069,236.55092,241.15046,Reuters
2023-10-01,MXN,ARS,20.814514,20.609081,21.019947,Central Bank
2023-10-01,COP,MXN,0.004195,0.004148,0.004241,Reuters
2023-10-01,COP,ARS,0.088755,0.088187,0.089324,Bloomberg
2023-10-01,ARS,MXN,0.048111,0.047444,0.048778,Central Bank
2023-10-01,ARS,COP,11.532537,11.371992,11.693082,Central Bank
2023-10-02,MXN,USD,0.059559,0.058917,0.060202,Bloomberg
2023-10-02,COP,USD,0.000254,0.000251,0.000257,Internal
2023-10-02,ARS,USD,0.002875,0.002856,0.002893,Internal
2023-10-02,USD,MXN,16.811849,16.597977,17.02572,Reuters
2023-10-02,USD,COP,3941.421002,3901.962523,3980.87948,Central Bank
2023-10-02,USD,ARS,348.554992,345.061888,352.048096,Bloomberg
2023-10-02,MXN,COP,238.569241,235.452238,241.686244,Bloomberg
2023-10-02,MXN,ARS,20.800052,20.666855,20.933249,Bloomberg
2023-10-02,COP,MXN,0.004195,0.004135,0.004256,Bloomberg
2023-10-02,COP,ARS,0.088326,0.087457,0.089194,Reuters
2023-10-02,ARS,MXN,0.047679,0.047077,0.04828,Bloomberg
2023-10-02,ARS,COP,11.228737,11.13111,11.326363,Central Bank
2023-10-03,MXN,USD,0.05922,0.058617,0.059823,Reuters
2023-10-03,COP,USD,0.000249,0.000245,0.000252,Central Bank
2023-10-03,ARS,USD,0.002805,0.002772,0.002837,Central Bank
2023-10-03,USD,MXN,17.138541,16.963492,17.313589,Reuters
2023-10-03,USD,COP,4053.579563,4022.637938,4084.521187,Bloomberg
2023-10-03,USD,ARS,348.273234,345.213589,351.332879,Central Bank
2023-10-03,MXN,COP,235.450945,233.387621,237.514269,Bloomberg
2023-10-03,MXN,ARS,20.601718,20.426006,20.77743,Reuters
2023-10-03,COP,MXN,0.004248,0.004206,0.004289,Central Bank
2023-10-03,COP,ARS,0.087506,0.086947,0.088066,Bloomberg
2023-10-03,ARS,MXN,0.048047,0.047559,0.048534,Reuters
2023-10-03,ARS,COP,11.296694,11.219096,11.374291,Reuters
2023-10-04,MXN,USD,0.059064,0.058286,0.059841,Bloomberg
2023-10-04,COP,USD,0.000249,0.000247,0.000251,Central Bank
2023-10-04,ARS,USD,0.002855,0.002827,0.002883,Bloomberg
2023-10-04,USD,MXN,17.061738,16.865995,17.25748,Internal
2023-10-04,USD,COP,3923.591366,3902.280602,3944.90213,Bloomberg
2023-10-04,USD,ARS,344.886137,341.393672,348.378601,Bloomberg
2023-10-04,MXN,COP,231.114466,229.362018,232.866914,Bloomberg
2023-10-04,MXN,ARS,20.601939,20.415398,20.788481,Central Bank
2023-10-04,COP,MXN,0.004314,0.004261,0.004367,Reuters
2023-10-04,COP,ARS,0.089065,0.088427,0.089704,Internal
2023-10-04,ARS,MXN,0.049285,0.048955,0.049616,Internal
2023-10-04,ARS,COP,11.474669,11.326116,11.623222,Bloomberg
2023-10-05,MXN,USD,0.059113,0.058516,0.059711,Bloomberg
2023-10-05,COP,USD,0.000252,0.00025,0.000254,Internal
2023-10-05,ARS,USD,0.002868,0.002852,0.002884,Internal
2023-10-05,USD,MXN,16.922114,16.819131,17.025097,Bloomberg
2023-10-05,USD,COP,4003.633815,3947.209033,4060.058597,Internal
2023-10-05,USD,ARS,354.571199,350.651375,358.491022,Bloomberg
2023-10-05,MXN,COP,235.067004,232.446599,237.687409,Central Bank
2023-10-05,MXN,ARS,20.899326,20.683764,21.114888,Central Bank
2023-10-05,COP,MXN,0.004181,0.004132,0.004229,Central Bank
2023-10-05,COP,ARS,0.088889,0.087756,0.090023,Internal
2023-10-05,ARS,MXN,0.048614,0.048191,0.049037,Central Bank
2023-10-05,ARS,COP,11.518922,11.411917,11.625928,Internal
2023-10-06,MXN,USD,0.059505,0.05898,0.060029,Central Bank
2023-10-06,COP,USD,0.000249,0.000247,0.000251,Bloomberg
2023-10-06,ARS,USD,0.002904,0.002887,0.002921,Internal
2023-10-06,USD,MXN,16.835307,16.75021,16.920405,Central Bank
2023-10-06,USD,COP,4012.477943,3987.687707,4037.26818,Central Bank
2023-10-06,USD,ARS,348.250418,345.793795,350.707042,Reuters
2023-10-06,MXN,COP,234.436189,233.014138,235.85824,Internal
2023-10-06,MXN,ARS,20.713063,20.556962,20.869163,Internal
2023-10-06,COP,MXN,0.004261,0.004214,0.004308,Internal
2023-10-06,COP,ARS,0.088392,0.087585,0.0892,Internal
2023-10-06,ARS,MXN,0.047947,0.047439,0.048455,Internal
2023-10-06,ARS,COP,11.316013,11.224732,11.407294,Reuters
2023-10-07,MXN,USD,0.059469,0.058935,0.060003,Bloomberg
2023-10-07,COP,USD,0.000254,0.000251,0.000256,Bloomberg
2023-10-07,ARS,USD,0.002851,0.002817,0.002885,Bloomberg
2023-10-07,USD,MXN,16.728189,16.559512,16.896867,Reuters
2023-10-07,USD,COP,4048.136597,4003.039329,4093.233866,Central Bank
2023-10-07,USD,ARS,345.250332,340.193898,350.306766,Central Bank
2023-10-07,MXN,COP,238.15877,235.007322,241.310219,Internal
2023-10-07,MXN,ARS,20.938945,20.743087,21.134803,Central Bank
2023-10-07,COP,MXN,0.00421,0.004173,0.004246,Central Bank
2023-10-07,COP,ARS,0.088286,0.087023,0.089549,Internal
2023-10-07,ARS,MXN,0.048793,0.048295,0.049291,Central Bank
2023-10-07,ARS,COP,11.632327,11.478754,11.785901,Internal
2023-10-08,MXN,USD,0.05868,0.058268,0.059092,Reuters
2023-10-08,COP,USD,0.000247,0.000244,0.00025,Bloomberg
2023-10-08,ARS,USD,0.00287,0.002837,0.002904,Reuters
2023-10-08,USD,MXN,16.822695,16.738533,16.906856,Bloomberg
2023-10-08,USD,COP,3933.89485,3903.370309,3964.419391,Internal
2023-10-08,USD,ARS,347.943787,344.829192,351.058382,Bloomberg
2023-10-08,MXN,COP,235.461108,232.548629,238.373586,Central Bank
2023-10-08,MXN,ARS,20.93344,20.713724,21.153156,Reuters
2023-10-08,COP,MXN,0.004224,0.004169,0.00428,Bloomberg
2023-10-08,COP,ARS,0.087872,0.087262,0.088483,Internal
2023-10-08,ARS,MXN,0.048717,0.048346,0.049088,Internal
2023-10-08,ARS,COP,11.431423,11.310407,11.55244,Reuters
2023-10-09,MXN,USD,0.058447,0.058086,0.058808,Reuters
2023-10-09,COP,USD,0.000254,0.00025,0.000257,Reuters
2023-10-09,ARS,USD,0.002879,0.002837,0.002922,Internal
2023-10-09,USD,MXN,17.183578,16.967499,17.399657,Internal
2023-10-09,USD,COP,4029.055148,3972.788433,4085.321863,Central Bank
2023-10-09,USD,ARS,349.747582,347.097126,352.398039,Internal
2023-10-09,MXN,COP,236.552111,233.017554,240.086668,Bloomberg
2023-10-09,MXN,ARS,20.835427,20.645319,21.025535,Reuters
2023-10-09,COP,MXN,0.004253,0.004231,0.004274,Reuters
2023-10-09,COP,ARS,0.086619,0.086105,0.087133,Reuters
2023-10-09,ARS,MXN,0.047748,0.047064,0.048431,Internal
2023-10-09,ARS,COP,11.343485,11.261974,11.424995,Reuters
2023-10-10,MXN,USD,0.058077,0.057353,0.058801,Bloomberg
2023-10-10,COP,USD,0.00025,0.000248,0.000252,Bloomberg
2023-10-10,ARS,USD,0.0029,0.002879,0.00292,Bloomberg
2023-10-10,USD,MXN,17.22776,16.997539,17.45798,Reuters
2023-10-10,USD,COP,3944.959291,3921.025645,3968.892936,Central Bank
2023-10-10,USD,ARS,352.46137,348.360749,356.56199,Central Bank
2023-10-10,MXN,COP,237.781122,235.304694,240.25755,Central Bank
2023-10-10,MXN,ARS,20.874832,20.692971,21.056693,Reuters
2023-10-10,COP,MXN,0.004249,0.004186,0.004312,Reuters
2023-10-10,COP,ARS,0.087468,0.086169,0.088766,Reuters
2023-10-10,ARS,MXN,0.048373,0.047768,0.048978,Bloomberg
2023-10-10,ARS,COP,11.224753,11.078914,11.370593,Internal
2023-10-11,MXN,USD,0.059858,0.059539,0.060177,Reuters
2023-10-11,COP,USD,0.000249,0.000246,0.000252,Bloomberg
2023-10-11,ARS,USD,0.002852,0.002835,0.00287,Internal
2023-10-11,USD,MXN,16.874643,16.788849,16.960437,Bloomberg
2023-10-11,USD,COP,3980.708481,3956.794461,4004.6225,Reuters
2023-10-11,USD,ARS,351.578893,348.907946,354.249841,Reuters
2023-10-11,MXN,COP,232.820133,230.558646,235.081621,Reuters
2023-10-11,MXN,ARS,20.47782,20.273294,20.682346,Bloomberg
2023-10-11,COP,MXN,0.004236,0.004183,0.004289,Reuters
2023-10-11,COP,ARS,0.08874,0.088048,0.089432,Bloomberg
2023-10-11,ARS,MXN,0.04871,0.04799,0.049431,Bloomberg
2023-10-11,ARS,COP,11.572201,11.430926,11.713477,Bloomberg
2023-10-12,MXN,USD,0.058954,0.058154,0.059753,Bloomberg
2023-10-12,COP,USD,0.000246,0.000243,0.00025,Bloomberg
2023-10-12,ARS,USD,0.002854,0.00284,0.002869,Internal
2023-10-12,USD,MXN,16.999727,16.745485,17.253968,Reuters
2023-10-12,USD,COP,4045.65327,4013.286661,4078.019879,Central Bank
2023-10-12,USD,ARS,348.577627,344.427659,352.727594,Central Bank
2023-10-12,MXN,COP,232.616163,230.861563,234.370763,Central Bank
2023-10-12,MXN,ARS,20.546939,20.375443,20.718436,Reuters
2023-10-12,COP,MXN,0.004226,0.004182,0.004271,Reuters
2023-10-12,COP,ARS,0.086954,0.086162,0.087747,Reuters
2023-10-12,ARS,MXN,0.049285,0.048564,0.050006,Bloomberg
2023-10-12,ARS,COP,11.463705,11.331887,11.595522,Bloomberg
2023-10-13,MXN,USD,0.059951,0.059481,0.060422,Reuters
2023-10-13,COP,USD,0.000252,0.000249,0.000254,Internal
2023-10-13,ARS,USD,0.002902,0.002876,0.002927,Reuters
2023-10-13,USD,MXN,16.975351,16.728089,17.222613,Bloomberg
2023-10-13,USD,COP,4022.492904,3965.028912,4079.956897,Internal
2023-10-13,USD,ARS,351.837828,348.067401,355.608254,Central Bank
2023-10-13,MXN,COP,231.332818,229.381236,233.284401,Reuters
2023-10-13,MXN,ARS,20.437429,20.275696,20.599162,Reuters
2023-10-13,COP,MXN,0.004268,0.00423,0.004306,Internal
2023-10-13,COP,ARS,0.088483,0.08721,0.089756,Internal
2023-10-13,ARS,MXN,0.048404,0.048073,0.048735,Central Bank
2023-10-13,ARS,COP,11.257161,11.174463,11.339859,Reuters
2023-10-14,MXN,USD,0.05986,0.059141,0.060579,Central Bank
2023-10-14,COP,USD,0.000247,0.000245,0.000249,Central Bank
2023-10-14,ARS,USD,0.002807,0.002769,0.002846,Central Bank
2023-10-14,USD,MXN,16.677928,16.528325,16.827531,Central Bank
2023-10-14,USD,COP,3936.628545,3892.613015,3980.644074,Central Bank
2023-10-14,USD,ARS,352.167657,347.288476,357.046839,Reuters
2023-10-14,MXN,COP,232.74688,229.86642,235.627339,Internal
2023-10-14,MXN,ARS,20.692396,20.561769,20.823022,Bloomberg
2023-10-14,COP,MXN,0.00417,0.004121,0.004218,Reuters
2023-10-14,COP,ARS,0.088775,0.087916,0.089633,Reuters
2023-10-14,ARS,MXN,0.048666,0.048357,0.048975,Bloomberg
2023-10-14,ARS,COP,11.470094,11.360378,11.579811,Internal
2023-10-15,MXN,USD,0.058879,0.058208,0.05955,Reuters
2023-10-15,COP,USD,0.000254,0.000252,0.000257,Bloomberg
2023-10-15,ARS,USD,0.002892,0.002865,0.002919,Reuters
2023-10-15,USD,MXN,16.940299,16.829218,17.051379,Central Bank
2023-10-15,USD,COP,3920.014775,3868.451693,3971.577858,Bloomberg
2023-10-15,USD,ARS,347.814389,344.443379,351.185399,Central Bank
2023-10-15,MXN,COP,237.061364,234.709878,239.412851,Internal
2023-10-15,MXN,ARS,20.423209,20.164678,20.68174,Reuters
2023-10-15,COP,MXN,0.004266,0.004211,0.004322,Reuters
2023-10-15,COP,ARS,0.08641,0.085216,0.087604,Internal
2023-10-15,ARS,MXN,0.048367,0.048046,0.048688,Internal
2023-10-15,ARS,COP,11.578709,11.495274,11.662145,Central Bank
2023-10-16,MXN,USD,0.058641,0.058207,0.059074,Reuters
2023-10-16,COP,USD,0.000248,0.000245,0.000251,Reuters
2023-10-16,ARS,USD,0.002847,0.002809,0.002886,Bloomberg
2023-10-16,USD,MXN,16.752904,16.650652,16.855157,Internal
2023-10-16,USD,COP,4018.836706,3987.805896,4049.867516,Internal
2023-10-16,USD,ARS,345.629052,343.833871,347.424234,Central Bank
2023-10-16,MXN,COP,239.714976,238.46335,240.966602,Central Bank
2023-10-16,MXN,ARS,20.4088,20.281237,20.536363,Internal
2023-10-16,COP,MXN,0.004289,0.004257,0.00432,Bloomberg
2023-10-16,COP,ARS,0.085802,0.085186,0.086417,Internal
2023-10-16,ARS,MXN,0.048205,0.047579,0.048832,Reuters
2023-10-16,ARS,COP,11.41197,11.264593,11.559347,Reuters
2023-10-17,MXN,USD,0.057836,0.057113,0.058559,Bloomberg
2023-10-17,COP,USD,0.000246,0.000242,0.000249,Central Bank
2023-10-17,ARS,USD,0.002862,0.002843,0.002882,Reuters
2023-10-17,USD,MXN,17.21573,16.987062,17.444399,Central Bank
2023-10-17,USD,COP,4075.93576,4026.426081,4125.44544,Internal
2023-10-17,USD,ARS,353.797155,350.460986,357.133324,Central Bank
2023-10-17,MXN,COP,232.462869,229.591203,235.334536,Central Bank
2023-10-17,MXN,ARS,20.605644,20.300244,20.911043,Internal
2023-10-17,COP,MXN,0.004231,0.004169,0.004293,Reuters
2023-10-17,COP,ARS,0.086305,0.085245,0.087365,Central Bank
2023-10-17,ARS,MXN,0.048092,0.047545,0.04864,Bloomberg
2023-10-17,ARS,COP,11.364766,11.302023,11.42751,Bloomberg
2023-10-18,MXN,USD,0.059937,0.059496,0.060378,Internal
2023-10-18,COP,USD,0.000248,0.000247,0.00025,Reuters
2023-10-18,ARS,USD,0.002867,0.002841,0.002893,Bloomberg
2023-10-18,USD,MXN,16.666072,16.575743,16.756401,Internal
2023-10-18,USD,COP,4030.145046,4003.747921,4056.542172,Central Bank
2023-10-18,USD,ARS,346.482112,343.01757,349.946653,Reuters
2023-10-18,MXN,COP,239.349165,235.766172,242.932158,Central Bank
2023-10-18,MXN,ARS,20.225697,19.994199,20.457195,Central Bank
2023-10-18,COP,MXN,0.004186,0.004156,0.004217,Reuters
2023-10-18,COP,ARS,0.088569,0.087738,0.089401,Bloomberg
2023-10-18,ARS,MXN,0.047641,0.047223,0.04806,Bloomberg
2023-10-18,ARS,COP,11.314604,11.253563,11.375645,Internal
2023-10-19,MXN,USD,0.058962,0.058348,0.059577,Internal
2023-10-19,COP,USD,0.000247,0.000245,0.000249,Reuters
2023-10-19,ARS,USD,0.002837,0.00281,0.002864,Bloomberg
2023-10-19,USD,MXN,16.706836,16.597402,16.81627,Reuters
2023-10-19,USD,COP,4051.106968,4008.910397,4093.30354,Internal
2023-10-19,USD,ARS,343.010078,339.106534,346.913622,Internal
2023-10-19,MXN,COP,237.493249,234.208878,240.77762,Reuters
2023-10-19,MXN,ARS,20.815543,20.661761,20.969325,Central Bank
2023-10-19,COP,MXN,0.004277,0.004232,0.004321,Internal
2023-10-19,COP,ARS,0.086415,0.085392,0.087437,Bloomberg
2023-10-19,ARS,MXN,0.048791,0.04839,0.049192,Reuters
2023-10-19,ARS,COP,11.250498,11.135383,11.365613,Central Bank
2023-10-20,MXN,USD,0.05775,0.05692,0.05858,Bloomberg
2023-10-20,COP,USD,0.000254,0.000252,0.000256,Internal
2023-10-20,ARS,USD,0.002822,0.002807,0.002837,Internal
2023-10-20,USD,MXN,17.107386,16.931895,17.282878,Reuters
2023-10-20,USD,COP,3927.8537,3899.544764,3956.162637,Central Bank
2023-10-20,USD,ARS,343.183206,338.306451,348.05996,Internal
2023-10-20,MXN,COP,239.326153,236.138142,242.514163,Internal
2023-10-20,MXN,ARS,20.836134,20.719306,20.952962,Internal
2023-10-20,COP,MXN,0.004305,0.004249,0.00436,Central Bank
2023-10-20,COP,ARS,0.088633,0.087954,0.089312,Central Bank
2023-10-20,ARS,MXN,0.049027,0.048372,0.049681,Central Bank
2023-10-20,ARS,COP,11.631819,11.461926,11.801712,Central Bank
2023-10-21,MXN,USD,0.057885,0.057462,0.058308,Internal
2023-10-21,COP,USD,0.000247,0.000244,0.000249,Bloomberg
2023-10-21,ARS,USD,0.002865,0.002824,0.002907,Internal
2023-10-21,USD,MXN,17.167354,16.949966,17.384741,Reuters
2023-10-21,USD,COP,4027.91881,3979.481056,4076.356565,Internal
2023-10-21,USD,ARS,355.359536,352.989966,357.729107,Bloomberg
2023-10-21,MXN,COP,235.764381,233.395673,238.133089,Bloomberg
2023-10-21,MXN,ARS,20.616153,20.389393,20.842914,Reuters
2023-10-21,COP,MXN,0.004318,0.004273,0.004364,Reuters
2023-10-21,COP,ARS,0.088707,0.087898,0.089516,Internal
2023-10-21,ARS,MXN,0.049205,0.0488,0.04961,Bloomberg
2023-10-21,ARS,COP,11.457438,11.37564,11.539235,Reuters
2023-10-22,MXN,USD,0.058494,0.057937,0.059051,Internal
2023-10-22,COP,USD,0.000245,0.000244,0.000246,Reuters
2023-10-22,ARS,USD,0.002868,0.002839,0.002897,Reuters
2023-10-22,USD,MXN,16.664467,16.4171,16.911833,Bloomberg
2023-10-22,USD,COP,4056.915268,4035.750285,4078.080251,Reuters
2023-10-22,USD,ARS,355.867569,352.268782,359.466356,Bloomberg
2023-10-22,MXN,COP,231.475644,229.252621,233.698666,Bloomberg
2023-10-22,MXN,ARS,20.290454,20.114519,20.466389,Bloomberg
2023-10-22,COP,MXN,0.004205,0.004149,0.00426,Central Bank
2023-10-22,COP,ARS,0.087747,0.086809,0.088685,Bloomberg
2023-10-22,ARS,MXN,0.049027,0.048427,0.049626,Internal
2023-10-22,ARS,COP,11.279041,11.129514,11.428568,Central Bank
2023-10-23,MXN,USD,0.059048,0.058575,0.05952,Internal
2023-10-23,COP,USD,0.000246,0.000244,0.000247,Reuters
2023-10-23,ARS,USD,0.00284,0.002802,0.002877,Internal
2023-10-23,USD,MXN,17.292567,17.18526,17.399875,Bloomberg
2023-10-23,USD,COP,4039.628585,3985.114679,4094.142491,Central Bank
2023-10-23,USD,ARS,351.874419,347.89052,355.858319,Central Bank
2023-10-23,MXN,COP,233.456785,232.193358,234.720212,Bloomberg
2023-10-23,MXN,ARS,20.445626,20.200735,20.690517,Bloomberg
2023-10-23,COP,MXN,0.004174,0.004122,0.004225,Internal
2023-10-23,COP,ARS,0.089149,0.088032,0.090266,Central Bank
2023-10-23,ARS,MXN,0.048031,0.047652,0.048411,Internal
2023-10-23,ARS,COP,11.267663,11.173446,11.361879,Internal
2023-10-24,MXN,USD,0.058992,0.058668,0.059316,Internal
2023-10-24,COP,USD,0.000248,0.000245,0.00025,Internal
2023-10-24,ARS,USD,0.002888,0.00287,0.002907,Bloomberg
2023-10-24,USD,MXN,16.987027,16.868439,17.105615,Internal
2023-10-24,USD,COP,4024.35975,3996.34621,4052.37329,Bloomberg
2023-10-24,USD,ARS,346.392411,343.738155,349.046668,Internal
2023-10-24,MXN,COP,233.63211,230.304866,236.959353,Central Bank
2023-10-24,MXN,ARS,20.269142,20.083967,20.454317,Reuters
2023-10-24,COP,MXN,0.004224,0.00419,0.004259,Central Bank
2023-10-24,COP,ARS,0.088444,0.087852,0.089036,Reuters
2023-10-24,ARS,MXN,0.048797,0.04807,0.049524,Internal
2023-10-24,ARS,COP,11.484883,11.376872,11.592894,Bloomberg
2023-10-25,MXN,USD,0.058117,0.057609,0.058625,Central Bank
2023-10-25,COP,USD,0.000246,0.000245,0.000247,Bloomberg
2023-10-25,ARS,USD,0.002899,0.002861,0.002938,Central Bank
2023-10-25,USD,MXN,16.893425,16.673087,17.113762,Reuters
2023-10-25,USD,COP,3992.009851,3971.141695,4012.878008,Bloomberg
2023-10-25,USD,ARS,353.360182,350.844698,355.875666,Reuters
2023-10-25,MXN,COP,235.753412,233.105802,238.401022,Bloomberg
2023-10-25,MXN,ARS,20.748882,20.506481,20.991283,Internal
2023-10-25,COP,MXN,0.004264,0.004214,0.004314,Central Bank
2023-10-25,COP,ARS,0.086644,0.086159,0.087129,Bloomberg
2023-10-25,ARS,MXN,0.049133,0.048584,0.049683,Central Bank
2023-10-25,ARS,COP,11.412554,11.247622,11.577485,Central Bank
2023-10-26,MXN,USD,0.058562,0.05811,0.059013,Reuters
2023-10-26,COP,USD,0.000254,0.000252,0.000255,Internal
2023-10-26,ARS,USD,0.002826,0.002802,0.002851,Central Bank
2023-10-26,USD,MXN,17.274633,17.104536,17.44473,Central Bank
2023-10-26,USD,COP,3949.826782,3910.302808,3989.350756,Internal
2023-10-26,USD,ARS,350.849626,346.595682,355.103569,Central Bank
2023-10-26,MXN,COP,232.916632,230.518952,235.314311,Reuters
2023-10-26,MXN,ARS,20.579945,20.32385,20.83604,Central Bank
2023-10-26,COP,MXN,0.004224,0.004188,0.00426,Reuters
2023-10-26,COP,ARS,0.086577,0.085297,0.087857,Reuters
2023-10-26,ARS,MXN,0.049177,0.048624,0.049731,Internal
2023-10-26,ARS,COP,11.607041,11.454425,11.759657,Central Bank
2023-10-27,MXN,USD,0.059869,0.059001,0.060736,Bloomberg
2023-10-27,COP,USD,0.000247,0.000243,0.00025,Bloomberg
2023-10-27,ARS,USD,0.00281,0.002785,0.002835,Bloomberg
2023-10-27,USD,MXN,16.943787,16.761997,17.125576,Internal
2023-10-27,USD,COP,4075.285948,4017.835199,4132.736696,Reuters
2023-10-27,USD,ARS,349.288369,347.081662,351.495075,Bloomberg
2023-10-27,MXN,COP,236.05676,233.261733,238.851786,Bloomberg
2023-10-27,MXN,ARS,20.886837,20.717863,21.055811,Bloomberg
2023-10-27,COP,MXN,0.004238,0.004178,0.004298,Bloomberg
2023-10-27,COP,ARS,0.088047,0.087109,0.088984,Bloomberg
2023-10-27,ARS,MXN,0.048217,0.047707,0.048727,Central Bank
2023-10-27,ARS,COP,11.284176,11.133022,11.43533,Bloomberg
2023-10-28,MXN,USD,0.059358,0.058607,0.060109,Internal
2023-10-28,COP,USD,0.000255,0.000253,0.000257,Reuters
2023-10-28,ARS,USD,0.002817,0.002798,0.002837,Bloomberg
2023-10-28,USD,MXN,16.785628,16.573718,16.997537,Reuters
2023-10-28,USD,COP,4016.896722,3972.214288,4061.579155,Bloomberg
2023-10-28,USD,ARS,346.232773,344.411296,348.05425,Central Bank
2023-10-28,MXN,COP,237.064859,234.749678,239.38004,Internal
2023-10-28,MXN,ARS,20.762839,20.58138,20.944298,Internal
2023-10-28,COP,MXN,0.004249,0.004221,0.004276,Bloomberg
2023-10-28,COP,ARS,0.086542,0.085756,0.087328,Central Bank
2023-10-28,ARS,MXN,0.049398,0.048682,0.050114,Bloomberg
2023-10-28,ARS,COP,11.539368,11.367634,11.711101,Bloomberg
2023-10-29,MXN,USD,0.057803,0.056978,0.058628,Internal
2023-10-29,COP,USD,0.000254,0.000251,0.000256,Reuters
2023-10-29,ARS,USD,0.002899,0.002859,0.002939,Internal
2023-10-29,USD,MXN,16.935309,16.843549,17.027069,Internal
2023-10-29,USD,COP,4035.232146,3999.151089,4071.313203,Central Bank
2023-10-29,USD,ARS,350.289087,346.955703,353.622472,Central Bank
2023-10-29,MXN,COP,238.849694,237.06854,240.630847,Internal
2023-10-29,MXN,ARS,20.986684,20.873513,21.099855,Internal
2023-10-29,COP,MXN,0.004253,0.004205,0.004301,Central Bank
2023-10-29,COP,ARS,0.086414,0.085603,0.087226,Reuters
2023-10-29,ARS,MXN,0.049103,0.048717,0.049489,Bloomberg
2023-10-29,ARS,COP,11.393126,11.266305,11.519946,Central Bank
2023-10-30,MXN,USD,0.05927,0.058439,0.060102,Internal
2023-10-30,COP,USD,0.000253,0.000251,0.000256,Central Bank
2023-10-30,ARS,USD,0.002821,0.00279,0.002851,Bloomberg
2023-10-30,USD,MXN,16.927285,16.787896,17.066675,Central Bank
2023-10-30,USD,COP,3948.620573,3905.568151,3991.672994,Bloomberg
2023-10-30,USD,ARS,355.355678,353.258441,357.452915,Reuters
2023-10-30,MXN,COP,237.098517,233.762156,240.434878,Bloomberg
2023-10-30,MXN,ARS,20.768073,20.638575,20.897571,Central Bank
2023-10-30,COP,MXN,0.004285,0.004236,0.004334,Central Bank
2023-10-30,COP,ARS,0.087583,0.086809,0.088358,Bloomberg
2023-10-30,ARS,MXN,0.048336,0.04791,0.048761,Bloomberg
2023-10-30,ARS,COP,11.61703,11.493251,11.740808,Bloomberg
2023-10-31,MXN,USD,0.058029,0.057654,0.058403,Central Bank
2023-10-31,COP,USD,0.000249,0.000247,0.000251,Internal
2023-10-31,ARS,USD,0.002833,0.002814,0.002852,Bloomberg
2023-10-31,USD,MXN,17.313095,17.225918,17.400272,Reuters
2023-10-31,USD,COP,3921.953242,3882.826754,3961.079731,Internal
2023-10-31,USD,ARS,350.609016,348.835809,352.382223,Internal
2023-10-31,MXN,COP,232.82709,230.291924,235.362257,Internal
2023-10-31,MXN,ARS,20.550138,20.356581,20.743694,Central Bank
2023-10-31,COP,MXN,0.004207,0.004163,0.004251,Bloomberg
2023-10-31,COP,ARS,0.085921,0.085364,0.086478,Reuters
2023-10-31,ARS,MXN,0.047671,0.047026,0.048317,Reuters
2023-10-31,ARS,COP,11.351365,11.284653,11.418077,Central Bank
2023-11-01,MXN,USD,0.058628,0.05823,0.059026,Reuters
2023-11-01,COP,USD,0.000251,0.000248,0.000254,Bloomberg
2023-11-01,ARS,USD,0.00291,0.002874,0.002947,Reuters
2023-11-01,USD,MXN,17.293406,17.190835,17.395978,Reuters
2023-11-01,USD,COP,3971.651496,3916.146484,4027.156508,Central Bank
2023-11-01,USD,ARS,353.618188,348.868001,358.368375,Central Bank
2023-11-01,MXN,COP,233.344308,231.863631,234.824984,Reuters
2023-11-01,MXN,ARS,20.447583,20.260742,20.634425,Bloomberg
2023-11-01,COP,MXN,0.004283,0.004236,0.004331,Central Bank
2023-11-01,COP,ARS,0.08775,0.086452,0.089048,Central Bank
2023-11-01,ARS,MXN,0.04854,0.047963,0.049117,Reuters
2023-11-01,ARS,COP,11.395225,11.24164,11.548809,Reuters
2023-11-02,MXN,USD,0.058883,0.058003,0.059764,Reuters
2023-11-02,COP,USD,0.000254,0.000251,0.000257,Internal
2023-11-02,ARS,USD,0.002859,0.002827,0.002892,Internal
2023-11-02,USD,MXN,17.209427,16.971306,17.447547,Bloomberg
2023-11-02,USD,COP,4033.373931,3973.709938,4093.037924,Central Bank
2023-11-02,USD,ARS,344.6549,341.329374,347.980425,Central Bank
2023-11-02,MXN,COP,237.529114,235.848997,239.209231,Internal
2023-11-02,MXN,ARS,20.517446,20.346373,20.688519,Bloomberg
2023-11-02,COP,MXN,0.004167,0.004138,0.004196,Reuters
2023-11-02,COP,ARS,0.08664,0.086148,0.087132,Reuters
2023-11-02,ARS,MXN,0.048584,0.048184,0.048985,Central Bank
2023-11-02,ARS,COP,11.25204,11.158278,11.345801,Internal
2023-11-03,MXN,USD,0.059352,0.058689,0.060014,Central Bank
2023-11-03,COP,USD,0.000253,0.000252,0.000255,Reuters
2023-11-03,ARS,USD,0.002905,0.002877,0.002934,Internal
2023-11-03,USD,MXN,17.202133,17.005056,17.39921,Internal
2023-11-03,USD,COP,3944.861806,3906.966756,3982.756856,Reuters
2023-11-03,USD,ARS,349.474581,344.881903,354.067259,Central Bank
2023-11-03,MXN,COP,238.448054,236.542034,240.354074,Reuters
2023-11-03,MXN,ARS,20.633675,20.526645,20.740706,Reuters
2023-11-03,COP,MXN,0.004301,0.004241,0.004361,Reuters
2023-11-03,COP,ARS,0.085982,0.085423,0.08654,Central Bank
2023-11-03,ARS,MXN,0.048259,0.047837,0.048681,Bloomberg
2023-11-03,ARS,COP,11.46102,11.359067,11.562974,Central Bank
2023-11-04,MXN,USD,0.059681,0.058934,0.060428,Reuters
2023-11-04,COP,USD,0.000252,0.00025,0.000254,Central Bank
2023-11-04,ARS,USD,0.002857,0.002836,0.002878,Internal
2023-11-04,USD,MXN,17.224031,17.085786,17.362276,Reuters
2023-11-04,USD,COP,3948.002039,3913.487986,3982.516093,Central Bank
2023-11-04,USD,ARS,353.889065,348.887361,358.89077,Internal
2023-11-04,MXN,COP,235.350538,232.293275,238.407801,Bloomberg
2023-11-04,MXN,ARS,20.333116,20.043646,20.622585,Reuters
2023-11-04,COP,MXN,0.004297,0.004269,0.004324,Central Bank
2023-11-04,COP,ARS,0.088627,0.087353,0.089902,Bloomberg
2023-11-04,ARS,MXN,0.047999,0.047741,0.048256,Internal
2023-11-04,ARS,COP,11.526253,11.408414,11.644091,Central Bank
2023-11-05,MXN,USD,0.058379,0.058061,0.058696,Central Bank
2023-11-05,COP,USD,0.000248,0.000245,0.000252,Central Bank
2023-11-05,ARS,USD,0.002859,0.002826,0.002893,Reuters
2023-11-05,USD,MXN,16.675287,16.465429,16.885144,Bloomberg
2023-11-05,USD,COP,3971.340859,3943.837511,3998.844207,Reuters
2023-11-05,USD,ARS,350.451861,345.991355,354.912367,Central Bank
2023-11-05,MXN,COP,233.154393,231.621412,234.687373,Central Bank
2023-11-05,MXN,ARS,20.189035,19.962323,20.415747,Central Bank
2023-11-05,COP,MXN,0.0042,0.004164,0.004236,Reuters
2023-11-05,COP,ARS,0.086699,0.085447,0.08795,Reuters
2023-11-05,ARS,MXN,0.048715,0.048388,0.049042,Reuters
2023-11-05,ARS,COP,11.480349,11.384059,11.576639,Internal
2023-11-06,MXN,USD,0.057766,0.057461,0.058072,Central Bank
2023-11-06,COP,USD,0.000246,0.000245,0.000247,Internal
2023-11-06,ARS,USD,0.002845,0.002811,0.002879,Internal
2023-11-06,USD,MXN,17.079094,16.940337,17.217852,Bloomberg
2023-11-06,USD,COP,4034.06379,3986.830136,4081.297443,Central Bank
2023-11-06,USD,ARS,356.631546,352.153171,361.109922,Internal
2023-11-06,MXN,COP,235.932135,234.533255,237.331014,Internal
2023-11-06,MXN,ARS,20.25657,20.092412,20.420727,Internal
2023-11-06,COP,MXN,0.004245,0.004184,0.004306,Bloomberg
2023-11-06,COP,ARS,0.088764,0.087772,0.089755,Reuters
2023-11-06,ARS,MXN,0.048362,0.047782,0.048942,Reuters
2023-11-06,ARS,COP,11.560585,11.400771,11.720399,Internal
2023-11-07,MXN,USD,0.058794,0.058462,0.059127,Central Bank
2023-11-07,COP,USD,0.000249,0.000246,0.000251,Bloomberg
2023-11-07,ARS,USD,0.002832,0.002808,0.002856,Bloomberg
2023-11-07,USD,MXN,17.005406,16.85139,17.159421,Central Bank
2023-11-07,USD,COP,3972.139157,3926.481347,4017.796966,Reuters
2023-11-07,USD,ARS,350.458438,347.301451,353.615425,Internal
2023-11-07,MXN,COP,232.83365,231.102087,234.565213,Bloomberg
2023-11-07,MXN,ARS,20.978499,20.793088,21.163911,Reuters
2023-11-07,COP,MXN,0.0042,0.00415,0.004251,Internal
2023-11-07,COP,ARS,0.088495,0.087667,0.089323,Reuters
2023-11-07,ARS,MXN,0.048658,0.0483,0.049016,Central Bank
2023-11-07,ARS,COP,11.537996,11.398166,11.677826,Internal
2023-11-08,MXN,USD,0.057916,0.057281,0.058551,Reuters
2023-11-08,COP,USD,0.000251,0.000247,0.000254,Bloomberg
2023-11-08,ARS,USD,0.002835,0.00281,0.002861,Central Bank
2023-11-08,USD,MXN,17.126146,16.938374,17.313918,Internal
2023-11-08,USD,COP,3972.385319,3926.901939,4017.868698,Central Bank
2023-11-08,USD,ARS,344.267462,339.733344,348.80158,Central Bank
2023-11-08,MXN,COP,237.713673,234.954099,240.473246,Internal
2023-11-08,MXN,ARS,20.613975,20.430515,20.797436,Internal
2023-11-08,COP,MXN,0.004198,0.004149,0.004248,Reuters
2023-11-08,COP,ARS,0.086799,0.085676,0.087923,Reuters
2023-11-08,ARS,MXN,0.049385,0.048675,0.050094,Reuters
2023-11-08,ARS,COP,11.652704,11.526537,11.778871,Internal
2023-11-09,MXN,USD,0.059641,0.058835,0.060448,Central Bank
2023-11-09,COP,USD,0.000249,0.000246,0.000251,Central Bank
2023-11-09,ARS,USD,0.0028,0.00277,0.00283,Reuters
2023-11-09,USD,MXN,16.734595,16.603695,16.865494,Central Bank
2023-11-09,USD,COP,3957.638587,3910.05899,4005.218184,Internal
2023-11-09,USD,ARS,351.753,347.49055,356.01545,Internal
2023-11-09,MXN,COP,234.179436,231.731982,236.626889,Bloomberg
2023-11-09,MXN,ARS,20.567541,20.42599,20.709093,Internal
2023-11-09,COP,MXN,0.004308,0.004271,0.004345,Internal
2023-11-09,COP,ARS,0.08629,0.084998,0.087582,Bloomberg
2023-11-09,ARS,MXN,0.047861,0.047587,0.048135,Central Bank
2023-11-09,ARS,COP,11.265827,11.109808,11.421846,Internal
2023-11-10,MXN,USD,0.059941,0.05956,0.060322,Bloomberg
2023-11-10,COP,USD,0.000251,0.000249,0.000254,Internal
2023-11-10,ARS,USD,0.002902,0.002867,0.002937,Internal
2023-11-10,USD,MXN,17.083809,16.920762,17.246856,Internal
2023-11-10,USD,COP,4008.328005,3970.247054,4046.408955,Reuters
2023-11-10,USD,ARS,346.160373,342.959179,349.361567,Central Bank
2023-11-10,MXN,COP,236.027656,232.848827,239.206486,Bloomberg
2023-11-10,MXN,ARS,20.762931,20.603212,20.92265,Reuters
2023-11-10,COP,MXN,0.004171,0.004148,0.004193,Internal
2023-11-10,COP,ARS,0.088217,0.087676,0.088758,Internal
2023-11-10,ARS,MXN,0.049469,0.049182,0.049755,Reuters
2023-11-10,ARS,COP,11.412542,11.346551,11.478534,Central Bank
2023-11-11,MXN,USD,0.058224,0.057566,0.058882,Central Bank
2023-11-11,COP,USD,0.000252,0.000249,0.000254,Reuters
2023-11-11,ARS,USD,0.00287,0.00283,0.00291,Central Bank
2023-11-11,USD,MXN,16.978831,16.806892,17.150769,Internal
2023-11-11,USD,COP,4011.834448,3978.475484,4045.193413,Reuters
2023-11-11,USD,ARS,356.448138,351.820646,361.075631,Reuters
2023-11-11,MXN,COP,232.164783,229.390295,234.939271,Reuters
2023-11-11,MXN,ARS,20.775153,20.554167,20.99614,Central Bank
2023-11-11,COP,MXN,0.004272,0.004226,0.004318,Central Bank
2023-11-11,COP,ARS,0.088047,0.08735,0.088744,Central Bank
2023-11-11,ARS,MXN,0.048157,0.047877,0.048438,Central Bank
2023-11-11,ARS,COP,11.589232,11.499085,11.679379,Bloomberg
2023-11-12,MXN,USD,0.059096,0.058638,0.059554,Reuters
2023-11-12,COP,USD,0.000245,0.000244,0.000247,Bloomberg
2023-11-12,ARS,USD,0.002904,0.002868,0.00294,Internal
2023-11-12,USD,MXN,16.911441,16.797222,17.025661,Bloomberg
2023-11-12,USD,COP,3997.586962,3945.643436,4049.530488,Central Bank
2023-11-12,USD,ARS,347.799872,345.767324,349.832419,Bloomberg
2023-11-12,MXN,COP,236.193356,233.071532,239.31518,Internal
2023-11-12,MXN,ARS,20.796392,20.606531,20.986252,Internal
2023-11-12,COP,MXN,0.004205,0.004166,0.004245,Bloomberg
2023-11-12,COP,ARS,0.086488,0.08542,0.087556,Reuters
2023-11-12,ARS,MXN,0.047706,0.047341,0.04807,Central Bank
2023-11-12,ARS,COP,11.224011,11.115809,11.332212,Internal
2023-11-13,MXN,USD,0.058356,0.057629,0.059083,Bloomberg
2023-11-13,COP,USD,0.000249,0.000246,0.000252,Internal
2023-11-13,ARS,USD,0.00283,0.002801,0.002859,Internal
2023-11-13,USD,MXN,16.668067,16.430176,16.905957,Internal
2023-11-13,USD,COP,3981.120655,3948.647107,4013.594203,Central Bank
2023-11-13,USD,ARS,344.3631,340.811707,347.914494,Reuters
2023-11-13,MXN,COP,239.587611,237.355167,241.820054,Reuters
2023-11-13,MXN,ARS,20.452326,20.295439,20.609213,Central Bank
2023-11-13,COP,MXN,0.004208,0.004163,0.004254,Internal
2023-11-13,COP,ARS,0.088456,0.087351,0.089561,Bloomberg
2023-11-13,ARS,MXN,0.04861,0.048038,0.049183,Bloomberg
2023-11-13,ARS,COP,11.343209,11.285293,11.401125,Central Bank
2023-11-14,MXN,USD,0.059604,0.059299,0.059909,Central Bank
2023-11-14,COP,USD,0.00025,0.000247,0.000253,Reuters
2023-11-14,ARS,USD,0.002825,0.002803,0.002847,Bloomberg
2023-11-14,USD,MXN,16.683148,16.496398,16.869899,Central Bank
2023-11-14,USD,COP,4070.160875,4023.08517,4117.23658,Bloomberg
2023-11-14,USD,ARS,356.306845,352.251778,360.361913,Central Bank
2023-11-14,MXN,COP,231.401284,228.845026,233.957541,Internal
2023-11-14,MXN,ARS,20.717031,20.427014,21.007048,Bloomberg
2023-11-14,COP,MXN,0.004317,0.004266,0.004369,Reuters
2023-11-14,COP,ARS,0.086781,0.085774,0.087788,Central Bank
2023-11-14,ARS,MXN,0.048841,0.048146,0.049536,Reuters
2023-11-14,ARS,COP,11.551707,11.413985,11.689429,Reuters
2023-11-15,MXN,USD,0.058253,0.057506,0.058999,Reuters
2023-11-15,COP,USD,0.000253,0.000251,0.000255,Reuters
2023-11-15,ARS,USD,0.002914,0.002892,0.002936,Reuters
2023-11-15,USD,MXN,16.780992,16.685441,16.876543,Bloomberg
2023-11-15,USD,COP,4017.648302,3990.390881,4044.905722,Internal
2023-11-15,USD,ARS,344.518027,340.932861,348.103192,Internal
2023-11-15,MXN,COP,232.643638,229.983734,235.303541,Internal
2023-11-15,MXN,ARS,20.765624,20.640347,20.8909,Central Bank
2023-11-15,COP,MXN,0.004177,0.004126,0.004228,Internal
2023-11-15,COP,ARS,0.085816,0.084959,0.086672,Central Bank
2023-11-15,ARS,MXN,0.049412,0.048837,0.049988,Reuters
2023-11-15,ARS,COP,11.269306,11.17579,11.362822,Internal
2023-11-16,MXN,USD,0.058999,0.0584,0.059598,Internal
2023-11-16,COP,USD,0.00025,0.000248,0.000252,Central Bank
2023-11-16,ARS,USD,0.002862,0.002847,0.002876,Internal
2023-11-16,USD,MXN,16.742418,16.569084,16.915753,Reuters
2023-11-16,USD,COP,3973.350354,3941.451182,4005.249526,Central Bank
2023-11-16,USD,ARS,351.851815,346.718917,356.984714,Central Bank
2023-11-16,MXN,COP,234.026874,230.85969,237.194058,Reuters
2023-11-16,MXN,ARS,20.242729,20.048472,20.436986,Reuters
2023-11-16,COP,MXN,0.004275,0.004246,0.004304,Central Bank
2023-11-16,COP,ARS,0.089136,0.088102,0.090171,Reuters
2023-11-16,ARS,MXN,0.048952,0.048268,0.049636,Reuters
2023-11-16,ARS,COP,11.422402,11.264177,11.580626,Internal
2023-11-17,MXN,USD,0.059377,0.058997,0.059757,Bloomberg
2023-11-17,COP,USD,0.000245,0.000242,0.000249,Bloomberg
2023-11-17,ARS,USD,0.002856,0.00284,0.002872,Reuters
2023-11-17,USD,MXN,16.999785,16.750746,17.248824,Internal
2023-11-17,USD,COP,4074.651862,4053.609615,4095.69411,Reuters
2023-11-17,USD,ARS,343.784762,339.357576,348.211949,Central Bank
2023-11-17,MXN,COP,234.40478,232.736572,236.072987,Internal
2023-11-17,MXN,ARS,20.950662,20.663596,21.237728,Bloomberg
2023-11-17,COP,MXN,0.004291,0.00426,0.004322,Central Bank
2023-11-17,COP,ARS,0.085879,0.085328,0.08643,Central Bank
2023-11-17,ARS,MXN,0.048516,0.047828,0.049203,Central Bank
2023-11-17,ARS,COP,11.310941,11.181002,11.440879,Central Bank
2023-11-18,MXN,USD,0.058052,0.057733,0.058372,Reuters
2023-11-18,COP,USD,0.000253,0.000252,0.000255,Bloomberg
2023-11-18,ARS,USD,0.002895,0.002879,0.002912,Central Bank
2023-11-18,USD,MXN,16.737642,16.554369,16.920916,Bloomberg
2023-11-18,USD,COP,3930.097618,3902.483135,3957.712101,Reuters
2023-11-18,USD,ARS,354.361294,349.108977,359.613612,Internal
2023-11-18,MXN,COP,233.639858,230.191677,237.08804,Bloomberg
2023-11-18,MXN,ARS,20.441309,20.141907,20.740712,Bloomberg
2023-11-18,COP,MXN,0.004295,0.004248,0.004342,Reuters
2023-11-18,COP,ARS,0.085971,0.085306,0.086637,Internal
2023-11-18,ARS,MXN,0.047926,0.04751,0.048343,Bloomberg
2023-11-18,ARS,COP,11.400531,11.237996,11.563065,Central Bank
2023-11-19,MXN,USD,0.057961,0.057213,0.058709,Internal
2023-11-19,COP,USD,0.000253,0.000251,0.000254,Internal
2023-11-19,ARS,USD,0.002809,0.002795,0.002823,Central Bank
2023-11-19,USD,MXN,17.140584,16.953112,17.328056,Reuters
2023-11-19,USD,COP,3986.595559,3934.474338,4038.71678,Internal
2023-11-19,USD,ARS,352.693017,350.202439,355.183594,Reuters
2023-11-19,MXN,COP,235.511406,233.363468,237.659344,Bloomberg
2023-11-19,MXN,ARS,20.679267,20.56809,20.790443,Bloomberg
2023-11-19,COP,MXN,0.004287,0.004239,0.004335,Central Bank
2023-11-19,COP,ARS,0.087945,0.086817,0.089073,Reuters
2023-11-19,ARS,MXN,0.048414,0.047902,0.048926,Bloomberg
2023-11-19,ARS,COP,11.253718,11.137782,11.369654,Central Bank
2023-11-20,MXN,USD,0.059103,0.058298,0.059909,Bloomberg
2023-11-20,COP,USD,0.00025,0.000247,0.000252,Bloomberg
2023-11-20,ARS,USD,0.002832,0.002812,0.002851,Bloomberg
2023-11-20,USD,MXN,17.125966,16.874458,17.377473,Internal
2023-11-20,USD,COP,3999.602374,3973.214614,4025.990134,Central Bank
2023-11-20,USD,ARS,343.756387,340.785668,346.727105,Bloomberg
2023-11-20,MXN,COP,234.679263,232.721346,236.637179,Internal
2023-11-20,MXN,ARS,20.212144,19.961429,20.462859,Bloomberg
2023-11-20,COP,MXN,0.004192,0.00417,0.004214,Central Bank
2023-11-20,COP,ARS,0.085998,0.085366,0.08663,Internal
2023-11-20,ARS,MXN,0.048752,0.048349,0.049154,Bloomberg
2023-11-20,ARS,COP,11.541525,11.380132,11.702919,Bloomberg
2023-11-21,MXN,USD,0.05948,0.058989,0.059971,Central Bank
2023-11-21,COP,USD,0.000247,0.000245,0.00025,Bloomberg
2023-11-21,ARS,USD,0.002843,0.002822,0.002863,Internal
2023-11-21,USD,MXN,17.057863,16.963304,17.152421,Internal
2023-11-21,USD,COP,3943.190604,3886.886293,3999.494914,Internal
2023-11-21,USD,ARS,345.492851,342.475022,348.510679,Internal
2023-11-21,MXN,COP,237.363023,234.676024,240.050023,Reuters
2023-11-21,MXN,ARS,20.342997,20.215404,20.470591,Central Bank
2023-11-21,COP,MXN,0.004213,0.004187,0.004238,Internal
2023-11-21,COP,ARS,0.087355,0.086769,0.087941,Reuters
2023-11-21,ARS,MXN,0.048027,0.047645,0.048409,Bloomberg
2023-11-21,ARS,COP,11.560936,11.429372,11.692499,Bloomberg
2023-11-22,MXN,USD,0.059007,0.058386,0.059629,Bloomberg
2023-11-22,COP,USD,0.000246,0.000243,0.000249,Internal
2023-11-22,ARS,USD,0.002899,0.002878,0.002919,Internal
2023-11-22,USD,MXN,17.229153,17.094908,17.363397,Internal
2023-11-22,USD,COP,4037.788617,4007.6403,4067.936935,Reuters
2023-11-22,USD,ARS,349.079482,346.557709,351.601255,Bloomberg
2023-11-22,MXN,COP,239.18828,235.843825,242.532734,Internal
2023-11-22,MXN,ARS,20.983681,20.870357,21.097005,Internal
2023-11-22,COP,MXN,0.00429,0.004247,0.004333,Internal
2023-11-22,COP,ARS,0.087609,0.086751,0.088467,Central Bank
2023-11-22,ARS,MXN,0.048479,0.04812,0.048838,Central Bank
2023-11-22,ARS,COP,11.516873,11.412459,11.621287,Bloomberg
2023-11-23,MXN,USD,0.057959,0.057498,0.058421,Central Bank
2023-11-23,COP,USD,0.000245,0.000242,0.000248,Bloomberg
2023-11-23,ARS,USD,0.00288,0.002841,0.002919,Central Bank
2023-11-23,USD,MXN,17.323966,17.157005,17.490928,Bloomberg
2023-11-23,USD,COP,4059.871846,4023.115375,4096.628317,Reuters
2023-11-23,USD,ARS,351.775353,347.540323,356.010384,Central Bank
2023-11-23,MXN,COP,238.685954,237.323777,240.048132,Reuters
2023-11-23,MXN,ARS,20.613699,20.449492,20.777906,Reuters
2023-11-23,COP,MXN,0.004284,0.004236,0.004331,Bloomberg
2023-11-23,COP,ARS,0.088507,0.087993,0.089021,Reuters
2023-11-23,ARS,MXN,0.049029,0.048757,0.049301,Reuters
2023-11-23,ARS,COP,11.605933,11.535024,11.676841,Reuters
2023-11-24,MXN,USD,0.058742,0.058424,0.05906,Reuters
2023-11-24,COP,USD,0.000247,0.000244,0.000249,Central Bank
2023-11-24,ARS,USD,0.002864,0.002828,0.002901,Bloomberg
2023-11-24,USD,MXN,17.327251,17.199266,17.455236,Central Bank
2023-11-24,USD,COP,4023.846144,3974.055874,4073.636414,Bloomberg
2023-11-24,USD,ARS,353.544429,349.086637,358.002221,Reuters
2023-11-24,MXN,COP,233.907875,232.112964,235.702785,Internal
2023-11-24,MXN,ARS,20.404708,20.289754,20.519662,Reuters
2023-11-24,COP,MXN,0.004242,0.004199,0.004284,Central Bank
2023-11-24,COP,ARS,0.087396,0.086494,0.088297,Reuters
2023-11-24,ARS,MXN,0.048478,0.048057,0.048899,Central Bank
2023-11-24,ARS,COP,11.286104,11.129907,11.442302,Central Bank
2023-11-25,MXN,USD,0.057836,0.057027,0.058644,Reuters
2023-11-25,COP,USD,0.000255,0.000253,0.000256,Bloomberg
2023-11-25,ARS,USD,0.002832,0.002798,0.002865,Internal
2023-11-25,USD,MXN,16.762339,16.644289,16.880388,Central Bank
2023-11-25,USD,COP,3966.907111,3908.610451,4025.20377,Bloomberg
2023-11-25,USD,ARS,349.634669,346.417575,352.851762,Central Bank
2023-11-25,MXN,COP,233.331923,232.018382,234.645464,Bloomberg
2023-11-25,MXN,ARS,20.864074,20.65134,21.076809,Reuters
2023-11-25,COP,MXN,0.004235,0.004199,0.004271,Reuters
2023-11-25,COP,ARS,0.087452,0.086432,0.088471,Internal
2023-11-25,ARS,MXN,0.04849,0.047972,0.049007,Reuters
2023-11-25,ARS,COP,11.278508,11.192791,11.364226,Internal
2023-11-26,MXN,USD,0.058522,0.058061,0.058983,Central Bank
2023-11-26,COP,USD,0.000246,0.000245,0.000248,Bloomberg
2023-11-26,ARS,USD,0.002871,0.002852,0.00289,Reuters
2023-11-26,USD,MXN,16.783951,16.670599,16.897303,Bloomberg
2023-11-26,USD,COP,3945.800754,3921.458425,3970.143083,Reuters
2023-11-26,USD,ARS,351.043352,347.740425,354.346279,Reuters
2023-11-26,MXN,COP,232.324674,229.856254,234.793094,Central Bank
2023-11-26,MXN,ARS,20.724573,20.418259,21.030887,Bloomberg
2023-11-26,COP,MXN,0.004228,0.004184,0.004272,Bloomberg
2023-11-26,COP,ARS,0.087618,0.087073,0.088162,Central Bank
2023-11-26,ARS,MXN,0.048386,0.047902,0.04887,Bloomberg
2023-11-26,ARS,COP,11.633275,11.467174,11.799376,Bloomberg
2023-11-27,MXN,USD,0.057657,0.056943,0.058371,Reuters
2023-11-27,COP,USD,0.000251,0.000249,0.000253,Reuters
2023-11-27,ARS,USD,0.002911,0.002874,0.002947,Bloomberg
2023-11-27,USD,MXN,17.203712,16.992357,17.415067,Internal
2023-11-27,USD,COP,3974.189509,3949.854926,3998.524092,Internal
2023-11-27,USD,ARS,355.602443,353.328638,357.876247,Central Bank
2023-11-27,MXN,COP,233.487832,231.382636,235.593029,Bloomberg
2023-11-27,MXN,ARS,20.543742,20.422024,20.66546,Central Bank
2023-11-27,COP,MXN,0.004268,0.004239,0.004298,Bloomberg
2023-11-27,COP,ARS,0.088484,0.087363,0.089606,Bloomberg
2023-11-27,ARS,MXN,0.047644,0.047149,0.048139,Internal
2023-11-27,ARS,COP,11.509515,11.341749,11.67728,Internal
2023-11-28,MXN,USD,0.058105,0.057629,0.05858,Central Bank
2023-11-28,COP,USD,0.000254,0.000252,0.000256,Bloomberg
2023-11-28,ARS,USD,0.002882,0.002855,0.002909,Internal
2023-11-28,USD,MXN,16.913525,16.780813,17.046237,Reuters
2023-11-28,USD,COP,3969.293655,3931.760965,4006.826345,Central Bank
2023-11-28,USD,ARS,346.019732,341.217653,350.821811,Internal
2023-11-28,MXN,COP,238.152334,236.274184,240.030484,Internal
2023-11-28,MXN,ARS,20.776499,20.586561,20.966436,Central Bank
2023-11-28,COP,MXN,0.004189,0.004156,0.004223,Reuters
2023-11-28,COP,ARS,0.085981,0.084726,0.087237,Internal
2023-11-28,ARS,MXN,0.047772,0.047337,0.048206,Reuters
2023-11-28,ARS,COP,11.389492,11.26924,11.509744,Bloomberg
2023-11-29,MXN,USD,0.058116,0.057342,0.05889,Reuters
2023-11-29,COP,USD,0.000251,0.000249,0.000252,Reuters
2023-11-29,ARS,USD,0.002895,0.002872,0.002919,Internal
2023-11-29,USD,MXN,16.812674,16.595585,17.029762,Bloomberg
2023-11-29,USD,COP,3962.028324,3904.340138,4019.71651,Internal
2023-11-29,USD,ARS,344.738477,340.719125,348.757829,Reuters
2023-11-29,MXN,COP,234.514417,232.1883,236.840534,Bloomberg
2023-11-29,MXN,ARS,20.199894,19.944422,20.455366,Internal
2023-11-29,COP,MXN,0.004334,0.004309,0.004359,Reuters
2023-11-29,COP,ARS,0.087784,0.086848,0.088719,Reuters
2023-11-29,ARS,MXN,0.04882,0.048344,0.049297,Central Bank
2023-11-29,ARS,COP,11.370607,11.230412,11.510801,Central Bank
2023-11-30,MXN,USD,0.059636,0.059241,0.060031,Central Bank
2023-11-30,COP,USD,0.000246,0.000244,0.000249,Bloomberg
2023-11-30,ARS,USD,0.002841,0.002825,0.002857,Reuters
2023-11-30,USD,MXN,16.94527,16.705985,17.184554,Reuters
2023-11-30,USD,COP,3927.794384,3896.699446,3958.889322,Central Bank
2023-11-30,USD,ARS,350.194131,345.759124,354.629138,Bloomberg
2023-11-30,MXN,COP,237.785312,235.172616,240.398008,Bloomberg
2023-11-30,MXN,ARS,20.624234,20.341178,20.90729,Reuters
2023-11-30,COP,MXN,0.004211,0.004161,0.004262,Reuters
2023-11-30,COP,ARS,0.086085,0.085156,0.087015,Bloomberg
2023-11-30,ARS,MXN,0.047625,0.04714,0.04811,Reuters
2023-11-30,ARS,COP,11.556026,11.450636,11.661417,Bloomberg
2023-12-01,MXN,USD,0.057888,0.057509,0.058267,Bloomberg
2023-12-01,COP,USD,0.000253,0.00025,0.000257,Central Bank
2023-12-01,ARS,USD,0.002848,0.002807,0.002888,Central Bank
2023-12-01,USD,MXN,17.216814,16.971749,17.46188,Internal
2023-12-01,USD,COP,3975.713586,3928.360821,4023.066351,Bloomberg
2023-12-01,USD,ARS,354.438542,349.512816,359.364268,Reuters
2023-12-01,MXN,COP,232.209009,230.340459,234.077558,Central Bank
2023-12-01,MXN,ARS,20.359589,20.083347,20.635831,Bloomberg
2023-12-01,COP,MXN,0.004282,0.004247,0.004317,Bloomberg
2023-12-01,COP,ARS,0.086206,0.085707,0.086705,Central Bank
2023-12-01,ARS,MXN,0.047751,0.047142,0.04836,Internal
2023-12-01,ARS,COP,11.219436,11.151243,11.28763,Central Bank
2023-12-02,MXN,USD,0.058751,0.057923,0.059578,Central Bank
2023-12-02,COP,USD,0.000246,0.000243,0.000249,Central Bank
2023-12-02,ARS,USD,0.002889,0.002848,0.00293,Bloomberg
2023-12-02,USD,MXN,17.05957,16.940149,17.178991,Reuters
2023-12-02,USD,COP,3924.681459,3899.345404,3950.017514,Reuters
2023-12-02,USD,ARS,356.283082,353.262384,359.303781,Bloomberg
2023-12-02,MXN,COP,238.636594,235.580131,241.693056,Bloomberg
2023-12-02,MXN,ARS,20.592278,20.475245,20.709312,Central Bank
2023-12-02,COP,MXN,0.004255,0.004203,0.004307,Reuters
2023-12-02,COP,ARS,0.086351,0.085268,0.087434,Central Bank
2023-12-02,ARS,MXN,0.049492,0.049195,0.049788,Bloomberg
2023-12-02,ARS,COP,11.62079,11.463758,11.777821,Internal
2023-12-03,MXN,USD,0.058509,0.057872,0.059147,Internal
2023-12-03,COP,USD,0.000252,0.00025,0.000253,Reuters
2023-12-03,ARS,USD,0.002912,0.002885,0.002939,Bloomberg
2023-12-03,USD,MXN,16.937153,16.723506,17.1508,Reuters
2023-12-03,USD,COP,3939.778464,3915.73336,3963.823569,Bloomberg
2023-12-03,USD,ARS,349.941424,346.927552,352.955296,Reuters
2023-12-03,MXN,COP,235.831832,234.556905,237.106759,Reuters
2023-12-03,MXN,ARS,20.583058,20.400943,20.765173,Internal
2023-12-03,COP,MXN,0.004267,0.004232,0.004302,Internal
2023-12-03,COP,ARS,0.086541,0.085755,0.087326,Internal
2023-12-03,ARS,MXN,0.047967,0.047694,0.04824,Internal
2023-12-03,ARS,COP,11.629295,11.528417,11.730172,Central Bank
2023-12-04,MXN,USD,0.059997,0.059402,0.060592,Central Bank
2023-12-04,COP,USD,0.000249,0.000246,0.000252,Central Bank
2023-12-04,ARS,USD,0.002814,0.002788,0.002839,Central Bank
2023-12-04,USD,MXN,17.164174,16.925175,17.403173,Bloomberg
2023-12-04,USD,COP,3930.353666,3872.372794,3988.334538,Reuters
2023-12-04,USD,ARS,345.803689,341.155985,350.451393,Internal
2023-12-04,MXN,COP,231.743644,228.642661,234.844627,Internal
2023-12-04,MXN,ARS,20.405839,20.158215,20.653462,Reuters
2023-12-04,COP,MXN,0.004294,0.004238,0.004349,Internal
2023-12-04,COP,ARS,0.086996,0.085981,0.088011,Internal
2023-12-04,ARS,MXN,0.049519,0.049018,0.050019,Bloomberg
2023-12-04,ARS,COP,11.551086,11.480851,11.62132,Reuters
2023-12-05,MXN,USD,0.058798,0.058369,0.059228,Bloomberg
2023-12-05,COP,USD,0.000245,0.000242,0.000248,Central Bank
2023-12-05,ARS,USD,0.002857,0.002842,0.002872,Bloomberg
2023-12-05,USD,MXN,16.92019,16.720667,17.119714,Bloomberg
2023-12-05,USD,COP,3968.440418,3923.865601,4013.015235,Central Bank
2023-12-05,USD,ARS,352.255128,348.662306,355.847951,Internal
2023-12-05,MXN,COP,238.049237,236.378294,239.72018,Internal
2023-12-05,MXN,ARS,20.580206,20.423454,20.736958,Reuters
2023-12-05,COP,MXN,0.004303,0.004258,0.004347,Central Bank
2023-12-05,COP,ARS,0.089084,0.08861,0.089558,Internal
2023-12-05,ARS,MXN,0.04931,0.049005,0.049615,Internal
2023-12-05,ARS,COP,11.343798,11.244389,11.443208,Internal
2023-12-06,MXN,USD,0.057732,0.057341,0.058122,Reuters
2023-12-06,COP,USD,0.000254,0.000252,0.000256,Internal
2023-12-06,ARS,USD,0.002815,0.002781,0.00285,Internal
2023-12-06,USD,MXN,17.179528,16.995903,17.363152,Internal
2023-12-06,USD,COP,4025.612574,3977.894003,4073.331146,Internal
2023-12-06,USD,ARS,349.662755,344.927092,354.398417,Central Bank
2023-12-06,MXN,COP,234.271857,231.941576,236.602139,Internal
2023-12-06,MXN,ARS,20.684539,20.508148,20.860929,Reuters
2023-12-06,COP,MXN,0.004219,0.004197,0.004242,Central Bank
2023-12-06,COP,ARS,0.086199,0.085452,0.086946,Central Bank
2023-12-06,ARS,MXN,0.049087,0.048534,0.049639,Internal
2023-12-06,ARS,COP,11.244503,11.149471,11.339535,Reuters
2023-12-07,MXN,USD,0.058616,0.05829,0.058942,Bloomberg
2023-12-07,COP,USD,0.000247,0.000245,0.00025,Central Bank
2023-12-07,ARS,USD,0.002904,0.002888,0.00292,Reuters
2023-12-07,USD,MXN,16.73784,16.625734,16.849947,Reuters
2023-12-07,USD,COP,3925.980419,3880.526683,3971.434156,Internal
2023-12-07,USD,ARS,350.952692,346.034406,355.870977,Reuters
2023-12-07,MXN,COP,230.780257,228.542381,233.018133,Central Bank
2023-12-07,MXN,ARS,20.988277,20.804055,21.172499,Internal
2023-12-07,COP,MXN,0.00422,0.004195,0.004245,Internal
2023-12-07,COP,ARS,0.0861,0.085088,0.087112,Reuters
2023-12-07,ARS,MXN,0.048565,0.047928,0.049202,Reuters
2023-12-07,ARS,COP,11.276172,11.186017,11.366328,Internal
2023-12-08,MXN,USD,0.058122,0.057462,0.058782,Central Bank
2023-12-08,COP,USD,0.000253,0.000251,0.000256,Reuters
2023-12-08,ARS,USD,0.00283,0.002808,0.002853,Internal
2023-12-08,USD,MXN,17.20713,17.013623,17.400637,Central Bank
2023-12-08,USD,COP,4034.833095,3991.329797,4078.336393,Reuters
2023-12-08,USD,ARS,346.827109,343.128447,350.525771,Internal
2023-12-08,MXN,COP,234.608055,232.620183,236.595928,Central Bank
2023-12-08,MXN,ARS,20.71303,20.546944,20.879117,Reuters
2023-12-08,COP,MXN,0.004239,0.004195,0.004283,Bloomberg
2023-12-08,COP,ARS,0.0872,0.086545,0.087855,Internal
2023-12-08,ARS,MXN,0.048905,0.048392,0.049417,Central Bank
2023-12-08,ARS,COP,11.487014,11.370281,11.603748,Bloomberg
2023-12-09,MXN,USD,0.059004,0.058584,0.059425,Internal
2023-12-09,COP,USD,0.000248,0.000245,0.00025,Internal
2023-12-09,ARS,USD,0.002907,0.002871,0.002942,Central Bank
2023-12-09,USD,MXN,17.015143,16.868086,17.162201,Bloomberg
2023-12-09,USD,COP,3958.459832,3909.120262,4007.799402,Reuters
2023-12-09,USD,ARS,354.817708,351.587943,358.047473,Central Bank
2023-12-09,MXN,COP,236.554612,233.370665,239.738559,Reuters
2023-12-09,MXN,ARS,20.854821,20.615815,21.093826,Reuters
2023-12-09,COP,MXN,0.004282,0.00425,0.004313,Bloomberg
2023-12-09,COP,ARS,0.086147,0.085551,0.086744,Bloomberg
2023-12-09,ARS,MXN,0.049149,0.04875,0.049547,Internal
2023-12-09,ARS,COP,11.45592,11.348677,11.563163,Central Bank
2023-12-10,MXN,USD,0.058122,0.057673,0.058571,Central Bank
2023-12-10,COP,USD,0.000248,0.000244,0.000251,Bloomberg
2023-12-10,ARS,USD,0.002874,0.002858,0.002889,Internal
2023-12-10,USD,MXN,17.191919,17.096448,17.28739,Central Bank
2023-12-10,USD,COP,3970.224764,3938.543197,4001.906331,Central Bank
2023-12-10,USD,ARS,355.608048,352.382659,358.833438,Reuters
2023-12-10,MXN,COP,236.909855,233.626949,240.192761,Internal
2023-12-10,MXN,ARS,20.953192,20.696676,21.209709,Bloomberg
2023-12-10,COP,MXN,0.004205,0.00416,0.00425,Central Bank
2023-12-10,COP,ARS,0.087577,0.086413,0.088741,Reuters
2023-12-10,ARS,MXN,0.048565,0.048278,0.048851,Central Bank
2023-12-10,ARS,COP,11.553459,11.459482,11.647436,Internal
2023-12-11,MXN,USD,0.059543,0.058802,0.060284,Internal
2023-12-11,COP,USD,0.000247,0.000246,0.000249,Bloomberg
2023-12-11,ARS,USD,0.002911,0.002884,0.002938,Reuters
2023-12-11,USD,MXN,17.246772,17.150893,17.342651,Reuters
2023-12-11,USD,COP,4031.938837,4007.22461,4056.653063,Internal
2023-12-11,USD,ARS,349.647958,347.038372,352.257544,Reuters
2023-12-11,MXN,COP,238.865257,235.432829,242.297684,Reuters
2023-12-11,MXN,ARS,20.56783,20.389355,20.746305,Reuters
2023-12-11,COP,MXN,0.004169,0.004107,0.00423,Central Bank
2023-12-11,COP,ARS,0.088695,0.087664,0.089726,Central Bank
2023-12-11,ARS,MXN,0.048942,0.048311,0.049573,Bloomberg
2023-12-11,ARS,COP,11.315649,11.215541,11.415758,Reuters
2023-12-12,MXN,USD,0.059772,0.059064,0.060481,Bloomberg
2023-12-12,COP,USD,0.000254,0.000251,0.000256,Internal
2023-12-12,ARS,USD,0.002906,0.002865,0.002947,Reuters
2023-12-12,USD,MXN,16.72137,16.500195,16.942545,Bloomberg
2023-12-12,USD,COP,3967.587664,3913.651614,4021.523715,Bloomberg
2023-12-12,USD,ARS,355.822471,351.796864,359.848078,Internal
2023-12-12,MXN,COP,238.017105,236.174766,239.859444,Central Bank
2023-12-12,MXN,ARS,20.854398,20.553992,21.154805,Internal
2023-12-12,COP,MXN,0.00429,0.004229,0.004351,Reuters
2023-12-12,COP,ARS,0.088261,0.087046,0.089476,Central Bank
2023-12-12,ARS,MXN,0.049202,0.048612,0.049791,Central Bank
2023-12-12,ARS,COP,11.360849,11.235639,11.486058,Reuters
2023-12-13,MXN,USD,0.058714,0.058404,0.059023,Central Bank
2023-12-13,COP,USD,0.000251,0.00025,0.000253,Internal
2023-12-13,ARS,USD,0.00289,0.002872,0.002909,Internal
2023-12-13,USD,MXN,16.796051,16.660751,16.931351,Central Bank
2023-12-13,USD,COP,3937.732512,3908.215129,3967.249895,Bloomberg
2023-12-13,USD,ARS,354.857446,350.649712,359.06518,Reuters
2023-12-13,MXN,COP,234.837552,231.612044,238.063059,Bloomberg
2023-12-13,MXN,ARS,20.391148,20.14901,20.633286,Reuters
2023-12-13,COP,MXN,0.004301,0.004271,0.004331,Internal
2023-12-13,COP,ARS,0.087037,0.086259,0.087814,Internal
2023-12-13,ARS,MXN,0.049436,0.048751,0.05012,Bloomberg
2023-12-13,ARS,COP,11.209479,11.150856,11.268101,Bloomberg
2023-12-14,MXN,USD,0.059781,0.0589,0.060662,Bloomberg
2023-12-14,COP,USD,0.000248,0.000244,0.000251,Central Bank
2023-12-14,ARS,USD,0.002846,0.002819,0.002872,Reuters
2023-12-14,USD,MXN,16.761491,16.517103,17.005879,Bloomberg
2023-12-14,USD,COP,4071.558961,4046.423171,4096.694752,Internal
2023-12-14,USD,ARS,353.82703,348.773373,358.880688,Internal
2023-12-14,MXN,COP,231.703646,228.891774,234.515517,Bloomberg
2023-12-14,MXN,ARS,20.955573,20.680339,21.230806,Reuters
2023-12-14,COP,MXN,0.004214,0.004172,0.004256,Bloomberg
2023-12-14,COP,ARS,0.08726,0.086643,0.087876,Bloomberg
2023-12-14,ARS,MXN,0.049534,0.049146,0.049921,Bloomberg
2023-12-14,ARS,COP,11.391237,11.287745,11.494729,Bloomberg
2023-12-15,MXN,USD,0.057715,0.056863,0.058567,Bloomberg
2023-12-15,COP,USD,0.000251,0.000248,0.000255,Reuters
2023-12-15,ARS,USD,0.002867,0.002834,0.0029,Central Bank
2023-12-15,USD,MXN,16.667018,16.561481,16.772554,Reuters
2023-12-15,USD,COP,4075.903868,4039.320401,4112.487336,Bloomberg
2023-12-15,USD,ARS,352.986703,348.721024,357.252382,Reuters
2023-12-15,MXN,COP,231.275818,228.831232,233.720403,Central Bank
2023-12-15,MXN,ARS,20.450593,20.300313,20.600872,Reuters
2023-12-15,COP,MXN,0.004334,0.004272,0.004397,Central Bank
2023-12-15,COP,ARS,0.085769,0.084907,0.08663,Internal
2023-12-15,ARS,MXN,0.048188,0.047757,0.048619,Reuters
2023-12-15,ARS,COP,11.260452,11.103681,11.417223,Central Bank
2023-12-16,MXN,USD,0.059013,0.058564,0.059462,Internal
2023-12-16,COP,USD,0.000254,0.000251,0.000258,Bloomberg
2023-12-16,ARS,USD,0.00281,0.002776,0.002844,Internal
2023-12-16,USD,MXN,16.756421,16.65306,16.859782,Central Bank
2023-12-16,USD,COP,4076.562656,4035.829209,4117.296103,Reuters
2023-12-16,USD,ARS,353.469527,348.428214,358.51084,Reuters
2023-12-16,MXN,COP,239.085108,237.260371,240.909844,Reuters
2023-12-16,MXN,ARS,20.602213,20.409422,20.795003,Bloomberg
2023-12-16,COP,MXN,0.004219,0.004156,0.004282,Bloomberg
2023-12-16,COP,ARS,0.087695,0.086447,0.088943,Internal
2023-12-16,ARS,MXN,0.047703,0.047394,0.048013,Bloomberg
2023-12-16,ARS,COP,11.283722,11.174242,11.393202,Bloomberg
2023-12-17,MXN,USD,0.059308,0.058753,0.059864,Internal
2023-12-17,COP,USD,0.000245,0.000243,0.000248,Internal
2023-12-17,ARS,USD,0.002852,0.002835,0.00287,Bloomberg
2023-12-17,USD,MXN,16.744085,16.644696,16.843474,Reuters
2023-12-17,USD,COP,3948.904794,3922.514461,3975.295128,Reuters
2023-12-17,USD,ARS,350.885463,346.804182,354.966744,Bloomberg
2023-12-17,MXN,COP,236.080446,232.606222,239.55467,Bloomberg
2023-12-17,MXN,ARS,20.519404,20.401041,20.637767,Internal
2023-12-17,COP,MXN,0.00428,0.004221,0.004339,Central Bank
2023-12-17,COP,ARS,0.086745,0.08546,0.08803,Central Bank
2023-12-17,ARS,MXN,0.048366,0.047838,0.048893,Central Bank
2023-12-17,ARS,COP,11.582618,11.506894,11.658342,Central Bank
2023-12-18,MXN,USD,0.05873,0.058021,0.059439,Internal
2023-12-18,COP,USD,0.00025,0.000246,0.000253,Central Bank
2023-12-18,ARS,USD,0.002838,0.002822,0.002853,Internal
2023-12-18,USD,MXN,16.880943,16.673046,17.088839,Bloomberg
2023-12-18,USD,COP,3953.818698,3932.124796,3975.512599,Reuters
2023-12-18,USD,ARS,347.524392,345.593772,349.455012,Central Bank
2023-12-18,MXN,COP,235.737941,233.139422,238.33646,Central Bank
2023-12-18,MXN,ARS,20.504942,20.365917,20.643968,Internal
2023-12-18,COP,MXN,0.00418,0.004124,0.004237,Bloomberg
2023-12-18,COP,ARS,0.08711,0.086324,0.087896,Bloomberg
2023-12-18,ARS,MXN,0.047834,0.04736,0.048308,Internal
2023-12-18,ARS,COP,11.536407,11.372393,11.70042,Bloomberg
2023-12-19,MXN,USD,0.058492,0.058143,0.058841,Reuters
2023-12-19,COP,USD,0.00025,0.000248,0.000253,Internal
2023-12-19,ARS,USD,0.002854,0.002824,0.002885,Internal
2023-12-19,USD,MXN,16.721351,16.567091,16.875612,Reuters
2023-12-19,USD,COP,4018.218845,3980.684425,4055.753266,Internal
2023-12-19,USD,ARS,344.301264,340.812317,347.790212,Internal
2023-12-19,MXN,COP,236.95473,234.235412,239.674047,Bloomberg
2023-12-19,MXN,ARS,20.942903,20.727761,21.158045,Central Bank
2023-12-19,COP,MXN,0.004214,0.004175,0.004254,Internal
2023-12-19,COP,ARS,0.086801,0.085513,0.08809,Reuters
2023-12-19,ARS,MXN,0.049235,0.048731,0.049739,Reuters
2023-12-19,ARS,COP,11.459902,11.339459,11.580345,Central Bank
2023-12-20,MXN,USD,0.058855,0.05826,0.05945,Internal
2023-12-20,COP,USD,0.000246,0.000243,0.000249,Reuters
2023-12-20,ARS,USD,0.002841,0.00281,0.002871,Central Bank
2023-12-20,USD,MXN,16.737476,16.543057,16.931895,Bloomberg
2023-12-20,USD,COP,4045.788335,3991.457046,4100.119624,Central Bank
2023-12-20,USD,ARS,344.166068,339.427743,348.904393,Reuters
2023-12-20,MXN,COP,233.543025,230.684237,236.401812,Internal
2023-12-20,MXN,ARS,20.690197,20.531901,20.848492,Bloomberg
2023-12-20,COP,MXN,0.004201,0.004177,0.004225,Reuters
2023-12-20,COP,ARS,0.088801,0.088262,0.089339,Central Bank
2023-12-20,ARS,MXN,0.047611,0.047318,0.047905,Bloomberg
2023-12-20,ARS,COP,11.499795,11.389378,11.610212,Internal
2023-12-21,MXN,USD,0.059691,0.058816,0.060566,Internal
2023-12-21,COP,USD,0.000248,0.000245,0.000251,Reuters
2023-12-21,ARS,USD,0.002879,0.002837,0.002921,Internal
2023-12-21,USD,MXN,17.207156,17.10604,17.308271,Bloomberg
2023-12-21,USD,COP,3922.220147,3898.219591,3946.220702,Central Bank
2023-12-21,USD,ARS,352.744454,350.316792,355.172116,Central Bank
2023-12-21,MXN,COP,232.557454,229.886245,235.228663,Bloomberg
2023-12-21,MXN,ARS,20.535355,20.304115,20.766595,Bloomberg
2023-12-21,COP,MXN,0.00418,0.004127,0.004233,Bloomberg
2023-12-21,COP,ARS,0.087409,0.086953,0.087865,Bloomberg
2023-12-21,ARS,MXN,0.049353,0.048742,0.049965,Internal
2023-12-21,ARS,COP,11.640625,11.527537,11.753712,Internal
2023-12-22,MXN,USD,0.059024,0.05861,0.059438,Internal
2023-12-22,COP,USD,0.000246,0.000244,0.000247,Internal
2023-12-22,ARS,USD,0.002912,0.002873,0.002951,Reuters
2023-12-22,USD,MXN,16.685172,16.535058,16.835285,Internal
2023-12-22,USD,COP,3957.104926,3934.917253,3979.292598,Central Bank
2023-12-22,USD,ARS,348.908064,346.061497,351.754631,Central Bank
2023-12-22,MXN,COP,233.109166,230.432373,235.785959,Internal
2023-12-22,MXN,ARS,20.272775,20.045173,20.500376,Reuters
2023-12-22,COP,MXN,0.004241,0.004202,0.004281,Bloomberg
2023-12-22,COP,ARS,0.086758,0.086157,0.087359,Reuters
2023-12-22,ARS,MXN,0.048451,0.047963,0.048939,Reuters
2023-12-22,ARS,COP,11.621365,11.464075,11.778655,Internal
2023-12-23,MXN,USD,0.057956,0.057496,0.058415,Internal
2023-12-23,COP,USD,0.000255,0.000251,0.000258,Reuters
2023-12-23,ARS,USD,0.002891,0.002853,0.002929,Bloomberg
2023-12-23,USD,MXN,17.082853,16.949187,17.216519,Central Bank
2023-12-23,USD,COP,4026.729032,4001.397019,4052.061046,Bloomberg
2023-12-23,USD,ARS,345.188397,341.763487,348.613307,Internal
2023-12-23,MXN,COP,239.464044,237.08443,241.843658,Bloomberg
2023-12-23,MXN,ARS,20.348945,20.237626,20.460264,Central Bank
2023-12-23,COP,MXN,0.004226,0.004194,0.004258,Bloomberg
2023-12-23,COP,ARS,0.086362,0.085187,0.087536,Central Bank
2023-12-23,ARS,MXN,0.049168,0.048756,0.049579,Central Bank
2023-12-23,ARS,COP,11.482314,11.411045,11.553584,Bloomberg
2023-12-24,MXN,USD,0.058791,0.057913,0.05967,Reuters
2023-12-24,COP,USD,0.000253,0.000249,0.000256,Reuters
2023-12-24,ARS,USD,0.002902,0.002863,0.002942,Central Bank
2023-12-24,USD,MXN,17.140355,16.895826,17.384885,Internal
2023-12-24,USD,COP,4047.837902,3988.632318,4107.043486,Central Bank
2023-12-24,USD,ARS,356.645237,352.074284,361.216189,Central Bank
2023-12-24,MXN,COP,238.339861,237.048132,239.63159,Central Bank
2023-12-24,MXN,ARS,20.314038,20.188485,20.439591,Bloomberg
2023-12-24,COP,MXN,0.00432,0.004291,0.004348,Reuters
2023-12-24,COP,ARS,0.088229,0.087115,0.089342,Internal
2023-12-24,ARS,MXN,0.049023,0.048729,0.049317,Reuters
2023-12-24,ARS,COP,11.352963,11.280557,11.42537,Bloomberg
2023-12-25,MXN,USD,0.05868,0.058143,0.059218,Central Bank
2023-12-25,COP,USD,0.000247,0.000244,0.000251,Reuters
2023-12-25,ARS,USD,0.002833,0.002814,0.002852,Reuters
2023-12-25,USD,MXN,16.913257,16.701022,17.125492,Reuters
2023-12-25,USD,COP,4020.710464,3990.738027,4050.682902,Internal
2023-12-25,USD,ARS,354.02102,351.762386,356.279654,Internal
2023-12-25,MXN,COP,234.479147,232.347007,236.611288,Internal
2023-12-25,MXN,ARS,20.960339,20.74735,21.173329,Reuters
2023-12-25,COP,MXN,0.004325,0.004285,0.004366,Central Bank
2023-12-25,COP,ARS,0.088262,0.087364,0.08916,Central Bank
2023-12-25,ARS,MXN,0.047765,0.047376,0.048154,Bloomberg
2023-12-25,ARS,COP,11.398433,11.296615,11.500251,Central Bank
2023-12-26,MXN,USD,0.0592,0.058525,0.059876,Central Bank
2023-12-26,COP,USD,0.000255,0.000251,0.000259,Reuters
2023-12-26,ARS,USD,0.002848,0.002808,0.002887,Reuters
2023-12-26,USD,MXN,17.150655,17.011101,17.290209,Reuters
2023-12-26,USD,COP,3921.264357,3890.687093,3951.841622,Bloomberg
2023-12-26,USD,ARS,352.804131,349.465937,356.142325,Bloomberg
2023-12-26,MXN,COP,238.941927,236.25536,241.628494,Internal
2023-12-26,MXN,ARS,20.750858,20.462904,21.038813,Internal
2023-12-26,COP,MXN,0.004297,0.004237,0.004356,Central Bank
2023-12-26,COP,ARS,0.085879,0.085163,0.086596,Bloomberg
2023-12-26,ARS,MXN,0.048611,0.048105,0.049117,Bloomberg
2023-12-26,ARS,COP,11.242432,11.124185,11.360678,Reuters
2023-12-27,MXN,USD,0.059428,0.059036,0.059821,Central Bank
2023-12-27,COP,USD,0.000254,0.000251,0.000257,Reuters
2023-12-27,ARS,USD,0.002828,0.002792,0.002864,Internal
2023-12-27,USD,MXN,17.331129,17.225333,17.436926,Central Bank
2023-12-27,USD,COP,4054.653351,4023.84786,4085.458841,Reuters
2023-12-27,USD,ARS,344.733382,340.401601,349.065164,Central Bank
2023-12-27,MXN,COP,234.811641,232.293438,237.329844,Central Bank
2023-12-27,MXN,ARS,20.549651,20.244909,20.854392,Bloomberg
2023-12-27,COP,MXN,0.004225,0.004191,0.004258,Bloomberg
2023-12-27,COP,ARS,0.08825,0.08735,0.08915,Bloomberg
2023-12-27,ARS,MXN,0.047804,0.047319,0.04829,Bloomberg
2023-12-27,ARS,COP,11.576157,11.476455,11.675858,Central Bank
2023-12-28,MXN,USD,0.057992,0.057455,0.058529,Internal
2023-12-28,COP,USD,0.000246,0.000244,0.000247,Bloomberg
2023-12-28,ARS,USD,0.002854,0.002827,0.002881,Reuters
2023-12-28,USD,MXN,17.120239,16.965686,17.274793,Internal
2023-12-28,USD,COP,4059.522367,4015.504812,4103.539921,Internal
2023-12-28,USD,ARS,356.951165,352.706952,361.195378,Internal
2023-12-28,MXN,COP,237.474983,235.297522,239.652444,Bloomberg
2023-12-28,MXN,ARS,20.295344,20.168067,20.422621,Internal
2023-12-28,COP,MXN,0.004187,0.004137,0.004237,Central Bank
2023-12-28,COP,ARS,0.088181,0.087338,0.089023,Central Bank
2023-12-28,ARS,MXN,0.04905,0.048342,0.049759,Reuters
2023-12-28,ARS,COP,11.621347,11.549438,11.693256,Internal
2023-12-29,MXN,USD,0.057907,0.057403,0.05841,Reuters
2023-12-29,COP,USD,0.000245,0.000244,0.000247,Reuters
2023-12-29,ARS,USD,0.002835,0.00281,0.00286,Reuters
2023-12-29,USD,MXN,16.990429,16.771048,17.20981,Bloomberg
2023-12-29,USD,COP,4045.4068,4008.117981,4082.695619,Reuters
2023-12-29,USD,ARS,355.446801,352.903289,357.990312,Internal
2023-12-29,MXN,COP,230.607866,228.192163,233.023569,Central Bank
2023-12-29,MXN,ARS,20.893292,20.701581,21.085004,Reuters
2023-12-29,COP,MXN,0.004261,0.004202,0.004321,Internal
2023-12-29,COP,ARS,0.087413,0.086347,0.08848,Bloomberg
2023-12-29,ARS,MXN,0.04908,0.048587,0.049574,Internal
2023-12-29,ARS,COP,11.548196,11.413403,11.682989,Bloomberg
2023-12-30,MXN,USD,0.059686,0.059193,0.060178,Internal
2023-12-30,COP,USD,0.000249,0.000245,0.000252,Reuters
2023-12-30,ARS,USD,0.002862,0.00282,0.002904,Internal
2023-12-30,USD,MXN,17.160421,16.963777,17.357065,Bloomberg
2023-12-30,USD,COP,4033.15338,3989.918186,4076.388574,Reuters
2023-12-30,USD,ARS,350.854621,348.666054,353.043188,Central Bank
2023-12-30,MXN,COP,232.39931,229.79945,234.999171,Central Bank
2023-12-30,MXN,ARS,20.964829,20.75062,21.179038,Internal
2023-12-30,COP,MXN,0.00425,0.004228,0.004272,Bloomberg
2023-12-30,COP,ARS,0.089118,0.088428,0.089809,Bloomberg
2023-12-30,ARS,MXN,0.048077,0.047497,0.048656,Internal
2023-12-30,ARS,COP,11.238696,11.122539,11.354853,Reuters
2023-12-31,MXN,USD,0.058592,0.058273,0.058912,Central Bank
2023-12-31,COP,USD,0.000248,0.000247,0.00025,Central Bank
2023-12-31,ARS,USD,0.002898,0.002875,0.002922,Reuters
2023-12-31,USD,MXN,16.721897,16.474449,16.969345,Bloomberg
2023-12-31,USD,COP,3965.656276,3938.583973,3992.728579,Central Bank
2023-12-31,USD,ARS,345.159183,340.146903,350.171463,Bloomberg
2023-12-31,MXN,COP,231.142718,227.765437,234.519998,Bloomberg
2023-12-31,MXN,ARS,20.198847,20.086036,20.311658,Internal
2023-12-31,COP,MXN,0.004182,0.004155,0.004209,Reuters
2023-12-31,COP,ARS,0.086653,0.085404,0.087902,Central Bank
2023-12-31,ARS,MXN,0.047701,0.047348,0.048054,Bloomberg
2023-12-31,ARS,COP,11.425362,11.282272,11.568452,Internal
2024-01-01,MXN,USD,0.059881,0.05942,0.060341,Reuters
2024-01-01,COP,USD,0.00025,0.000247,0.000252,Internal
2024-01-01,ARS,USD,0.002803,0.002772,0.002835,Central Bank
2024-01-01,USD,MXN,16.843029,16.596535,17.089522,Central Bank
2024-01-01,USD,COP,3959.410575,3917.650377,4001.170774,Bloomberg
2024-01-01,USD,ARS,347.26458,344.115772,350.413387,Central Bank
2024-01-01,MXN,COP,238.553203,236.16664,240.939767,Bloomberg
2024-01-01,MXN,ARS,20.483898,20.179649,20.788148,Bloomberg
2024-01-01,COP,MXN,0.004256,0.004217,0.004296,Internal
2024-01-01,COP,ARS,0.085896,0.084769,0.087024,Reuters
2024-01-01,ARS,MXN,0.048869,0.048543,0.049195,Central Bank
2024-01-01,ARS,COP,11.626746,11.51255,11.740942,Reuters
2024-01-02,MXN,USD,0.059622,0.059098,0.060147,Reuters
2024-01-02,COP,USD,0.000253,0.000252,0.000255,Reuters
2024-01-02,ARS,USD,0.002805,0.00277,0.00284,Central Bank
2024-01-02,USD,MXN,16.864434,16.713446,17.015422,Central Bank
2024-01-02,USD,COP,4052.879697,4003.228931,4102.530464,Reuters
2024-01-02,USD,ARS,355.29591,352.770289,357.821532,Reuters
2024-01-02,MXN,COP,238.907592,235.454401,242.360782,Reuters
2024-01-02,MXN,ARS,20.983233,20.729807,21.236659,Reuters
2024-01-02,COP,MXN,0.004207,0.004144,0.004269,Reuters
2024-01-02,COP,ARS,0.086487,0.085225,0.087749,Reuters
2024-01-02,ARS,MXN,0.047631,0.047063,0.048199,Central Bank
2024-01-02,ARS,COP,11.478303,11.42042,11.536185,Central Bank
2024-01-03,MXN,USD,0.05923,0.058689,0.059771,Internal
2024-01-03,COP,USD,0.000253,0.00025,0.000255,Central Bank
2024-01-03,ARS,USD,0.002862,0.002822,0.002901,Internal
2024-01-03,USD,MXN,17.117127,16.971119,17.263135,Internal
2024-01-03,USD,COP,4052.394694,4017.626535,4087.162852,Bloomberg
2024-01-03,USD,ARS,354.748041,350.094209,359.401873,Central Bank
2024-01-03,MXN,COP,231.762483,229.745036,233.779931,Bloomberg
2024-01-03,MXN,ARS,20.542593,20.394374,20.690812,Central Bank
2024-01-03,COP,MXN,0.004294,0.004243,0.004345,Reuters
2024-01-03,COP,ARS,0.08642,0.085283,0.087558,Reuters
2024-01-03,ARS,MXN,0.049171,0.048816,0.049525,Internal
2024-01-03,ARS,COP,11.642193,11.579698,11.704688,Internal
2024-01-04,MXN,USD,0.059775,0.059054,0.060497,Bloomberg
2024-01-04,COP,USD,0.000245,0.000241,0.000249,Internal
2024-01-04,ARS,USD,0.002813,0.002791,0.002835,Internal
2024-01-04,USD,MXN,16.775924,16.659538,16.892311,Bloomberg
2024-01-04,USD,COP,3930.4577,3905.764741,3955.150659,Central Bank
2024-01-04,USD,ARS,344.784033,339.841335,349.72673,Bloomberg
2024-01-04,MXN,COP,238.880029,235.944435,241.815623,Reuters
2024-01-04,MXN,ARS,20.334466,20.09493,20.574002,Reuters
2024-01-04,COP,MXN,0.004281,0.004222,0.00434,Central Bank
2024-01-04,COP,ARS,0.089033,0.088017,0.090048,Central Bank
2024-01-04,ARS,MXN,0.049259,0.048854,0.049664,Internal
2024-01-04,ARS,COP,11.325273,11.191616,11.458931,Internal
2024-01-05,MXN,USD,0.058813,0.058215,0.059411,Central Bank
2024-01-05,COP,USD,0.000254,0.000252,0.000256,Reuters
2024-01-05,ARS,USD,0.002905,0.002875,0.002935,Reuters
2024-01-05,USD,MXN,16.663508,16.547762,16.779254,Central Bank
2024-01-05,USD,COP,4060.815753,4007.713566,4113.917941,Bloomberg
2024-01-05,USD,ARS,356.693339,353.398133,359.988544,Central Bank
2024-01-05,MXN,COP,239.218779,237.551718,240.885839,Reuters
2024-01-05,MXN,ARS,20.432428,20.20236,20.662496,Central Bank
2024-01-05,COP,MXN,0.00417,0.004131,0.004209,Central Bank
2024-01-05,COP,ARS,0.087824,0.086835,0.088813,Reuters
2024-01-05,ARS,MXN,0.049233,0.048865,0.049601,Internal
2024-01-05,ARS,COP,11.308964,11.213878,11.40405,Central Bank
2024-01-06,MXN,USD,0.05958,0.058973,0.060188,Bloomberg
2024-01-06,COP,USD,0.000254,0.000251,0.000258,Internal
2024-01-06,ARS,USD,0.002887,0.002855,0.00292,Central Bank
2024-01-06,USD,MXN,16.718164,16.624427,16.8119,Central Bank
2024-01-06,USD,COP,3980.383221,3925.052561,4035.713881,Central Bank
2024-01-06,USD,ARS,353.957047,351.967801,355.946294,Internal
2024-01-06,MXN,COP,231.103895,228.536935,233.670855,Internal
2024-01-06,MXN,ARS,20.230651,19.992422,20.46888,Central Bank
2024-01-06,COP,MXN,0.004215,0.004178,0.004252,Central Bank
2024-01-06,COP,ARS,0.087911,0.08711,0.088712,Central Bank
2024-01-06,ARS,MXN,0.048481,0.048013,0.048948,Internal
2024-01-06,ARS,COP,11.602257,11.472401,11.732113,Reuters
2024-01-07,MXN,USD,0.059179,0.058483,0.059874,Central Bank
2024-01-07,COP,USD,0.00025,0.000247,0.000252,Bloomberg
2024-01-07,ARS,USD,0.002812,0.002798,0.002827,Central Bank
2024-01-07,USD,MXN,17.063163,16.834383,17.291942,Bloomberg
2024-01-07,USD,COP,4021.978198,3991.560536,4052.39586,Internal
2024-01-07,USD,ARS,349.73959,345.819531,353.65965,Bloomberg
2024-01-07,MXN,COP,232.876729,229.856258,235.8972,Central Bank
2024-01-07,MXN,ARS,20.281619,20.061661,20.501578,Reuters
2024-01-07,COP,MXN,0.004218,0.004159,0.004276,Bloomberg
2024-01-07,COP,ARS,0.086266,0.085568,0.086964,Reuters
2024-01-07,ARS,MXN,0.048165,0.047457,0.048874,Bloomberg
2024-01-07,ARS,COP,11.226202,11.113142,11.339262,Central Bank
2024-01-08,MXN,USD,0.05864,0.058232,0.059048,Bloomberg
2024-01-08,COP,USD,0.000251,0.00025,0.000253,Central Bank
2024-01-08,ARS,USD,0.002839,0.002806,0.002872,Internal
2024-01-08,USD,MXN,17.067838,16.92598,17.209697,Reuters
2024-01-08,USD,COP,4018.576502,3981.658029,4055.494975,Bloomberg
2024-01-08,USD,ARS,344.467871,339.727629,349.208112,Central Bank
2024-01-08,MXN,COP,235.255818,231.915295,238.596342,Bloomberg
2024-01-08,MXN,ARS,20.747358,20.546827,20.947889,Bloomberg
2024-01-08,COP,MXN,0.004206,0.004154,0.004258,Reuters
2024-01-08,COP,ARS,0.088575,0.0878,0.089351,Internal
2024-01-08,ARS,MXN,0.047958,0.047243,0.048672,Reuters
2024-01-08,ARS,COP,11.204522,11.1084,11.300644,Central Bank
2024-01-09,MXN,USD,0.057982,0.057437,0.058527,Reuters
2024-01-09,COP,USD,0.000245,0.000244,0.000247,Bloomberg
2024-01-09,ARS,USD,0.002832,0.002812,0.002853,Reuters
2024-01-09,USD,MXN,17.148809,17.00479,17.292828,Bloomberg
2024-01-09,USD,COP,3948.566629,3927.975169,3969.158089,Reuters
2024-01-09,USD,ARS,355.749085,353.895655,357.602516,Bloomberg
2024-01-09,MXN,COP,234.154567,231.140028,237.169106,Central Bank
2024-01-09,MXN,ARS,20.455139,20.309859,20.600419,Internal
2024-01-09,COP,MXN,0.004206,0.004151,0.004261,Bloomberg
2024-01-09,COP,ARS,0.089044,0.087729,0.090359,Internal
2024-01-09,ARS,MXN,0.049307,0.049028,0.049585,Bloomberg
2024-01-09,ARS,COP,11.603531,11.530336,11.676725,Bloomberg
2024-01-10,MXN,USD,0.058098,0.057588,0.058608,Reuters
2024-01-10,COP,USD,0.000248,0.000246,0.00025,Bloomberg
2024-01-10,ARS,USD,0.002905,0.002869,0.002942,Bloomberg
2024-01-10,USD,MXN,17.241016,17.104091,17.377941,Bloomberg
2024-01-10,USD,COP,3972.428897,3950.451077,3994.406716,Reuters
2024-01-10,USD,ARS,355.219921,350.419114,360.020727,Internal
2024-01-10,MXN,COP,232.55753,231.205423,233.909637,Internal
2024-01-10,MXN,ARS,20.82788,20.595673,21.060087,Bloomberg
2024-01-10,COP,MXN,0.004251,0.004198,0.004305,Reuters
2024-01-10,COP,ARS,0.087495,0.086651,0.088339,Reuters
2024-01-10,ARS,MXN,0.048984,0.048482,0.049487,Internal
2024-01-10,ARS,COP,11.527154,11.412483,11.641825,Reuters
2024-01-11,MXN,USD,0.059015,0.058343,0.059686,Central Bank
2024-01-11,COP,USD,0.000247,0.000244,0.000251,Internal
2024-01-11,ARS,USD,0.002899,0.002873,0.002925,Reuters
2024-01-11,USD,MXN,16.949016,16.800359,17.097672,Bloomberg
2024-01-11,USD,COP,4069.679825,4034.106454,4105.253196,Central Bank
2024-01-11,USD,ARS,344.880624,342.866424,346.894824,Internal
2024-01-11,MXN,COP,235.471254,233.751896,237.190612,Central Bank
2024-01-11,MXN,ARS,20.55962,20.329121,20.790119,Internal
2024-01-11,COP,MXN,0.004242,0.004202,0.004281,Reuters
2024-01-11,COP,ARS,0.088566,0.087842,0.089289,Internal
2024-01-11,ARS,MXN,0.047648,0.047199,0.048097,Reuters
2024-01-11,ARS,COP,11.495019,11.396266,11.593772,Central Bank
2024-01-12,MXN,USD,0.05834,0.057756,0.058924,Central Bank
2024-01-12,COP,USD,0.000253,0.000249,0.000256,Central Bank
2024-01-12,ARS,USD,0.002814,0.002789,0.002838,Bloomberg
2024-01-12,USD,MXN,16.886955,16.688515,17.085395,Reuters
2024-01-12,USD,COP,3968.434493,3916.227167,4020.64182,Reuters
2024-01-12,USD,ARS,345.668994,341.852691,349.485297,Bloomberg
2024-01-12,MXN,COP,239.984989,236.979457,242.990521,Reuters
2024-01-12,MXN,ARS,20.183498,20.022137,20.34486,Reuters
2024-01-12,COP,MXN,0.004298,0.004259,0.004337,Internal
2024-01-12,COP,ARS,0.088627,0.087512,0.089741,Central Bank
2024-01-12,ARS,MXN,0.048517,0.048026,0.049008,Bloomberg
2024-01-12,ARS,COP,11.595642,11.511274,11.680009,Bloomberg
2024-01-13,MXN,USD,0.058763,0.058166,0.05936,Internal
2024-01-13,COP,USD,0.000252,0.00025,0.000255,Central Bank
2024-01-13,ARS,USD,0.002836,0.002816,0.002855,Internal
2024-01-13,USD,MXN,16.802518,16.642898,16.962137,Central Bank
2024-01-13,USD,COP,3979.952027,3937.067707,4022.836346,Bloomberg
2024-01-13,USD,ARS,347.278007,342.979382,351.576632,Internal
2024-01-13,MXN,COP,238.215542,235.037035,241.39405,Reuters
2024-01-13,MXN,ARS,20.362169,20.173672,20.550665,Internal
2024-01-13,COP,MXN,0.004295,0.004244,0.004346,Reuters
2024-01-13,COP,ARS,0.086891,0.086437,0.087346,Central Bank
2024-01-13,ARS,MXN,0.049392,0.049069,0.049714,Reuters
2024-01-13,ARS,COP,11.459744,11.310866,11.608623,Internal
2024-01-14,MXN,USD,0.059953,0.059531,0.060376,Internal
2024-01-14,COP,USD,0.000246,0.000243,0.000248,Internal
2024-01-14,ARS,USD,0.002812,0.002782,0.002842,Internal
2024-01-14,USD,MXN,17.094522,16.956972,17.232073,Bloomberg
2024-01-14,USD,COP,3936.690108,3895.240432,3978.139785,Central Bank
2024-01-14,USD,ARS,354.570648,350.658443,358.482852,Central Bank
2024-01-14,MXN,COP,232.345337,231.022152,233.668523,Internal
2024-01-14,MXN,ARS,20.410203,20.260588,20.559818,Central Bank
2024-01-14,COP,MXN,0.004242,0.004205,0.004279,Central Bank
2024-01-14,COP,ARS,0.086351,0.085177,0.087526,Internal
2024-01-14,ARS,MXN,0.04836,0.047639,0.04908,Bloomberg
2024-01-14,ARS,COP,11.445236,11.333273,11.557199,Central Bank
2024-01-15,MXN,USD,0.058562,0.05774,0.059384,Bloomberg
2024-01-15,COP,USD,0.000246,0.000245,0.000248,Internal
2024-01-15,ARS,USD,0.002893,0.00286,0.002927,Bloomberg
2024-01-15,USD,MXN,17.070522,16.824851,17.316194,Bloomberg
2024-01-15,USD,COP,4000.396003,3952.997874,4047.794133,Reuters
2024-01-15,USD,ARS,345.823838,340.66731,350.980366,Internal
2024-01-15,MXN,COP,231.190306,229.111358,233.269255,Bloomberg
2024-01-15,MXN,ARS,20.609529,20.318872,20.900186,Internal
2024-01-15,COP,MXN,0.004243,0.004198,0.004289,Central Bank
2024-01-15,COP,ARS,0.086758,0.08556,0.087956,Internal
2024-01-15,ARS,MXN,0.048274,0.047626,0.048922,Reuters
2024-01-15,ARS,COP,11.378784,11.228194,11.529374,Bloomberg
2024-01-16,MXN,USD,0.058624,0.058225,0.059022,Internal
2024-01-16,COP,USD,0.00025,0.000246,0.000253,Bloomberg
2024-01-16,ARS,USD,0.00288,0.002863,0.002897,Central Bank
2024-01-16,USD,MXN,16.822993,16.592427,17.053559,Reuters
2024-01-16,USD,COP,4061.208933,4019.064243,4103.353623,Central Bank
2024-01-16,USD,ARS,352.772616,348.46029,357.084941,Bloomberg
2024-01-16,MXN,COP,239.141049,236.961809,241.320289,Central Bank
2024-01-16,MXN,ARS,20.996143,20.875093,21.117193,Central Bank
2024-01-16,COP,MXN,0.004251,0.004196,0.004305,Internal
2024-01-16,COP,ARS,0.087328,0.086671,0.087986,Central Bank
2024-01-16,ARS,MXN,0.048498,0.04822,0.048776,Internal
2024-01-16,ARS,COP,11.374243,11.232524,11.515961,Bloomberg
2024-01-17,MXN,USD,0.05858,0.058281,0.05888,Central Bank
2024-01-17,COP,USD,0.000252,0.00025,0.000254,Internal
2024-01-17,ARS,USD,0.002855,0.002839,0.002872,Bloomberg
2024-01-17,USD,MXN,17.145235,16.984461,17.30601,Internal
2024-01-17,USD,COP,4051.26827,3996.917973,4105.618568,Bloomberg
2024-01-17,USD,ARS,354.738942,350.812022,358.665861,Bloomberg
2024-01-17,MXN,COP,233.356656,230.942222,235.771089,Internal
2024-01-17,MXN,ARS,20.315197,20.077226,20.553168,Central Bank
2024-01-17,COP,MXN,0.00428,0.004252,0.004308,Reuters
2024-01-17,COP,ARS,0.086373,0.085324,0.087422,Bloomberg
2024-01-17,ARS,MXN,0.048459,0.048193,0.048724,Central Bank
2024-01-17,ARS,COP,11.378568,11.286593,11.470544,Central Bank
2024-01-18,MXN,USD,0.059055,0.058731,0.059379,Internal
2024-01-18,COP,USD,0.000253,0.000249,0.000256,Reuters
2024-01-18,ARS,USD,0.002904,0.002884,0.002924,Central Bank
2024-01-18,USD,MXN,16.946744,16.694358,17.199131,Reuters
2024-01-18,USD,COP,4051.284248,4003.480733,4099.087762,Central Bank
2024-01-18,USD,ARS,346.08795,341.304024,350.871875,Bloomberg
2024-01-18,MXN,COP,237.402461,236.110962,238.69396,Central Bank
2024-01-18,MXN,ARS,20.848161,20.676648,21.019675,Bloomberg
2024-01-18,COP,MXN,0.004271,0.00421,0.004332,Internal
2024-01-18,COP,ARS,0.089036,0.088483,0.089589,Bloomberg
2024-01-18,ARS,MXN,0.047806,0.047412,0.048199,Central Bank
2024-01-18,ARS,COP,11.383835,11.290916,11.476755,Internal
2024-01-19,MXN,USD,0.058148,0.057729,0.058566,Reuters
2024-01-19,COP,USD,0.000251,0.000249,0.000254,Central Bank
2024-01-19,ARS,USD,0.002901,0.002875,0.002928,Internal
2024-01-19,USD,MXN,17.32851,17.224224,17.432795,Bloomberg
2024-01-19,USD,COP,3960.310425,3936.756693,3983.864156,Reuters
2024-01-19,USD,ARS,356.739823,352.472089,361.007556,Bloomberg
2024-01-19,MXN,COP,233.713379,231.059906,236.366852,Reuters
2024-01-19,MXN,ARS,20.9819,20.737173,21.226627,Central Bank
2024-01-19,COP,MXN,0.004222,0.004175,0.004269,Internal
2024-01-19,COP,ARS,0.087088,0.086095,0.088082,Bloomberg
2024-01-19,ARS,MXN,0.048578,0.047993,0.049163,Central Bank
2024-01-19,ARS,COP,11.306334,11.180116,11.432552,Central Bank
2024-01-20,MXN,USD,0.058374,0.057651,0.059096,Bloomberg
2024-01-20,COP,USD,0.000251,0.00025,0.000253,Reuters
2024-01-20,ARS,USD,0.002857,0.002837,0.002877,Internal
2024-01-20,USD,MXN,16.798982,16.708619,16.889345,Internal
2024-01-20,USD,COP,4038.280902,4004.816078,4071.745726,Reuters
2024-01-20,USD,ARS,347.445541,342.974018,351.917064,Central Bank
2024-01-20,MXN,COP,235.490568,232.011036,238.9701,Reuters
2024-01-20,MXN,ARS,20.794571,20.642977,20.946166,Reuters
2024-01-20,COP,MXN,0.004223,0.004193,0.004253,Central Bank
2024-01-20,COP,ARS,0.088923,0.087887,0.089959,Bloomberg
2024-01-20,ARS,MXN,0.049157,0.048569,0.049745,Bloomberg
2024-01-20,ARS,COP,11.477972,11.376795,11.579148,Reuters
2024-01-21,MXN,USD,0.058079,0.057423,0.058735,Central Bank
2024-01-21,COP,USD,0.000254,0.000252,0.000255,Bloomberg
2024-01-21,ARS,USD,0.002806,0.002764,0.002848,Bloomberg
2024-01-21,USD,MXN,16.745381,16.632572,16.858191,Bloomberg
2024-01-21,USD,COP,3957.809621,3934.92697,3980.692271,Internal
2024-01-21,USD,ARS,347.360482,343.11687,351.604093,Bloomberg
2024-01-21,MXN,COP,234.578981,231.984887,237.173076,Reuters
2024-01-21,MXN,ARS,20.411467,20.217911,20.605023,Bloomberg
2024-01-21,COP,MXN,0.004211,0.004157,0.004265,Central Bank
2024-01-21,COP,ARS,0.089079,0.088313,0.089844,Internal
2024-01-21,ARS,MXN,0.047926,0.047475,0.048377,Internal
2024-01-21,ARS,COP,11.547577,11.395195,11.699959,Internal
2024-01-22,MXN,USD,0.057694,0.057185,0.058202,Central Bank
2024-01-22,COP,USD,0.000253,0.000249,0.000256,Bloomberg
2024-01-22,ARS,USD,0.002863,0.002844,0.002883,Internal
2024-01-22,USD,MXN,16.975283,16.813406,17.13716,Internal
2024-01-22,USD,COP,4009.942736,3970.61144,4049.274032,Reuters
2024-01-22,USD,ARS,344.913189,341.570089,348.256289,Bloomberg
2024-01-22,MXN,COP,239.210654,238.0046,240.416707,Reuters
2024-01-22,MXN,ARS,20.581197,20.287773,20.874621,Internal
2024-01-22,COP,MXN,0.00433,0.004292,0.004368,Internal
2024-01-22,COP,ARS,0.086827,0.085536,0.088119,Central Bank
2024-01-22,ARS,MXN,0.048394,0.048133,0.048655,Central Bank
2024-01-22,ARS,COP,11.37592,11.254698,11.497143,Bloomberg
2024-01-23,MXN,USD,0.059442,0.058576,0.060308,Reuters
2024-01-23,COP,USD,0.00025,0.000248,0.000253,Reuters
2024-01-23,ARS,USD,0.00288,0.002846,0.002913,Internal
2024-01-23,USD,MXN,17.160252,17.032862,17.287641,Central Bank
2024-01-23,USD,COP,4067.434968,4032.397502,4102.472434,Central Bank
2024-01-23,USD,ARS,352.7646,348.724269,356.804931,Reuters
2024-01-23,MXN,COP,236.286453,232.87385,239.699056,Bloomberg
2024-01-23,MXN,ARS,20.385884,20.161201,20.610567,Bloomberg
2024-01-23,COP,MXN,0.004167,0.004114,0.00422,Internal
2024-01-23,COP,ARS,0.087142,0.086195,0.088088,Central Bank
2024-01-23,ARS,MXN,0.048607,0.048273,0.048942,Internal
2024-01-23,ARS,COP,11.275805,11.171293,11.380317,Reuters
2024-01-24,MXN,USD,0.058825,0.058217,0.059433,Internal
2024-01-24,COP,USD,0.000251,0.000248,0.000254,Central Bank
2024-01-24,ARS,USD,0.002812,0.002782,0.002843,Reuters
2024-01-24,USD,MXN,17.213675,17.081298,17.346052,Bloomberg
2024-01-24,USD,COP,4068.802699,4032.266062,4105.339335,Reuters
2024-01-24,USD,ARS,343.089884,340.796676,345.383093,Internal
2024-01-24,MXN,COP,230.603092,229.28902,231.917165,Internal
2024-01-24,MXN,ARS,20.608792,20.370859,20.846725,Internal
2024-01-24,COP,MXN,0.004194,0.004157,0.004231,Bloomberg
2024-01-24,COP,ARS,0.086443,0.085854,0.087033,Central Bank
2024-01-24,ARS,MXN,0.048476,0.047838,0.049113,Bloomberg
2024-01-24,ARS,COP,11.291859,11.15072,11.432997,Bloomberg
2024-01-25,MXN,USD,0.058257,0.05744,0.059074,Internal
2024-01-25,COP,USD,0.000249,0.000246,0.000253,Central Bank
2024-01-25,ARS,USD,0.002899,0.00288,0.002919,Reuters
2024-01-25,USD,MXN,16.718281,16.613845,16.822717,Central Bank
2024-01-25,USD,COP,3974.744307,3931.592638,4017.895975,Internal
2024-01-25,USD,ARS,349.792721,345.383466,354.201976,Central Bank
2024-01-25,MXN,COP,231.162884,228.26919,234.056578,Central Bank
2024-01-25,MXN,ARS,20.724383,20.457203,20.991563,Central Bank
2024-01-25,COP,MXN,0.004181,0.004139,0.004224,Central Bank
2024-01-25,COP,ARS,0.087065,0.086177,0.087953,Reuters
2024-01-25,ARS,MXN,0.049411,0.04893,0.049892,Reuters
2024-01-25,ARS,COP,11.476284,11.380279,11.572289,Reuters
2024-01-26,MXN,USD,0.059999,0.059209,0.060789,Reuters
2024-01-26,COP,USD,0.000252,0.000249,0.000254,Central Bank
2024-01-26,ARS,USD,0.002911,0.002871,0.002951,Central Bank
2024-01-26,USD,MXN,16.662098,16.433737,16.890459,Internal
2024-01-26,USD,COP,4036.03523,3980.01625,4092.05421,Bloomberg
2024-01-26,USD,ARS,343.359526,341.220758,345.498294,Reuters
2024-01-26,MXN,COP,239.539406,236.541715,242.537098,Bloomberg
2024-01-26,MXN,ARS,20.479883,20.250846,20.708921,Internal
2024-01-26,COP,MXN,0.004253,0.004203,0.004302,Central Bank
2024-01-26,COP,ARS,0.089202,0.087901,0.090502,Reuters
2024-01-26,ARS,MXN,0.047632,0.047223,0.048042,Central Bank
2024-01-26,ARS,COP,11.643245,11.499356,11.787133,Internal
2024-01-27,MXN,USD,0.058197,0.057624,0.05877,Central Bank
2024-01-27,COP,USD,0.000248,0.000245,0.000252,Internal
2024-01-27,ARS,USD,0.002913,0.002873,0.002952,Central Bank
2024-01-27,USD,MXN,17.159309,17.023087,17.29553,Bloomberg
2024-01-27,USD,COP,4033.910716,3978.651838,4089.169594,Central Bank
2024-01-27,USD,ARS,344.790059,340.31875,349.261368,Reuters
2024-01-27,MXN,COP,238.422156,234.854634,241.989678,Internal
2024-01-27,MXN,ARS,20.314867,20.12263,20.507104,Central Bank
2024-01-27,COP,MXN,0.004247,0.004203,0.004291,Bloomberg
2024-01-27,COP,ARS,0.086491,0.085407,0.087575,Central Bank
2024-01-27,ARS,MXN,0.047805,0.047091,0.048519,Central Bank
2024-01-27,ARS,COP,11.27325,11.112159,11.434341,Internal
2024-01-28,MXN,USD,0.05945,0.059022,0.059878,Reuters
2024-01-28,COP,USD,0.000252,0.000248,0.000255,Central Bank
2024-01-28,ARS,USD,0.002876,0.002835,0.002917,Internal
2024-01-28,USD,MXN,16.7215,16.522216,16.920785,Bloomberg
2024-01-28,USD,COP,4069.084793,4017.556451,4120.613135,Central Bank
2024-01-28,USD,ARS,352.015812,348.928597,355.103027,Internal
2024-01-28,MXN,COP,236.742773,233.700435,239.785112,Internal
2024-01-28,MXN,ARS,20.842251,20.691447,20.993055,Central Bank
2024-01-28,COP,MXN,0.004214,0.004189,0.00424,Reuters
2024-01-28,COP,ARS,0.088342,0.087072,0.089612,Central Bank
2024-01-28,ARS,MXN,0.048713,0.048407,0.049019,Reuters
2024-01-28,ARS,COP,11.636146,11.510834,11.761457,Central Bank
2024-01-29,MXN,USD,0.058378,0.057742,0.059015,Bloomberg
2024-01-29,COP,USD,0.000253,0.00025,0.000257,Reuters
2024-01-29,ARS,USD,0.002888,0.002851,0.002926,Bloomberg
2024-01-29,USD,MXN,17.013431,16.826008,17.200854,Bloomberg
2024-01-29,USD,COP,3937.053748,3917.006722,3957.100773,Internal
2024-01-29,USD,ARS,347.422967,342.850367,351.995567,Reuters
2024-01-29,MXN,COP,238.467921,236.083641,240.852202,Internal
2024-01-29,MXN,ARS,20.29788,20.138868,20.456892,Central Bank
2024-01-29,COP,MXN,0.004267,0.004232,0.004301,Central Bank
2024-01-29,COP,ARS,0.086707,0.085539,0.087876,Internal
2024-01-29,ARS,MXN,0.048826,0.048477,0.049176,Reuters
2024-01-29,ARS,COP,11.521893,11.420879,11.622906,Reuters
2024-01-30,MXN,USD,0.058006,0.057301,0.058712,Bloomberg
2024-01-30,COP,USD,0.000252,0.000251,0.000253,Bloomberg
2024-01-30,ARS,USD,0.002898,0.002862,0.002933,Reuters
2024-01-30,USD,MXN,17.329385,17.128494,17.530276,Bloomberg
2024-01-30,USD,COP,4078.570114,4035.829028,4121.311201,Reuters
2024-01-30,USD,ARS,348.914125,345.517719,352.31053,Reuters
2024-01-30,MXN,COP,237.719663,235.601431,239.837895,Reuters
2024-01-30,MXN,ARS,20.409006,20.118573,20.699439,Internal
2024-01-30,COP,MXN,0.004182,0.004147,0.004216,Central Bank
2024-01-30,COP,ARS,0.088724,0.087651,0.089798,Internal
2024-01-30,ARS,MXN,0.048872,0.048345,0.049398,Internal
2024-01-30,ARS,COP,11.518151,11.427033,11.609269,Bloomberg
2024-01-31,MXN,USD,0.058141,0.057382,0.058899,Bloomberg
2024-01-31,COP,USD,0.000252,0.000251,0.000254,Central Bank
2024-01-31,ARS,USD,0.002878,0.002835,0.00292,Bloomberg
2024-01-31,USD,MXN,16.916058,16.665243,17.166872,Bloomberg
2024-01-31,USD,COP,4068.157654,4043.909492,4092.405815,Internal
2024-01-31,USD,ARS,345.51486,343.605987,347.423734,Reuters
2024-01-31,MXN,COP,236.173105,232.702005,239.644205,Internal
2024-01-31,MXN,ARS,20.378236,20.252135,20.504337,Internal
2024-01-31,COP,MXN,0.004248,0.004198,0.004299,Bloomberg
2024-01-31,COP,ARS,0.088035,0.087264,0.088805,Central Bank
2024-01-31,ARS,MXN,0.049111,0.048441,0.049781,Internal
2024-01-31,ARS,COP,11.325813,11.195204,11.456422,Reuters
2024-02-01,MXN,USD,0.057674,0.057319,0.05803,Central Bank
2024-02-01,COP,USD,0.00025,0.000247,0.000253,Bloomberg
2024-02-01,ARS,USD,0.002803,0.002773,0.002833,Internal
2024-02-01,USD,MXN,16.846133,16.636338,17.055928,Bloomberg
2024-02-01,USD,COP,3981.43358,3921.713901,4041.15326,Internal
2024-02-01,USD,ARS,347.177087,345.006409,349.347765,Reuters
2024-02-01,MXN,COP,231.185866,227.928734,234.442999,Bloomberg
2024-02-01,MXN,ARS,20.510272,20.263997,20.756548,Internal
2024-02-01,COP,MXN,0.00426,0.004215,0.004304,Internal
2024-02-01,COP,ARS,0.085974,0.084824,0.087123,Central Bank
2024-02-01,ARS,MXN,0.049064,0.048717,0.049411,Central Bank
2024-02-01,ARS,COP,11.282589,11.158582,11.406597,Bloomberg
2024-02-02,MXN,USD,0.05766,0.057113,0.058206,Reuters
2024-02-02,COP,USD,0.000246,0.000245,0.000248,Bloomberg
2024-02-02,ARS,USD,0.002875,0.002858,0.002891,Reuters
2024-02-02,USD,MXN,17.238986,17.146757,17.331216,Central Bank
2024-02-02,USD,COP,4000.98373,3966.432849,4035.53461,Bloomberg
2024-02-02,USD,ARS,348.922719,343.879988,353.965449,Central Bank
2024-02-02,MXN,COP,232.925526,231.653365,234.197686,Reuters
2024-02-02,MXN,ARS,20.719306,20.523525,20.915087,Internal
2024-02-02,COP,MXN,0.004283,0.004239,0.004327,Reuters
2024-02-02,COP,ARS,0.087872,0.086984,0.08876,Central Bank
2024-02-02,ARS,MXN,0.048887,0.048621,0.049154,Central Bank
2024-02-02,ARS,COP,11.285977,11.195722,11.376232,Bloomberg
2024-02-03,MXN,USD,0.0599,0.05924,0.06056,Bloomberg
2024-02-03,COP,USD,0.000251,0.000249,0.000253,Internal
2024-02-03,ARS,USD,0.002808,0.002787,0.00283,Internal
2024-02-03,USD,MXN,17.101843,16.988403,17.215283,Internal
2024-02-03,USD,COP,3933.320652,3903.656358,3962.984946,Internal
2024-02-03,USD,ARS,356.162791,353.871795,358.453786,Bloomberg
2024-02-03,MXN,COP,231.252311,228.401722,234.1029,Bloomberg
2024-02-03,MXN,ARS,20.764837,20.543973,20.985701,Bloomberg
2024-02-03,COP,MXN,0.004236,0.004209,0.004264,Internal
2024-02-03,COP,ARS,0.087076,0.085801,0.088351,Bloomberg
2024-02-03,ARS,MXN,0.047751,0.047452,0.048049,Central Bank
2024-02-03,ARS,COP,11.512676,11.408281,11.617071,Reuters
2024-02-04,MXN,USD,0.059153,0.058643,0.059664,Reuters
2024-02-04,COP,USD,0.000253,0.000251,0.000254,Bloomberg
2024-02-04,ARS,USD,0.002831,0.002814,0.002848,Bloomberg
2024-02-04,USD,MXN,16.91747,16.815119,17.019821,Central Bank
2024-02-04,USD,COP,3948.11702,3899.621216,3996.612823,Reuters
2024-02-04,USD,ARS,351.243579,346.653534,355.833623,Central Bank
2024-02-04,MXN,COP,235.566683,232.73881,238.394557,Reuters
2024-02-04,MXN,ARS,20.630682,20.402204,20.85916,Central Bank
2024-02-04,COP,MXN,0.004194,0.004133,0.004255,Internal
2024-02-04,COP,ARS,0.086382,0.085254,0.087511,Internal
2024-02-04,ARS,MXN,0.048526,0.048222,0.048831,Central Bank
2024-02-04,ARS,COP,11.513901,11.374212,11.65359,Bloomberg
2024-02-05,MXN,USD,0.057983,0.057364,0.058602,Reuters
2024-02-05,COP,USD,0.000246,0.000243,0.000249,Reuters
2024-02-05,ARS,USD,0.002881,0.002859,0.002902,Internal
2024-02-05,USD,MXN,17.140615,17.023527,17.257703,Reuters
2024-02-05,USD,COP,4047.755024,4007.187239,4088.322808,Reuters
2024-02-05,USD,ARS,356.336629,352.699876,359.973381,Bloomberg
2024-02-05,MXN,COP,233.460588,230.290376,236.630799,Reuters
2024-02-05,MXN,ARS,20.511247,20.344545,20.67795,Central Bank
2024-02-05,COP,MXN,0.004273,0.004248,0.004298,Bloomberg
2024-02-05,COP,ARS,0.089057,0.088465,0.089649,Central Bank
2024-02-05,ARS,MXN,0.047764,0.047389,0.04814,Internal
2024-02-05,ARS,COP,11.56953,11.510445,11.628615,Internal
2024-02-06,MXN,USD,0.05924,0.058391,0.060089,Bloomberg
2024-02-06,COP,USD,0.00025,0.000247,0.000252,Central Bank
2024-02-06,ARS,USD,0.002846,0.002815,0.002878,Central Bank
2024-02-06,USD,MXN,17.145629,16.939437,17.351821,Reuters
2024-02-06,USD,COP,3959.0762,3910.023912,4008.128487,Central Bank
2024-02-06,USD,ARS,351.50323,346.354947,356.651513,Bloomberg
2024-02-06,MXN,COP,232.233545,230.219962,234.247128,Bloomberg
2024-02-06,MXN,ARS,20.599505,20.3003,20.898709,Internal
2024-02-06,COP,MXN,0.004249,0.004221,0.004278,Central Bank
2024-02-06,COP,ARS,0.086933,0.085908,0.087958,Central Bank
2024-02-06,ARS,MXN,0.048164,0.04769,0.048637,Reuters
2024-02-06,ARS,COP,11.297402,11.157537,11.437266,Internal
2024-02-07,MXN,USD,0.058159,0.057691,0.058627,Central Bank
2024-02-07,COP,USD,0.000254,0.000251,0.000258,Internal
2024-02-07,ARS,USD,0.002807,0.002792,0.002821,Internal
2024-02-07,USD,MXN,16.883415,16.739249,17.027581,Central Bank
2024-02-07,USD,COP,3975.955472,3927.352057,4024.558887,Internal
2024-02-07,USD,ARS,347.963453,345.871017,350.055888,Internal
2024-02-07,MXN,COP,232.447477,230.055368,234.839586,Bloomberg
2024-02-07,MXN,ARS,20.51471,20.224815,20.804605,Central Bank
2024-02-07,COP,MXN,0.004191,0.004143,0.00424,Bloomberg
2024-02-07,COP,ARS,0.087397,0.086633,0.088162,Reuters
2024-02-07,ARS,MXN,0.048432,0.048102,0.048763,Reuters
2024-02-07,ARS,COP,11.249689,11.144103,11.355276,Internal
2024-02-08,MXN,USD,0.058028,0.057532,0.058523,Internal
2024-02-08,COP,USD,0.000245,0.000242,0.000248,Bloomberg
2024-02-08,ARS,USD,0.002813,0.002791,0.002835,Bloomberg
2024-02-08,USD,MXN,16.928291,16.717716,17.138866,Central Bank
2024-02-08,USD,COP,3945.65,3918.070225,3973.229775,Internal
2024-02-08,USD,ARS,356.435784,351.150095,361.721472,Central Bank
2024-02-08,MXN,COP,234.551485,232.088405,237.014566,Bloomberg
2024-02-08,MXN,ARS,20.444025,20.185532,20.702518,Internal
2024-02-08,COP,MXN,0.00425,0.00419,0.004311,Internal
2024-02-08,COP,ARS,0.08621,0.084953,0.087467,Central Bank
2024-02-08,ARS,MXN,0.047845,0.047441,0.048249,Central Bank
2024-02-08,ARS,COP,11.550805,11.465732,11.635877,Reuters
2024-02-09,MXN,USD,0.058658,0.058015,0.059302,Central Bank
2024-02-09,COP,USD,0.000249,0.000247,0.000251,Internal
2024-02-09,ARS,USD,0.002809,0.002783,0.002836,Bloomberg
2024-02-09,USD,MXN,17.155889,17.038052,17.273726,Reuters
2024-02-09,USD,COP,4042.676417,3987.527567,4097.825267,Bloomberg
2024-02-09,USD,ARS,352.328626,349.054933,355.602319,Internal
2024-02-09,MXN,COP,237.237279,234.129583,240.344975,Bloomberg
2024-02-09,MXN,ARS,20.331845,20.056375,20.607316,Bloomberg
2024-02-09,COP,MXN,0.004204,0.004177,0.004231,Central Bank
2024-02-09,COP,ARS,0.086709,0.086108,0.087309,Bloomberg
2024-02-09,ARS,MXN,0.048428,0.047888,0.048969,Central Bank
2024-02-09,ARS,COP,11.595131,11.493053,11.69721,Reuters
2024-02-10,MXN,USD,0.059294,0.058417,0.060172,Bloomberg
2024-02-10,COP,USD,0.000248,0.000246,0.000251,Internal
2024-02-10,ARS,USD,0.002874,0.00285,0.002897,Reuters
2024-02-10,USD,MXN,16.907232,16.663261,17.151203,Internal
2024-02-10,USD,COP,3959.514982,3904.275542,4014.754422,Bloomberg
2024-02-10,USD,ARS,343.572448,341.675479,345.469417,Reuters
2024-02-10,MXN,COP,232.583318,230.322473,234.844163,Central Bank
2024-02-10,MXN,ARS,20.531336,20.376886,20.685785,Internal
2024-02-10,COP,MXN,0.004227,0.004193,0.004261,Central Bank
2024-02-10,COP,ARS,0.088091,0.087049,0.089133,Bloomberg
2024-02-10,ARS,MXN,0.048243,0.047645,0.048842,Reuters
2024-02-10,ARS,COP,11.539626,11.41397,11.665282,Reuters
2024-02-11,MXN,USD,0.058208,0.057756,0.058659,Internal
2024-02-11,COP,USD,0.000246,0.000244,0.000247,Central Bank
2024-02-11,ARS,USD,0.002805,0.002764,0.002846,Bloomberg
2024-02-11,USD,MXN,16.791191,16.632385,16.949997,Central Bank
2024-02-11,USD,COP,3931.980736,3890.829451,3973.132022,Reuters
2024-02-11,USD,ARS,347.22067,343.838051,350.603288,Bloomberg
2024-02-11,MXN,COP,235.609953,234.069836,237.150071,Bloomberg
2024-02-11,MXN,ARS,20.334347,20.120735,20.547958,Reuters
2024-02-11,COP,MXN,0.004317,0.004262,0.004371,Reuters
2024-02-11,COP,ARS,0.088882,0.088039,0.089725,Central Bank
2024-02-11,ARS,MXN,0.04937,0.049089,0.04965,Internal
2024-02-11,ARS,COP,11.439434,11.273283,11.605586,Central Bank
2024-02-12,MXN,USD,0.05804,0.057591,0.058489,Bloomberg
2024-02-12,COP,USD,0.000248,0.000244,0.000252,Central Bank
2024-02-12,ARS,USD,0.002891,0.002856,0.002925,Internal
2024-02-12,USD,MXN,16.996618,16.821133,17.172103,Central Bank
2024-02-12,USD,COP,3946.482915,3897.123157,3995.842674,Internal
2024-02-12,USD,ARS,350.87498,347.751327,353.998634,Reuters
2024-02-12,MXN,COP,232.535761,231.36471,233.706812,Bloomberg
2024-02-12,MXN,ARS,20.664093,20.558941,20.769244,Internal
2024-02-12,COP,MXN,0.004251,0.004199,0.004303,Reuters
2024-02-12,COP,ARS,0.086812,0.086187,0.087437,Reuters
2024-02-12,ARS,MXN,0.048673,0.048346,0.048999,Central Bank
2024-02-12,ARS,COP,11.443916,11.353298,11.534534,Bloomberg
2024-02-13,MXN,USD,0.059864,0.059398,0.060329,Bloomberg
2024-02-13,COP,USD,0.000248,0.000245,0.000251,Bloomberg
2024-02-13,ARS,USD,0.002913,0.002892,0.002934,Central Bank
2024-02-13,USD,MXN,16.660952,16.519757,16.802147,Reuters
2024-02-13,USD,COP,3971.9299,3914.4788,4029.380999,Reuters
2024-02-13,USD,ARS,353.109114,349.901673,356.316556,Reuters
2024-02-13,MXN,COP,233.643625,232.341614,234.945635,Central Bank
2024-02-13,MXN,ARS,20.855003,20.704997,21.005008,Reuters
2024-02-13,COP,MXN,0.004195,0.004133,0.004257,Central Bank
2024-02-13,COP,ARS,0.088279,0.08723,0.089328,Reuters
2024-02-13,ARS,MXN,0.04929,0.048731,0.049849,Bloomberg
2024-02-13,ARS,COP,11.573416,11.490013,11.656818,Reuters
2024-02-14,MXN,USD,0.058127,0.05747,0.058784,Internal
2024-02-14,COP,USD,0.000247,0.000245,0.000248,Internal
2024-02-14,ARS,USD,0.002842,0.002802,0.002882,Central Bank
2024-02-14,USD,MXN,16.997254,16.834184,17.160324,Bloomberg
2024-02-14,USD,COP,3950.217587,3911.089956,3989.345219,Bloomberg
2024-02-14,USD,ARS,352.0659,350.23147,353.90033,Bloomberg
2024-02-14,MXN,COP,238.920029,235.772259,242.067798,Bloomberg
2024-02-14,MXN,ARS,20.233668,20.117922,20.349415,Bloomberg
2024-02-14,COP,MXN,0.004242,0.004194,0.004291,Internal
2024-02-14,COP,ARS,0.086101,0.085217,0.086985,Central Bank
2024-02-14,ARS,MXN,0.048772,0.048344,0.0492,Central Bank
2024-02-14,ARS,COP,11.250302,11.192526,11.308078,Central Bank
2024-02-15,MXN,USD,0.057958,0.057222,0.058694,Reuters
2024-02-15,COP,USD,0.000246,0.000244,0.000249,Central Bank
2024-02-15,ARS,USD,0.002891,0.002876,0.002905,Central Bank
2024-02-15,USD,MXN,17.028812,16.804328,17.253295,Central Bank
2024-02-15,USD,COP,3952.371463,3913.621408,3991.121518,Internal
2024-02-15,USD,ARS,354.416509,351.555003,357.278015,Internal
2024-02-15,MXN,COP,232.042478,230.752611,233.332346,Reuters
2024-02-15,MXN,ARS,20.693224,20.564289,20.822158,Central Bank
2024-02-15,COP,MXN,0.004182,0.004149,0.004216,Internal
2024-02-15,COP,ARS,0.086246,0.085028,0.087464,Central Bank
2024-02-15,ARS,MXN,0.04804,0.047615,0.048466,Reuters
2024-02-15,ARS,COP,11.499595,11.416121,11.583069,Internal
2024-02-16,MXN,USD,0.059263,0.058543,0.059983,Central Bank
2024-02-16,COP,USD,0.00025,0.000246,0.000254,Bloomberg
2024-02-16,ARS,USD,0.002812,0.002771,0.002853,Reuters
2024-02-16,USD,MXN,16.711877,16.572546,16.851208,Reuters
2024-02-16,USD,COP,4067.731137,4009.974497,4125.487778,Central Bank
2024-02-16,USD,ARS,351.463089,349.079931,353.846247,Reuters
2024-02-16,MXN,COP,236.231638,233.445443,239.017832,Bloomberg
2024-02-16,MXN,ARS,20.911979,20.66372,21.160238,Reuters
2024-02-16,COP,MXN,0.004224,0.004199,0.00425,Internal
2024-02-16,COP,ARS,0.088066,0.086804,0.089328,Central Bank
2024-02-16,ARS,MXN,0.049133,0.048464,0.049802,Bloomberg
2024-02-16,ARS,COP,11.555558,11.480841,11.630275,Bloomberg
2024-02-17,MXN,USD,0.058566,0.057851,0.059281,Internal
2024-02-17,COP,USD,0.000253,0.000252,0.000255,Internal
2024-02-17,ARS,USD,0.00291,0.002887,0.002932,Central Bank
2024-02-17,USD,MXN,16.879676,16.77375,16.985602,Internal
2024-02-17,USD,COP,3976.417401,3936.883602,4015.951201,Internal
2024-02-17,USD,ARS,352.707892,349.484338,355.931446,Reuters
2024-02-17,MXN,COP,231.889141,228.540592,235.237691,Bloomberg
2024-02-17,MXN,ARS,20.492035,20.277004,20.707066,Internal
2024-02-17,COP,MXN,0.004256,0.004199,0.004312,Internal
2024-02-17,COP,ARS,0.086043,0.084997,0.087088,Bloomberg
2024-02-17,ARS,MXN,0.048966,0.048606,0.049326,Central Bank
2024-02-17,ARS,COP,11.292928,11.140406,11.44545,Reuters
2024-02-18,MXN,USD,0.058961,0.058101,0.05982,Central Bank
2024-02-18,COP,USD,0.000246,0.000244,0.000248,Bloomberg
2024-02-18,ARS,USD,0.002834,0.002815,0.002852,Internal
2024-02-18,USD,MXN,16.824898,16.601494,17.048303,Central Bank
2024-02-18,USD,COP,4039.519258,4014.585898,4064.452617,Bloomberg
2024-02-18,USD,ARS,348.284451,346.451267,350.117635,Internal
2024-02-18,MXN,COP,234.08644,231.274121,236.898758,Central Bank
2024-02-18,MXN,ARS,20.569151,20.34414,20.794163,Bloomberg
2024-02-18,COP,MXN,0.00417,0.004134,0.004206,Central Bank
2024-02-18,COP,ARS,0.086608,0.086164,0.087052,Internal
2024-02-18,ARS,MXN,0.047891,0.047564,0.048218,Bloomberg
2024-02-18,ARS,COP,11.541992,11.403654,11.68033,Reuters
2024-02-19,MXN,USD,0.058753,0.058035,0.059472,Internal
2024-02-19,COP,USD,0.000253,0.00025,0.000256,Reuters
2024-02-19,ARS,USD,0.002813,0.002797,0.002828,Central Bank
2024-02-19,USD,MXN,17.070838,16.955852,17.185824,Bloomberg
2024-02-19,USD,COP,3921.738812,3869.47458,3974.003045,Internal
2024-02-19,USD,ARS,350.758183,346.094789,355.421577,Reuters
2024-02-19,MXN,COP,237.264497,235.072955,239.456039,Bloomberg
2024-02-19,MXN,ARS,20.400329,20.279572,20.521086,Internal
2024-02-19,COP,MXN,0.004331,0.004304,0.004358,Bloomberg
2024-02-19,COP,ARS,0.087151,0.086667,0.087636,Internal
2024-02-19,ARS,MXN,0.047957,0.047359,0.048554,Central Bank
2024-02-19,ARS,COP,11.573284,11.461204,11.685364,Reuters
2024-02-20,MXN,USD,0.059183,0.058647,0.059718,Internal
2024-02-20,COP,USD,0.000247,0.000243,0.00025,Internal
2024-02-20,ARS,USD,0.002822,0.002805,0.002839,Central Bank
2024-02-20,USD,MXN,16.906637,16.690435,17.122839,Reuters
2024-02-20,USD,COP,3924.487818,3893.790202,3955.185433,Central Bank
2024-02-20,USD,ARS,343.914468,340.141346,347.687591,Reuters
2024-02-20,MXN,COP,232.355236,230.724739,233.985733,Central Bank
2024-02-20,MXN,ARS,20.374394,20.255195,20.493592,Central Bank
2024-02-20,COP,MXN,0.004261,0.004206,0.004316,Central Bank
2024-02-20,COP,ARS,0.085918,0.085408,0.086428,Reuters
2024-02-20,ARS,MXN,0.047616,0.047209,0.048024,Reuters
2024-02-20,ARS,COP,11.638281,11.521873,11.754689,Reuters
2024-02-21,MXN,USD,0.059416,0.058688,0.060144,Bloomberg
2024-02-21,COP,USD,0.000252,0.000251,0.000254,Internal
2024-02-21,ARS,USD,0.002902,0.002873,0.002932,Bloomberg
2024-02-21,USD,MXN,16.676106,16.459972,16.89224,Internal
2024-02-21,USD,COP,4013.817313,3959.549415,4068.08521,Reuters
2024-02-21,USD,ARS,345.257122,341.174892,349.339352,Central Bank
2024-02-21,MXN,COP,238.919566,237.502078,240.337054,Bloomberg
2024-02-21,MXN,ARS,20.904802,20.631476,21.178127,Bloomberg
2024-02-21,COP,MXN,0.004296,0.004267,0.004324,Reuters
2024-02-21,COP,ARS,0.087316,0.086765,0.087867,Reuters
2024-02-21,ARS,MXN,0.0483,0.047645,0.048955,Internal
2024-02-21,ARS,COP,11.218292,11.08224,11.354343,Internal
2024-02-22,MXN,USD,0.05821,0.057338,0.059081,Central Bank
2024-02-22,COP,USD,0.000255,0.000252,0.000257,Internal
2024-02-22,ARS,USD,0.002811,0.002797,0.002826,Reuters
2024-02-22,USD,MXN,17.032053,16.781861,17.282244,Central Bank
2024-02-22,USD,COP,3999.825962,3961.635309,4038.016614,Bloomberg
2024-02-22,USD,ARS,356.076784,353.721434,358.432134,Reuters
2024-02-22,MXN,COP,236.014227,234.000156,238.028298,Central Bank
2024-02-22,MXN,ARS,20.324036,20.065526,20.582545,Reuters
2024-02-22,COP,MXN,0.004333,0.004269,0.004397,Internal
2024-02-22,COP,ARS,0.088026,0.087462,0.08859,Central Bank
2024-02-22,ARS,MXN,0.049488,0.048999,0.049977,Reuters
2024-02-22,ARS,COP,11.592687,11.488244,11.69713,Bloomberg
2024-02-23,MXN,USD,0.058684,0.05809,0.059278,Reuters
2024-02-23,COP,USD,0.000249,0.000246,0.000252,Internal
2024-02-23,ARS,USD,0.00283,0.002791,0.002869,Central Bank
2024-02-23,USD,MXN,17.082017,16.886622,17.277413,Bloomberg
2024-02-23,USD,COP,4031.959247,3989.188207,4074.730287,Bloomberg
2024-02-23,USD,ARS,354.942837,352.136444,357.74923,Bloomberg
2024-02-23,MXN,COP,235.9542,232.759783,239.148617,Bloomberg
2024-02-23,MXN,ARS,20.496184,20.298953,20.693414,Central Bank
2024-02-23,COP,MXN,0.004224,0.004183,0.004265,Internal
2024-02-23,COP,ARS,0.086132,0.085546,0.086718,Central Bank
2024-02-23,ARS,MXN,0.049382,0.04868,0.050085,Internal
2024-02-23,ARS,COP,11.291187,11.197614,11.384759,Reuters
2024-02-24,MXN,USD,0.058453,0.057807,0.059098,Bloomberg
2024-02-24,COP,USD,0.000252,0.00025,0.000254,Reuters
2024-02-24,ARS,USD,0.002852,0.002822,0.002882,Internal
2024-02-24,USD,MXN,16.758949,16.639379,16.878519,Central Bank
2024-02-24,USD,COP,4078.049719,4026.086984,4130.012454,Central Bank
2024-02-24,USD,ARS,356.110435,353.04257,359.178301,Internal
2024-02-24,MXN,COP,239.79822,238.087449,241.50899,Bloomberg
2024-02-24,MXN,ARS,20.891311,20.587834,21.194788,Internal
2024-02-24,COP,MXN,0.004211,0.004163,0.004259,Central Bank
2024-02-24,COP,ARS,0.086246,0.085579,0.086914,Central Bank
2024-02-24,ARS,MXN,0.04818,0.047596,0.048764,Internal
2024-02-24,ARS,COP,11.439898,11.306092,11.573705,Reuters
2024-02-25,MXN,USD,0.05808,0.057759,0.058402,Internal
2024-02-25,COP,USD,0.000248,0.000245,0.000252,Bloomberg
2024-02-25,ARS,USD,0.002823,0.002782,0.002863,Internal
2024-02-25,USD,MXN,16.98334,16.781436,17.185243,Bloomberg
2024-02-25,USD,COP,4074.494373,4036.325163,4112.663584,Internal
2024-02-25,USD,ARS,354.52222,350.761064,358.283376,Bloomberg
2024-02-25,MXN,COP,231.320553,228.618815,234.02229,Bloomberg
2024-02-25,MXN,ARS,20.443074,20.139215,20.746933,Reuters
2024-02-25,COP,MXN,0.004167,0.004109,0.004226,Bloomberg
2024-02-25,COP,ARS,0.087498,0.086784,0.088212,Internal
2024-02-25,ARS,MXN,0.048111,0.047523,0.048699,Internal
2024-02-25,ARS,COP,11.631234,11.473367,11.789101,Internal
2024-02-26,MXN,USD,0.05915,0.058513,0.059788,Central Bank
2024-02-26,COP,USD,0.000247,0.000244,0.000251,Internal
2024-02-26,ARS,USD,0.00288,0.002843,0.002916,Internal
2024-02-26,USD,MXN,16.806973,16.687684,16.926263,Bloomberg
2024-02-26,USD,COP,4075.479121,4031.592877,4119.365365,Central Bank
2024-02-26,USD,ARS,348.18359,345.175999,351.19118,Reuters
2024-02-26,MXN,COP,239.02734,236.632083,241.422598,Central Bank
2024-02-26,MXN,ARS,20.752379,20.513952,20.990805,Internal
2024-02-26,COP,MXN,0.004235,0.004199,0.004271,Internal
2024-02-26,COP,ARS,0.087581,0.086473,0.088689,Central Bank
2024-02-26,ARS,MXN,0.0494,0.048926,0.049873,Reuters
2024-02-26,ARS,COP,11.280866,11.157353,11.40438,Internal
2024-02-27,MXN,USD,0.058545,0.057757,0.059332,Internal
2024-02-27,COP,USD,0.000251,0.000248,0.000254,Central Bank
2024-02-27,ARS,USD,0.002914,0.002876,0.002952,Central Bank
2024-02-27,USD,MXN,16.720954,16.634602,16.807305,Internal
2024-02-27,USD,COP,3936.588048,3887.382915,3985.793182,Central Bank
2024-02-27,USD,ARS,351.869352,348.33883,355.399874,Central Bank
2024-02-27,MXN,COP,236.872566,233.670747,240.074385,Bloomberg
2024-02-27,MXN,ARS,20.360018,20.165655,20.554381,Internal
2024-02-27,COP,MXN,0.004184,0.004128,0.004241,Central Bank
2024-02-27,COP,ARS,0.086977,0.085852,0.088102,Internal
2024-02-27,ARS,MXN,0.048402,0.047763,0.049041,Internal
2024-02-27,ARS,COP,11.203477,11.105486,11.301467,Bloomberg
2024-02-28,MXN,USD,0.058841,0.05839,0.059293,Reuters
2024-02-28,COP,USD,0.000248,0.000245,0.000252,Internal
2024-02-28,ARS,USD,0.002877,0.002862,0.002891,Internal
2024-02-28,USD,MXN,16.682219,16.594429,16.770008,Reuters
2024-02-28,USD,COP,4054.52314,4013.209039,4095.837241,Reuters
2024-02-28,USD,ARS,347.691259,342.617885,352.764633,Internal
2024-02-28,MXN,COP,232.864293,229.43306,236.295526,Bloomberg
2024-02-28,MXN,ARS,20.683985,20.499212,20.868759,Central Bank
2024-02-28,COP,MXN,0.004301,0.004255,0.004348,Bloomberg
2024-02-28,COP,ARS,0.089038,0.088245,0.089831,Bloomberg
2024-02-28,ARS,MXN,0.048383,0.047987,0.048779,Bloomberg
2024-02-28,ARS,COP,11.399955,11.331603,11.468307,Bloomberg
2024-02-29,MXN,USD,0.058834,0.058168,0.059499,Internal
2024-02-29,COP,USD,0.000253,0.000251,0.000256,Reuters
2024-02-29,ARS,USD,0.002896,0.002877,0.002915,Reuters
2024-02-29,USD,MXN,16.798559,16.698899,16.898219,Internal
2024-02-29,USD,COP,3921.8461,3872.03739,3971.654809,Bloomberg
2024-02-29,USD,ARS,343.389457,339.242768,347.536145,Central Bank
2024-02-29,MXN,COP,235.969824,234.730299,237.20935,Bloomberg
2024-02-29,MXN,ARS,20.986341,20.748259,21.224423,Reuters
2024-02-29,COP,MXN,0.004197,0.004148,0.004245,Bloomberg
2024-02-29,COP,ARS,0.086789,0.085891,0.087688,Bloomberg
2024-02-29,ARS,MXN,0.049011,0.04837,0.049652,Internal
2024-02-29,ARS,COP,11.552179,11.418259,11.686099,Reuters
2024-03-01,MXN,USD,0.057842,0.05747,0.058215,Central Bank
2024-03-01,COP,USD,0.000251,0.000249,0.000254,Central Bank
2024-03-01,ARS,USD,0.002813,0.002773,0.002853,Central Bank
2024-03-01,USD,MXN,16.732812,16.601884,16.86374,Bloomberg
2024-03-01,USD,COP,3934.844343,3895.722347,3973.966338,Reuters
2024-03-01,USD,ARS,355.778068,353.259257,358.296879,Central Bank
2024-03-01,MXN,COP,235.20976,233.982066,236.437453,Central Bank
2024-03-01,MXN,ARS,20.577132,20.345499,20.808765,Bloomberg
2024-03-01,COP,MXN,0.004282,0.004244,0.004319,Reuters
2024-03-01,COP,ARS,0.087967,0.087131,0.088804,Bloomberg
2024-03-01,ARS,MXN,0.047949,0.047705,0.048194,Bloomberg
2024-03-01,ARS,COP,11.501562,11.371455,11.631669,Central Bank
2024-03-02,MXN,USD,0.057923,0.057435,0.058411,Reuters
2024-03-02,COP,USD,0.00025,0.000247,0.000253,Central Bank
2024-03-02,ARS,USD,0.002818,0.002783,0.002853,Central Bank
2024-03-02,USD,MXN,16.791135,16.702216,16.880053,Central Bank
2024-03-02,USD,COP,4002.879187,3952.404443,4053.353932,Bloomberg
2024-03-02,USD,ARS,355.13624,352.952903,357.319576,Bloomberg
2024-03-02,MXN,COP,230.86586,229.391631,232.340089,Central Bank
2024-03-02,MXN,ARS,20.775789,20.476649,21.074929,Reuters
2024-03-02,COP,MXN,0.004212,0.004182,0.004241,Central Bank
2024-03-02,COP,ARS,0.08697,0.086055,0.087884,Reuters
2024-03-02,ARS,MXN,0.048507,0.047872,0.049142,Internal
2024-03-02,ARS,COP,11.434357,11.331455,11.53726,Bloomberg
2024-03-03,MXN,USD,0.058236,0.057829,0.058642,Reuters
2024-03-03,COP,USD,0.000255,0.000253,0.000256,Reuters
2024-03-03,ARS,USD,0.002819,0.002799,0.002839,Internal
2024-03-03,USD,MXN,16.954761,16.794342,17.11518,Reuters
2024-03-03,USD,COP,4050.542752,4005.058763,4096.026741,Internal
2024-03-03,USD,ARS,349.010382,345.285945,352.734818,Reuters
2024-03-03,MXN,COP,239.039009,235.885267,242.19275,Internal
2024-03-03,MXN,ARS,20.314205,20.205776,20.422634,Reuters
2024-03-03,COP,MXN,0.004265,0.004231,0.004299,Reuters
2024-03-03,COP,ARS,0.087144,0.086608,0.08768,Reuters
2024-03-03,ARS,MXN,0.048434,0.048102,0.048766,Bloomberg
2024-03-03,ARS,COP,11.233207,11.103244,11.36317,Reuters
2024-03-04,MXN,USD,0.057988,0.057516,0.058461,Central Bank
2024-03-04,COP,USD,0.000248,0.000247,0.000249,Reuters
2024-03-04,ARS,USD,0.002824,0.002794,0.002855,Reuters
2024-03-04,USD,MXN,17.271146,17.087788,17.454503,Internal
2024-03-04,USD,COP,3965.37828,3937.137841,3993.61872,Bloomberg
2024-03-04,USD,ARS,344.440883,341.760966,347.1208,Central Bank
2024-03-04,MXN,COP,235.990103,233.285019,238.695187,Internal
2024-03-04,MXN,ARS,20.438174,20.270557,20.605792,Bloomberg
2024-03-04,COP,MXN,0.004173,0.004132,0.004215,Central Bank
2024-03-04,COP,ARS,0.089216,0.088394,0.090038,Central Bank
2024-03-04,ARS,MXN,0.04848,0.047946,0.049014,Internal
2024-03-04,ARS,COP,11.308079,11.249133,11.367024,Central Bank
2024-03-05,MXN,USD,0.059162,0.058359,0.059964,Central Bank
2024-03-05,COP,USD,0.000254,0.000252,0.000256,Internal
2024-03-05,ARS,USD,0.002804,0.002775,0.002833,Central Bank
2024-03-05,USD,MXN,16.889425,16.80223,16.976621,Internal
2024-03-05,USD,COP,3935.219171,3883.962418,3986.475923,Reuters
2024-03-05,USD,ARS,346.84543,342.497055,351.193804,Internal
2024-03-05,MXN,COP,231.338985,228.390308,234.287663,Internal
2024-03-05,MXN,ARS,20.680735,20.495988,20.865481,Internal
2024-03-05,COP,MXN,0.004249,0.0042,0.004297,Central Bank
2024-03-05,COP,ARS,0.088701,0.087426,0.089976,Central Bank
2024-03-05,ARS,MXN,0.047657,0.047396,0.047918,Central Bank
2024-03-05,ARS,COP,11.263421,11.095198,11.431645,Internal
2024-03-06,MXN,USD,0.05818,0.057838,0.058522,Reuters
2024-03-06,COP,USD,0.000253,0.000251,0.000256,Central Bank
2024-03-06,ARS,USD,0.002907,0.002867,0.002947,Reuters
2024-03-06,USD,MXN,17.260657,17.166919,17.354396,Central Bank
2024-03-06,USD,COP,4071.543178,4048.130087,4094.956268,Reuters
2024-03-06,USD,ARS,352.630902,348.076223,357.185581,Internal
2024-03-06,MXN,COP,233.128584,231.565833,234.691335,Bloomberg
2024-03-06,MXN,ARS,20.656961,20.528909,20.785014,Reuters
2024-03-06,COP,MXN,0.004312,0.004257,0.004366,Internal
2024-03-06,COP,ARS,0.087979,0.086951,0.089007,Bloomberg
2024-03-06,ARS,MXN,0.048723,0.048157,0.049289,Reuters
2024-03-06,ARS,COP,11.347159,11.207491,11.486828,Bloomberg
2024-03-07,MXN,USD,0.057863,0.05713,0.058596,Central Bank
2024-03-07,COP,USD,0.000249,0.000245,0.000252,Bloomberg
2024-03-07,ARS,USD,0.002875,0.00284,0.002911,Bloomberg
2024-03-07,USD,MXN,17.132576,17.034039,17.231113,Internal
2024-03-07,USD,COP,3929.642709,3909.478607,3949.80681,Bloomberg
2024-03-07,USD,ARS,349.554105,346.460341,352.64787,Internal
2024-03-07,MXN,COP,231.572091,229.931029,233.213154,Reuters
2024-03-07,MXN,ARS,20.802755,20.633873,20.971637,Internal
2024-03-07,COP,MXN,0.004276,0.004219,0.004334,Central Bank
2024-03-07,COP,ARS,0.088949,0.08831,0.089589,Reuters
2024-03-07,ARS,MXN,0.048349,0.047889,0.04881,Bloomberg
2024-03-07,ARS,COP,11.556581,11.477077,11.636085,Reuters
2024-03-08,MXN,USD,0.058643,0.057947,0.059338,Central Bank
2024-03-08,COP,USD,0.000246,0.000243,0.00025,Central Bank
2024-03-08,ARS,USD,0.002827,0.002788,0.002867,Bloomberg
2024-03-08,USD,MXN,16.841395,16.676982,17.005807,Internal
2024-03-08,USD,COP,3976.313092,3951.726506,4000.899677,Central Bank
2024-03-08,USD,ARS,347.961976,345.484257,350.439695,Internal
2024-03-08,MXN,COP,235.314733,232.942933,237.686533,Central Bank
2024-03-08,MXN,ARS,20.539928,20.361275,20.71858,Central Bank
2024-03-08,COP,MXN,0.004275,0.004223,0.004328,Internal
2024-03-08,COP,ARS,0.086429,0.085833,0.087025,Bloomberg
2024-03-08,ARS,MXN,0.048754,0.048252,0.049256,Internal
2024-03-08,ARS,COP,11.437083,11.36741,11.506756,Central Bank
2024-03-09,MXN,USD,0.059168,0.058305,0.060031,Bloomberg
2024-03-09,COP,USD,0.000246,0.000243,0.00025,Reuters
2024-03-09,ARS,USD,0.002827,0.002798,0.002856,Reuters
2024-03-09,USD,MXN,16.813996,16.625642,17.00235,Internal
2024-03-09,USD,COP,3982.705294,3958.757117,4006.653471,Reuters
2024-03-09,USD,ARS,349.932403,347.584255,352.280552,Bloomberg
2024-03-09,MXN,COP,233.860076,232.017276,235.702876,Reuters
2024-03-09,MXN,ARS,20.780844,20.657356,20.904333,Internal
2024-03-09,COP,MXN,0.004291,0.004233,0.004349,Bloomberg
2024-03-09,COP,ARS,0.086346,0.085326,0.087366,Bloomberg
2024-03-09,ARS,MXN,0.047964,0.047293,0.048635,Bloomberg
2024-03-09,ARS,COP,11.639883,11.504158,11.775607,Internal
2024-03-10,MXN,USD,0.058433,0.058037,0.058829,Reuters
2024-03-10,COP,USD,0.000254,0.000252,0.000256,Central Bank
2024-03-10,ARS,USD,0.002868,0.002826,0.00291,Central Bank
2024-03-10,USD,MXN,16.992049,16.865032,17.119066,Central Bank
2024-03-10,USD,COP,3927.228243,3906.909125,3947.547362,Reuters
2024-03-10,USD,ARS,354.695026,351.058448,358.331605,Bloomberg
2024-03-10,MXN,COP,237.694047,234.662838,240.725256,Central Bank
2024-03-10,MXN,ARS,20.42732,20.1748,20.679839,Internal
2024-03-10,COP,MXN,0.004248,0.004212,0.004285,Reuters
2024-03-10,COP,ARS,0.088072,0.087408,0.088736,Internal
2024-03-10,ARS,MXN,0.047626,0.04722,0.048032,Reuters
2024-03-10,ARS,COP,11.607485,11.459544,11.755425,Internal
2024-03-11,MXN,USD,0.057912,0.057226,0.058599,Central Bank
2024-03-11,COP,USD,0.000246,0.000244,0.000249,Bloomberg
2024-03-11,ARS,USD,0.002875,0.002857,0.002894,Internal
2024-03-11,USD,MXN,16.681015,16.501263,16.860767,Internal
2024-03-11,USD,COP,3977.507189,3928.012477,4027.001901,Bloomberg
2024-03-11,USD,ARS,355.889062,352.765145,359.012978,Central Bank
2024-03-11,MXN,COP,239.674852,236.374184,242.97552,Internal
2024-03-11,MXN,ARS,20.989567,20.700731,21.278403,Bloomberg
2024-03-11,COP,MXN,0.00421,0.00416,0.00426,Reuters
2024-03-11,COP,ARS,0.087119,0.086319,0.087918,Reuters
2024-03-11,ARS,MXN,0.048201,0.04794,0.048462,Reuters
2024-03-11,ARS,COP,11.581336,11.509188,11.653483,Internal
2024-03-12,MXN,USD,0.05898,0.058218,0.059743,Reuters
2024-03-12,COP,USD,0.000248,0.000244,0.000252,Internal
2024-03-12,ARS,USD,0.002906,0.002887,0.002925,Bloomberg
2024-03-12,USD,MXN,17.015767,16.881379,17.150154,Bloomberg
2024-03-12,USD,COP,3968.583296,3937.300543,3999.866049,Reuters
2024-03-12,USD,ARS,343.218294,341.361644,345.074944,Reuters
2024-03-12,MXN,COP,238.35737,236.871365,239.843375,Internal
2024-03-12,MXN,ARS,20.428324,20.238274,20.618373,Central Bank
2024-03-12,COP,MXN,0.004173,0.004147,0.0042,Reuters
2024-03-12,COP,ARS,0.088498,0.087612,0.089385,Bloomberg
2024-03-12,ARS,MXN,0.049453,0.048853,0.050053,Bloomberg
2024-03-12,ARS,COP,11.655275,11.57407,11.736481,Central Bank
2024-03-13,MXN,USD,0.058331,0.058021,0.058642,Reuters
2024-03-13,COP,USD,0.000247,0.000245,0.00025,Internal
2024-03-13,ARS,USD,0.002848,0.002807,0.00289,Central Bank
2024-03-13,USD,MXN,17.267263,17.022034,17.512492,Reuters
2024-03-13,USD,COP,3947.728315,3910.784831,3984.671799,Reuters
2024-03-13,USD,ARS,354.261323,351.996969,356.525678,Bloomberg
2024-03-13,MXN,COP,232.941369,230.806898,235.075839,Bloomberg
2024-03-13,MXN,ARS,20.424404,20.304799,20.544009,Internal
2024-03-13,COP,MXN,0.004258,0.00422,0.004295,Internal
2024-03-13,COP,ARS,0.086086,0.085202,0.08697,Reuters
2024-03-13,ARS,MXN,0.048579,0.048003,0.049155,Reuters
2024-03-13,ARS,COP,11.414116,11.308231,11.520001,Internal
2024-03-14,MXN,USD,0.059909,0.059333,0.060485,Central Bank
2024-03-14,COP,USD,0.000255,0.000252,0.000257,Bloomberg
2024-03-14,ARS,USD,0.00287,0.002847,0.002893,Bloomberg
2024-03-14,USD,MXN,17.054619,16.905713,17.203525,Reuters
2024-03-14,USD,COP,3928.565764,3875.722338,3981.409191,Bloomberg
2024-03-14,USD,ARS,348.64119,346.87723,350.40515,Internal
2024-03-14,MXN,COP,238.48657,237.092236,239.880903,Reuters
2024-03-14,MXN,ARS,20.859913,20.620049,21.099777,Reuters
2024-03-14,COP,MXN,0.004266,0.00421,0.004322,Internal
2024-03-14,COP,ARS,0.088167,0.086964,0.08937,Central Bank
2024-03-14,ARS,MXN,0.049039,0.048463,0.049615,Central Bank
2024-03-14,ARS,COP,11.520719,11.403638,11.6378,Internal
2024-03-15,MXN,USD,0.057968,0.057159,0.058777,Bloomberg
2024-03-15,COP,USD,0.000248,0.000246,0.00025,Central Bank
2024-03-15,ARS,USD,0.002892,0.00286,0.002925,Bloomberg
2024-03-15,USD,MXN,16.738002,16.654306,16.821698,Central Bank
2024-03-15,USD,COP,4003.17161,3973.259668,4033.083552,Central Bank
2024-03-15,USD,ARS,349.632394,344.97275,354.292037,Internal
2024-03-15,MXN,COP,234.265543,230.924812,237.606273,Reuters
2024-03-15,MXN,ARS,20.509635,20.20554,20.813731,Bloomberg
2024-03-15,COP,MXN,0.004308,0.004263,0.004353,Internal
2024-03-15,COP,ARS,0.088758,0.087766,0.089749,Internal
2024-03-15,ARS,MXN,0.047884,0.047634,0.048134,Bloomberg
2024-03-15,ARS,COP,11.574194,11.440227,11.708162,Bloomberg
2024-03-16,MXN,USD,0.058851,0.058145,0.059557,Bloomberg
2024-03-16,COP,USD,0.00025,0.000248,0.000252,Central Bank
2024-03-16,ARS,USD,0.00291,0.002881,0.002939,Reuters
2024-03-16,USD,MXN,16.926009,16.723294,17.128723,Central Bank
2024-03-16,USD,COP,3994.234192,3941.770181,4046.698202,Bloomberg
2024-03-16,USD,ARS,343.391589,340.105049,346.678129,Internal
2024-03-16,MXN,COP,230.69195,228.840043,232.543856,Internal
2024-03-16,MXN,ARS,20.211579,19.92719,20.495968,Bloomberg
2024-03-16,COP,MXN,0.004245,0.004193,0.004296,Reuters
2024-03-16,COP,ARS,0.085782,0.085217,0.086347,Bloomberg
2024-03-16,ARS,MXN,0.048278,0.047695,0.04886,Internal
2024-03-16,ARS,COP,11.434535,11.357409,11.511661,Bloomberg
2024-03-17,MXN,USD,0.058475,0.057762,0.059188,Reuters
2024-03-17,COP,USD,0.00025,0.000246,0.000253,Bloomberg
2024-03-17,ARS,USD,0.002832,0.002796,0.002868,Reuters
2024-03-17,USD,MXN,17.287964,17.189732,17.386196,Internal
2024-03-17,USD,COP,3980.243638,3941.565528,4018.921747,Bloomberg
2024-03-17,USD,ARS,351.064545,346.053407,356.075684,Reuters
2024-03-17,MXN,COP,231.806324,229.896063,233.716586,Reuters
2024-03-17,MXN,ARS,20.657818,20.383092,20.932543,Central Bank
2024-03-17,COP,MXN,0.004173,0.004116,0.004229,Bloomberg
2024-03-17,COP,ARS,0.086561,0.085552,0.08757,Internal
2024-03-17,ARS,MXN,0.049415,0.048933,0.049898,Bloomberg
2024-03-17,ARS,COP,11.648607,11.496179,11.801036,Bloomberg
2024-03-18,MXN,USD,0.057895,0.057096,0.058695,Internal
2024-03-18,COP,USD,0.000253,0.00025,0.000255,Central Bank
2024-03-18,ARS,USD,0.002807,0.002786,0.002828,Central Bank
2024-03-18,USD,MXN,17.235825,17.137084,17.334566,Reuters
2024-03-18,USD,COP,4017.045328,3963.189631,4070.901026,Bloomberg
2024-03-18,USD,ARS,347.496229,343.330702,351.661756,Internal
2024-03-18,MXN,COP,231.842039,229.205077,234.479001,Bloomberg
2024-03-18,MXN,ARS,20.33765,20.136083,20.539217,Reuters
2024-03-18,COP,MXN,0.004203,0.004151,0.004256,Internal
2024-03-18,COP,ARS,0.088598,0.087439,0.089758,Bloomberg
2024-03-18,ARS,MXN,0.047767,0.047517,0.048018,Central Bank
2024-03-18,ARS,COP,11.293047,11.145107,11.440987,Central Bank
2024-03-19,MXN,USD,0.058493,0.057962,0.059024,Central Bank
2024-03-19,COP,USD,0.000248,0.000245,0.000251,Internal
2024-03-19,ARS,USD,0.002822,0.002802,0.002842,Internal
2024-03-19,USD,MXN,17.000578,16.854971,17.146186,Bloomberg
2024-03-19,USD,COP,4048.255342,4010.247161,4086.263524,Internal
2024-03-19,USD,ARS,355.235677,351.437666,359.033687,Bloomberg
2024-03-19,MXN,COP,237.951881,236.052485,239.851277,Central Bank
2024-03-19,MXN,ARS,20.587175,20.473641,20.700709,Reuters
2024-03-19,COP,MXN,0.004169,0.004114,0.004224,Reuters
2024-03-19,COP,ARS,0.088978,0.088309,0.089647,Reuters
2024-03-19,ARS,MXN,0.047732,0.047077,0.048387,Reuters
2024-03-19,ARS,COP,11.234184,11.113376,11.354991,Reuters
2024-03-20,MXN,USD,0.058586,0.05826,0.058913,Central Bank
2024-03-20,COP,USD,0.000251,0.000247,0.000254,Reuters
2024-03-20,ARS,USD,0.002875,0.002859,0.00289,Internal
2024-03-20,USD,MXN,16.837399,16.696884,16.977914,Central Bank
2024-03-20,USD,COP,3942.286181,3901.007001,3983.56536,Reuters
2024-03-20,USD,ARS,355.93844,351.797679,360.0792,Central Bank
2024-03-20,MXN,COP,232.805809,231.472037,234.139581,Central Bank
2024-03-20,MXN,ARS,20.461285,20.344499,20.57807,Internal
2024-03-20,COP,MXN,0.004267,0.004219,0.004314,Central Bank
2024-03-20,COP,ARS,0.088856,0.087987,0.089726,Bloomberg
2024-03-20,ARS,MXN,0.048126,0.047865,0.048386,Central Bank
2024-03-20,ARS,COP,11.427016,11.344142,11.50989,Reuters
2024-03-21,MXN,USD,0.058662,0.058191,0.059134,Bloomberg
2024-03-21,COP,USD,0.000245,0.000244,0.000247,Bloomberg
2024-03-21,ARS,USD,0.002861,0.002822,0.0029,Central Bank
2024-03-21,USD,MXN,17.035697,16.941636,17.129758,Internal
2024-03-21,USD,COP,4031.270485,3993.791012,4068.749959,Internal
2024-03-21,USD,ARS,350.693629,348.534818,352.85244,Central Bank
2024-03-21,MXN,COP,239.031969,235.488238,242.575701,Reuters
2024-03-21,MXN,ARS,20.466179,20.293624,20.638735,Central Bank
2024-03-21,COP,MXN,0.004205,0.004181,0.00423,Central Bank
2024-03-21,COP,ARS,0.086545,0.085465,0.087625,Central Bank
2024-03-21,ARS,MXN,0.049525,0.04927,0.04978,Bloomberg
2024-03-21,ARS,COP,11.571484,11.504762,11.638207,Bloomberg
2024-03-22,MXN,USD,0.058679,0.05822,0.059138,Reuters
2024-03-22,COP,USD,0.000248,0.000246,0.000251,Bloomberg
2024-03-22,ARS,USD,0.002914,0.002896,0.002932,Internal
2024-03-22,USD,MXN,16.985517,16.879803,17.091231,Central Bank
2024-03-22,USD,COP,3932.220459,3875.660574,3988.780344,Bloomberg
2024-03-22,USD,ARS,349.92901,345.606621,354.251398,Reuters
2024-03-22,MXN,COP,239.036613,235.788679,242.284548,Internal
2024-03-22,MXN,ARS,20.763757,20.464463,21.063052,Reuters
2024-03-22,COP,MXN,0.004313,0.004281,0.004345,Reuters
2024-03-22,COP,ARS,0.086866,0.085961,0.087771,Central Bank
2024-03-22,ARS,MXN,0.047705,0.047037,0.048373,Internal
2024-03-22,ARS,COP,11.327901,11.248203,11.407599,Bloomberg
2024-03-23,MXN,USD,0.059627,0.059018,0.060236,Reuters
2024-03-23,COP,USD,0.000252,0.000251,0.000254,Reuters
2024-03-23,ARS,USD,0.002883,0.002846,0.00292,Central Bank
2024-03-23,USD,MXN,17.324979,17.117366,17.532591,Internal
2024-03-23,USD,COP,4072.487195,4051.25774,4093.716649,Central Bank
2024-03-23,USD,ARS,346.78418,343.010335,350.558025,Reuters
2024-03-23,MXN,COP,238.373448,236.980171,239.766725,Reuters
2024-03-23,MXN,ARS,20.880238,20.69567,21.064806,Central Bank
2024-03-23,COP,MXN,0.004312,0.004274,0.00435,Central Bank
2024-03-23,COP,ARS,0.086536,0.085775,0.087297,Internal
2024-03-23,ARS,MXN,0.048635,0.04807,0.049199,Central Bank
2024-03-23,ARS,COP,11.447565,11.350512,11.544618,Central Bank
2024-03-24,MXN,USD,0.059788,0.059038,0.060538,Reuters
2024-03-24,COP,USD,0.000254,0.000251,0.000258,Bloomberg
2024-03-24,ARS,USD,0.002887,0.002862,0.002911,Internal
2024-03-24,USD,MXN,17.248705,17.027471,17.469939,Central Bank
2024-03-24,USD,COP,4049.183471,4006.533658,4091.833284,Reuters
2024-03-24,USD,ARS,355.019197,349.914106,360.124288,Internal
2024-03-24,MXN,COP,234.577271,231.717257,237.437284,Reuters
2024-03-24,MXN,ARS,20.310334,20.131341,20.489328,Bloomberg
2024-03-24,COP,MXN,0.004187,0.004166,0.004209,Reuters
2024-03-24,COP,ARS,0.086049,0.085404,0.086695,Reuters
2024-03-24,ARS,MXN,0.048256,0.047824,0.048687,Reuters
2024-03-24,ARS,COP,11.365346,11.233596,11.497097,Central Bank
2024-03-25,MXN,USD,0.05794,0.05732,0.058559,Reuters
2024-03-25,COP,USD,0.000253,0.00025,0.000257,Internal
2024-03-25,ARS,USD,0.002853,0.002826,0.00288,Internal
2024-03-25,USD,MXN,16.685163,16.541883,16.828442,Bloomberg
2024-03-25,USD,COP,3985.377742,3942.352787,4028.402697,Central Bank
2024-03-25,USD,ARS,346.870239,343.01884,350.721639,Reuters
2024-03-25,MXN,COP,239.560407,237.307487,241.813328,Reuters
2024-03-25,MXN,ARS,20.807275,20.645781,20.96877,Internal
2024-03-25,COP,MXN,0.004187,0.004139,0.004234,Bloomberg
2024-03-25,COP,ARS,0.088799,0.087773,0.089826,Bloomberg
2024-03-25,ARS,MXN,0.047822,0.047565,0.04808,Internal
2024-03-25,ARS,COP,11.465093,11.402957,11.527229,Bloomberg
2024-03-26,MXN,USD,0.05779,0.057088,0.058492,Reuters
2024-03-26,COP,USD,0.000255,0.000253,0.000256,Reuters
2024-03-26,ARS,USD,0.002862,0.002846,0.002877,Bloomberg
2024-03-26,USD,MXN,16.897816,16.800235,16.995398,Internal
2024-03-26,USD,COP,3938.10921,3915.36859,3960.849831,Bloomberg
2024-03-26,USD,ARS,347.561047,344.532541,350.589552,Internal
2024-03-26,MXN,COP,231.260171,229.117603,233.402739,Reuters
2024-03-26,MXN,ARS,20.294301,20.12656,20.462041,Reuters
2024-03-26,COP,MXN,0.004222,0.004184,0.00426,Reuters
2024-03-26,COP,ARS,0.087397,0.08611,0.088685,Central Bank
2024-03-26,ARS,MXN,0.047911,0.047651,0.048172,Bloomberg
2024-03-26,ARS,COP,11.616856,11.555805,11.677907,Bloomberg
2024-03-27,MXN,USD,0.059548,0.058946,0.06015,Reuters
2024-03-27,COP,USD,0.000254,0.000252,0.000257,Central Bank
2024-03-27,ARS,USD,0.002875,0.002856,0.002894,Central Bank
2024-03-27,USD,MXN,17.309522,17.057041,17.562003,Bloomberg
2024-03-27,USD,COP,4010.464382,3950.395126,4070.533637,Internal
2024-03-27,USD,ARS,350.545543,348.367806,352.723281,Central Bank
2024-03-27,MXN,COP,236.302137,233.562927,239.041346,Internal
2024-03-27,MXN,ARS,20.437479,20.295434,20.579525,Reuters
2024-03-27,COP,MXN,0.00432,0.004284,0.004356,Reuters
2024-03-27,COP,ARS,0.086558,0.085853,0.087263,Central Bank
2024-03-27,ARS,MXN,0.048947,0.048484,0.049409,Internal
2024-03-27,ARS,COP,11.365431,11.2686,11.462263,Central Bank
2024-03-28,MXN,USD,0.059799,0.059109,0.060489,Bloomberg
2024-03-28,COP,USD,0.000249,0.000247,0.000252,Bloomberg
2024-03-28,ARS,USD,0.002906,0.002884,0.002927,Internal
2024-03-28,USD,MXN,17.118391,16.918808,17.317975,Reuters
2024-03-28,USD,COP,4047.336952,4013.275705,4081.398198,Central Bank
2024-03-28,USD,ARS,344.141083,340.971466,347.310701,Bloomberg
2024-03-28,MXN,COP,236.009522,233.336408,238.682636,Bloomberg
2024-03-28,MXN,ARS,20.917542,20.629632,21.205452,Central Bank
2024-03-28,COP,MXN,0.004193,0.004155,0.004232,Internal
2024-03-28,COP,ARS,0.08835,0.087797,0.088903,Central Bank
2024-03-28,ARS,MXN,0.04922,0.048962,0.049478,Bloomberg
2024-03-28,ARS,COP,11.652541,11.578853,11.726229,Internal
2024-03-29,MXN,USD,0.059775,0.059264,0.060285,Internal
2024-03-29,COP,USD,0.000252,0.00025,0.000254,Reuters
2024-03-29,ARS,USD,0.002814,0.002774,0.002853,Reuters
2024-03-29,USD,MXN,17.062205,16.871683,17.252727,Central Bank
2024-03-29,USD,COP,3931.800407,3875.940386,3987.660427,Internal
2024-03-29,USD,ARS,355.749439,351.726511,359.772368,Internal
2024-03-29,MXN,COP,233.310975,231.03128,235.590671,Bloomberg
2024-03-29,MXN,ARS,20.780483,20.52619,21.034775,Central Bank
2024-03-29,COP,MXN,0.004191,0.00417,0.004212,Reuters
2024-03-29,COP,ARS,0.088109,0.087269,0.088949,Reuters
2024-03-29,ARS,MXN,0.048452,0.047963,0.048941,Reuters
2024-03-29,ARS,COP,11.631894,11.562463,11.701325,Reuters
2024-03-30,MXN,USD,0.058808,0.058485,0.05913,Internal
2024-03-30,COP,USD,0.000248,0.000246,0.00025,Bloomberg
2024-03-30,ARS,USD,0.002909,0.002893,0.002925,Bloomberg
2024-03-30,USD,MXN,16.952766,16.82083,17.084702,Reuters
2024-03-30,USD,COP,3935.914646,3905.025943,3966.803348,Central Bank
2024-03-30,USD,ARS,347.029804,343.605884,350.453724,Bloomberg
2024-03-30,MXN,COP,238.920933,237.037092,240.804774,Reuters
2024-03-30,MXN,ARS,20.990781,20.727668,21.253894,Bloomberg
2024-03-30,COP,MXN,0.004278,0.004251,0.004306,Bloomberg
2024-03-30,COP,ARS,0.087683,0.086798,0.088567,Bloomberg
2024-03-30,ARS,MXN,0.047653,0.046985,0.048321,Bloomberg
2024-03-30,ARS,COP,11.203047,11.053766,11.352328,Central Bank
2024-03-31,MXN,USD,0.058517,0.058059,0.058974,Internal
2024-03-31,COP,USD,0.000252,0.00025,0.000255,Internal
2024-03-31,ARS,USD,0.002834,0.002816,0.002851,Central Bank
2024-03-31,USD,MXN,16.962195,16.804063,17.120328,Reuters
2024-03-31,USD,COP,3933.898213,3908.846439,3958.949986,Reuters
2024-03-31,USD,ARS,353.242872,351.065262,355.420483,Reuters
2024-03-31,MXN,COP,238.151916,235.188645,241.115187,Bloomberg
2024-03-31,MXN,ARS,20.775474,20.603637,20.947311,Reuters
2024-03-31,COP,MXN,0.004212,0.004164,0.00426,Central Bank
2024-03-31,COP,ARS,0.088224,0.087505,0.088943,Central Bank
2024-03-31,ARS,MXN,0.048442,0.047748,0.049136,Reuters
2024-03-31,ARS,COP,11.287039,11.167603,11.406475,Central Bank
2024-04-01,MXN,USD,0.05988,0.059205,0.060555,Bloomberg
2024-04-01,COP,USD,0.000246,0.000244,0.000249,Bloomberg
2024-04-01,ARS,USD,0.002877,0.002855,0.002899,Bloomberg
2024-04-01,USD,MXN,16.989465,16.872729,17.1062,Internal
2024-04-01,USD,COP,3965.215948,3937.516021,3992.915875,Central Bank
2024-04-01,USD,ARS,356.311659,351.475951,361.147367,Bloomberg
2024-04-01,MXN,COP,230.618331,229.310123,231.92654,Bloomberg
2024-04-01,MXN,ARS,20.761169,20.649305,20.873032,Reuters
2024-04-01,COP,MXN,0.004269,0.004221,0.004318,Bloomberg
2024-04-01,COP,ARS,0.087982,0.087116,0.088848,Bloomberg
2024-04-01,ARS,MXN,0.049306,0.048645,0.049967,Reuters
2024-04-01,ARS,COP,11.50536,11.391432,11.619289,Internal
2024-04-02,MXN,USD,0.059054,0.058438,0.05967,Reuters
2024-04-02,COP,USD,0.000246,0.000244,0.000247,Reuters
2024-04-02,ARS,USD,0.002848,0.002821,0.002875,Bloomberg
2024-04-02,USD,MXN,17.110444,17.005075,17.215814,Internal
2024-04-02,USD,COP,4073.010484,4025.738601,4120.282368,Reuters
2024-04-02,USD,ARS,352.75756,348.507471,357.00765,Internal
2024-04-02,MXN,COP,238.495255,235.242158,241.748352,Internal
2024-04-02,MXN,ARS,20.742418,20.632698,20.852138,Reuters
2024-04-02,COP,MXN,0.004251,0.004192,0.00431,Internal
2024-04-02,COP,ARS,0.085963,0.08487,0.087056,Reuters
2024-04-02,ARS,MXN,0.048911,0.048466,0.049357,Internal
2024-04-02,ARS,COP,11.394377,11.3077,11.481054,Central Bank
2024-04-03,MXN,USD,0.058278,0.057563,0.058994,Reuters
2024-04-03,COP,USD,0.000251,0.00025,0.000253,Internal
2024-04-03,ARS,USD,0.002847,0.002816,0.002877,Bloomberg
2024-04-03,USD,MXN,17.024489,16.806652,17.242326,Central Bank
2024-04-03,USD,COP,4071.660447,4026.33049,4116.990405,Reuters
2024-04-03,USD,ARS,344.809015,341.223803,348.394226,Central Bank
2024-04-03,MXN,COP,238.140356,236.734727,239.545986,Reuters
2024-04-03,MXN,ARS,20.927718,20.662597,21.192839,Central Bank
2024-04-03,COP,MXN,0.004276,0.004233,0.00432,Reuters
2024-04-03,COP,ARS,0.087624,0.086323,0.088926,Internal
2024-04-03,ARS,MXN,0.04927,0.048911,0.04963,Bloomberg
2024-04-03,ARS,COP,11.616299,11.519709,11.712889,Bloomberg
2024-04-04,MXN,USD,0.058948,0.058507,0.059389,Central Bank
2024-04-04,COP,USD,0.000245,0.000244,0.000247,Central Bank
2024-04-04,ARS,USD,0.002857,0.00282,0.002894,Central Bank
2024-04-04,USD,MXN,16.766723,16.632343,16.901103,Bloomberg
2024-04-04,USD,COP,4021.048881,3973.276004,4068.821757,Central Bank
2024-04-04,USD,ARS,346.814415,344.651532,348.977299,Internal
2024-04-04,MXN,COP,236.755538,235.261154,238.249923,Reuters
2024-04-04,MXN,ARS,20.88634,20.765924,21.006755,Internal
2024-04-04,COP,MXN,0.004168,0.004117,0.00422,Bloomberg
2024-04-04,COP,ARS,0.086084,0.085148,0.087021,Internal
2024-04-04,ARS,MXN,0.047977,0.047447,0.048508,Reuters
2024-04-04,ARS,COP,11.558753,11.451817,11.665689,Central Bank
2024-04-05,MXN,USD,0.058358,0.057798,0.058918,Central Bank
2024-04-05,COP,USD,0.000248,0.000245,0.000251,Internal
2024-04-05,ARS,USD,0.002843,0.002817,0.002869,Bloomberg
2024-04-05,USD,MXN,17.317483,17.133745,17.501221,Internal
2024-04-05,USD,COP,3965.507678,3917.8074,4013.207955,Bloomberg
2024-04-05,USD,ARS,348.353717,343.152259,353.555174,Internal
2024-04-05,MXN,COP,239.543128,236.518416,242.56784,Central Bank
2024-04-05,MXN,ARS,20.548929,20.327436,20.770421,Central Bank
2024-04-05,COP,MXN,0.004233,0.004202,0.004264,Reuters
2024-04-05,COP,ARS,0.087419,0.086886,0.087951,Reuters
2024-04-05,ARS,MXN,0.048246,0.047614,0.048878,Central Bank
2024-04-05,ARS,COP,11.243606,11.168358,11.318855,Internal
2024-04-06,MXN,USD,0.059043,0.058699,0.059388,Internal
2024-04-06,COP,USD,0.000251,0.000249,0.000254,Bloomberg
2024-04-06,ARS,USD,0.002807,0.002779,0.002835,Internal
2024-04-06,USD,MXN,16.871789,16.730426,17.013153,Bloomberg
2024-04-06,USD,COP,3925.841554,3879.163392,3972.519715,Internal
2024-04-06,USD,ARS,355.199991,352.47154,357.928441,Bloomberg
2024-04-06,MXN,COP,237.694475,234.617054,240.771895,Internal
2024-04-06,MXN,ARS,20.434249,20.198844,20.669653,Reuters
2024-04-06,COP,MXN,0.004243,0.004202,0.004285,Central Bank
2024-04-06,COP,ARS,0.088974,0.088151,0.089798,Central Bank
2024-04-06,ARS,MXN,0.04833,0.047722,0.048937,Bloomberg
2024-04-06,ARS,COP,11.437686,11.366604,11.508769,Bloomberg
2024-04-07,MXN,USD,0.058677,0.057813,0.05954,Central Bank
2024-04-07,COP,USD,0.000254,0.000251,0.000256,Internal
2024-04-07,ARS,USD,0.002816,0.002777,0.002855,Internal
2024-04-07,USD,MXN,16.931596,16.796693,17.066499,Internal
2024-04-07,USD,COP,4079.31909,4029.553723,4129.084457,Reuters
2024-04-07,USD,ARS,350.314721,346.40836,354.221083,Reuters
2024-04-07,MXN,COP,235.894686,234.323756,237.465616,Reuters
2024-04-07,MXN,ARS,20.607383,20.462212,20.752555,Reuters
2024-04-07,COP,MXN,0.004253,0.004221,0.004285,Internal
2024-04-07,COP,ARS,0.086487,0.085769,0.087205,Bloomberg
2024-04-07,ARS,MXN,0.047919,0.047337,0.048501,Internal
2024-04-07,ARS,COP,11.20449,11.101823,11.307157,Bloomberg
2024-04-08,MXN,USD,0.058754,0.057877,0.059631,Central Bank
2024-04-08,COP,USD,0.000248,0.000246,0.00025,Central Bank
2024-04-08,ARS,USD,0.002861,0.002838,0.002885,Central Bank
2024-04-08,USD,MXN,17.084981,16.897994,17.271969,Central Bank
2024-04-08,USD,COP,3976.072447,3933.959633,4018.18526,Bloomberg
2024-04-08,USD,ARS,347.829404,346.041111,349.617698,Bloomberg
2024-04-08,MXN,COP,233.172523,230.092887,236.25216,Internal
2024-04-08,MXN,ARS,20.657797,20.491347,20.824248,Internal
2024-04-08,COP,MXN,0.004324,0.004278,0.00437,Bloomberg
2024-04-08,COP,ARS,0.086021,0.08546,0.086582,Bloomberg
2024-04-08,ARS,MXN,0.048144,0.047777,0.048511,Central Bank
2024-04-08,ARS,COP,11.257922,11.14283,11.373014,Internal
2024-04-09,MXN,USD,0.058424,0.057681,0.059167,Reuters
2024-04-09,COP,USD,0.000255,0.000252,0.000258,Internal
2024-04-09,ARS,USD,0.002824,0.00281,0.002838,Bloomberg
2024-04-09,USD,MXN,17.332579,17.230085,17.435073,Bloomberg
2024-04-09,USD,COP,3942.933333,3904.471438,3981.395228,Central Bank
2024-04-09,USD,ARS,347.52673,342.675419,352.378041,Central Bank
2024-04-09,MXN,COP,231.877411,228.84623,234.908592,Internal
2024-04-09,MXN,ARS,20.723988,20.552582,20.895394,Central Bank
2024-04-09,COP,MXN,0.004206,0.004168,0.004244,Internal
2024-04-09,COP,ARS,0.088222,0.087468,0.088976,Reuters
2024-04-09,ARS,MXN,0.048631,0.047958,0.049304,Bloomberg
2024-04-09,ARS,COP,11.636736,11.468528,11.804944,Reuters
2024-04-10,MXN,USD,0.059321,0.058526,0.060116,Internal
2024-04-10,COP,USD,0.00025,0.000247,0.000253,Central Bank
2024-04-10,ARS,USD,0.002864,0.002837,0.002891,Reuters
2024-04-10,USD,MXN,16.781048,16.551796,17.010301,Internal
2024-04-10,USD,COP,4043.319165,4009.113027,4077.525304,Internal
2024-04-10,USD,ARS,345.992919,342.326107,349.659732,Bloomberg
2024-04-10,MXN,COP,234.187834,232.597686,235.777983,Central Bank
2024-04-10,MXN,ARS,20.337747,20.162641,20.512854,Bloomberg
2024-04-10,COP,MXN,0.004166,0.004132,0.0042,Central Bank
2024-04-10,COP,ARS,0.088939,0.087679,0.090198,Central Bank
2024-04-10,ARS,MXN,0.048779,0.048519,0.049039,Reuters
2024-04-10,ARS,COP,11.493337,11.390093,11.596581,Reuters
2024-04-11,MXN,USD,0.058292,0.057967,0.058617,Central Bank
2024-04-11,COP,USD,0.000254,0.00025,0.000257,Internal
2024-04-11,ARS,USD,0.002856,0.002828,0.002884,Central Bank
2024-04-11,USD,MXN,16.685972,16.59773,16.774213,Bloomberg
2024-04-11,USD,COP,4032.902332,4005.603307,4060.201358,Bloomberg
2024-04-11,USD,ARS,344.159545,339.568235,348.750855,Central Bank
2024-04-11,MXN,COP,231.115746,228.486855,233.744637,Central Bank
2024-04-11,MXN,ARS,20.435254,20.157765,20.712742,Reuters
2024-04-11,COP,MXN,0.004332,0.004302,0.004362,Central Bank
2024-04-11,COP,ARS,0.086914,0.085896,0.087933,Reuters
2024-04-11,ARS,MXN,0.049344,0.049014,0.049674,Reuters
2024-04-11,ARS,COP,11.436041,11.2713,11.600783,Internal
2024-04-12,MXN,USD,0.058627,0.057942,0.059311,Central Bank
2024-04-12,COP,USD,0.000246,0.000242,0.000249,Bloomberg
2024-04-12,ARS,USD,0.002883,0.002866,0.0029,Internal
2024-04-12,USD,MXN,16.690266,16.505249,16.875282,Internal
2024-04-12,USD,COP,3947.674914,3898.454181,3996.895647,Central Bank
2024-04-12,USD,ARS,347.356303,343.672383,351.040223,Central Bank
2024-04-12,MXN,COP,233.801906,231.304496,236.299315,Central Bank
2024-04-12,MXN,ARS,20.642744,20.443953,20.841535,Central Bank
2024-04-12,COP,MXN,0.004321,0.004292,0.004351,Central Bank
2024-04-12,COP,ARS,0.0864,0.085457,0.087343,Central Bank
2024-04-12,ARS,MXN,0.04909,0.048457,0.049722,Bloomberg
2024-04-12,ARS,COP,11.491632,11.381272,11.601992,Bloomberg
2024-04-13,MXN,USD,0.058371,0.057682,0.059061,Bloomberg
2024-04-13,COP,USD,0.000252,0.000249,0.000256,Reuters
2024-04-13,ARS,USD,0.002806,0.002772,0.00284,Bloomberg
2024-04-13,USD,MXN,16.849695,16.670239,17.029151,Internal
2024-04-13,USD,COP,3956.153661,3928.92562,3983.381702,Bloomberg
2024-04-13,USD,ARS,345.479569,342.73324,348.225898,Internal
2024-04-13,MXN,COP,233.078072,230.770866,235.385278,Reuters
2024-04-13,MXN,ARS,20.463766,20.230106,20.697427,Internal
2024-04-13,COP,MXN,0.004306,0.004255,0.004357,Bloomberg
2024-04-13,COP,ARS,0.085879,0.084732,0.087025,Internal
2024-04-13,ARS,MXN,0.047903,0.047391,0.048414,Internal
2024-04-13,ARS,COP,11.358593,11.209692,11.507493,Reuters
2024-04-14,MXN,USD,0.058135,0.057438,0.058833,Reuters
2024-04-14,COP,USD,0.000246,0.000243,0.000249,Reuters
2024-04-14,ARS,USD,0.002825,0.002803,0.002846,Central Bank
2024-04-14,USD,MXN,17.01158,16.81916,17.204001,Internal
2024-04-14,USD,COP,3942.370445,3899.523945,3985.216946,Reuters
2024-04-14,USD,ARS,350.892772,346.828364,354.95718,Central Bank
2024-04-14,MXN,COP,233.622325,232.209814,235.034836,Reuters
2024-04-14,MXN,ARS,20.892389,20.786277,20.998501,Internal
2024-04-14,COP,MXN,0.004246,0.00421,0.004281,Central Bank
2024-04-14,COP,ARS,0.086405,0.085664,0.087146,Bloomberg
2024-04-14,ARS,MXN,0.048507,0.048174,0.04884,Central Bank
2024-04-14,ARS,COP,11.40069,11.273388,11.527991,Internal
2024-04-15,MXN,USD,0.059367,0.058789,0.059945,Bloomberg
2024-04-15,COP,USD,0.000248,0.000245,0.00025,Reuters
2024-04-15,ARS,USD,0.002855,0.002829,0.002881,Central Bank
2024-04-15,USD,MXN,17.320121,17.081548,17.558694,Central Bank
2024-04-15,USD,COP,3987.357758,3936.555931,4038.159584,Internal
2024-04-15,USD,ARS,351.303065,348.970321,353.635808,Bloomberg
2024-04-15,MXN,COP,239.26921,235.951515,242.586906,Bloomberg
2024-04-15,MXN,ARS,20.960054,20.736203,21.183905,Bloomberg
2024-04-15,COP,MXN,0.004187,0.004152,0.004222,Central Bank
2024-04-15,COP,ARS,0.089146,0.088425,0.089868,Bloomberg
2024-04-15,ARS,MXN,0.049157,0.048686,0.049628,Bloomberg
2024-04-15,ARS,COP,11.410554,11.278351,11.542758,Bloomberg
2024-04-16,MXN,USD,0.059725,0.059246,0.060203,Central Bank
2024-04-16,COP,USD,0.000247,0.000243,0.00025,Internal
2024-04-16,ARS,USD,0.00281,0.002789,0.002831,Reuters
2024-04-16,USD,MXN,16.663362,16.553496,16.773229,Central Bank
2024-04-16,USD,COP,3995.328111,3947.912099,4042.744123,Bloomberg
2024-04-16,USD,ARS,355.779663,351.622602,359.936723,Internal
2024-04-16,MXN,COP,237.23505,234.238638,240.231462,Central Bank
2024-04-16,MXN,ARS,20.495649,20.327922,20.663377,Bloomberg
2024-04-16,COP,MXN,0.004233,0.004198,0.004268,Reuters
2024-04-16,COP,ARS,0.088619,0.087529,0.08971,Internal
2024-04-16,ARS,MXN,0.04876,0.048256,0.049264,Reuters
2024-04-16,ARS,COP,11.423227,11.28153,11.564924,Central Bank
2024-04-17,MXN,USD,0.058169,0.057524,0.058814,Bloomberg
2024-04-17,COP,USD,0.000249,0.000247,0.000251,Central Bank
2024-04-17,ARS,USD,0.00287,0.002834,0.002906,Central Bank
2024-04-17,USD,MXN,17.098993,16.989887,17.208098,Bloomberg
2024-04-17,USD,COP,3927.079667,3895.586926,3958.572408,Central Bank
2024-04-17,USD,ARS,347.754213,343.740973,351.767453,Internal
2024-04-17,MXN,COP,232.007036,230.125245,233.888827,Internal
2024-04-17,MXN,ARS,20.205151,19.910457,20.499846,Internal
2024-04-17,COP,MXN,0.004196,0.004158,0.004233,Central Bank
2024-04-17,COP,ARS,0.087377,0.086868,0.087886,Central Bank
2024-04-17,ARS,MXN,0.048874,0.048432,0.049316,Central Bank
2024-04-17,ARS,COP,11.273547,11.202666,11.344428,Internal
2024-04-18,MXN,USD,0.059262,0.058959,0.059565,Internal
2024-04-18,COP,USD,0.000249,0.000248,0.000251,Internal
2024-04-18,ARS,USD,0.00283,0.002797,0.002862,Internal
2024-04-18,USD,MXN,17.001402,16.783613,17.21919,Reuters
2024-04-18,USD,COP,4055.066945,3995.385676,4114.748214,Central Bank
2024-04-18,USD,ARS,353.996926,348.755171,359.238681,Internal
2024-04-18,MXN,COP,238.779429,237.394486,240.164371,Central Bank
2024-04-18,MXN,ARS,20.454095,20.160747,20.747443,Reuters
2024-04-18,COP,MXN,0.004199,0.004143,0.004254,Internal
2024-04-18,COP,ARS,0.087272,0.08643,0.088114,Central Bank
2024-04-18,ARS,MXN,0.047836,0.047363,0.04831,Reuters
2024-04-18,ARS,COP,11.222891,11.099514,11.346267,Reuters
2024-04-19,MXN,USD,0.058241,0.057753,0.058729,Reuters
2024-04-19,COP,USD,0.000253,0.000251,0.000254,Reuters
2024-04-19,ARS,USD,0.00282,0.002796,0.002845,Central Bank
2024-04-19,USD,MXN,16.963804,16.828486,17.099121,Central Bank
2024-04-19,USD,COP,4015.324625,3980.903476,4049.745774,Central Bank
2024-04-19,USD,ARS,350.437759,347.297085,353.578434,Bloomberg
2024-04-19,MXN,COP,231.379265,230.003547,232.754982,Bloomberg
2024-04-19,MXN,ARS,20.697699,20.504982,20.890415,Reuters
2024-04-19,COP,MXN,0.004224,0.004183,0.004264,Bloomberg
2024-04-19,COP,ARS,0.088966,0.087717,0.090214,Internal
2024-04-19,ARS,MXN,0.047679,0.047285,0.048073,Central Bank
2024-04-19,ARS,COP,11.267086,11.100689,11.433483,Central Bank
2024-04-20,MXN,USD,0.058546,0.057679,0.059412,Central Bank
2024-04-20,COP,USD,0.000248,0.000246,0.000251,Reuters
2024-04-20,ARS,USD,0.002848,0.002833,0.002863,Reuters
2024-04-20,USD,MXN,17.150684,16.937555,17.363813,Central Bank
2024-04-20,USD,COP,4053.896531,4016.05603,4091.737031,Central Bank
2024-04-20,USD,ARS,354.111027,350.318869,357.903185,Reuters
2024-04-20,MXN,COP,236.381943,233.925562,238.838324,Bloomberg
2024-04-20,MXN,ARS,20.748212,20.634339,20.862084,Internal
2024-04-20,COP,MXN,0.004202,0.004141,0.004262,Reuters
2024-04-20,COP,ARS,0.088364,0.087234,0.089494,Reuters
2024-04-20,ARS,MXN,0.048574,0.048309,0.04884,Internal
2024-04-20,ARS,COP,11.615884,11.479025,11.752743,Reuters
2024-04-21,MXN,USD,0.057659,0.057251,0.058067,Internal
2024-04-21,COP,USD,0.000252,0.00025,0.000254,Internal
2024-04-21,ARS,USD,0.002868,0.002826,0.002911,Reuters
2024-04-21,USD,MXN,16.72606,16.604826,16.847295,Reuters
2024-04-21,USD,COP,3955.369234,3911.409803,3999.328665,Internal
2024-04-21,USD,ARS,351.230798,347.245127,355.216469,Reuters
2024-04-21,MXN,COP,235.68431,233.384967,237.983653,Central Bank
2024-04-21,MXN,ARS,20.458901,20.291211,20.62659,Internal
2024-04-21,COP,MXN,0.004191,0.004134,0.004248,Internal
2024-04-21,COP,ARS,0.086487,0.085451,0.087523,Internal
2024-04-21,ARS,MXN,0.048097,0.047841,0.048353,Central Bank
2024-04-21,ARS,COP,11.488633,11.366701,11.610565,Reuters
2024-04-22,MXN,USD,0.057843,0.057121,0.058564,Reuters
2024-04-22,COP,USD,0.000248,0.000245,0.000251,Internal
2024-04-22,ARS,USD,0.002877,0.002862,0.002892,Bloomberg
2024-04-22,USD,MXN,17.0845,16.902569,17.266432,Internal
2024-04-22,USD,COP,4079.332134,4057.98057,4100.683699,Reuters
2024-04-22,USD,ARS,350.790153,347.314675,354.26563,Bloomberg
2024-04-22,MXN,COP,234.120323,231.691108,236.549539,Internal
2024-04-22,MXN,ARS,20.676453,20.39739,20.955517,Central Bank
2024-04-22,COP,MXN,0.004232,0.004202,0.004262,Central Bank
2024-04-22,COP,ARS,0.087748,0.087152,0.088343,Bloomberg
2024-04-22,ARS,MXN,0.04909,0.048361,0.049819,Internal
2024-04-22,ARS,COP,11.451461,11.353891,11.54903,Bloomberg
2024-04-23,MXN,USD,0.058631,0.057987,0.059276,Reuters
2024-04-23,COP,USD,0.000253,0.00025,0.000256,Reuters
2024-04-23,ARS,USD,0.002857,0.002828,0.002887,Bloomberg
2024-04-23,USD,MXN,17.244158,17.072608,17.415709,Internal
2024-04-23,USD,COP,3965.805348,3909.310455,4022.300241,Bloomberg
2024-04-23,USD,ARS,355.934748,353.522839,358.346656,Reuters
2024-04-23,MXN,COP,230.619646,227.552713,233.686579,Internal
2024-04-23,MXN,ARS,20.716863,20.471709,20.962016,Central Bank
2024-04-23,COP,MXN,0.00423,0.004181,0.004279,Internal
2024-04-23,COP,ARS,0.087186,0.086195,0.088177,Bloomberg
2024-04-23,ARS,MXN,0.047869,0.047333,0.048405,Central Bank
2024-04-23,ARS,COP,11.474088,11.332711,11.615466,Central Bank
2024-04-24,MXN,USD,0.058412,0.057974,0.05885,Internal
2024-04-24,COP,USD,0.000252,0.000248,0.000256,Central Bank
2024-04-24,ARS,USD,0.002885,0.002845,0.002925,Internal
2024-04-24,USD,MXN,17.035399,16.803132,17.267666,Bloomberg
2024-04-24,USD,COP,3993.243024,3944.403261,4042.082786,Bloomberg
2024-04-24,USD,ARS,345.452954,340.488308,350.4176,Bloomberg
2024-04-24,MXN,COP,233.62564,231.77303,235.478249,Central Bank
2024-04-24,MXN,ARS,20.346947,20.151376,20.542518,Bloomberg
2024-04-24,COP,MXN,0.004281,0.004241,0.004322,Bloomberg
2024-04-24,COP,ARS,0.088539,0.087235,0.089843,Central Bank
2024-04-24,ARS,MXN,0.049161,0.048504,0.049819,Bloomberg
2024-04-24,ARS,COP,11.311938,11.1737,11.450175,Central Bank
2024-04-25,MXN,USD,0.057663,0.057356,0.05797,Internal
2024-04-25,COP,USD,0.000254,0.00025,0.000257,Internal
2024-04-25,ARS,USD,0.002808,0.002782,0.002834,Reuters
2024-04-25,USD,MXN,17.260683,17.081631,17.439735,Central Bank
2024-04-25,USD,COP,3990.163379,3937.183832,4043.142926,Central Bank
2024-04-25,USD,ARS,347.101483,343.983135,350.219831,Central Bank
2024-04-25,MXN,COP,234.008219,231.161217,236.855221,Internal
2024-04-25,MXN,ARS,20.529426,20.401311,20.657541,Bloomberg
2024-04-25,COP,MXN,0.004309,0.004255,0.004363,Central Bank
2024-04-25,COP,ARS,0.088277,0.087512,0.089042,Reuters
2024-04-25,ARS,MXN,0.047876,0.04752,0.048232,Internal
2024-04-25,ARS,COP,11.296039,11.228587,11.36349,Central Bank
2024-04-26,MXN,USD,0.058725,0.058015,0.059435,Bloomberg
2024-04-26,COP,USD,0.000253,0.00025,0.000255,Internal
2024-04-26,ARS,USD,0.002838,0.002811,0.002865,Reuters
2024-04-26,USD,MXN,17.046397,16.859837,17.232958,Bloomberg
2024-04-26,USD,COP,3943.683836,3912.590632,3974.777039,Bloomberg
2024-04-26,USD,ARS,355.322388,351.543395,359.101382,Reuters
2024-04-26,MXN,COP,233.474473,230.635804,236.313141,Reuters
2024-04-26,MXN,ARS,20.567882,20.374572,20.761191,Reuters
2024-04-26,COP,MXN,0.004191,0.004137,0.004246,Bloomberg
2024-04-26,COP,ARS,0.086263,0.085579,0.086946,Internal
2024-04-26,ARS,MXN,0.0481,0.04775,0.04845,Bloomberg
2024-04-26,ARS,COP,11.46662,11.392274,11.540965,Central Bank
2024-04-27,MXN,USD,0.058257,0.057546,0.058969,Internal
2024-04-27,COP,USD,0.00025,0.000246,0.000253,Reuters
2024-04-27,ARS,USD,0.002874,0.002842,0.002905,Reuters
2024-04-27,USD,MXN,17.015869,16.866474,17.165265,Internal
2024-04-27,USD,COP,4023.740241,3968.583523,4078.896958,Internal
2024-04-27,USD,ARS,345.455423,340.628949,350.281897,Central Bank
2024-04-27,MXN,COP,236.882304,235.544505,238.220103,Bloomberg
2024-04-27,MXN,ARS,20.431195,20.28321,20.57918,Reuters
2024-04-27,COP,MXN,0.004268,0.004216,0.004321,Central Bank
2024-04-27,COP,ARS,0.088025,0.087271,0.088779,Internal
2024-04-27,ARS,MXN,0.048706,0.048152,0.049261,Central Bank
2024-04-27,ARS,COP,11.58399,11.428098,11.739881,Bloomberg
2024-04-28,MXN,USD,0.059391,0.058879,0.059904,Central Bank
2024-04-28,COP,USD,0.000249,0.000247,0.00025,Reuters
2024-04-28,ARS,USD,0.002858,0.002836,0.00288,Central Bank
2024-04-28,USD,MXN,17.319897,17.223603,17.416192,Bloomberg
2024-04-28,USD,COP,3959.150759,3907.78989,4010.511629,Bloomberg
2024-04-28,USD,ARS,352.655787,348.597398,356.714175,Bloomberg
2024-04-28,MXN,COP,232.737317,229.904019,235.570615,Bloomberg
2024-04-28,MXN,ARS,20.209603,19.985451,20.433756,Reuters
2024-04-28,COP,MXN,0.004181,0.004152,0.004209,Central Bank
2024-04-28,COP,ARS,0.088921,0.088359,0.089484,Reuters
2024-04-28,ARS,MXN,0.047718,0.047371,0.048065,Internal
2024-04-28,ARS,COP,11.412238,11.293901,11.530576,Central Bank
2024-04-29,MXN,USD,0.058397,0.057735,0.059059,Bloomberg
2024-04-29,COP,USD,0.00025,0.000247,0.000252,Internal
2024-04-29,ARS,USD,0.002823,0.002793,0.002852,Bloomberg
2024-04-29,USD,MXN,17.06684,16.930312,17.203368,Central Bank
2024-04-29,USD,COP,4013.074167,3958.450646,4067.697689,Central Bank
2024-04-29,USD,ARS,353.07974,349.751463,356.408018,Bloomberg
2024-04-29,MXN,COP,236.131177,233.451247,238.811106,Internal
2024-04-29,MXN,ARS,20.993608,20.835789,21.151426,Internal
2024-04-29,COP,MXN,0.004267,0.004225,0.00431,Bloomberg
2024-04-29,COP,ARS,0.0869,0.086046,0.087755,Reuters
2024-04-29,ARS,MXN,0.049449,0.049053,0.049844,Bloomberg
2024-04-29,ARS,COP,11.355951,11.222196,11.489706,Reuters
2024-04-30,MXN,USD,0.05912,0.058758,0.059481,Bloomberg
2024-04-30,COP,USD,0.00025,0.000248,0.000252,Internal
2024-04-30,ARS,USD,0.002857,0.002837,0.002876,Internal
2024-04-30,USD,MXN,17.117624,17.015848,17.2194,Internal
2024-04-30,USD,COP,3974.789075,3927.609962,4021.968189,Bloomberg
2024-04-30,USD,ARS,345.710337,343.605958,347.814716,Bloomberg
2024-04-30,MXN,COP,232.594978,230.264889,234.925068,Reuters
2024-04-30,MXN,ARS,20.80764,20.605416,21.009865,Reuters
2024-04-30,COP,MXN,0.004323,0.004292,0.004353,Bloomberg
2024-04-30,COP,ARS,0.086883,0.086282,0.087484,Internal
2024-04-30,ARS,MXN,0.049127,0.048462,0.049791,Bloomberg
2024-04-30,ARS,COP,11.348883,11.233525,11.46424,Internal
2024-05-01,MXN,USD,0.059185,0.058422,0.059947,Reuters
2024-05-01,COP,USD,0.000247,0.000245,0.000249,Reuters
2024-05-01,ARS,USD,0.002842,0.002819,0.002865,Reuters
2024-05-01,USD,MXN,17.223877,17.083443,17.364312,Reuters
2024-05-01,USD,COP,3988.047666,3952.412777,4023.682555,Internal
2024-05-01,USD,ARS,343.079415,338.139115,348.019715,Central Bank
2024-05-01,MXN,COP,239.705223,237.659071,241.751376,Bloomberg
2024-05-01,MXN,ARS,20.9794,20.713581,21.245219,Central Bank
2024-05-01,COP,MXN,0.004304,0.004274,0.004334,Reuters
2024-05-01,COP,ARS,0.086782,0.086024,0.08754,Reuters
2024-05-01,ARS,MXN,0.048431,0.048003,0.048858,Bloomberg
2024-05-01,ARS,COP,11.56456,11.435319,11.6938,Internal
2024-05-02,MXN,USD,0.059662,0.0593,0.060024,Bloomberg
2024-05-02,COP,USD,0.000247,0.000244,0.00025,Internal
2024-05-02,ARS,USD,0.002909,0.002867,0.002951,Internal
2024-05-02,USD,MXN,17.127705,16.886395,17.369015,Internal
2024-05-02,USD,COP,3959.97538,3901.09335,4018.85741,Internal
2024-05-02,USD,ARS,343.830436,341.918344,345.742527,Reuters
2024-05-02,MXN,COP,233.186317,231.158882,235.213753,Reuters
2024-05-02,MXN,ARS,20.267908,20.139351,20.396464,Central Bank
2024-05-02,COP,MXN,0.00422,0.004166,0.004274,Internal
2024-05-02,COP,ARS,0.088635,0.087417,0.089853,Reuters
2024-05-02,ARS,MXN,0.048715,0.048198,0.049233,Internal
2024-05-02,ARS,COP,11.312104,11.190755,11.433452,Reuters
2024-05-03,MXN,USD,0.058957,0.05818,0.059734,Central Bank
2024-05-03,COP,USD,0.000246,0.000243,0.00025,Reuters
2024-05-03,ARS,USD,0.002909,0.002884,0.002934,Internal
2024-05-03,USD,MXN,17.168146,17.045426,17.290866,Reuters
2024-05-03,USD,COP,3994.932224,3956.548768,4033.31568,Reuters
2024-05-03,USD,ARS,345.785793,340.697767,350.873818,Reuters
2024-05-03,MXN,COP,232.991603,230.084682,235.898523,Central Bank
2024-05-03,MXN,ARS,20.291987,20.060204,20.52377,Internal
2024-05-03,COP,MXN,0.004232,0.004191,0.004274,Central Bank
2024-05-03,COP,ARS,0.088661,0.088164,0.089158,Reuters
2024-05-03,ARS,MXN,0.047631,0.047185,0.048078,Central Bank
2024-05-03,ARS,COP,11.63876,11.478951,11.79857,Reuters
2024-05-04,MXN,USD,0.059506,0.058916,0.060097,Reuters
2024-05-04,COP,USD,0.000251,0.000248,0.000254,Central Bank
2024-05-04,ARS,USD,0.002911,0.002874,0.002949,Bloomberg
2024-05-04,USD,MXN,17.203042,16.971437,17.434646,Central Bank
2024-05-04,USD,COP,4011.828039,3972.975619,4050.680459,Bloomberg
2024-05-04,USD,ARS,353.526703,349.047112,358.006294,Internal
2024-05-04,MXN,COP,238.28476,235.983608,240.585912,Bloomberg
2024-05-04,MXN,ARS,20.71213,20.593444,20.830816,Reuters
2024-05-04,COP,MXN,0.004242,0.004188,0.004297,Internal
2024-05-04,COP,ARS,0.088863,0.088062,0.089664,Reuters
2024-05-04,ARS,MXN,0.047612,0.04698,0.048245,Central Bank
2024-05-04,ARS,COP,11.203903,11.111764,11.296042,Bloomberg
2024-05-05,MXN,USD,0.058256,0.057835,0.058677,Reuters
2024-05-05,COP,USD,0.00025,0.000247,0.000253,Bloomberg
2024-05-05,ARS,USD,0.002888,0.002857,0.002919,Reuters
2024-05-05,USD,MXN,17.267406,17.057623,17.477188,Bloomberg
2024-05-05,USD,COP,3950.21558,3924.606972,3975.824188,Reuters
2024-05-05,USD,ARS,345.542214,343.723886,347.360542,Central Bank
2024-05-05,MXN,COP,237.92436,235.449765,240.398954,Central Bank
2024-05-05,MXN,ARS,20.446144,20.27944,20.612849,Bloomberg
2024-05-05,COP,MXN,0.004277,0.004247,0.004307,Bloomberg
2024-05-05,COP,ARS,0.087235,0.086562,0.087908,Bloomberg
2024-05-05,ARS,MXN,0.049101,0.048842,0.049359,Internal
2024-05-05,ARS,COP,11.256279,11.093286,11.419271,Central Bank
2024-05-06,MXN,USD,0.058692,0.057962,0.059422,Bloomberg
2024-05-06,COP,USD,0.000249,0.000246,0.000251,Internal
2024-05-06,ARS,USD,0.002823,0.002787,0.002859,Central Bank
2024-05-06,USD,MXN,16.723139,16.610242,16.836037,Central Bank
2024-05-06,USD,COP,3946.061279,3918.05853,3974.064029,Internal
2024-05-06,USD,ARS,353.368988,350.335703,356.402273,Reuters
2024-05-06,MXN,COP,234.495321,232.829636,236.161006,Central Bank
2024-05-06,MXN,ARS,20.835122,20.65597,21.014275,Reuters
2024-05-06,COP,MXN,0.004251,0.00419,0.004313,Central Bank
2024-05-06,COP,ARS,0.085775,0.084657,0.086893,Internal
2024-05-06,ARS,MXN,0.049468,0.049171,0.049765,Reuters
2024-05-06,ARS,COP,11.632335,11.476864,11.787805,Internal
2024-05-07,MXN,USD,0.059873,0.059183,0.060563,Bloomberg
2024-05-07,COP,USD,0.000255,0.000254,0.000256,Internal
2024-05-07,ARS,USD,0.0029,0.002885,0.002915,Reuters
2024-05-07,USD,MXN,17.156148,16.91642,17.395876,Central Bank
2024-05-07,USD,COP,3942.517731,3912.988347,3972.047115,Central Bank
2024-05-07,USD,ARS,344.791276,342.530279,347.052274,Internal
2024-05-07,MXN,COP,237.762709,236.428429,239.096989,Bloomberg
2024-05-07,MXN,ARS,20.889931,20.647409,21.132453,Reuters
2024-05-07,COP,MXN,0.00427,0.004213,0.004326,Internal
2024-05-07,COP,ARS,0.086353,0.085113,0.087594,Bloomberg
2024-05-07,ARS,MXN,0.049042,0.048399,0.049684,Bloomberg
2024-05-07,ARS,COP,11.366888,11.204915,11.528861,Bloomberg
2024-05-08,MXN,USD,0.057718,0.057311,0.058124,Internal
2024-05-08,COP,USD,0.000251,0.000248,0.000255,Reuters
2024-05-08,ARS,USD,0.002871,0.002856,0.002886,Central Bank
2024-05-08,USD,MXN,16.885476,16.650967,17.119985,Central Bank
2024-05-08,USD,COP,4037.592134,4011.57628,4063.607988,Internal
2024-05-08,USD,ARS,343.650992,340.637047,346.664938,Bloomberg
2024-05-08,MXN,COP,232.076918,230.881865,233.271972,Bloomberg
2024-05-08,MXN,ARS,20.252337,19.950944,20.553731,Central Bank
2024-05-08,COP,MXN,0.00433,0.004288,0.004371,Internal
2024-05-08,COP,ARS,0.088746,0.087826,0.089667,Bloomberg
2024-05-08,ARS,MXN,0.049265,0.04862,0.04991,Central Bank
2024-05-08,ARS,COP,11.342368,11.232406,11.452331,Reuters
2024-05-09,MXN,USD,0.057949,0.057279,0.058619,Reuters
2024-05-09,COP,USD,0.000255,0.000252,0.000258,Central Bank
2024-05-09,ARS,USD,0.002855,0.002819,0.00289,Bloomberg
2024-05-09,USD,MXN,16.745566,16.575643,16.915489,Bloomberg
2024-05-09,USD,COP,3956.088295,3933.056384,3979.120205,Central Bank
2024-05-09,USD,ARS,353.041753,350.279908,355.803598,Central Bank
2024-05-09,MXN,COP,232.939095,231.190489,234.6877,Reuters
2024-05-09,MXN,ARS,20.447104,20.145722,20.748485,Reuters
2024-05-09,COP,MXN,0.004294,0.004267,0.004321,Internal
2024-05-09,COP,ARS,0.087062,0.0865,0.087623,Central Bank
2024-05-09,ARS,MXN,0.049053,0.048416,0.049691,Central Bank
2024-05-09,ARS,COP,11.563061,11.391981,11.73414,Central Bank
2024-05-10,MXN,USD,0.057983,0.057674,0.058293,Bloomberg
2024-05-10,COP,USD,0.000247,0.000245,0.000249,Internal
2024-05-10,ARS,USD,0.002855,0.002831,0.002879,Internal
2024-05-10,USD,MXN,16.967431,16.846141,17.08872,Reuters
2024-05-10,USD,COP,4007.340708,3982.582591,4032.098826,Reuters
2024-05-10,USD,ARS,352.176447,348.603649,355.749245,Reuters
2024-05-10,MXN,COP,233.762396,230.507192,237.0176,Reuters
2024-05-10,MXN,ARS,20.45728,20.176612,20.737948,Internal
2024-05-10,COP,MXN,0.004278,0.004228,0.004328,Reuters
2024-05-10,COP,ARS,0.088421,0.087747,0.089096,Reuters
2024-05-10,ARS,MXN,0.048429,0.048174,0.048683,Bloomberg
2024-05-10,ARS,COP,11.243238,11.077391,11.409086,Central Bank
2024-05-11,MXN,USD,0.05793,0.057228,0.058633,Bloomberg
2024-05-11,COP,USD,0.000254,0.000252,0.000256,Internal
2024-05-11,ARS,USD,0.002863,0.002822,0.002904,Bloomberg
2024-05-11,USD,MXN,16.93034,16.686331,17.174348,Bloomberg
2024-05-11,USD,COP,3942.673348,3896.127157,3989.219539,Central Bank
2024-05-11,USD,ARS,345.78148,341.477898,350.085061,Bloomberg
2024-05-11,MXN,COP,235.885958,233.455008,238.316908,Central Bank
2024-05-11,MXN,ARS,20.835508,20.655769,21.015247,Bloomberg
2024-05-11,COP,MXN,0.004283,0.004219,0.004347,Bloomberg
2024-05-11,COP,ARS,0.087061,0.086538,0.087583,Bloomberg
2024-05-11,ARS,MXN,0.048834,0.04817,0.049497,Bloomberg
2024-05-11,ARS,COP,11.585481,11.440534,11.730427,Bloomberg
2024-05-12,MXN,USD,0.05892,0.058062,0.059777,Internal
2024-05-12,COP,USD,0.000254,0.000252,0.000256,Internal
2024-05-12,ARS,USD,0.002834,0.002794,0.002874,Internal
2024-05-12,USD,MXN,17.267746,17.100594,17.434899,Bloomberg
2024-05-12,USD,COP,4035.447624,4003.164317,4067.730931,Central Bank
2024-05-12,USD,ARS,346.518609,342.860214,350.177005,Reuters
2024-05-12,MXN,COP,232.552986,229.684537,235.421436,Central Bank
2024-05-12,MXN,ARS,20.225242,20.041116,20.409367,Bloomberg
2024-05-12,COP,MXN,0.004247,0.004219,0.004275,Bloomberg
2024-05-12,COP,ARS,0.087119,0.086545,0.087694,Internal
2024-05-12,ARS,MXN,0.04836,0.048024,0.048695,Reuters
2024-05-12,ARS,COP,11.232243,11.067875,11.396611,Reuters
2024-05-13,MXN,USD,0.057978,0.057455,0.0585,Bloomberg
2024-05-13,COP,USD,0.000247,0.000245,0.000249,Reuters
2024-05-13,ARS,USD,0.002887,0.002872,0.002902,Central Bank
2024-05-13,USD,MXN,17.014022,16.839757,17.188286,Internal
2024-05-13,USD,COP,3957.148988,3920.020167,3994.277808,Central Bank
2024-05-13,USD,ARS,350.577633,346.686096,354.46917,Bloomberg
2024-05-13,MXN,COP,231.250849,227.830665,234.671033,Reuters
2024-05-13,MXN,ARS,20.897253,20.59435,21.200156,Central Bank
2024-05-13,COP,MXN,0.00423,0.004171,0.004289,Central Bank
2024-05-13,COP,ARS,0.087944,0.08713,0.088758,Bloomberg
2024-05-13,ARS,MXN,0.049302,0.048715,0.04989,Internal
2024-05-13,ARS,COP,11.546724,11.463053,11.630396,Central Bank
2024-05-14,MXN,USD,0.057855,0.057143,0.058568,Reuters
2024-05-14,COP,USD,0.000247,0.000244,0.000251,Internal
2024-05-14,ARS,USD,0.002896,0.002853,0.002938,Internal
2024-05-14,USD,MXN,16.698524,16.597466,16.799582,Reuters
2024-05-14,USD,COP,4054.772,4004.799261,4104.744739,Reuters
2024-05-14,USD,ARS,351.963716,349.046536,354.880896,Reuters
2024-05-14,MXN,COP,239.840815,238.442319,241.239311,Central Bank
2024-05-14,MXN,ARS,20.763726,20.559089,20.968362,Internal
2024-05-14,COP,MXN,0.004203,0.004163,0.004242,Reuters
2024-05-14,COP,ARS,0.086114,0.085011,0.087217,Internal
2024-05-14,ARS,MXN,0.048689,0.048038,0.04934,Internal
2024-05-14,ARS,COP,11.477316,11.320031,11.6346,Internal
2024-05-15,MXN,USD,0.057746,0.057395,0.058097,Central Bank
2024-05-15,COP,USD,0.000251,0.000249,0.000252,Bloomberg
2024-05-15,ARS,USD,0.002841,0.002808,0.002875,Internal
2024-05-15,USD,MXN,17.214393,17.004672,17.424114,Central Bank
2024-05-15,USD,COP,3975.568713,3924.357967,4026.779458,Internal
2024-05-15,USD,ARS,351.026829,347.436648,354.61701,Internal
2024-05-15,MXN,COP,238.241512,235.553866,240.929158,Internal
2024-05-15,MXN,ARS,20.727468,20.618516,20.83642,Bloomberg
2024-05-15,COP,MXN,0.004169,0.004109,0.004229,Central Bank
2024-05-15,COP,ARS,0.086773,0.085981,0.087564,Central Bank
2024-05-15,ARS,MXN,0.049016,0.048355,0.049678,Reuters
2024-05-15,ARS,COP,11.363926,11.22949,11.498363,Reuters
2024-05-16,MXN,USD,0.059938,0.059489,0.060387,Internal
2024-05-16,COP,USD,0.000253,0.000251,0.000255,Reuters
2024-05-16,ARS,USD,0.002888,0.002869,0.002907,Reuters
2024-05-16,USD,MXN,17.163679,16.948564,17.378795,Bloomberg
2024-05-16,USD,COP,4055.155175,4000.14106,4110.16929,Reuters
2024-05-16,USD,ARS,347.925266,344.312985,351.537547,Bloomberg
2024-05-16,MXN,COP,233.56738,231.685212,235.449548,Central Bank
2024-05-16,MXN,ARS,20.703078,20.534778,20.871378,Internal
2024-05-16,COP,MXN,0.004274,0.00422,0.004327,Bloomberg
2024-05-16,COP,ARS,0.086676,0.08563,0.087723,Reuters
2024-05-16,ARS,MXN,0.048255,0.047802,0.048707,Reuters
2024-05-16,ARS,COP,11.545038,11.37656,11.713516,Reuters
2024-05-17,MXN,USD,0.057685,0.057287,0.058082,Reuters
2024-05-17,COP,USD,0.000254,0.000251,0.000257,Reuters
2024-05-17,ARS,USD,0.002886,0.002857,0.002916,Internal
2024-05-17,USD,MXN,17.08056,16.982187,17.178933,Central Bank
2024-05-17,USD,COP,3934.486755,3891.287295,3977.686215,Internal
2024-05-17,USD,ARS,354.930923,352.638902,357.222945,Reuters
2024-05-17,MXN,COP,235.603085,233.490298,237.715871,Internal
2024-05-17,MXN,ARS,20.26181,19.966783,20.556837,Reuters
2024-05-17,COP,MXN,0.004269,0.004206,0.004332,Reuters
2024-05-17,COP,ARS,0.089248,0.088407,0.090089,Central Bank
2024-05-17,ARS,MXN,0.048078,0.047763,0.048393,Reuters
2024-05-17,ARS,COP,11.21205,11.130822,11.293278,Bloomberg
2024-05-18,MXN,USD,0.058224,0.057802,0.058647,Bloomberg
2024-05-18,COP,USD,0.000246,0.000244,0.000248,Central Bank
2024-05-18,ARS,USD,0.002898,0.00287,0.002926,Internal
2024-05-18,USD,MXN,16.941878,16.76378,17.119975,Bloomberg
2024-05-18,USD,COP,3985.971771,3932.244667,4039.698874,Internal
2024-05-18,USD,ARS,351.781572,346.896718,356.666425,Internal
2024-05-18,MXN,COP,237.616873,234.749441,240.484305,Reuters
2024-05-18,MXN,ARS,20.838116,20.679005,20.997227,Reuters
2024-05-18,COP,MXN,0.004227,0.004167,0.004287,Bloomberg
2024-05-18,COP,ARS,0.086871,0.086126,0.087615,Bloomberg
2024-05-18,ARS,MXN,0.048225,0.047585,0.048865,Bloomberg
2024-05-18,ARS,COP,11.563683,11.438916,11.688451,Central Bank
2024-05-19,MXN,USD,0.059955,0.059185,0.060725,Internal
2024-05-19,COP,USD,0.00025,0.000249,0.000252,Bloomberg
2024-05-19,ARS,USD,0.002882,0.002847,0.002917,Bloomberg
2024-05-19,USD,MXN,16.976395,16.794024,17.158765,Central Bank
2024-05-19,USD,COP,3993.638219,3956.183047,4031.093392,Internal
2024-05-19,USD,ARS,343.905209,338.761114,349.049304,Central Bank
2024-05-19,MXN,COP,235.858435,233.360704,238.356167,Central Bank
2024-05-19,MXN,ARS,20.914223,20.709969,21.118476,Bloomberg
2024-05-19,COP,MXN,0.004176,0.00414,0.004212,Reuters
2024-05-19,COP,ARS,0.087744,0.086474,0.089014,Central Bank
2024-05-19,ARS,MXN,0.048986,0.048501,0.049472,Bloomberg
2024-05-19,ARS,COP,11.650837,11.56751,11.734165,Internal
2024-05-20,MXN,USD,0.058376,0.057677,0.059075,Reuters
2024-05-20,COP,USD,0.000248,0.000246,0.000251,Internal
2024-05-20,ARS,USD,0.002816,0.002787,0.002846,Reuters
2024-05-20,USD,MXN,17.246659,16.99298,17.500338,Central Bank
2024-05-20,USD,COP,4033.938194,3999.312905,4068.563483,Central Bank
2024-05-20,USD,ARS,353.844693,351.824192,355.865193,Central Bank
2024-05-20,MXN,COP,235.574325,232.675864,238.472785,Bloomberg
2024-05-20,MXN,ARS,20.381364,20.156858,20.60587,Bloomberg
2024-05-20,COP,MXN,0.004307,0.004284,0.00433,Internal
2024-05-20,COP,ARS,0.0883,0.087566,0.089035,Central Bank
2024-05-20,ARS,MXN,0.049438,0.048907,0.049969,Internal
2024-05-20,ARS,COP,11.567961,11.466013,11.669908,Internal
2024-05-21,MXN,USD,0.057973,0.057484,0.058462,Central Bank
2024-05-21,COP,USD,0.000248,0.000246,0.00025,Internal
2024-05-21,ARS,USD,0.0029,0.002871,0.002929,Bloomberg
2024-05-21,USD,MXN,16.837144,16.719182,16.955106,Reuters
2024-05-21,USD,COP,4077.701764,4031.501104,4123.902423,Reuters
2024-05-21,USD,ARS,349.324185,347.249102,351.399268,Reuters
2024-05-21,MXN,COP,230.780242,228.227445,233.33304,Central Bank
2024-05-21,MXN,ARS,20.738702,20.615205,20.862199,Central Bank
2024-05-21,COP,MXN,0.004329,0.004284,0.004373,Central Bank
2024-05-21,COP,ARS,0.086894,0.086193,0.087595,Reuters
2024-05-21,ARS,MXN,0.04927,0.048552,0.049987,Bloomberg
2024-05-21,ARS,COP,11.490963,11.37626,11.605666,Bloomberg
2024-05-22,MXN,USD,0.059943,0.059585,0.060301,Bloomberg
2024-05-22,COP,USD,0.000251,0.000248,0.000254,Internal
2024-05-22,ARS,USD,0.002881,0.002841,0.00292,Bloomberg
2024-05-22,USD,MXN,17.004984,16.781477,17.22849,Internal
2024-05-22,USD,COP,3924.854667,3903.708559,3946.000774,Central Bank
2024-05-22,USD,ARS,354.300868,351.42513,357.176605,Reuters
2024-05-22,MXN,COP,231.602588,228.862655,234.34252,Bloomberg
2024-05-22,MXN,ARS,20.917837,20.70915,21.126524,Bloomberg
2024-05-22,COP,MXN,0.004335,0.004273,0.004396,Internal
2024-05-22,COP,ARS,0.089,0.088067,0.089933,Internal
2024-05-22,ARS,MXN,0.049123,0.048414,0.049833,Central Bank
2024-05-22,ARS,COP,11.354672,11.256375,11.452968,Bloomberg
2024-05-23,MXN,USD,0.059907,0.059313,0.0605,Internal
2024-05-23,COP,USD,0.000245,0.000244,0.000247,Internal
2024-05-23,ARS,USD,0.002893,0.002852,0.002933,Central Bank
2024-05-23,USD,MXN,17.236486,17.134627,17.338346,Reuters
2024-05-23,USD,COP,4065.898724,4022.678355,4109.119093,Internal
2024-05-23,USD,ARS,353.596929,349.554614,357.639243,Reuters
2024-05-23,MXN,COP,233.602978,231.388645,235.817311,Bloomberg
2024-05-23,MXN,ARS,20.417731,20.187758,20.647704,Internal
2024-05-23,COP,MXN,0.004239,0.004214,0.004264,Central Bank
2024-05-23,COP,ARS,0.087469,0.086751,0.088188,Internal
2024-05-23,ARS,MXN,0.048784,0.048391,0.049178,Reuters
2024-05-23,ARS,COP,11.552385,11.413884,11.690887,Central Bank
2024-05-24,MXN,USD,0.05809,0.057747,0.058432,Bloomberg
2024-05-24,COP,USD,0.000251,0.000248,0.000255,Central Bank
2024-05-24,ARS,USD,0.002805,0.002783,0.002828,Bloomberg
2024-05-24,USD,MXN,16.899201,16.723827,17.074574,Internal
2024-05-24,USD,COP,4038.166414,3996.816218,4079.51661,Bloomberg
2024-05-24,USD,ARS,350.122438,345.987025,354.257851,Central Bank
2024-05-24,MXN,COP,239.159173,237.727445,240.590901,Bloomberg
2024-05-24,MXN,ARS,20.911352,20.657821,21.164884,Central Bank
2024-05-24,COP,MXN,0.004286,0.004244,0.004329,Central Bank
2024-05-24,COP,ARS,0.085908,0.085151,0.086666,Central Bank
2024-05-24,ARS,MXN,0.049396,0.049146,0.049645,Bloomberg
2024-05-24,ARS,COP,11.501529,11.338754,11.664304,Reuters
2024-05-25,MXN,USD,0.059963,0.059072,0.060855,Bloomberg
2024-05-25,COP,USD,0.000249,0.000245,0.000252,Central Bank
2024-05-25,ARS,USD,0.002818,0.002787,0.002849,Reuters
2024-05-25,USD,MXN,17.259722,17.100443,17.419002,Reuters
2024-05-25,USD,COP,3952.780205,3898.283973,4007.276436,Reuters
2024-05-25,USD,ARS,348.728848,346.949538,350.508158,Internal
2024-05-25,MXN,COP,234.137711,230.994098,237.281324,Bloomberg
2024-05-25,MXN,ARS,20.849067,20.643033,21.055101,Central Bank
2024-05-25,COP,MXN,0.004272,0.004233,0.00431,Internal
2024-05-25,COP,ARS,0.086201,0.085176,0.087226,Central Bank
2024-05-25,ARS,MXN,0.048839,0.048538,0.049139,Internal
2024-05-25,ARS,COP,11.2304,11.113948,11.346853,Bloomberg
2024-05-26,MXN,USD,0.059867,0.059414,0.06032,Internal
2024-05-26,COP,USD,0.000248,0.000246,0.00025,Reuters
2024-05-26,ARS,USD,0.002812,0.002795,0.00283,Bloomberg
2024-05-26,USD,MXN,17.306142,17.123606,17.488679,Internal
2024-05-26,USD,COP,3952.126107,3911.884549,3992.367665,Central Bank
2024-05-26,USD,ARS,349.565398,347.435342,351.695453,Bloomberg
2024-05-26,MXN,COP,230.946177,228.895227,232.997126,Central Bank
2024-05-26,MXN,ARS,20.804446,20.532655,21.076237,Bloomberg
2024-05-26,COP,MXN,0.004239,0.004202,0.004276,Bloomberg
2024-05-26,COP,ARS,0.087297,0.086189,0.088405,Bloomberg
2024-05-26,ARS,MXN,0.049093,0.048492,0.049695,Central Bank
2024-05-26,ARS,COP,11.460023,11.294015,11.626032,Reuters
2024-05-27,MXN,USD,0.059669,0.059221,0.060117,Bloomberg
2024-05-27,COP,USD,0.000249,0.000247,0.00025,Central Bank
2024-05-27,ARS,USD,0.002845,0.002826,0.002863,Reuters
2024-05-27,USD,MXN,17.003804,16.880487,17.127122,Bloomberg
2024-05-27,USD,COP,3973.742181,3925.215593,4022.268768,Central Bank
2024-05-27,USD,ARS,355.198722,353.176282,357.221163,Bloomberg
2024-05-27,MXN,COP,236.250918,234.389718,238.112118,Bloomberg
2024-05-27,MXN,ARS,20.294535,19.997387,20.591682,Central Bank
2024-05-27,COP,MXN,0.004184,0.00416,0.004208,Central Bank
2024-05-27,COP,ARS,0.087915,0.087326,0.088504,Reuters
2024-05-27,ARS,MXN,0.04832,0.048009,0.048631,Central Bank
2024-05-27,ARS,COP,11.51283,11.454587,11.571074,Central Bank
2024-05-28,MXN,USD,0.058971,0.058196,0.059746,Central Bank
2024-05-28,COP,USD,0.000254,0.00025,0.000257,Central Bank
2024-05-28,ARS,USD,0.002864,0.002848,0.002881,Internal
2024-05-28,USD,MXN,17.297303,17.099286,17.495321,Reuters
2024-05-28,USD,COP,4029.697598,3993.963564,4065.431632,Bloomberg
2024-05-28,USD,ARS,352.560336,348.63772,356.482953,Reuters
2024-05-28,MXN,COP,239.812999,237.08705,242.538947,Internal
2024-05-28,MXN,ARS,20.933645,20.79692,21.070371,Reuters
2024-05-28,COP,MXN,0.004203,0.00417,0.004236,Bloomberg
2024-05-28,COP,ARS,0.089121,0.088329,0.089912,Reuters
2024-05-28,ARS,MXN,0.049313,0.048885,0.049742,Central Bank
2024-05-28,ARS,COP,11.397365,11.306203,11.488528,Central Bank
2024-05-29,MXN,USD,0.058729,0.058018,0.05944,Bloomberg
2024-05-29,COP,USD,0.000255,0.000253,0.000256,Reuters
2024-05-29,ARS,USD,0.002824,0.002798,0.002849,Internal
2024-05-29,USD,MXN,16.973195,16.811558,17.134833,Internal
2024-05-29,USD,COP,3994.162745,3960.699596,4027.625893,Internal
2024-05-29,USD,ARS,344.863606,341.311728,348.415483,Bloomberg
2024-05-29,MXN,COP,232.630205,231.022812,234.237599,Bloomberg
2024-05-29,MXN,ARS,20.957181,20.699553,21.214809,Reuters
2024-05-29,COP,MXN,0.004318,0.004273,0.004363,Internal
2024-05-29,COP,ARS,0.087062,0.086359,0.087764,Internal
2024-05-29,ARS,MXN,0.047875,0.047583,0.048166,Internal
2024-05-29,ARS,COP,11.337289,11.186176,11.488403,Internal
2024-05-30,MXN,USD,0.057767,0.057352,0.058181,Bloomberg
2024-05-30,COP,USD,0.000252,0.000248,0.000255,Internal
2024-05-30,ARS,USD,0.002821,0.002794,0.002847,Bloomberg
2024-05-30,USD,MXN,16.92246,16.724976,17.119944,Reuters
2024-05-30,USD,COP,4077.381209,4029.242416,4125.520001,Bloomberg
2024-05-30,USD,ARS,351.977334,348.193334,355.761334,Bloomberg
2024-05-30,MXN,COP,232.006431,230.11212,233.900742,Bloomberg
2024-05-30,MXN,ARS,20.891319,20.759588,21.02305,Internal
2024-05-30,COP,MXN,0.004219,0.004158,0.004279,Central Bank
2024-05-30,COP,ARS,0.088117,0.086983,0.089251,Central Bank
2024-05-30,ARS,MXN,0.047642,0.046965,0.048318,Central Bank
2024-05-30,ARS,COP,11.351547,11.284579,11.418515,Reuters
2024-05-31,MXN,USD,0.058125,0.057747,0.058503,Bloomberg
2024-05-31,COP,USD,0.000248,0.000247,0.000249,Reuters
2024-05-31,ARS,USD,0.002867,0.002829,0.002905,Internal
2024-05-31,USD,MXN,16.890262,16.776216,17.004308,Reuters
2024-05-31,USD,COP,3936.239918,3894.441476,3978.03836,Bloomberg
2024-05-31,USD,ARS,345.285594,343.150209,347.42098,Internal
2024-05-31,MXN,COP,232.077933,229.635728,234.520139,Internal
2024-05-31,MXN,ARS,20.752828,20.5907,20.914956,Bloomberg
2024-05-31,COP,MXN,0.004331,0.004281,0.004381,Bloomberg
2024-05-31,COP,ARS,0.088932,0.088401,0.089463,Central Bank
2024-05-31,ARS,MXN,0.047863,0.047442,0.048285,Internal
2024-05-31,ARS,COP,11.418002,11.27332,11.562684,Reuters
2024-06-01,MXN,USD,0.059838,0.059188,0.060487,Bloomberg
2024-06-01,COP,USD,0.000249,0.000248,0.000251,Internal
2024-06-01,ARS,USD,0.002908,0.002877,0.002939,Reuters
2024-06-01,USD,MXN,17.331714,17.091412,17.572017,Central Bank
2024-06-01,USD,COP,3948.357675,3903.976907,3992.738443,Internal
2024-06-01,USD,ARS,355.834696,353.660646,358.008746,Bloomberg
2024-06-01,MXN,COP,239.638354,237.671645,241.605063,Central Bank
2024-06-01,MXN,ARS,20.468586,20.16492,20.772252,Internal
2024-06-01,COP,MXN,0.004168,0.00411,0.004226,Internal
2024-06-01,COP,ARS,0.089221,0.088449,0.089993,Reuters
2024-06-01,ARS,MXN,0.047973,0.047599,0.048347,Central Bank
2024-06-01,ARS,COP,11.423821,11.263223,11.584419,Central Bank
2024-06-02,MXN,USD,0.059175,0.058465,0.059885,Reuters
2024-06-02,COP,USD,0.000249,0.000247,0.000252,Central Bank
2024-06-02,ARS,USD,0.002831,0.002789,0.002874,Internal
2024-06-02,USD,MXN,17.108399,16.9659,17.250898,Central Bank
2024-06-02,USD,COP,3940.903977,3882.647617,3999.160337,Central Bank
2024-06-02,USD,ARS,353.284978,351.450679,355.119276,Internal
2024-06-02,MXN,COP,232.467223,230.212009,234.722436,Internal
2024-06-02,MXN,ARS,20.206104,19.969308,20.4429,Internal
2024-06-02,COP,MXN,0.004222,0.004167,0.004277,Internal
2024-06-02,COP,ARS,0.087175,0.086441,0.087909,Reuters
2024-06-02,ARS,MXN,0.048997,0.048482,0.049513,Internal
2024-06-02,ARS,COP,11.32875,11.262669,11.394832,Internal
2024-06-03,MXN,USD,0.059809,0.059459,0.060159,Reuters
2024-06-03,COP,USD,0.000254,0.00025,0.000257,Central Bank
2024-06-03,ARS,USD,0.002893,0.002855,0.00293,Central Bank
2024-06-03,USD,MXN,16.825213,16.711289,16.939138,Central Bank
2024-06-03,USD,COP,3944.64098,3893.303172,3995.978789,Central Bank
2024-06-03,USD,ARS,355.091666,353.281958,356.901373,Central Bank
2024-06-03,MXN,COP,237.520033,235.52217,239.517897,Central Bank
2024-06-03,MXN,ARS,20.305142,20.07648,20.533804,Internal
2024-06-03,COP,MXN,0.004272,0.004237,0.004308,Central Bank
2024-06-03,COP,ARS,0.087894,0.087405,0.088383,Bloomberg
2024-06-03,ARS,MXN,0.047988,0.04739,0.048586,Central Bank
2024-06-03,ARS,COP,11.284834,11.147356,11.422312,Central Bank
2024-06-04,MXN,USD,0.057656,0.056911,0.058401,Bloomberg
2024-06-04,COP,USD,0.000247,0.000244,0.00025,Internal
2024-06-04,ARS,USD,0.002837,0.002807,0.002866,Internal
2024-06-04,USD,MXN,17.215935,17.007925,17.423944,Internal
2024-06-04,USD,COP,4016.873252,3989.314895,4044.431609,Reuters
2024-06-04,USD,ARS,353.241906,349.385169,357.098644,Central Bank
2024-06-04,MXN,COP,234.753095,232.387759,237.11843,Central Bank
2024-06-04,MXN,ARS,20.321289,20.179503,20.463075,Bloomberg
2024-06-04,COP,MXN,0.004314,0.004268,0.004361,Bloomberg
2024-06-04,COP,ARS,0.0882,0.087139,0.089261,Central Bank
2024-06-04,ARS,MXN,0.047966,0.047319,0.048613,Bloomberg
2024-06-04,ARS,COP,11.274251,11.146255,11.402247,Reuters
2024-06-05,MXN,USD,0.059062,0.058468,0.059657,Reuters
2024-06-05,COP,USD,0.000247,0.000245,0.000249,Reuters
2024-06-05,ARS,USD,0.002884,0.002854,0.002914,Reuters
2024-06-05,USD,MXN,16.851385,16.739953,16.962818,Central Bank
2024-06-05,USD,COP,3930.045276,3896.86692,3963.223632,Central Bank
2024-06-05,USD,ARS,351.677835,347.043764,356.311907,Central Bank
2024-06-05,MXN,COP,236.932094,233.618268,240.245921,Internal
2024-06-05,MXN,ARS,20.186352,19.93518,20.437525,Central Bank
2024-06-05,COP,MXN,0.004219,0.004165,0.004273,Reuters
2024-06-05,COP,ARS,0.088193,0.087218,0.089168,Central Bank
2024-06-05,ARS,MXN,0.048706,0.048108,0.049304,Reuters
2024-06-05,ARS,COP,11.406074,11.264389,11.547759,Internal
2024-06-06,MXN,USD,0.058519,0.05805,0.058987,Internal
2024-06-06,COP,USD,0.000248,0.000244,0.000252,Bloomberg
2024-06-06,ARS,USD,0.002826,0.002807,0.002845,Reuters
2024-06-06,USD,MXN,16.938618,16.704869,17.172367,Reuters
2024-06-06,USD,COP,4067.751363,4012.979839,4122.522887,Internal
2024-06-06,USD,ARS,349.490734,344.601046,354.380422,Internal
2024-06-06,MXN,COP,232.025269,229.153123,234.897415,Internal
2024-06-06,MXN,ARS,20.522021,20.414387,20.629655,Bloomberg
2024-06-06,COP,MXN,0.004299,0.004261,0.004337,Bloomberg
2024-06-06,COP,ARS,0.087148,0.0867,0.087596,Bloomberg
2024-06-06,ARS,MXN,0.047893,0.047201,0.048586,Bloomberg
2024-06-06,ARS,COP,11.243358,11.143147,11.343569,Bloomberg
2024-06-07,MXN,USD,0.058284,0.057878,0.058691,Internal
2024-06-07,COP,USD,0.000249,0.000247,0.000251,Reuters
2024-06-07,ARS,USD,0.002826,0.002798,0.002854,Internal
2024-06-07,USD,MXN,16.954342,16.708957,17.199728,Bloomberg
2024-06-07,USD,COP,3997.974743,3951.366785,4044.5827,Reuters
2024-06-07,USD,ARS,356.460152,354.439358,358.480946,Reuters
2024-06-07,MXN,COP,237.233168,234.605057,239.861279,Bloomberg
2024-06-07,MXN,ARS,20.370126,20.076116,20.664135,Bloomberg
2024-06-07,COP,MXN,0.004236,0.004214,0.004258,Reuters
2024-06-07,COP,ARS,0.08796,0.087223,0.088698,Reuters
2024-06-07,ARS,MXN,0.048929,0.048474,0.049384,Central Bank
2024-06-07,ARS,COP,11.473882,11.355742,11.592021,Reuters
2024-06-08,MXN,USD,0.059352,0.058577,0.060128,Bloomberg
2024-06-08,COP,USD,0.000249,0.000245,0.000252,Central Bank
2024-06-08,ARS,USD,0.002802,0.002778,0.002826,Bloomberg
2024-06-08,USD,MXN,16.80243,16.663608,16.941252,Bloomberg
2024-06-08,USD,COP,4065.62338,4008.600813,4122.645946,Internal
2024-06-08,USD,ARS,354.015286,350.28044,357.750132,Reuters
2024-06-08,MXN,COP,237.160749,233.836097,240.4854,Reuters
2024-06-08,MXN,ARS,20.820137,20.596888,21.043386,Bloomberg
2024-06-08,COP,MXN,0.004285,0.004238,0.004333,Bloomberg
2024-06-08,COP,ARS,0.08746,0.086612,0.088308,Central Bank
2024-06-08,ARS,MXN,0.048209,0.047543,0.048875,Internal
2024-06-08,ARS,COP,11.542945,11.413248,11.672642,Central Bank
2024-06-09,MXN,USD,0.058892,0.058325,0.059459,Reuters
2024-06-09,COP,USD,0.000246,0.000243,0.000248,Bloomberg
2024-06-09,ARS,USD,0.00289,0.002868,0.002913,Bloomberg
2024-06-09,USD,MXN,16.907372,16.691337,17.123408,Internal
2024-06-09,USD,COP,3959.453699,3914.590324,4004.317074,Reuters
2024-06-09,USD,ARS,347.986363,344.086645,351.886081,Bloomberg
2024-06-09,MXN,COP,237.964087,234.497741,241.430433,Internal
2024-06-09,MXN,ARS,20.987881,20.756013,21.219749,Bloomberg
2024-06-09,COP,MXN,0.004305,0.004256,0.004354,Central Bank
2024-06-09,COP,ARS,0.086785,0.086298,0.087271,Bloomberg
2024-06-09,ARS,MXN,0.048617,0.048129,0.049105,Bloomberg
2024-06-09,ARS,COP,11.561467,11.454756,11.668178,Central Bank
2024-06-10,MXN,USD,0.058349,0.057938,0.05876,Reuters
2024-06-10,COP,USD,0.000245,0.000242,0.000248,Internal
2024-06-10,ARS,USD,0.002809,0.002782,0.002836,Bloomberg
2024-06-10,USD,MXN,16.963746,16.814122,17.113369,Bloomberg
2024-06-10,USD,COP,4015.01521,3964.487787,4065.542634,Central Bank
2024-06-10,USD,ARS,356.116642,352.712369,359.520915,Bloomberg
2024-06-10,MXN,COP,237.235734,234.974086,239.497382,Bloomberg
2024-06-10,MXN,ARS,20.659454,20.489468,20.829441,Central Bank
2024-06-10,COP,MXN,0.004186,0.004129,0.004243,Internal
2024-06-10,COP,ARS,0.087041,0.086331,0.08775,Internal
2024-06-10,ARS,MXN,0.048669,0.048119,0.049218,Reuters
2024-06-10,ARS,COP,11.380817,11.286742,11.474892,Central Bank
2024-06-11,MXN,USD,0.059161,0.058674,0.059649,Central Bank
2024-06-11,COP,USD,0.000254,0.000252,0.000255,Bloomberg
2024-06-11,ARS,USD,0.002857,0.002816,0.002898,Bloomberg
2024-06-11,USD,MXN,16.763068,16.591618,16.934517,Bloomberg
2024-06-11,USD,COP,3934.697505,3900.846636,3968.548374,Reuters
2024-06-11,USD,ARS,347.734213,344.560645,350.90778,Central Bank
2024-06-11,MXN,COP,235.223112,232.764769,237.681456,Internal
2024-06-11,MXN,ARS,20.705027,20.519512,20.890542,Bloomberg
2024-06-11,COP,MXN,0.004258,0.004233,0.004283,Bloomberg
2024-06-11,COP,ARS,0.08732,0.086783,0.087857,Reuters
2024-06-11,ARS,MXN,0.048042,0.047774,0.048309,Central Bank
2024-06-11,ARS,COP,11.223992,11.073266,11.374719,Bloomberg
2024-06-12,MXN,USD,0.058773,0.058455,0.059092,Bloomberg
2024-06-12,COP,USD,0.000254,0.000251,0.000258,Bloomberg
2024-06-12,ARS,USD,0.002857,0.002834,0.002881,Internal
2024-06-12,USD,MXN,16.673094,16.46209,16.884098,Internal
2024-06-12,USD,COP,3923.762102,3876.098509,3971.425695,Internal
2024-06-12,USD,ARS,350.700435,348.806197,352.594673,Central Bank
2024-06-12,MXN,COP,232.553756,230.035806,235.071707,Central Bank
2024-06-12,MXN,ARS,20.464197,20.345376,20.583017,Reuters
2024-06-12,COP,MXN,0.004252,0.004195,0.004308,Internal
2024-06-12,COP,ARS,0.086495,0.085598,0.087391,Reuters
2024-06-12,ARS,MXN,0.048116,0.047695,0.048537,Internal
2024-06-12,ARS,COP,11.27308,11.19399,11.352171,Reuters
2024-06-13,MXN,USD,0.058434,0.057951,0.058917,Reuters
2024-06-13,COP,USD,0.000249,0.000246,0.000252,Internal
2024-06-13,ARS,USD,0.002803,0.002772,0.002834,Internal
2024-06-13,USD,MXN,16.799121,16.696194,16.902048,Internal
2024-06-13,USD,COP,4048.741731,3998.423426,4099.060036,Bloomberg
2024-06-13,USD,ARS,345.801997,342.1012,349.502794,Reuters
2024-06-13,MXN,COP,238.427574,235.627942,241.227205,Reuters
2024-06-13,MXN,ARS,20.473714,20.360214,20.587214,Bloomberg
2024-06-13,COP,MXN,0.004261,0.004202,0.00432,Reuters
2024-06-13,COP,ARS,0.086509,0.086056,0.086962,Central Bank
2024-06-13,ARS,MXN,0.04802,0.047693,0.048347,Reuters
2024-06-13,ARS,COP,11.294333,11.130927,11.457739,Internal
2024-06-14,MXN,USD,0.059341,0.058773,0.05991,Internal
2024-06-14,COP,USD,0.000251,0.000249,0.000253,Internal
2024-06-14,ARS,USD,0.002855,0.002824,0.002886,Bloomberg
2024-06-14,USD,MXN,16.712818,16.611328,16.814309,Central Bank
2024-06-14,USD,COP,4056.429024,4011.026357,4101.83169,Central Bank
2024-06-14,USD,ARS,356.25502,351.160005,361.350034,Reuters
2024-06-14,MXN,COP,234.777041,231.892222,237.66186,Bloomberg
2024-06-14,MXN,ARS,20.256545,20.080708,20.432381,Bloomberg
2024-06-14,COP,MXN,0.00433,0.004276,0.004384,Reuters
2024-06-14,COP,ARS,0.086016,0.085227,0.086806,Central Bank
2024-06-14,ARS,MXN,0.048178,0.04792,0.048436,Central Bank
2024-06-14,ARS,COP,11.33808,11.251602,11.424558,Bloomberg
2024-06-15,MXN,USD,0.05793,0.057272,0.058589,Central Bank
2024-06-15,COP,USD,0.000254,0.00025,0.000257,Bloomberg
2024-06-15,ARS,USD,0.002802,0.002785,0.002818,Bloomberg
2024-06-15,USD,MXN,16.969566,16.734293,17.204839,Reuters
2024-06-15,USD,COP,3963.210694,3915.538154,4010.883233,Internal
2024-06-15,USD,ARS,343.885974,339.787536,347.984412,Bloomberg
2024-06-15,MXN,COP,231.201485,228.477887,233.925083,Central Bank
2024-06-15,MXN,ARS,20.207074,20.018645,20.395502,Internal
2024-06-15,COP,MXN,0.004235,0.004173,0.004297,Central Bank
2024-06-15,COP,ARS,0.088048,0.086763,0.089333,Reuters
2024-06-15,ARS,MXN,0.048979,0.048382,0.049576,Bloomberg
2024-06-15,ARS,COP,11.566602,11.505945,11.627258,Reuters
2024-06-16,MXN,USD,0.059913,0.059501,0.060326,Internal
2024-06-16,COP,USD,0.000253,0.000249,0.000257,Central Bank
2024-06-16,ARS,USD,0.0029,0.002861,0.002939,Internal
2024-06-16,USD,MXN,17.040082,16.835099,17.245065,Bloomberg
2024-06-16,USD,COP,4034.491092,3984.361492,4084.620691,Reuters
2024-06-16,USD,ARS,348.096487,344.274217,351.918757,Internal
2024-06-16,MXN,COP,238.312604,235.823213,240.801996,Reuters
2024-06-16,MXN,ARS,20.718848,20.538331,20.899366,Bloomberg
2024-06-16,COP,MXN,0.00422,0.004171,0.004268,Internal
2024-06-16,COP,ARS,0.086359,0.08558,0.087138,Internal
2024-06-16,ARS,MXN,0.049511,0.048883,0.050138,Bloomberg
2024-06-16,ARS,COP,11.572218,11.427374,11.717063,Internal
2024-06-17,MXN,USD,0.059237,0.058699,0.059775,Internal
2024-06-17,COP,USD,0.000246,0.000244,0.000248,Bloomberg
2024-06-17,ARS,USD,0.002838,0.002814,0.002862,Internal
2024-06-17,USD,MXN,16.966523,16.790205,17.142841,Bloomberg
2024-06-17,USD,COP,4062.358545,4028.094429,4096.622661,Bloomberg
2024-06-17,USD,ARS,351.383096,347.72797,355.038221,Bloomberg
2024-06-17,MXN,COP,238.598568,236.036753,241.160383,Bloomberg
2024-06-17,MXN,ARS,20.855623,20.668684,21.042563,Internal
2024-06-17,COP,MXN,0.004315,0.00425,0.004379,Central Bank
2024-06-17,COP,ARS,0.087568,0.086627,0.08851,Reuters
2024-06-17,ARS,MXN,0.049416,0.04884,0.049991,Bloomberg
2024-06-17,ARS,COP,11.538154,11.401541,11.674767,Reuters
2024-06-18,MXN,USD,0.058798,0.058313,0.059283,Reuters
2024-06-18,COP,USD,0.00025,0.000248,0.000253,Internal
2024-06-18,ARS,USD,0.002825,0.002801,0.002849,Internal
2024-06-18,USD,MXN,17.127705,16.872853,17.382556,Bloomberg
2024-06-18,USD,COP,4022.475096,3984.114597,4060.835594,Bloomberg
2024-06-18,USD,ARS,353.026826,348.108515,357.945138,Central Bank
2024-06-18,MXN,COP,235.248969,231.918211,238.579726,Reuters
2024-06-18,MXN,ARS,20.375627,20.191,20.560255,Bloomberg
2024-06-18,COP,MXN,0.004257,0.004232,0.004283,Bloomberg
2024-06-18,COP,ARS,0.085832,0.085376,0.086288,Central Bank
2024-06-18,ARS,MXN,0.048002,0.047365,0.04864,Central Bank
2024-06-18,ARS,COP,11.230639,11.123656,11.337622,Central Bank
2024-06-19,MXN,USD,0.05864,0.058137,0.059143,Internal
2024-06-19,COP,USD,0.000245,0.000242,0.000248,Reuters
2024-06-19,ARS,USD,0.002844,0.002824,0.002864,Internal
2024-06-19,USD,MXN,17.081095,16.83862,17.323571,Central Bank
2024-06-19,USD,COP,4028.658788,3969.154955,4088.16262,Internal
2024-06-19,USD,ARS,347.474846,345.629614,349.320077,Internal
2024-06-19,MXN,COP,238.693411,236.583945,240.802876,Central Bank
2024-06-19,MXN,ARS,20.524578,20.30145,20.747706,Reuters
2024-06-19,COP,MXN,0.004326,0.004275,0.004378,Central Bank
2024-06-19,COP,ARS,0.08708,0.085806,0.088354,Central Bank
2024-06-19,ARS,MXN,0.048523,0.048016,0.049029,Central Bank
2024-06-19,ARS,COP,11.312178,11.161655,11.462701,Central Bank
2024-06-20,MXN,USD,0.058717,0.057984,0.05945,Bloomberg
2024-06-20,COP,USD,0.000251,0.000249,0.000253,Reuters
2024-06-20,ARS,USD,0.002835,0.002799,0.002872,Internal
2024-06-20,USD,MXN,16.807258,16.65421,16.960306,Central Bank
2024-06-20,USD,COP,4029.411805,3985.353045,4073.470565,Central Bank
2024-06-20,USD,ARS,356.097535,352.734443,359.460626,Bloomberg
2024-06-20,MXN,COP,234.947576,232.134946,237.760207,Internal
2024-06-20,MXN,ARS,20.836371,20.620576,21.052166,Central Bank
2024-06-20,COP,MXN,0.004208,0.004182,0.004234,Internal
2024-06-20,COP,ARS,0.086359,0.085537,0.087181,Bloomberg
2024-06-20,ARS,MXN,0.047677,0.047152,0.048202,Internal
2024-06-20,ARS,COP,11.250137,11.176471,11.323802,Central Bank
2024-06-21,MXN,USD,0.058116,0.057542,0.058689,Central Bank
2024-06-21,COP,USD,0.000249,0.000246,0.000252,Bloomberg
2024-06-21,ARS,USD,0.002888,0.002873,0.002904,Bloomberg
2024-06-21,USD,MXN,16.811927,16.58235,17.041505,Internal
2024-06-21,USD,COP,3956.597204,3919.220559,3993.973849,Central Bank
2024-06-21,USD,ARS,344.421528,342.219967,346.623089,Central Bank
2024-06-21,MXN,COP,234.711504,232.677317,236.745691,Internal
2024-06-21,MXN,ARS,20.193384,19.986366,20.400401,Reuters
2024-06-21,COP,MXN,0.004273,0.004247,0.004299,Internal
2024-06-21,COP,ARS,0.085867,0.085063,0.086671,Internal
2024-06-21,ARS,MXN,0.04773,0.04745,0.04801,Reuters
2024-06-21,ARS,COP,11.416972,11.30199,11.531954,Bloomberg
2024-06-22,MXN,USD,0.05978,0.058958,0.060603,Central Bank
2024-06-22,COP,USD,0.000245,0.000244,0.000247,Bloomberg
2024-06-22,ARS,USD,0.002876,0.002849,0.002903,Reuters
2024-06-22,USD,MXN,17.039011,16.87239,17.205632,Bloomberg
2024-06-22,USD,COP,4013.139282,3988.42437,4037.854193,Central Bank
2024-06-22,USD,ARS,346.251476,344.009888,348.493064,Bloomberg
2024-06-22,MXN,COP,237.615456,235.498991,239.73192,Reuters
2024-06-22,MXN,ARS,20.225877,19.96535,20.486404,Central Bank
2024-06-22,COP,MXN,0.004254,0.004222,0.004287,Central Bank
2024-06-22,COP,ARS,0.086812,0.085673,0.08795,Reuters
2024-06-22,ARS,MXN,0.049389,0.048717,0.050061,Bloomberg
2024-06-22,ARS,COP,11.286248,11.176234,11.396262,Internal
2024-06-23,MXN,USD,0.058151,0.05776,0.058542,Central Bank
2024-06-23,COP,USD,0.000246,0.000245,0.000248,Bloomberg
2024-06-23,ARS,USD,0.002898,0.002882,0.002915,Central Bank
2024-06-23,USD,MXN,17.044987,16.917649,17.172325,Internal
2024-06-23,USD,COP,4054.363352,4019.42599,4089.300713,Bloomberg
2024-06-23,USD,ARS,354.591659,351.37767,357.805647,Internal
2024-06-23,MXN,COP,230.992084,229.096822,232.887345,Internal
2024-06-23,MXN,ARS,20.199254,19.962588,20.435919,Reuters
2024-06-23,COP,MXN,0.004231,0.004185,0.004278,Bloomberg
2024-06-23,COP,ARS,0.08837,0.087816,0.088924,Internal
2024-06-23,ARS,MXN,0.048855,0.048242,0.049469,Bloomberg
2024-06-23,ARS,COP,11.310327,11.194819,11.425835,Internal
2024-06-24,MXN,USD,0.059466,0.058911,0.060021,Central Bank
2024-06-24,COP,USD,0.000249,0.000247,0.000252,Bloomberg
2024-06-24,ARS,USD,0.002888,0.002873,0.002904,Reuters
2024-06-24,USD,MXN,16.927422,16.764156,17.090688,Reuters
2024-06-24,USD,COP,3968.559502,3927.473365,4009.64564,Reuters
2024-06-24,USD,ARS,355.870575,351.04718,360.69397,Internal
2024-06-24,MXN,COP,235.401788,233.315907,237.487669,Bloomberg
2024-06-24,MXN,ARS,20.562976,20.441451,20.684501,Internal
2024-06-24,COP,MXN,0.004331,0.004286,0.004376,Central Bank
2024-06-24,COP,ARS,0.086631,0.085965,0.087296,Reuters
2024-06-24,ARS,MXN,0.0493,0.04876,0.049839,Bloomberg
2024-06-24,ARS,COP,11.343109,11.183647,11.502572,Bloomberg
2024-06-25,MXN,USD,0.058979,0.058478,0.059479,Reuters
2024-06-25,COP,USD,0.000247,0.000245,0.000249,Internal
2024-06-25,ARS,USD,0.002832,0.002801,0.002863,Bloomberg
2024-06-25,USD,MXN,17.182454,16.943523,17.421384,Bloomberg
2024-06-25,USD,COP,4048.359108,4000.251154,4096.467062,Bloomberg
2024-06-25,USD,ARS,352.619447,349.581677,355.657218,Reuters
2024-06-25,MXN,COP,232.512607,230.27423,234.750984,Bloomberg
2024-06-25,MXN,ARS,20.272997,20.025111,20.520884,Reuters
2024-06-25,COP,MXN,0.004274,0.004243,0.004304,Reuters
2024-06-25,COP,ARS,0.086391,0.085399,0.087382,Internal
2024-06-25,ARS,MXN,0.048329,0.047898,0.048759,Reuters
2024-06-25,ARS,COP,11.626278,11.514773,11.737784,Reuters
2024-06-26,MXN,USD,0.057991,0.05735,0.058633,Reuters
2024-06-26,COP,USD,0.000246,0.000244,0.000248,Internal
2024-06-26,ARS,USD,0.0028,0.002781,0.00282,Reuters
2024-06-26,USD,MXN,17.290908,17.125821,17.455995,Reuters
2024-06-26,USD,COP,4001.778945,3964.942843,4038.615048,Reuters
2024-06-26,USD,ARS,343.713903,340.525244,346.902562,Internal
2024-06-26,MXN,COP,236.190793,233.884701,238.496885,Internal
2024-06-26,MXN,ARS,20.434352,20.303628,20.565076,Central Bank
2024-06-26,COP,MXN,0.004226,0.004171,0.004281,Central Bank
2024-06-26,COP,ARS,0.085894,0.085404,0.086383,Central Bank
2024-06-26,ARS,MXN,0.048666,0.048292,0.04904,Central Bank
2024-06-26,ARS,COP,11.623199,11.485264,11.761134,Bloomberg
2024-06-27,MXN,USD,0.057741,0.057071,0.058411,Central Bank
2024-06-27,COP,USD,0.000245,0.000243,0.000247,Reuters
2024-06-27,ARS,USD,0.002832,0.002811,0.002853,Bloomberg
2024-06-27,USD,MXN,17.080452,16.897586,17.263318,Reuters
2024-06-27,USD,COP,4068.456246,4033.729879,4103.182613,Bloomberg
2024-06-27,USD,ARS,345.123841,341.487235,348.760446,Reuters
2024-06-27,MXN,COP,237.763306,236.165911,239.3607,Internal
2024-06-27,MXN,ARS,20.343763,20.116667,20.57086,Bloomberg
2024-06-27,COP,MXN,0.004181,0.004129,0.004232,Reuters
2024-06-27,COP,ARS,0.088583,0.08803,0.089137,Bloomberg
2024-06-27,ARS,MXN,0.049242,0.048887,0.049597,Internal
2024-06-27,ARS,COP,11.478678,11.318908,11.638448,Bloomberg
2024-06-28,MXN,USD,0.058305,0.058011,0.058598,Reuters
2024-06-28,COP,USD,0.000249,0.000246,0.000253,Internal
2024-06-28,ARS,USD,0.002851,0.00283,0.002872,Central Bank
2024-06-28,USD,MXN,16.937804,16.777888,17.097719,Bloomberg
2024-06-28,USD,COP,4038.266302,4002.548825,4073.983779,Internal
2024-06-28,USD,ARS,343.322372,338.979153,347.665592,Bloomberg
2024-06-28,MXN,COP,238.887589,236.518971,241.256207,Reuters
2024-06-28,MXN,ARS,20.441713,20.237494,20.645932,Internal
2024-06-28,COP,MXN,0.004307,0.00426,0.004355,Reuters
2024-06-28,COP,ARS,0.086256,0.085758,0.086754,Internal
2024-06-28,ARS,MXN,0.047927,0.047494,0.04836,Bloomberg
2024-06-28,ARS,COP,11.34364,11.240968,11.446311,Bloomberg
2024-06-29,MXN,USD,0.059329,0.0585,0.060159,Internal
2024-06-29,COP,USD,0.000251,0.000249,0.000253,Central Bank
2024-06-29,ARS,USD,0.002878,0.002848,0.002909,Central Bank
2024-06-29,USD,MXN,16.967527,16.746932,17.188122,Internal
2024-06-29,USD,COP,4011.465042,3976.985675,4045.944409,Central Bank
2024-06-29,USD,ARS,349.873405,345.59033,354.15648,Internal
2024-06-29,MXN,COP,231.43022,229.683094,233.177347,Bloomberg
2024-06-29,MXN,ARS,20.3981,20.110161,20.686039,Reuters
2024-06-29,COP,MXN,0.004246,0.004218,0.004275,Bloomberg
2024-06-29,COP,ARS,0.088711,0.087398,0.090023,Reuters
2024-06-29,ARS,MXN,0.047693,0.047346,0.048041,Bloomberg
2024-06-29,ARS,COP,11.242229,11.10785,11.376609,Central Bank
2024-06-30,MXN,USD,0.058236,0.057639,0.058833,Reuters
2024-06-30,COP,USD,0.00025,0.000248,0.000252,Internal
2024-06-30,ARS,USD,0.002832,0.002792,0.002872,Bloomberg
2024-06-30,USD,MXN,16.938436,16.825519,17.051352,Central Bank
2024-06-30,USD,COP,3957.090502,3933.653803,3980.5272,Central Bank
2024-06-30,USD,ARS,351.016527,346.512631,355.520422,Bloomberg
2024-06-30,MXN,COP,233.301111,231.03751,235.564711,Internal
2024-06-30,MXN,ARS,20.913465,20.759491,21.06744,Bloomberg
2024-06-30,COP,MXN,0.004267,0.004243,0.004292,Central Bank
2024-06-30,COP,ARS,0.086692,0.085579,0.087804,Central Bank
2024-06-30,ARS,MXN,0.049114,0.048596,0.049631,Reuters
2024-06-30,ARS,COP,11.53061,11.455347,11.605872,Bloomberg
2024-07-01,MXN,USD,0.058225,0.057929,0.058521,Bloomberg
2024-07-01,COP,USD,0.000253,0.00025,0.000255,Central Bank
2024-07-01,ARS,USD,0.002857,0.002817,0.002897,Internal
2024-07-01,USD,MXN,16.751765,16.659908,16.843623,Bloomberg
2024-07-01,USD,COP,4055.445938,4025.357548,4085.534329,Reuters
2024-07-01,USD,ARS,351.034103,348.298575,353.769631,Bloomberg
2024-07-01,MXN,COP,234.870063,232.027644,237.712482,Bloomberg
2024-07-01,MXN,ARS,20.309954,20.085324,20.534584,Central Bank
2024-07-01,COP,MXN,0.004176,0.00414,0.004213,Central Bank
2024-07-01,COP,ARS,0.086755,0.085863,0.087648,Internal
2024-07-01,ARS,MXN,0.048916,0.048479,0.049354,Internal
2024-07-01,ARS,COP,11.606305,11.494116,11.718494,Reuters
2024-07-02,MXN,USD,0.059497,0.058856,0.060138,Internal
2024-07-02,COP,USD,0.000253,0.00025,0.000255,Internal
2024-07-02,ARS,USD,0.002819,0.002781,0.002857,Bloomberg
2024-07-02,USD,MXN,17.20729,17.085653,17.328927,Reuters
2024-07-02,USD,COP,4054.711362,4029.753146,4079.669579,Internal
2024-07-02,USD,ARS,348.356012,345.570843,351.141181,Central Bank
2024-07-02,MXN,COP,233.548661,231.916849,235.180472,Central Bank
2024-07-02,MXN,ARS,20.353999,20.094471,20.613527,Bloomberg
2024-07-02,COP,MXN,0.004241,0.004195,0.004288,Bloomberg
2024-07-02,COP,ARS,0.088022,0.087316,0.088728,Bloomberg
2024-07-02,ARS,MXN,0.047876,0.047206,0.048547,Internal
2024-07-02,ARS,COP,11.315621,11.213866,11.417375,Internal
2024-07-03,MXN,USD,0.058521,0.058109,0.058934,Bloomberg
2024-07-03,COP,USD,0.000249,0.000248,0.000251,Bloomberg
2024-07-03,ARS,USD,0.002903,0.002861,0.002944,Reuters
2024-07-03,USD,MXN,16.914344,16.770478,17.05821,Internal
2024-07-03,USD,COP,4061.927445,4006.193215,4117.661674,Central Bank
2024-07-03,USD,ARS,351.375311,348.371844,354.378777,Internal
2024-07-03,MXN,COP,230.969642,227.548156,234.391128,Internal
2024-07-03,MXN,ARS,20.232269,20.064048,20.400491,Reuters
2024-07-03,COP,MXN,0.004322,0.004293,0.004351,Central Bank
2024-07-03,COP,ARS,0.086261,0.085216,0.087305,Reuters
2024-07-03,ARS,MXN,0.047716,0.047235,0.048198,Reuters
2024-07-03,ARS,COP,11.211035,11.109754,11.312317,Internal
2024-07-04,MXN,USD,0.058463,0.05798,0.058947,Reuters
2024-07-04,COP,USD,0.000246,0.000243,0.000248,Central Bank
2024-07-04,ARS,USD,0.002901,0.002864,0.002937,Internal
2024-07-04,USD,MXN,17.179275,17.087167,17.271383,Central Bank
2024-07-04,USD,COP,4079.783125,4053.128678,4106.437572,Internal
2024-07-04,USD,ARS,347.622129,343.401054,351.843204,Reuters
2024-07-04,MXN,COP,231.943073,229.015699,234.870447,Bloomberg
2024-07-04,MXN,ARS,20.253215,20.074199,20.432231,Internal
2024-07-04,COP,MXN,0.004202,0.00418,0.004225,Central Bank
2024-07-04,COP,ARS,0.089087,0.088469,0.089706,Bloomberg
2024-07-04,ARS,MXN,0.048411,0.047769,0.049053,Bloomberg
2024-07-04,ARS,COP,11.39516,11.273438,11.516881,Bloomberg
2024-07-05,MXN,USD,0.057648,0.057322,0.057975,Central Bank
2024-07-05,COP,USD,0.000248,0.000245,0.00025,Central Bank
2024-07-05,ARS,USD,0.002825,0.002785,0.002865,Bloomberg
2024-07-05,USD,MXN,17.288879,17.117117,17.460641,Central Bank
2024-07-05,USD,COP,4027.106742,3974.283595,4079.92989,Reuters
2024-07-05,USD,ARS,351.635177,346.432882,356.837472,Internal
2024-07-05,MXN,COP,239.582762,237.766525,241.398999,Reuters
2024-07-05,MXN,ARS,20.69655,20.525486,20.867613,Bloomberg
2024-07-05,COP,MXN,0.004279,0.004221,0.004336,Reuters
2024-07-05,COP,ARS,0.088572,0.087439,0.089704,Bloomberg
2024-07-05,ARS,MXN,0.048039,0.047789,0.04829,Internal
2024-07-05,ARS,COP,11.324429,11.161364,11.487494,Reuters
2024-07-06,MXN,USD,0.058821,0.058101,0.059541,Internal
2024-07-06,COP,USD,0.000246,0.000243,0.000248,Reuters
2024-07-06,ARS,USD,0.002812,0.002794,0.00283,Bloomberg
2024-07-06,USD,MXN,17.234252,17.110346,17.358158,Bloomberg
2024-07-06,USD,COP,3994.295612,3968.202547,4020.388678,Central Bank
2024-07-06,USD,ARS,352.763344,349.215096,356.311592,Internal
2024-07-06,MXN,COP,237.576692,235.39267,239.760715,Reuters
2024-07-06,MXN,ARS,20.422775,20.271138,20.574413,Internal
2024-07-06,COP,MXN,0.004326,0.004276,0.004377,Reuters
2024-07-06,COP,ARS,0.088991,0.088496,0.089487,Internal
2024-07-06,ARS,MXN,0.049184,0.048862,0.049505,Internal
2024-07-06,ARS,COP,11.64725,11.550137,11.744363,Reuters
2024-07-07,MXN,USD,0.057925,0.057499,0.058351,Internal
2024-07-07,COP,USD,0.000254,0.000252,0.000257,Bloomberg
2024-07-07,ARS,USD,0.002846,0.002808,0.002885,Reuters
2024-07-07,USD,MXN,16.8254,16.605908,17.044893,Reuters
2024-07-07,USD,COP,3945.47072,3912.836039,3978.105401,Internal
2024-07-07,USD,ARS,354.94478,352.81277,357.076791,Central Bank
2024-07-07,MXN,COP,238.081829,236.871207,239.292451,Internal
2024-07-07,MXN,ARS,20.582181,20.46027,20.704092,Bloomberg
2024-07-07,COP,MXN,0.004334,0.004312,0.004355,Bloomberg
2024-07-07,COP,ARS,0.085864,0.085185,0.086544,Reuters
2024-07-07,ARS,MXN,0.048919,0.048225,0.049612,Reuters
2024-07-07,ARS,COP,11.504484,11.436893,11.572075,Bloomberg
2024-07-08,MXN,USD,0.059748,0.059252,0.060244,Central Bank
2024-07-08,COP,USD,0.000255,0.000253,0.000256,Central Bank
2024-07-08,ARS,USD,0.00287,0.002832,0.002908,Bloomberg
2024-07-08,USD,MXN,17.196889,16.956639,17.437139,Internal
2024-07-08,USD,COP,3937.206155,3894.157918,3980.254392,Central Bank
2024-07-08,USD,ARS,354.645231,351.863235,357.427227,Central Bank
2024-07-08,MXN,COP,234.939638,231.762325,238.116951,Bloomberg
2024-07-08,MXN,ARS,20.706382,20.457917,20.954847,Central Bank
2024-07-08,COP,MXN,0.004249,0.004219,0.00428,Reuters
2024-07-08,COP,ARS,0.085862,0.084701,0.087023,Bloomberg
2024-07-08,ARS,MXN,0.04895,0.048309,0.049591,Reuters
2024-07-08,ARS,COP,11.635065,11.54124,11.72889,Internal
2024-07-09,MXN,USD,0.058631,0.057792,0.059469,Reuters
2024-07-09,COP,USD,0.000252,0.00025,0.000253,Internal
2024-07-09,ARS,USD,0.002817,0.002799,0.002835,Central Bank
2024-07-09,USD,MXN,16.699949,16.470301,16.929597,Bloomberg
2024-07-09,USD,COP,3937.227919,3899.866768,3974.58907,Bloomberg
2024-07-09,USD,ARS,353.118776,350.355709,355.881843,Reuters
2024-07-09,MXN,COP,237.060949,234.50242,239.619477,Internal
2024-07-09,MXN,ARS,20.534982,20.407127,20.662836,Reuters
2024-07-09,COP,MXN,0.004324,0.004294,0.004355,Internal
2024-07-09,COP,ARS,0.088047,0.087286,0.088808,Internal
2024-07-09,ARS,MXN,0.047972,0.0477,0.048244,Central Bank
2024-07-09,ARS,COP,11.584513,11.433494,11.735531,Internal
2024-07-10,MXN,USD,0.058086,0.057507,0.058666,Internal
2024-07-10,COP,USD,0.000253,0.000249,0.000256,Internal
2024-07-10,ARS,USD,0.002815,0.002792,0.002838,Internal
2024-07-10,USD,MXN,17.107715,16.858274,17.357157,Bloomberg
2024-07-10,USD,COP,3921.190193,3870.873218,3971.507167,Reuters
2024-07-10,USD,ARS,348.821214,345.378718,352.263711,Reuters
2024-07-10,MXN,COP,231.982756,228.771606,235.193905,Bloomberg
2024-07-10,MXN,ARS,20.598764,20.393732,20.803795,Reuters
2024-07-10,COP,MXN,0.004319,0.004267,0.004372,Internal
2024-07-10,COP,ARS,0.085885,0.085447,0.086322,Reuters
2024-07-10,ARS,MXN,0.048982,0.048345,0.049619,Reuters
2024-07-10,ARS,COP,11.354139,11.285493,11.422786,Bloomberg
2024-07-11,MXN,USD,0.058144,0.05766,0.058628,Reuters
2024-07-11,COP,USD,0.00025,0.000247,0.000254,Bloomberg
2024-07-11,ARS,USD,0.00285,0.002808,0.002891,Central Bank
2024-07-11,USD,MXN,16.969368,16.762493,17.176242,Reuters
2024-07-11,USD,COP,4006.20676,3955.897874,4056.515646,Central Bank
2024-07-11,USD,ARS,346.982799,345.185724,348.779875,Central Bank
2024-07-11,MXN,COP,235.054283,231.814684,238.293882,Internal
2024-07-11,MXN,ARS,20.929263,20.697208,21.161319,Bloomberg
2024-07-11,COP,MXN,0.004322,0.004264,0.00438,Bloomberg
2024-07-11,COP,ARS,0.087322,0.086624,0.088021,Central Bank
2024-07-11,ARS,MXN,0.049187,0.048612,0.049762,Reuters
2024-07-11,ARS,COP,11.380486,11.323096,11.437876,Bloomberg
2024-07-12,MXN,USD,0.057742,0.056904,0.058581,Internal
2024-07-12,COP,USD,0.000247,0.000246,0.000249,Central Bank
2024-07-12,ARS,USD,0.00291,0.002872,0.002947,Reuters
2024-07-12,USD,MXN,17.023975,16.785726,17.262225,Internal
2024-07-12,USD,COP,3922.614945,3868.932158,3976.297732,Reuters
2024-07-12,USD,ARS,353.764612,349.649218,357.880006,Internal
2024-07-12,MXN,COP,239.895232,238.183784,241.606679,Reuters
2024-07-12,MXN,ARS,20.818556,20.536416,21.100696,Internal
2024-07-12,COP,MXN,0.00426,0.004225,0.004296,Bloomberg
2024-07-12,COP,ARS,0.0858,0.085002,0.086597,Reuters
2024-07-12,ARS,MXN,0.048857,0.04815,0.049563,Central Bank
2024-07-12,ARS,COP,11.245467,11.084536,11.406399,Reuters
2024-07-13,MXN,USD,0.058045,0.057585,0.058505,Reuters
2024-07-13,COP,USD,0.000249,0.000246,0.000253,Bloomberg
2024-07-13,ARS,USD,0.002883,0.002858,0.002908,Reuters
2024-07-13,USD,MXN,16.870455,16.694611,17.046299,Central Bank
2024-07-13,USD,COP,3932.196124,3906.41788,3957.974367,Central Bank
2024-07-13,USD,ARS,354.942424,353.155899,356.728949,Bloomberg
2024-07-13,MXN,COP,231.209245,228.272103,234.146387,Reuters
2024-07-13,MXN,ARS,20.971295,20.842663,21.099927,Internal
2024-07-13,COP,MXN,0.004222,0.00418,0.004265,Internal
2024-07-13,COP,ARS,0.087538,0.086679,0.088397,Reuters
2024-07-13,ARS,MXN,0.049126,0.048705,0.049547,Central Bank
2024-07-13,ARS,COP,11.361481,11.260605,11.462358,Bloomberg
2024-07-14,MXN,USD,0.05893,0.058488,0.059372,Central Bank
2024-07-14,COP,USD,0.000254,0.000251,0.000257,Central Bank
2024-07-14,ARS,USD,0.002913,0.002894,0.002933,Reuters
2024-07-14,USD,MXN,16.769031,16.548482,16.98958,Bloomberg
2024-07-14,USD,COP,3996.590457,3939.650477,4053.530436,Reuters
2024-07-14,USD,ARS,343.417048,338.768876,348.065219,Internal
2024-07-14,MXN,COP,231.563006,229.218616,233.907396,Internal
2024-07-14,MXN,ARS,20.351355,20.210902,20.491809,Internal
2024-07-14,COP,MXN,0.004296,0.004243,0.00435,Central Bank
2024-07-14,COP,ARS,0.089166,0.088057,0.090276,Internal
2024-07-14,ARS,MXN,0.048683,0.048217,0.049149,Reuters
2024-07-14,ARS,COP,11.493727,11.413373,11.574081,Central Bank
2024-07-15,MXN,USD,0.057733,0.057335,0.05813,Reuters
2024-07-15,COP,USD,0.000245,0.000242,0.000248,Reuters
2024-07-15,ARS,USD,0.002874,0.002848,0.0029,Central Bank
2024-07-15,USD,MXN,17.319317,17.083427,17.555207,Central Bank
2024-07-15,USD,COP,3941.452739,3917.962573,3964.942905,Central Bank
2024-07-15,USD,ARS,351.300397,347.880734,354.72006,Reuters
2024-07-15,MXN,COP,231.715323,228.67793,234.752715,Reuters
2024-07-15,MXN,ARS,20.37909,20.167742,20.590438,Internal
2024-07-15,COP,MXN,0.004215,0.004158,0.004272,Central Bank
2024-07-15,COP,ARS,0.089037,0.088,0.090074,Bloomberg
2024-07-15,ARS,MXN,0.048952,0.048308,0.049596,Bloomberg
2024-07-15,ARS,COP,11.328305,11.175403,11.481208,Central Bank
2024-07-16,MXN,USD,0.059941,0.059424,0.060459,Internal
2024-07-16,COP,USD,0.000248,0.000246,0.00025,Central Bank
2024-07-16,ARS,USD,0.002803,0.002781,0.002825,Bloomberg
2024-07-16,USD,MXN,17.144024,16.909236,17.378812,Central Bank
2024-07-16,USD,COP,3978.005146,3954.329759,4001.680533,Reuters
2024-07-16,USD,ARS,353.751983,350.857189,356.646777,Central Bank
2024-07-16,MXN,COP,232.307002,230.652255,233.961749,Central Bank
2024-07-16,MXN,ARS,20.367134,20.20898,20.525287,Central Bank
2024-07-16,COP,MXN,0.004303,0.004258,0.004348,Reuters
2024-07-16,COP,ARS,0.088922,0.087892,0.089952,Central Bank
2024-07-16,ARS,MXN,0.049339,0.048722,0.049957,Central Bank
2024-07-16,ARS,COP,11.342579,11.186283,11.498876,Central Bank
2024-07-17,MXN,USD,0.059195,0.05874,0.05965,Central Bank
2024-07-17,COP,USD,0.000246,0.000245,0.000248,Central Bank
2024-07-17,ARS,USD,0.002812,0.002785,0.00284,Internal
2024-07-17,USD,MXN,17.21046,17.054536,17.366385,Central Bank
2024-07-17,USD,COP,3962.28516,3919.06242,4005.5079,Bloomberg
2024-07-17,USD,ARS,344.148124,341.847908,346.448341,Central Bank
2024-07-17,MXN,COP,236.525542,235.303071,237.748014,Bloomberg
2024-07-17,MXN,ARS,20.776617,20.646417,20.906816,Bloomberg
2024-07-17,COP,MXN,0.004333,0.004311,0.004355,Reuters
2024-07-17,COP,ARS,0.087768,0.086689,0.088848,Bloomberg
2024-07-17,ARS,MXN,0.048557,0.048199,0.048915,Internal
2024-07-17,ARS,COP,11.296461,11.164644,11.428277,Bloomberg
2024-07-18,MXN,USD,0.059588,0.059116,0.060061,Bloomberg
2024-07-18,COP,USD,0.000249,0.000246,0.000252,Reuters
2024-07-18,ARS,USD,0.002831,0.002799,0.002862,Central Bank
2024-07-18,USD,MXN,17.140695,17.011283,17.270107,Internal
2024-07-18,USD,COP,3920.232422,3896.138254,3944.326591,Bloomberg
2024-07-18,USD,ARS,353.454999,349.24429,357.665708,Bloomberg
2024-07-18,MXN,COP,238.253612,235.679986,240.827237,Bloomberg
2024-07-18,MXN,ARS,20.285546,20.175962,20.39513,Bloomberg
2024-07-18,COP,MXN,0.004292,0.004239,0.004344,Internal
2024-07-18,COP,ARS,0.086215,0.085596,0.086835,Central Bank
2024-07-18,ARS,MXN,0.048716,0.048155,0.049277,Central Bank
2024-07-18,ARS,COP,11.579415,11.519925,11.638906,Central Bank
2024-07-19,MXN,USD,0.05845,0.057897,0.059004,Bloomberg
2024-07-19,COP,USD,0.000252,0.000249,0.000255,Reuters
2024-07-19,ARS,USD,0.002837,0.002811,0.002863,Reuters
2024-07-19,USD,MXN,16.96152,16.842527,17.080513,Bloomberg
2024-07-19,USD,COP,3953.085034,3919.358175,3986.811894,Bloomberg
2024-07-19,USD,ARS,349.858787,344.788833,354.928741,Internal
2024-07-19,MXN,COP,231.048785,229.886477,232.211093,Internal
2024-07-19,MXN,ARS,20.307087,20.046873,20.5673,Central Bank
2024-07-19,COP,MXN,0.004292,0.004248,0.004336,Bloomberg
2024-07-19,COP,ARS,0.087197,0.085992,0.088401,Bloomberg
2024-07-19,ARS,MXN,0.048151,0.047825,0.048477,Central Bank
2024-07-19,ARS,COP,11.416336,11.272189,11.560482,Central Bank
2024-07-20,MXN,USD,0.059027,0.058527,0.059527,Bloomberg
2024-07-20,COP,USD,0.000249,0.000247,0.000252,Reuters
2024-07-20,ARS,USD,0.002896,0.002854,0.002938,Reuters
2024-07-20,USD,MXN,16.769112,16.648279,16.889944,Bloomberg
2024-07-20,USD,COP,3922.743324,3893.933874,3951.552773,Internal
2024-07-20,USD,ARS,348.384143,343.205437,353.562849,Bloomberg
2024-07-20,MXN,COP,231.621877,228.793212,234.450542,Reuters
2024-07-20,MXN,ARS,20.74463,20.58452,20.90474,Reuters
2024-07-20,COP,MXN,0.004292,0.00427,0.004314,Central Bank
2024-07-20,COP,ARS,0.086594,0.085916,0.087272,Bloomberg
2024-07-20,ARS,MXN,0.049072,0.048499,0.049646,Bloomberg
2024-07-20,ARS,COP,11.486866,11.317153,11.656579,Central Bank
2024-07-21,MXN,USD,0.057998,0.057697,0.058299,Internal
2024-07-21,COP,USD,0.000251,0.000249,0.000252,Bloomberg
2024-07-21,ARS,USD,0.002821,0.002787,0.002856,Internal
2024-07-21,USD,MXN,16.830794,16.611221,17.050367,Bloomberg
2024-07-21,USD,COP,4020.615527,3973.580908,4067.650146,Reuters
2024-07-21,USD,ARS,344.345259,340.998724,347.691794,Bloomberg
2024-07-21,MXN,COP,238.967125,236.996328,240.937923,Reuters
2024-07-21,MXN,ARS,20.470372,20.212665,20.728079,Reuters
2024-07-21,COP,MXN,0.004249,0.004209,0.004288,Central Bank
2024-07-21,COP,ARS,0.088164,0.087632,0.088696,Bloomberg
2024-07-21,ARS,MXN,0.048049,0.047393,0.048706,Bloomberg
2024-07-21,ARS,COP,11.413524,11.295396,11.531651,Central Bank
2024-07-22,MXN,USD,0.057889,0.057026,0.058751,Internal
2024-07-22,COP,USD,0.000252,0.00025,0.000254,Bloomberg
2024-07-22,ARS,USD,0.002825,0.002808,0.002842,Reuters
2024-07-22,USD,MXN,16.667955,16.486691,16.849218,Central Bank
2024-07-22,USD,COP,4078.610493,4031.991191,4125.229795,Internal
2024-07-22,USD,ARS,355.503438,353.393586,357.613291,Bloomberg
2024-07-22,MXN,COP,236.346109,234.94337,237.748847,Reuters
2024-07-22,MXN,ARS,20.827964,20.612001,21.043928,Bloomberg
2024-07-22,COP,MXN,0.004173,0.004123,0.004222,Bloomberg
2024-07-22,COP,ARS,0.088051,0.086998,0.089104,Central Bank
2024-07-22,ARS,MXN,0.0494,0.048911,0.049888,Bloomberg
2024-07-22,ARS,COP,11.563759,11.403315,11.724202,Central Bank
2024-07-23,MXN,USD,0.057856,0.057229,0.058482,Reuters
2024-07-23,COP,USD,0.000245,0.000242,0.000248,Reuters
2024-07-23,ARS,USD,0.002886,0.002856,0.002917,Bloomberg
2024-07-23,USD,MXN,16.678292,16.578637,16.777946,Central Bank
2024-07-23,USD,COP,4026.767775,3998.880611,4054.654939,Bloomberg
2024-07-23,USD,ARS,346.279074,344.391146,348.167002,Bloomberg
2024-07-23,MXN,COP,232.431586,230.783482,234.079691,Bloomberg
2024-07-23,MXN,ARS,20.419412,20.304803,20.534021,Internal
2024-07-23,COP,MXN,0.004203,0.004177,0.00423,Central Bank
2024-07-23,COP,ARS,0.08829,0.087209,0.089371,Reuters
2024-07-23,ARS,MXN,0.048818,0.048145,0.049492,Reuters
2024-07-23,ARS,COP,11.581598,11.473678,11.689518,Central Bank
2024-07-24,MXN,USD,0.059609,0.059216,0.060001,Internal
2024-07-24,COP,USD,0.000245,0.000243,0.000247,Bloomberg
2024-07-24,ARS,USD,0.002878,0.002838,0.002918,Central Bank
2024-07-24,USD,MXN,16.717683,16.607758,16.827607,Central Bank
2024-07-24,USD,COP,3944.598352,3920.597849,3968.598856,Bloomberg
2024-07-24,USD,ARS,352.795626,350.445339,355.145912,Reuters
2024-07-24,MXN,COP,238.930712,237.359989,240.501436,Bloomberg
2024-07-24,MXN,ARS,20.961803,20.76793,21.155676,Internal
2024-07-24,COP,MXN,0.004212,0.00418,0.004244,Bloomberg
2024-07-24,COP,ARS,0.088992,0.087836,0.090147,Central Bank
2024-07-24,ARS,MXN,0.047981,0.0476,0.048363,Internal
2024-07-24,ARS,COP,11.623885,11.464088,11.783681,Central Bank
2024-07-25,MXN,USD,0.059521,0.059148,0.059894,Central Bank
2024-07-25,COP,USD,0.000247,0.000244,0.00025,Central Bank
2024-07-25,ARS,USD,0.002864,0.002838,0.00289,Bloomberg
2024-07-25,USD,MXN,16.695926,16.582428,16.809423,Bloomberg
2024-07-25,USD,COP,4047.830863,4017.857367,4077.804359,Central Bank
2024-07-25,USD,ARS,350.117824,346.242365,353.993283,Central Bank
2024-07-25,MXN,COP,232.861127,230.410782,235.311472,Reuters
2024-07-25,MXN,ARS,20.608886,20.486565,20.731207,Reuters
2024-07-25,COP,MXN,0.004221,0.004195,0.004248,Bloomberg
2024-07-25,COP,ARS,0.085904,0.085053,0.086755,Bloomberg
2024-07-25,ARS,MXN,0.047871,0.047254,0.048489,Central Bank
2024-07-25,ARS,COP,11.436779,11.308134,11.565425,Central Bank
2024-07-26,MXN,USD,0.05864,0.057975,0.059305,Central Bank
2024-07-26,COP,USD,0.000252,0.00025,0.000254,Bloomberg
2024-07-26,ARS,USD,0.002878,0.002835,0.002921,Reuters
2024-07-26,USD,MXN,16.680373,16.469286,16.89146,Central Bank
2024-07-26,USD,COP,4044.048681,3995.888771,4092.208591,Central Bank
2024-07-26,USD,ARS,344.170873,341.882399,346.459348,Central Bank
2024-07-26,MXN,COP,231.365954,229.768552,232.963355,Central Bank
2024-07-26,MXN,ARS,20.537983,20.251623,20.824343,Reuters
2024-07-26,COP,MXN,0.004175,0.004128,0.004222,Central Bank
2024-07-26,COP,ARS,0.088267,0.086954,0.089581,Reuters
2024-07-26,ARS,MXN,0.048336,0.048039,0.048634,Reuters
2024-07-26,ARS,COP,11.544013,11.456186,11.631841,Central Bank
2024-07-27,MXN,USD,0.058931,0.058549,0.059313,Internal
2024-07-27,COP,USD,0.000248,0.000245,0.00025,Central Bank
2024-07-27,ARS,USD,0.002817,0.00278,0.002855,Reuters
2024-07-27,USD,MXN,17.000962,16.781937,17.219988,Reuters
2024-07-27,USD,COP,3980.711241,3959.200148,4002.222335,Internal
2024-07-27,USD,ARS,349.542379,347.640357,351.444401,Central Bank
2024-07-27,MXN,COP,230.614547,228.858912,232.370181,Bloomberg
2024-07-27,MXN,ARS,20.487679,20.254802,20.720556,Central Bank
2024-07-27,COP,MXN,0.004226,0.004184,0.004269,Bloomberg
2024-07-27,COP,ARS,0.087168,0.086242,0.088095,Bloomberg
2024-07-27,ARS,MXN,0.048402,0.047774,0.04903,Bloomberg
2024-07-27,ARS,COP,11.652877,11.551547,11.754206,Central Bank
2024-07-28,MXN,USD,0.058509,0.057735,0.059282,Internal
2024-07-28,COP,USD,0.000252,0.00025,0.000255,Central Bank
2024-07-28,ARS,USD,0.002871,0.002856,0.002887,Bloomberg
2024-07-28,USD,MXN,16.823465,16.638053,17.008877,Internal
2024-07-28,USD,COP,4018.894576,3967.190564,4070.598588,Central Bank
2024-07-28,USD,ARS,353.813131,349.289227,358.337034,Bloomberg
2024-07-28,MXN,COP,231.771922,230.472349,233.071494,Central Bank
2024-07-28,MXN,ARS,20.94082,20.654925,21.226715,Reuters
2024-07-28,COP,MXN,0.004307,0.00428,0.004334,Central Bank
2024-07-28,COP,ARS,0.086666,0.085597,0.087734,Bloomberg
2024-07-28,ARS,MXN,0.048664,0.04819,0.049137,Bloomberg
2024-07-28,ARS,COP,11.435732,11.335316,11.536148,Bloomberg
2024-07-29,MXN,USD,0.05889,0.058558,0.059222,Reuters
2024-07-29,COP,USD,0.000247,0.000245,0.00025,Bloomberg
2024-07-29,ARS,USD,0.00288,0.002847,0.002912,Reuters
2024-07-29,USD,MXN,17.153673,16.97841,17.328936,Reuters
2024-07-29,USD,COP,3985.222594,3958.976202,4011.468986,Bloomberg
2024-07-29,USD,ARS,355.312246,350.84782,359.776671,Bloomberg
2024-07-29,MXN,COP,234.054179,231.18648,236.921878,Internal
2024-07-29,MXN,ARS,20.352602,20.187831,20.517374,Reuters
2024-07-29,COP,MXN,0.004179,0.004122,0.004236,Internal
2024-07-29,COP,ARS,0.086771,0.085485,0.088057,Internal
2024-07-29,ARS,MXN,0.047904,0.047212,0.048597,Reuters
2024-07-29,ARS,COP,11.546358,11.388603,11.704113,Central Bank
2024-07-30,MXN,USD,0.058086,0.057338,0.058835,Reuters
2024-07-30,COP,USD,0.000248,0.000245,0.000251,Reuters
2024-07-30,ARS,USD,0.002822,0.002783,0.00286,Central Bank
2024-07-30,USD,MXN,17.114692,16.948708,17.280676,Reuters
2024-07-30,USD,COP,3985.79066,3954.709957,4016.871363,Reuters
2024-07-30,USD,ARS,350.181722,345.069168,355.294276,Central Bank
2024-07-30,MXN,COP,237.854465,234.927,240.78193,Reuters
2024-07-30,MXN,ARS,20.375306,20.131331,20.619281,Bloomberg
2024-07-30,COP,MXN,0.004306,0.004273,0.00434,Bloomberg
2024-07-30,COP,ARS,0.08738,0.086216,0.088544,Central Bank
2024-07-30,ARS,MXN,0.048909,0.048498,0.04932,Reuters
2024-07-30,ARS,COP,11.513978,11.449785,11.578171,Reuters
2024-07-31,MXN,USD,0.058209,0.057384,0.059034,Bloomberg
2024-07-31,COP,USD,0.000255,0.000251,0.000258,Bloomberg
2024-07-31,ARS,USD,0.002895,0.002873,0.002917,Reuters
2024-07-31,USD,MXN,17.260767,17.153373,17.36816,Bloomberg
2024-07-31,USD,COP,4049.072799,3996.194014,4101.951583,Central Bank
2024-07-31,USD,ARS,344.324048,340.536983,348.111114,Internal
2024-07-31,MXN,COP,237.376487,234.320566,240.432408,Central Bank
2024-07-31,MXN,ARS,20.675905,20.53146,20.820351,Central Bank
2024-07-31,COP,MXN,0.004272,0.004242,0.004302,Bloomberg
2024-07-31,COP,ARS,0.086221,0.085235,0.087208,Bloomberg
2024-07-31,ARS,MXN,0.047676,0.047244,0.048108,Central Bank
2024-07-31,ARS,COP,11.530679,11.362768,11.69859,Internal
2024-08-01,MXN,USD,0.059432,0.05894,0.059923,Internal
2024-08-01,COP,USD,0.000246,0.000242,0.00025,Internal
2024-08-01,ARS,USD,0.002889,0.002854,0.002924,Central Bank
2024-08-01,USD,MXN,16.667257,16.553115,16.781399,Central Bank
2024-08-01,USD,COP,4079.562098,4057.964968,4101.159227,Central Bank
2024-08-01,USD,ARS,347.684239,344.502849,350.865628,Bloomberg
2024-08-01,MXN,COP,238.471499,236.029861,240.913136,Central Bank
2024-08-01,MXN,ARS,20.37773,20.198958,20.556502,Internal
2024-08-01,COP,MXN,0.004273,0.004231,0.004316,Reuters
2024-08-01,COP,ARS,0.088631,0.087659,0.089602,Internal
2024-08-01,ARS,MXN,0.049381,0.048698,0.050064,Bloomberg
2024-08-01,ARS,COP,11.379091,11.252812,11.50537,Reuters
2024-08-02,MXN,USD,0.057962,0.057639,0.058286,Reuters
2024-08-02,COP,USD,0.000251,0.000248,0.000254,Reuters
2024-08-02,ARS,USD,0.002812,0.00279,0.002835,Bloomberg
2024-08-02,USD,MXN,16.929961,16.764497,17.095426,Central Bank
2024-08-02,USD,COP,4013.849133,3963.414269,4064.283998,Internal
2024-08-02,USD,ARS,345.725883,341.179773,350.271993,Bloomberg
2024-08-02,MXN,COP,239.450354,236.800672,242.100036,Bloomberg
2024-08-02,MXN,ARS,20.237001,20.044488,20.429514,Reuters
2024-08-02,COP,MXN,0.004222,0.004198,0.004247,Reuters
2024-08-02,COP,ARS,0.089018,0.087954,0.090082,Reuters
2024-08-02,ARS,MXN,0.047853,0.047357,0.048348,Central Bank
2024-08-02,ARS,COP,11.579238,11.448337,11.710139,Reuters
2024-08-03,MXN,USD,0.058206,0.057371,0.059042,Internal
2024-08-03,COP,USD,0.000249,0.000246,0.000253,Central Bank
2024-08-03,ARS,USD,0.002859,0.002842,0.002876,Bloomberg
2024-08-03,USD,MXN,16.950031,16.721792,17.178269,Central Bank
2024-08-03,USD,COP,4071.015673,4015.046165,4126.985181,Central Bank
2024-08-03,USD,ARS,350.283592,347.82046,352.746724,Internal
2024-08-03,MXN,COP,234.332521,231.737458,236.927583,Central Bank
2024-08-03,MXN,ARS,20.494587,20.251745,20.737429,Central Bank
2024-08-03,COP,MXN,0.004219,0.004167,0.004272,Central Bank
2024-08-03,COP,ARS,0.089085,0.087956,0.090214,Reuters
2024-08-03,ARS,MXN,0.049344,0.048921,0.049766,Internal
2024-08-03,ARS,COP,11.43272,11.354589,11.510852,Central Bank
2024-08-04,MXN,USD,0.058789,0.057997,0.059581,Internal
2024-08-04,COP,USD,0.000253,0.00025,0.000256,Bloomberg
2024-08-04,ARS,USD,0.002871,0.002828,0.002914,Reuters
2024-08-04,USD,MXN,16.857473,16.610826,17.104119,Central Bank
2024-08-04,USD,COP,3958.736018,3903.457792,4014.014244,Central Bank
2024-08-04,USD,ARS,354.113359,348.854256,359.372463,Bloomberg
2024-08-04,MXN,COP,233.812793,232.088598,235.536989,Bloomberg
2024-08-04,MXN,ARS,20.512024,20.365986,20.658061,Reuters
2024-08-04,COP,MXN,0.004269,0.004243,0.004296,Central Bank
2024-08-04,COP,ARS,0.088085,0.087246,0.088923,Central Bank
2024-08-04,ARS,MXN,0.048777,0.04851,0.049044,Reuters
2024-08-04,ARS,COP,11.65403,11.528068,11.779992,Central Bank
2024-08-05,MXN,USD,0.059537,0.059069,0.060005,Bloomberg
2024-08-05,COP,USD,0.000254,0.000251,0.000257,Internal
2024-08-05,ARS,USD,0.002913,0.002882,0.002945,Bloomberg
2024-08-05,USD,MXN,16.933941,16.748032,17.119851,Internal
2024-08-05,USD,COP,4042.660559,3999.294322,4086.026796,Internal
2024-08-05,USD,ARS,355.17412,351.065568,359.282672,Internal
2024-08-05,MXN,COP,231.432044,229.066317,233.797771,Bloomberg
2024-08-05,MXN,ARS,20.617277,20.438694,20.79586,Internal
2024-08-05,COP,MXN,0.004273,0.004228,0.004319,Bloomberg
2024-08-05,COP,ARS,0.086906,0.086382,0.08743,Central Bank
2024-08-05,ARS,MXN,0.0491,0.048419,0.049782,Bloomberg
2024-08-05,ARS,COP,11.635789,11.473989,11.797589,Central Bank
2024-08-06,MXN,USD,0.058082,0.057339,0.058826,Bloomberg
2024-08-06,COP,USD,0.000248,0.000246,0.00025,Internal
2024-08-06,ARS,USD,0.002846,0.002816,0.002876,Central Bank
2024-08-06,USD,MXN,16.937317,16.734124,17.14051,Internal
2024-08-06,USD,COP,3944.800131,3899.819962,3989.780299,Internal
2024-08-06,USD,ARS,353.693083,348.485509,358.900656,Central Bank
2024-08-06,MXN,COP,236.629985,235.035301,238.22467,Bloomberg
2024-08-06,MXN,ARS,20.431354,20.136524,20.726185,Bloomberg
2024-08-06,COP,MXN,0.004253,0.004223,0.004284,Reuters
2024-08-06,COP,ARS,0.088026,0.086795,0.089257,Bloomberg
2024-08-06,ARS,MXN,0.048877,0.048358,0.049396,Central Bank
2024-08-06,ARS,COP,11.582158,11.410634,11.753683,Central Bank
2024-08-07,MXN,USD,0.059758,0.058886,0.060631,Central Bank
2024-08-07,COP,USD,0.000255,0.000251,0.000258,Internal
2024-08-07,ARS,USD,0.002839,0.002809,0.002869,Bloomberg
2024-08-07,USD,MXN,16.936237,16.722315,17.15016,Bloomberg
2024-08-07,USD,COP,3989.463292,3958.902465,4020.024119,Internal
2024-08-07,USD,ARS,351.020786,348.055652,353.98592,Central Bank
2024-08-07,MXN,COP,239.279637,237.564882,240.994392,Internal
2024-08-07,MXN,ARS,20.842494,20.717803,20.967184,Bloomberg
2024-08-07,COP,MXN,0.004295,0.004239,0.004351,Reuters
2024-08-07,COP,ARS,0.08775,0.086451,0.089049,Central Bank
2024-08-07,ARS,MXN,0.048089,0.047757,0.048422,Reuters
2024-08-07,ARS,COP,11.382249,11.308384,11.456115,Reuters
2024-08-08,MXN,USD,0.059647,0.059186,0.060107,Central Bank
2024-08-08,COP,USD,0.000254,0.00025,0.000257,Bloomberg
2024-08-08,ARS,USD,0.002855,0.002834,0.002875,Central Bank
2024-08-08,USD,MXN,17.114047,16.940528,17.287566,Internal
2024-08-08,USD,COP,4065.174243,4029.023206,4101.32528,Central Bank
2024-08-08,USD,ARS,344.634975,339.535582,349.734369,Internal
2024-08-08,MXN,COP,235.330817,233.977531,236.684103,Bloomberg
2024-08-08,MXN,ARS,20.847082,20.673042,21.021122,Central Bank
2024-08-08,COP,MXN,0.004173,0.00415,0.004197,Central Bank
2024-08-08,COP,ARS,0.087892,0.087207,0.088577,Reuters
2024-08-08,ARS,MXN,0.048824,0.048544,0.049104,Reuters
2024-08-08,ARS,COP,11.224834,11.122936,11.326732,Bloomberg
2024-08-09,MXN,USD,0.059677,0.059068,0.060287,Internal
2024-08-09,COP,USD,0.000251,0.000249,0.000254,Central Bank
2024-08-09,ARS,USD,0.002883,0.002863,0.002904,Reuters
2024-08-09,USD,MXN,16.843683,16.608592,17.078773,Internal
2024-08-09,USD,COP,3990.831191,3959.642807,4022.019575,Bloomberg
2024-08-09,USD,ARS,343.814548,338.853542,348.775554,Bloomberg
2024-08-09,MXN,COP,237.421376,234.422824,240.419928,Internal
2024-08-09,MXN,ARS,20.729383,20.502124,20.956642,Reuters
2024-08-09,COP,MXN,0.004168,0.004114,0.004222,Internal
2024-08-09,COP,ARS,0.088287,0.087117,0.089458,Internal
2024-08-09,ARS,MXN,0.049393,0.048661,0.050125,Central Bank
2024-08-09,ARS,COP,11.551595,11.463393,11.639796,Internal
2024-08-10,MXN,USD,0.059851,0.059148,0.060554,Reuters
2024-08-10,COP,USD,0.000246,0.000244,0.000247,Bloomberg
2024-08-10,ARS,USD,0.002852,0.002835,0.002869,Bloomberg
2024-08-10,USD,MXN,17.308851,17.167923,17.44978,Bloomberg
2024-08-10,USD,COP,3952.418971,3896.459858,4008.378085,Internal
2024-08-10,USD,ARS,344.521986,340.922815,348.121157,Central Bank
2024-08-10,MXN,COP,234.957694,233.301438,236.613951,Bloomberg
2024-08-10,MXN,ARS,20.73485,20.61488,20.854821,Bloomberg
2024-08-10,COP,MXN,0.004165,0.00414,0.004191,Internal
2024-08-10,COP,ARS,0.086583,0.085706,0.08746,Reuters
2024-08-10,ARS,MXN,0.047857,0.047381,0.048334,Reuters
2024-08-10,ARS,COP,11.371877,11.293367,11.450387,Internal
2024-08-11,MXN,USD,0.057822,0.057147,0.058497,Reuters
2024-08-11,COP,USD,0.000248,0.000245,0.000251,Bloomberg
2024-08-11,ARS,USD,0.002899,0.002875,0.002923,Bloomberg
2024-08-11,USD,MXN,17.247604,17.110655,17.384552,Central Bank
2024-08-11,USD,COP,4075.692571,4051.461917,4099.923226,Reuters
2024-08-11,USD,ARS,346.986649,345.068159,348.905138,Internal
2024-08-11,MXN,COP,232.516615,230.772447,234.260782,Central Bank
2024-08-11,MXN,ARS,20.504531,20.292477,20.716586,Bloomberg
2024-08-11,COP,MXN,0.004319,0.004265,0.004372,Internal
2024-08-11,COP,ARS,0.088085,0.087495,0.088676,Bloomberg
2024-08-11,ARS,MXN,0.047746,0.047109,0.048383,Central Bank
2024-08-11,ARS,COP,11.601454,11.439699,11.76321,Bloomberg
2024-08-12,MXN,USD,0.057888,0.057486,0.058289,Internal
2024-08-12,COP,USD,0.000247,0.000244,0.000249,Internal
2024-08-12,ARS,USD,0.00289,0.002855,0.002924,Internal
2024-08-12,USD,MXN,16.819028,16.66328,16.974776,Bloomberg
2024-08-12,USD,COP,4059.95732,4017.759752,4102.154889,Central Bank
2024-08-12,USD,ARS,354.873065,352.469806,357.276324,Reuters
2024-08-12,MXN,COP,234.432237,232.46659,236.397884,Internal
2024-08-12,MXN,ARS,20.966867,20.857228,21.076507,Internal
2024-08-12,COP,MXN,0.004233,0.004173,0.004294,Central Bank
2024-08-12,COP,ARS,0.087338,0.086289,0.088386,Internal
2024-08-12,ARS,MXN,0.049273,0.048782,0.049764,Internal
2024-08-12,ARS,COP,11.436927,11.287377,11.586477,Central Bank
2024-08-13,MXN,USD,0.058506,0.058212,0.0588,Bloomberg
2024-08-13,COP,USD,0.000246,0.000243,0.000249,Bloomberg
2024-08-13,ARS,USD,0.002826,0.002802,0.00285,Bloomberg
2024-08-13,USD,MXN,16.718609,16.569252,16.867965,Reuters
2024-08-13,USD,COP,3922.373144,3889.619327,3955.126961,Internal
2024-08-13,USD,ARS,356.118823,351.892591,360.345054,Internal
2024-08-13,MXN,COP,235.947593,233.039564,238.855623,Bloomberg
2024-08-13,MXN,ARS,20.236385,20.019731,20.453039,Reuters
2024-08-13,COP,MXN,0.004262,0.004199,0.004324,Central Bank
2024-08-13,COP,ARS,0.087701,0.086794,0.088608,Reuters
2024-08-13,ARS,MXN,0.048057,0.047517,0.048597,Reuters
2024-08-13,ARS,COP,11.558103,11.399979,11.716226,Bloomberg
2024-08-14,MXN,USD,0.057946,0.057124,0.058768,Reuters
2024-08-14,COP,USD,0.000253,0.000249,0.000257,Bloomberg
2024-08-14,ARS,USD,0.002876,0.002846,0.002906,Reuters
2024-08-14,USD,MXN,17.005006,16.870349,17.139663,Bloomberg
2024-08-14,USD,COP,3967.701963,3923.835144,4011.568782,Central Bank
2024-08-14,USD,ARS,352.061791,349.303154,354.820427,Internal
2024-08-14,MXN,COP,236.48062,234.097995,238.863245,Central Bank
2024-08-14,MXN,ARS,20.749054,20.553722,20.944387,Reuters
2024-08-14,COP,MXN,0.004322,0.00429,0.004354,Internal
2024-08-14,COP,ARS,0.087317,0.086463,0.08817,Bloomberg
2024-08-14,ARS,MXN,0.047651,0.047119,0.048183,Reuters
2024-08-14,ARS,COP,11.373919,11.308179,11.43966,Central Bank
2024-08-15,MXN,USD,0.05934,0.058649,0.06003,Internal
2024-08-15,COP,USD,0.00025,0.000247,0.000253,Internal
2024-08-15,ARS,USD,0.002862,0.002823,0.002901,Internal
2024-08-15,USD,MXN,17.003948,16.796748,17.211148,Bloomberg
2024-08-15,USD,COP,4053.927201,4028.408235,4079.446167,Bloomberg
2024-08-15,USD,ARS,349.9147,345.541591,354.28781,Reuters
2024-08-15,MXN,COP,237.002943,235.816377,238.18951,Bloomberg
2024-08-15,MXN,ARS,20.738397,20.470372,21.006421,Reuters
2024-08-15,COP,MXN,0.004174,0.004142,0.004206,Central Bank
2024-08-15,COP,ARS,0.088072,0.086868,0.089277,Internal
2024-08-15,ARS,MXN,0.04834,0.047799,0.048881,Internal
2024-08-15,ARS,COP,11.460203,11.399391,11.521014,Central Bank
2024-08-16,MXN,USD,0.058042,0.05723,0.058855,Bloomberg
2024-08-16,COP,USD,0.000253,0.000251,0.000255,Reuters
2024-08-16,ARS,USD,0.002831,0.002811,0.00285,Internal
2024-08-16,USD,MXN,16.973266,16.821514,17.125019,Bloomberg
2024-08-16,USD,COP,3976.483189,3924.183425,4028.782953,Reuters
2024-08-16,USD,ARS,345.599644,343.019312,348.179977,Bloomberg
2024-08-16,MXN,COP,237.021417,234.083867,239.958967,Reuters
2024-08-16,MXN,ARS,20.826676,20.549617,21.103735,Bloomberg
2024-08-16,COP,MXN,0.004312,0.004282,0.004342,Central Bank
2024-08-16,COP,ARS,0.086941,0.086363,0.087518,Central Bank
2024-08-16,ARS,MXN,0.04893,0.048237,0.049623,Bloomberg
2024-08-16,ARS,COP,11.443676,11.34779,11.539561,Internal
2024-08-17,MXN,USD,0.058066,0.057227,0.058905,Internal
2024-08-17,COP,USD,0.000247,0.000244,0.000249,Internal
2024-08-17,ARS,USD,0.002908,0.002887,0.002929,Bloomberg
2024-08-17,USD,MXN,16.893461,16.706292,17.08063,Reuters
2024-08-17,USD,COP,3936.355316,3882.803162,3989.90747,Central Bank
2024-08-17,USD,ARS,350.839069,347.712324,353.965815,Reuters
2024-08-17,MXN,COP,230.829734,228.184839,233.474629,Reuters
2024-08-17,MXN,ARS,20.963978,20.660089,21.267867,Reuters
2024-08-17,COP,MXN,0.004168,0.004133,0.004202,Internal
2024-08-17,COP,ARS,0.088456,0.087759,0.089152,Reuters
2024-08-17,ARS,MXN,0.048036,0.047702,0.048369,Central Bank
2024-08-17,ARS,COP,11.601257,11.439551,11.762963,Central Bank
2024-08-18,MXN,USD,0.059827,0.05946,0.060193,Internal
2024-08-18,COP,USD,0.000251,0.000249,0.000253,Bloomberg
2024-08-18,ARS,USD,0.00286,0.002825,0.002894,Bloomberg
2024-08-18,USD,MXN,16.843011,16.752448,16.933574,Reuters
2024-08-18,USD,COP,3953.629739,3921.700997,3985.558481,Reuters
2024-08-18,USD,ARS,347.1111,345.002321,349.219878,Reuters
2024-08-18,MXN,COP,232.492209,230.826179,234.158238,Bloomberg
2024-08-18,MXN,ARS,20.477973,20.194128,20.761818,Internal
2024-08-18,COP,MXN,0.004246,0.004189,0.004303,Central Bank
2024-08-18,COP,ARS,0.086584,0.085782,0.087386,Reuters
2024-08-18,ARS,MXN,0.047689,0.046993,0.048385,Reuters
2024-08-18,ARS,COP,11.635534,11.559939,11.711128,Central Bank
2024-08-19,MXN,USD,0.058314,0.057574,0.059055,Central Bank
2024-08-19,COP,USD,0.000245,0.000243,0.000247,Internal
2024-08-19,ARS,USD,0.002844,0.002814,0.002873,Central Bank
2024-08-19,USD,MXN,17.133334,16.957936,17.308731,Central Bank
2024-08-19,USD,COP,4016.811483,3963.190578,4070.432387,Internal
2024-08-19,USD,ARS,343.094171,340.140177,346.048166,Bloomberg
2024-08-19,MXN,COP,238.538374,236.089102,240.987645,Reuters
2024-08-19,MXN,ARS,20.507689,20.222594,20.792784,Reuters
2024-08-19,COP,MXN,0.00426,0.0042,0.00432,Internal
2024-08-19,COP,ARS,0.087206,0.085937,0.088476,Internal
2024-08-19,ARS,MXN,0.049139,0.048673,0.049606,Internal
2024-08-19,ARS,COP,11.327789,11.173437,11.48214,Bloomberg
2024-08-20,MXN,USD,0.058806,0.058314,0.059299,Reuters
2024-08-20,COP,USD,0.000255,0.000251,0.000258,Reuters
2024-08-20,ARS,USD,0.002862,0.002838,0.002886,Internal
2024-08-20,USD,MXN,17.315884,17.091366,17.540402,Reuters
2024-08-20,USD,COP,4046.017246,3991.736836,4100.297656,Reuters
2024-08-20,USD,ARS,345.488852,343.316083,347.66162,Central Bank
2024-08-20,MXN,COP,239.695383,236.549577,242.841188,Internal
2024-08-20,MXN,ARS,20.987965,20.877695,21.098235,Central Bank
2024-08-20,COP,MXN,0.004315,0.004292,0.004338,Reuters
2024-08-20,COP,ARS,0.087054,0.086419,0.087689,Bloomberg
2024-08-20,ARS,MXN,0.047741,0.04739,0.048093,Central Bank
2024-08-20,ARS,COP,11.5654,11.407129,11.723671,Central Bank
2024-08-21,MXN,USD,0.058137,0.057658,0.058616,Internal
2024-08-21,COP,USD,0.000245,0.000244,0.000247,Internal
2024-08-21,ARS,USD,0.002863,0.002844,0.002883,Central Bank
2024-08-21,USD,MXN,16.853058,16.720869,16.985248,Internal
2024-08-21,USD,COP,3981.732103,3937.138206,4026.326,Internal
2024-08-21,USD,ARS,345.017013,339.969086,350.064941,Bloomberg
2024-08-21,MXN,COP,234.570093,231.288765,237.85142,Internal
2024-08-21,MXN,ARS,20.768885,20.604257,20.933514,Internal
2024-08-21,COP,MXN,0.00419,0.004169,0.004212,Reuters
2024-08-21,COP,ARS,0.088711,0.087394,0.090028,Bloomberg
2024-08-21,ARS,MXN,0.049386,0.048997,0.049775,Central Bank
2024-08-21,ARS,COP,11.440378,11.291037,11.589719,Bloomberg
2024-08-22,MXN,USD,0.059312,0.058536,0.060088,Central Bank
2024-08-22,COP,USD,0.000252,0.000251,0.000254,Central Bank
2024-08-22,ARS,USD,0.002814,0.002783,0.002846,Central Bank
2024-08-22,USD,MXN,17.0863,16.894239,17.278362,Central Bank
2024-08-22,USD,COP,3980.345013,3960.120289,4000.569737,Central Bank
2024-08-22,USD,ARS,350.274268,347.06797,353.480567,Internal
2024-08-22,MXN,COP,232.095537,229.26967,234.921404,Internal
2024-08-22,MXN,ARS,20.460594,20.249336,20.671852,Internal
2024-08-22,COP,MXN,0.004234,0.004183,0.004285,Internal
2024-08-22,COP,ARS,0.086369,0.085781,0.086957,Reuters
2024-08-22,ARS,MXN,0.048533,0.048134,0.048931,Reuters
2024-08-22,ARS,COP,11.456933,11.369215,11.544651,Bloomberg
2024-08-23,MXN,USD,0.058539,0.057741,0.059336,Central Bank
2024-08-23,COP,USD,0.000248,0.000245,0.000251,Internal
2024-08-23,ARS,USD,0.002844,0.002811,0.002877,Bloomberg
2024-08-23,USD,MXN,17.156098,17.002981,17.309216,Bloomberg
2024-08-23,USD,COP,4034.926254,3976.002185,4093.850323,Internal
2024-08-23,USD,ARS,345.457686,342.15108,348.764292,Bloomberg
2024-08-23,MXN,COP,232.454788,229.462603,235.446973,Bloomberg
2024-08-23,MXN,ARS,20.93889,20.696963,21.180817,Bloomberg
2024-08-23,COP,MXN,0.004328,0.004266,0.004389,Reuters
2024-08-23,COP,ARS,0.086386,0.08582,0.086952,Bloomberg
2024-08-23,ARS,MXN,0.04904,0.048362,0.049717,Central Bank
2024-08-23,ARS,COP,11.534997,11.385111,11.684883,Central Bank
2024-08-24,MXN,USD,0.059154,0.058718,0.059589,Bloomberg
2024-08-24,COP,USD,0.000247,0.000246,0.000249,Reuters
2024-08-24,ARS,USD,0.00288,0.002859,0.002902,Bloomberg
2024-08-24,USD,MXN,16.877739,16.63475,17.120727,Reuters
2024-08-24,USD,COP,3986.860063,3947.425902,4026.294225,Internal
2024-08-24,USD,ARS,353.319609,348.434943,358.204275,Bloomberg
2024-08-24,MXN,COP,232.108816,230.035894,234.181737,Bloomberg
2024-08-24,MXN,ARS,20.952152,20.727745,21.176558,Reuters
2024-08-24,COP,MXN,0.004312,0.004266,0.004359,Internal
2024-08-24,COP,ARS,0.087889,0.086813,0.088966,Bloomberg
2024-08-24,ARS,MXN,0.049335,0.048791,0.04988,Internal
2024-08-24,ARS,COP,11.201229,11.081259,11.321199,Internal
2024-08-25,MXN,USD,0.057811,0.05749,0.058133,Bloomberg
2024-08-25,COP,USD,0.000252,0.000249,0.000254,Internal
2024-08-25,ARS,USD,0.002882,0.002862,0.002903,Reuters
2024-08-25,USD,MXN,16.754027,16.510887,16.997168,Bloomberg
2024-08-25,USD,COP,3940.906933,3920.095855,3961.71801,Central Bank
2024-08-25,USD,ARS,344.886028,341.905153,347.866903,Central Bank
2024-08-25,MXN,COP,235.745689,234.158493,237.332886,Central Bank
2024-08-25,MXN,ARS,20.394962,20.179957,20.609968,Internal
2024-08-25,COP,MXN,0.004253,0.00421,0.004296,Internal
2024-08-25,COP,ARS,0.086973,0.086355,0.087591,Reuters
2024-08-25,ARS,MXN,0.048897,0.048477,0.049316,Bloomberg
2024-08-25,ARS,COP,11.491395,11.388622,11.594168,Central Bank
2024-08-26,MXN,USD,0.059526,0.05868,0.060373,Central Bank
2024-08-26,COP,USD,0.000247,0.000245,0.000249,Reuters
2024-08-26,ARS,USD,0.002827,0.002802,0.002852,Central Bank
2024-08-26,USD,MXN,17.213977,16.980696,17.447259,Reuters
2024-08-26,USD,COP,3937.516934,3915.214506,3959.819362,Bloomberg
2024-08-26,USD,ARS,356.357319,351.468073,361.246565,Central Bank
2024-08-26,MXN,COP,230.803205,229.304796,232.301615,Bloomberg
2024-08-26,MXN,ARS,20.818182,20.562167,21.074197,Reuters
2024-08-26,COP,MXN,0.004278,0.004253,0.004303,Bloomberg
2024-08-26,COP,ARS,0.087423,0.086414,0.088432,Bloomberg
2024-08-26,ARS,MXN,0.04771,0.047079,0.048341,Central Bank
2024-08-26,ARS,COP,11.463565,11.292508,11.634622,Central Bank
2024-08-27,MXN,USD,0.058142,0.057506,0.058778,Central Bank
2024-08-27,COP,USD,0.000251,0.00025,0.000253,Internal
2024-08-27,ARS,USD,0.002806,0.002787,0.002824,Bloomberg
2024-08-27,USD,MXN,16.738581,16.62854,16.848621,Internal
2024-08-27,USD,COP,3985.617842,3935.691607,4035.544077,Bloomberg
2024-08-27,USD,ARS,343.749048,339.947743,347.550354,Central Bank
2024-08-27,MXN,COP,231.679378,229.634617,233.724138,Central Bank
2024-08-27,MXN,ARS,20.28312,20.145051,20.421188,Central Bank
2024-08-27,COP,MXN,0.00427,0.004247,0.004293,Bloomberg
2024-08-27,COP,ARS,0.08828,0.087255,0.089306,Internal
2024-08-27,ARS,MXN,0.049412,0.049067,0.049756,Bloomberg
2024-08-27,ARS,COP,11.216925,11.096692,11.337157,Internal
2024-08-28,MXN,USD,0.058542,0.058127,0.058957,Central Bank
2024-08-28,COP,USD,0.000252,0.000249,0.000254,Reuters
2024-08-28,ARS,USD,0.002889,0.002871,0.002906,Reuters
2024-08-28,USD,MXN,16.779773,16.680756,16.878791,Central Bank
2024-08-28,USD,COP,4046.37392,3998.503628,4094.244211,Bloomberg
2024-08-28,USD,ARS,355.907006,351.067226,360.746785,Reuters
2024-08-28,MXN,COP,239.830436,238.271231,241.389641,Reuters
2024-08-28,MXN,ARS,20.485769,20.379834,20.591704,Bloomberg
2024-08-28,COP,MXN,0.004284,0.004247,0.004321,Reuters
2024-08-28,COP,ARS,0.088276,0.087093,0.089458,Central Bank
2024-08-28,ARS,MXN,0.049175,0.048567,0.049782,Central Bank
2024-08-28,ARS,COP,11.568166,11.485497,11.650834,Reuters
2024-08-29,MXN,USD,0.057949,0.057256,0.058641,Internal
2024-08-29,COP,USD,0.000253,0.00025,0.000256,Bloomberg
2024-08-29,ARS,USD,0.002911,0.002893,0.002929,Reuters
2024-08-29,USD,MXN,16.789714,16.548754,17.030675,Reuters
2024-08-29,USD,COP,4006.342292,3970.791263,4041.893322,Bloomberg
2024-08-29,USD,ARS,345.968177,344.144778,347.791575,Central Bank
2024-08-29,MXN,COP,238.946845,235.891859,242.001831,Central Bank
2024-08-29,MXN,ARS,20.292461,20.093219,20.491703,Central Bank
2024-08-29,COP,MXN,0.004237,0.0042,0.004273,Bloomberg
2024-08-29,COP,ARS,0.087428,0.086503,0.088352,Reuters
2024-08-29,ARS,MXN,0.047717,0.047193,0.048242,Central Bank
2024-08-29,ARS,COP,11.402567,11.263279,11.541854,Central Bank
2024-08-30,MXN,USD,0.058662,0.057863,0.059461,Central Bank
2024-08-30,COP,USD,0.000249,0.000248,0.000251,Reuters
2024-08-30,ARS,USD,0.002861,0.002819,0.002902,Central Bank
2024-08-30,USD,MXN,16.892825,16.764261,17.02139,Bloomberg
2024-08-30,USD,COP,4052.442822,4004.443716,4100.441928,Central Bank
2024-08-30,USD,ARS,346.105717,341.916689,350.294744,Reuters
2024-08-30,MXN,COP,230.893016,229.603138,232.182895,Central Bank
2024-08-30,MXN,ARS,20.683878,20.392653,20.975103,Internal
2024-08-30,COP,MXN,0.004328,0.004282,0.004374,Internal
2024-08-30,COP,ARS,0.08704,0.085827,0.088252,Reuters
2024-08-30,ARS,MXN,0.04881,0.048385,0.049235,Reuters
2024-08-30,ARS,COP,11.370043,11.264851,11.475236,Bloomberg
2024-08-31,MXN,USD,0.059872,0.059423,0.060322,Central Bank
2024-08-31,COP,USD,0.000246,0.000243,0.00025,Internal
2024-08-31,ARS,USD,0.00285,0.002832,0.002867,Central Bank
2024-08-31,USD,MXN,17.183027,16.960118,17.405935,Central Bank
2024-08-31,USD,COP,3926.196863,3905.519727,3946.873998,Internal
2024-08-31,USD,ARS,350.753807,348.647961,352.859653,Internal
2024-08-31,MXN,COP,233.187482,229.822098,236.552866,Internal
2024-08-31,MXN,ARS,20.309779,20.103375,20.516183,Central Bank
2024-08-31,COP,MXN,0.004253,0.004197,0.004309,Reuters
2024-08-31,COP,ARS,0.087317,0.086751,0.087883,Central Bank
2024-08-31,ARS,MXN,0.049287,0.048987,0.049587,Reuters
2024-08-31,ARS,COP,11.521967,11.410958,11.632976,Bloomberg
2024-09-01,MXN,USD,0.058843,0.058309,0.059378,Central Bank
2024-09-01,COP,USD,0.000247,0.000245,0.00025,Bloomberg
2024-09-01,ARS,USD,0.002838,0.002796,0.00288,Reuters
2024-09-01,USD,MXN,16.905562,16.731318,17.079807,Reuters
2024-09-01,USD,COP,3998.7253,3970.754435,4026.696165,Internal
2024-09-01,USD,ARS,345.449729,341.29029,349.609167,Central Bank
2024-09-01,MXN,COP,230.752279,228.594523,232.910034,Reuters
2024-09-01,MXN,ARS,20.614334,20.402394,20.826275,Reuters
2024-09-01,COP,MXN,0.004241,0.00419,0.004292,Reuters
2024-09-01,COP,ARS,0.087487,0.08687,0.088103,Central Bank
2024-09-01,ARS,MXN,0.048248,0.047525,0.048972,Bloomberg
2024-09-01,ARS,COP,11.477469,11.402109,11.552828,Internal
2024-09-02,MXN,USD,0.059816,0.059016,0.060617,Internal
2024-09-02,COP,USD,0.000249,0.000248,0.000251,Reuters
2024-09-02,ARS,USD,0.002867,0.002837,0.002896,Bloomberg
2024-09-02,USD,MXN,17.135645,16.968571,17.302718,Central Bank
2024-09-02,USD,COP,3929.212942,3899.114999,3959.310885,Internal
2024-09-02,USD,ARS,348.95789,346.129232,351.786547,Reuters
2024-09-02,MXN,COP,236.487884,235.24648,237.729288,Central Bank
2024-09-02,MXN,ARS,20.831262,20.716569,20.945954,Internal
2024-09-02,COP,MXN,0.004278,0.004252,0.004305,Reuters
2024-09-02,COP,ARS,0.085881,0.084808,0.086953,Reuters
2024-09-02,ARS,MXN,0.048738,0.048229,0.049246,Central Bank
2024-09-02,ARS,COP,11.575107,11.452073,11.698142,Reuters
2024-09-03,MXN,USD,0.058998,0.058517,0.059479,Central Bank
2024-09-03,COP,USD,0.000248,0.000246,0.00025,Reuters
2024-09-03,ARS,USD,0.00287,0.002841,0.002899,Reuters
2024-09-03,USD,MXN,17.099677,16.911934,17.28742,Internal
2024-09-03,USD,COP,4068.681764,4032.267054,4105.096475,Internal
2024-09-03,USD,ARS,351.944342,347.903927,355.984758,Bloomberg
2024-09-03,MXN,COP,234.948214,232.74201,237.154419,Central Bank
2024-09-03,MXN,ARS,20.846548,20.662635,21.030461,Reuters
2024-09-03,COP,MXN,0.004182,0.004123,0.004241,Central Bank
2024-09-03,COP,ARS,0.08627,0.08542,0.087119,Central Bank
2024-09-03,ARS,MXN,0.048542,0.048022,0.049062,Bloomberg
2024-09-03,ARS,COP,11.306651,11.230422,11.38288,Reuters
2024-09-04,MXN,USD,0.058675,0.058258,0.059092,Reuters
2024-09-04,COP,USD,0.000251,0.000247,0.000254,Internal
2024-09-04,ARS,USD,0.002892,0.002876,0.002909,Reuters
2024-09-04,USD,MXN,16.772297,16.616183,16.928411,Bloomberg
2024-09-04,USD,COP,3924.209112,3886.251475,3962.16675,Internal
2024-09-04,USD,ARS,354.477392,350.788876,358.165908,Bloomberg
2024-09-04,MXN,COP,231.582976,229.473853,233.692099,Bloomberg
2024-09-04,MXN,ARS,20.720623,20.480416,20.960829,Reuters
2024-09-04,COP,MXN,0.004181,0.004121,0.004241,Central Bank
2024-09-04,COP,ARS,0.086573,0.085548,0.087599,Internal
2024-09-04,ARS,MXN,0.04935,0.048661,0.05004,Central Bank
2024-09-04,ARS,COP,11.646177,11.475849,11.816504,Reuters
2024-09-05,MXN,USD,0.05983,0.059227,0.060433,Central Bank
2024-09-05,COP,USD,0.000255,0.000251,0.000258,Reuters
2024-09-05,ARS,USD,0.002835,0.002817,0.002853,Central Bank
2024-09-05,USD,MXN,16.966878,16.732705,17.201051,Reuters
2024-09-05,USD,COP,4003.511407,3953.970132,4053.052681,Bloomberg
2024-09-05,USD,ARS,350.995227,347.694631,354.295823,Reuters
2024-09-05,MXN,COP,234.707462,233.506854,235.908071,Bloomberg
2024-09-05,MXN,ARS,20.227294,20.120961,20.333628,Central Bank
2024-09-05,COP,MXN,0.004236,0.004201,0.004271,Central Bank
2024-09-05,COP,ARS,0.088651,0.088048,0.089254,Bloomberg
2024-09-05,ARS,MXN,0.048339,0.048056,0.048622,Internal
2024-09-05,ARS,COP,11.24183,11.112779,11.370881,Central Bank
2024-09-06,MXN,USD,0.059845,0.05924,0.06045,Internal
2024-09-06,COP,USD,0.000252,0.000249,0.000254,Bloomberg
2024-09-06,ARS,USD,0.002869,0.002842,0.002895,Bloomberg
2024-09-06,USD,MXN,16.975084,16.76253,17.187639,Internal
2024-09-06,USD,COP,4026.333348,4004.187493,4048.479203,Central Bank
2024-09-06,USD,ARS,351.243784,348.682032,353.805535,Central Bank
2024-09-06,MXN,COP,233.022602,230.015513,236.029691,Internal
2024-09-06,MXN,ARS,20.269112,20.081187,20.457037,Internal
2024-09-06,COP,MXN,0.004318,0.004269,0.004367,Bloomberg
2024-09-06,COP,ARS,0.087456,0.086429,0.088483,Bloomberg
2024-09-06,ARS,MXN,0.048248,0.047824,0.048671,Central Bank
2024-09-06,ARS,COP,11.556128,11.445162,11.667095,Internal
2024-09-07,MXN,USD,0.058075,0.057413,0.058737,Internal
2024-09-07,COP,USD,0.000252,0.00025,0.000254,Internal
2024-09-07,ARS,USD,0.002844,0.002823,0.002865,Reuters
2024-09-07,USD,MXN,17.296178,17.135444,17.456913,Reuters
2024-09-07,USD,COP,3992.489563,3960.05483,4024.924295,Central Bank
2024-09-07,USD,ARS,349.21525,346.935052,351.495448,Reuters
2024-09-07,MXN,COP,231.550209,230.06287,233.037548,Reuters
2024-09-07,MXN,ARS,20.654116,20.500623,20.807608,Internal
2024-09-07,COP,MXN,0.004212,0.004168,0.004256,Central Bank
2024-09-07,COP,ARS,0.087509,0.086569,0.088449,Bloomberg
2024-09-07,ARS,MXN,0.048117,0.047684,0.04855,Bloomberg
2024-09-07,ARS,COP,11.480722,11.32225,11.639195,Bloomberg
2024-09-08,MXN,USD,0.059965,0.059428,0.060502,Bloomberg
2024-09-08,COP,USD,0.000255,0.000252,0.000258,Internal
2024-09-08,ARS,USD,0.002869,0.002852,0.002885,Central Bank
2024-09-08,USD,MXN,17.083803,16.987551,17.180054,Reuters
2024-09-08,USD,COP,3931.816488,3872.889929,3990.743046,Central Bank
2024-09-08,USD,ARS,351.210971,346.797343,355.624599,Bloomberg
2024-09-08,MXN,COP,233.955267,231.017979,236.892554,Bloomberg
2024-09-08,MXN,ARS,20.99883,20.710488,21.287172,Internal
2024-09-08,COP,MXN,0.004183,0.004154,0.004213,Internal
2024-09-08,COP,ARS,0.088881,0.088132,0.089629,Bloomberg
2024-09-08,ARS,MXN,0.047685,0.047325,0.048045,Central Bank
2024-09-08,ARS,COP,11.383135,11.237459,11.528812,Central Bank
2024-09-09,MXN,USD,0.059788,0.059274,0.060303,Reuters
2024-09-09,COP,USD,0.000253,0.00025,0.000255,Reuters
2024-09-09,ARS,USD,0.002814,0.002797,0.002831,Reuters
2024-09-09,USD,MXN,17.102194,16.867374,17.337015,Reuters
2024-09-09,USD,COP,3963.776015,3912.734552,4014.817478,Internal
2024-09-09,USD,ARS,348.628906,346.6655,350.592313,Internal
2024-09-09,MXN,COP,239.026595,235.605269,242.447921,Central Bank
2024-09-09,MXN,ARS,20.812565,20.682116,20.943013,Reuters
2024-09-09,COP,MXN,0.004266,0.00422,0.004312,Central Bank
2024-09-09,COP,ARS,0.087663,0.086387,0.08894,Central Bank
2024-09-09,ARS,MXN,0.049283,0.048809,0.049757,Bloomberg
2024-09-09,ARS,COP,11.244296,11.179122,11.30947,Reuters
2024-09-10,MXN,USD,0.05862,0.05783,0.059411,Central Bank
2024-09-10,COP,USD,0.000253,0.000249,0.000256,Bloomberg
2024-09-10,ARS,USD,0.002905,0.002872,0.002938,Reuters
2024-09-10,USD,MXN,17.031222,16.841074,17.22137,Bloomberg
2024-09-10,USD,COP,4031.820919,3988.205907,4075.435932,Internal
2024-09-10,USD,ARS,347.362621,343.865641,350.859601,Reuters
2024-09-10,MXN,COP,237.070015,233.829903,240.310128,Reuters
2024-09-10,MXN,ARS,20.456705,20.300985,20.612426,Reuters
2024-09-10,COP,MXN,0.004302,0.004278,0.004325,Central Bank
2024-09-10,COP,ARS,0.087898,0.086823,0.088972,Bloomberg
2024-09-10,ARS,MXN,0.047714,0.047147,0.04828,Internal
2024-09-10,ARS,COP,11.654713,11.567722,11.741703,Internal
2024-09-11,MXN,USD,0.059739,0.059414,0.060064,Central Bank
2024-09-11,COP,USD,0.000246,0.000244,0.000247,Central Bank
2024-09-11,ARS,USD,0.002826,0.002795,0.002857,Internal
2024-09-11,USD,MXN,16.800856,16.664032,16.93768,Internal
2024-09-11,USD,COP,4076.138277,4029.35976,4122.916793,Central Bank
2024-09-11,USD,ARS,350.205349,347.54412,352.866578,Reuters
2024-09-11,MXN,COP,236.23053,234.154104,238.306956,Central Bank
2024-09-11,MXN,ARS,20.216948,19.995751,20.438146,Reuters
2024-09-11,COP,MXN,0.004302,0.004268,0.004337,Reuters
2024-09-11,COP,ARS,0.086376,0.085691,0.087061,Internal
2024-09-11,ARS,MXN,0.04954,0.048954,0.050126,Reuters
2024-09-11,ARS,COP,11.559094,11.415696,11.702491,Internal
2024-09-12,MXN,USD,0.058662,0.058128,0.059196,Reuters
2024-09-12,COP,USD,0.000253,0.000251,0.000255,Central Bank
2024-09-12,ARS,USD,0.002894,0.002852,0.002935,Reuters
2024-09-12,USD,MXN,16.948042,16.801579,17.094505,Internal
2024-09-12,USD,COP,3974.386678,3919.04479,4029.728567,Internal
2024-09-12,USD,ARS,353.955236,351.093432,356.81704,Reuters
2024-09-12,MXN,COP,239.668309,238.009115,241.327503,Central Bank
2024-09-12,MXN,ARS,20.526595,20.374182,20.679009,Reuters
2024-09-12,COP,MXN,0.004209,0.004171,0.004247,Internal
2024-09-12,COP,ARS,0.088491,0.087293,0.08969,Bloomberg
2024-09-12,ARS,MXN,0.049097,0.048686,0.049508,Reuters
2024-09-12,ARS,COP,11.224774,11.124145,11.325403,Reuters
2024-09-13,MXN,USD,0.059067,0.058567,0.059568,Central Bank
2024-09-13,COP,USD,0.000245,0.000242,0.000249,Internal
2024-09-13,ARS,USD,0.002818,0.002799,0.002838,Bloomberg
2024-09-13,USD,MXN,16.763466,16.649299,16.877633,Internal
2024-09-13,USD,COP,3988.509117,3933.413679,4043.604556,Internal
2024-09-13,USD,ARS,347.348628,345.145268,349.551987,Reuters
2024-09-13,MXN,COP,236.360218,234.256273,238.464163,Central Bank
2024-09-13,MXN,ARS,20.241583,20.08351,20.399656,Central Bank
2024-09-13,COP,MXN,0.004181,0.004122,0.00424,Reuters
2024-09-13,COP,ARS,0.087617,0.086726,0.088508,Internal
2024-09-13,ARS,MXN,0.04953,0.049279,0.049781,Central Bank
2024-09-13,ARS,COP,11.24953,11.127044,11.372016,Internal
2024-09-14,MXN,USD,0.058779,0.058195,0.059364,Bloomberg
2024-09-14,COP,USD,0.000247,0.000246,0.000248,Reuters
2024-09-14,ARS,USD,0.002851,0.002814,0.002887,Central Bank
2024-09-14,USD,MXN,17.29307,17.159361,17.42678,Bloomberg
2024-09-14,USD,COP,4079.074564,4042.014185,4116.134942,Reuters
2024-09-14,USD,ARS,354.938385,350.897078,358.979692,Internal
2024-09-14,MXN,COP,231.304844,228.458761,234.150927,Bloomberg
2024-09-14,MXN,ARS,20.220506,20.012485,20.428527,Bloomberg
2024-09-14,COP,MXN,0.00429,0.004231,0.004349,Reuters
2024-09-14,COP,ARS,0.086548,0.085816,0.08728,Internal
2024-09-14,ARS,MXN,0.049283,0.048775,0.049792,Internal
2024-09-14,ARS,COP,11.453306,11.284519,11.622094,Bloomberg
2024-09-15,MXN,USD,0.058514,0.058067,0.058962,Bloomberg
2024-09-15,COP,USD,0.000248,0.000247,0.00025,Bloomberg
2024-09-15,ARS,USD,0.002858,0.002818,0.002897,Reuters
2024-09-15,USD,MXN,17.201903,16.947324,17.456482,Reuters
2024-09-15,USD,COP,3927.543852,3881.362981,3973.724723,Internal
2024-09-15,USD,ARS,346.562506,342.567259,350.557752,Reuters
2024-09-15,MXN,COP,236.726654,234.741609,238.7117,Bloomberg
2024-09-15,MXN,ARS,20.892834,20.611719,21.17395,Central Bank
2024-09-15,COP,MXN,0.004184,0.004124,0.004244,Bloomberg
2024-09-15,COP,ARS,0.089021,0.0877,0.090343,Reuters
2024-09-15,ARS,MXN,0.049096,0.048548,0.049643,Internal
2024-09-15,ARS,COP,11.51185,11.382826,11.640874,Central Bank
2024-09-16,MXN,USD,0.058708,0.057885,0.05953,Internal
2024-09-16,COP,USD,0.000253,0.000251,0.000255,Reuters
2024-09-16,ARS,USD,0.002874,0.00284,0.002908,Bloomberg
2024-09-16,USD,MXN,16.992714,16.902533,17.082895,Internal
2024-09-16,USD,COP,4029.613279,3976.436579,4082.78998,Internal
2024-09-16,USD,ARS,347.950823,346.167173,349.734473,Central Bank
2024-09-16,MXN,COP,238.128905,236.778067,239.479742,Internal
2024-09-16,MXN,ARS,20.968966,20.690771,21.247162,Reuters
2024-09-16,COP,MXN,0.004221,0.004173,0.004269,Central Bank
2024-09-16,COP,ARS,0.087103,0.085802,0.088405,Bloomberg
2024-09-16,ARS,MXN,0.048231,0.047727,0.048736,Bloomberg
2024-09-16,ARS,COP,11.32195,11.164145,11.479755,Reuters
2024-09-17,MXN,USD,0.059642,0.058818,0.060466,Central Bank
2024-09-17,COP,USD,0.000245,0.000242,0.000249,Central Bank
2024-09-17,ARS,USD,0.002859,0.002824,0.002894,Internal
2024-09-17,USD,MXN,16.959568,16.789098,17.130038,Central Bank
2024-09-17,USD,COP,4054.809627,4020.532684,4089.08657,Bloomberg
2024-09-17,USD,ARS,346.903958,344.286938,349.520978,Reuters
2024-09-17,MXN,COP,233.05085,230.889309,235.21239,Bloomberg
2024-09-17,MXN,ARS,20.851311,20.56377,21.138852,Central Bank
2024-09-17,COP,MXN,0.004246,0.004198,0.004293,Internal
2024-09-17,COP,ARS,0.088216,0.087288,0.089144,Central Bank
2024-09-17,ARS,MXN,0.048847,0.048285,0.049409,Reuters
2024-09-17,ARS,COP,11.310136,11.186205,11.434068,Bloomberg
2024-09-18,MXN,USD,0.05891,0.058049,0.05977,Reuters
2024-09-18,COP,USD,0.000254,0.000251,0.000257,Internal
2024-09-18,ARS,USD,0.002913,0.002883,0.002943,Bloomberg
2024-09-18,USD,MXN,17.261663,17.043418,17.479909,Central Bank
2024-09-18,USD,COP,3968.972008,3910.02151,4027.922507,Internal
2024-09-18,USD,ARS,351.102852,348.880916,353.324789,Internal
2024-09-18,MXN,COP,231.573215,228.470723,234.675707,Bloomberg
2024-09-18,MXN,ARS,20.385477,20.236143,20.534811,Central Bank
2024-09-18,COP,MXN,0.004312,0.004247,0.004376,Internal
2024-09-18,COP,ARS,0.088237,0.087641,0.088832,Bloomberg
2024-09-18,ARS,MXN,0.049357,0.0487,0.050015,Bloomberg
2024-09-18,ARS,COP,11.470808,11.394787,11.546829,Bloomberg
2024-09-19,MXN,USD,0.058208,0.057455,0.05896,Bloomberg
2024-09-19,COP,USD,0.000255,0.000251,0.000259,Internal
2024-09-19,ARS,USD,0.002803,0.002764,0.002843,Bloomberg
2024-09-19,USD,MXN,17.301717,17.11718,17.486254,Bloomberg
2024-09-19,USD,COP,4002.732977,3962.117888,4043.348065,Central Bank
2024-09-19,USD,ARS,352.96367,349.232682,356.694657,Bloomberg
2024-09-19,MXN,COP,232.167372,230.725318,233.609425,Central Bank
2024-09-19,MXN,ARS,20.188744,20.041362,20.336125,Central Bank
2024-09-19,COP,MXN,0.004168,0.004118,0.004217,Internal
2024-09-19,COP,ARS,0.087365,0.086596,0.088133,Central Bank
2024-09-19,ARS,MXN,0.049368,0.04887,0.049866,Internal
2024-09-19,ARS,COP,11.526796,11.455133,11.598458,Central Bank
2024-09-20,MXN,USD,0.059571,0.059161,0.059982,Internal
2024-09-20,COP,USD,0.000253,0.000251,0.000255,Bloomberg
2024-09-20,ARS,USD,0.002903,0.00288,0.002926,Reuters
2024-09-20,USD,MXN,17.101915,16.906756,17.297075,Central Bank
2024-09-20,USD,COP,4014.341221,3963.956536,4064.725907,Internal
2024-09-20,USD,ARS,346.86909,342.418627,351.319554,Bloomberg
2024-09-20,MXN,COP,232.423411,230.542338,234.304483,Reuters
2024-09-20,MXN,ARS,20.861694,20.592557,21.130832,Central Bank
2024-09-20,COP,MXN,0.004166,0.004114,0.004217,Central Bank
2024-09-20,COP,ARS,0.08735,0.086256,0.088443,Bloomberg
2024-09-20,ARS,MXN,0.047607,0.04698,0.048234,Reuters
2024-09-20,ARS,COP,11.631295,11.462351,11.800239,Internal
2024-09-21,MXN,USD,0.058677,0.058339,0.059014,Central Bank
2024-09-21,COP,USD,0.000254,0.000253,0.000255,Internal
2024-09-21,ARS,USD,0.002911,0.002877,0.002945,Internal
2024-09-21,USD,MXN,16.842697,16.74605,16.939345,Internal
2024-09-21,USD,COP,4066.58238,4034.086693,4099.078066,Central Bank
2024-09-21,USD,ARS,352.925423,348.67592,357.174926,Bloomberg
2024-09-21,MXN,COP,239.875591,238.67241,241.078773,Internal
2024-09-21,MXN,ARS,20.622538,20.498685,20.746392,Reuters
2024-09-21,COP,MXN,0.004296,0.004255,0.004338,Central Bank
2024-09-21,COP,ARS,0.087035,0.086111,0.08796,Bloomberg
2024-09-21,ARS,MXN,0.048435,0.047928,0.048943,Reuters
2024-09-21,ARS,COP,11.453239,11.352689,11.55379,Internal
2024-09-22,MXN,USD,0.058022,0.05738,0.058664,Central Bank
2024-09-22,COP,USD,0.00025,0.000248,0.000253,Central Bank
2024-09-22,ARS,USD,0.002854,0.002811,0.002897,Internal
2024-09-22,USD,MXN,17.191481,17.093034,17.289927,Central Bank
2024-09-22,USD,COP,3979.35932,3935.930108,4022.788532,Bloomberg
2024-09-22,USD,ARS,348.082299,343.404445,352.760152,Internal
2024-09-22,MXN,COP,239.028632,237.777619,240.279645,Bloomberg
2024-09-22,MXN,ARS,20.280651,19.987946,20.573355,Bloomberg
2024-09-22,COP,MXN,0.004238,0.004187,0.004289,Reuters
2024-09-22,COP,ARS,0.087341,0.086063,0.088619,Bloomberg
2024-09-22,ARS,MXN,0.048339,0.047951,0.048727,Central Bank
2024-09-22,ARS,COP,11.452935,11.395001,11.510869,Reuters
2024-09-23,MXN,USD,0.059846,0.058984,0.060708,Internal
2024-09-23,COP,USD,0.000249,0.000246,0.000251,Central Bank
2024-09-23,ARS,USD,0.002853,0.002825,0.00288,Central Bank
2024-09-23,USD,MXN,17.116256,17.007059,17.225452,Reuters
2024-09-23,USD,COP,3981.615451,3954.346234,4008.884668,Central Bank
2024-09-23,USD,ARS,344.352008,340.312847,348.391168,Bloomberg
2024-09-23,MXN,COP,233.226644,230.641206,235.812081,Internal
2024-09-23,MXN,ARS,20.95056,20.754516,21.146603,Bloomberg
2024-09-23,COP,MXN,0.004193,0.004146,0.004239,Internal
2024-09-23,COP,ARS,0.08692,0.085975,0.087865,Internal
2024-09-23,ARS,MXN,0.047704,0.047128,0.04828,Reuters
2024-09-23,ARS,COP,11.529603,11.429706,11.6295,Bloomberg
2024-09-24,MXN,USD,0.057895,0.057285,0.058505,Reuters
2024-09-24,COP,USD,0.000249,0.000245,0.000252,Central Bank
2024-09-24,ARS,USD,0.002836,0.0028,0.002873,Bloomberg
2024-09-24,USD,MXN,16.661963,16.48235,16.841575,Bloomberg
2024-09-24,USD,COP,4055.130254,4019.965427,4090.295081,Central Bank
2024-09-24,USD,ARS,352.944293,351.115823,354.772762,Central Bank
2024-09-24,MXN,COP,231.184653,229.105613,233.263692,Reuters
2024-09-24,MXN,ARS,20.514125,20.216539,20.811711,Internal
2024-09-24,COP,MXN,0.004194,0.004139,0.00425,Reuters
2024-09-24,COP,ARS,0.088717,0.087856,0.089577,Bloomberg
2024-09-24,ARS,MXN,0.048577,0.047888,0.049267,Reuters
2024-09-24,ARS,COP,11.60568,11.444885,11.766474,Reuters
2024-09-25,MXN,USD,0.057659,0.057319,0.057999,Bloomberg
2024-09-25,COP,USD,0.000247,0.000245,0.000248,Internal
2024-09-25,ARS,USD,0.002827,0.002809,0.002845,Internal
2024-09-25,USD,MXN,16.709292,16.468411,16.950173,Reuters
2024-09-25,USD,COP,3920.999519,3898.810148,3943.18889,Reuters
2024-09-25,USD,ARS,356.201596,352.135625,360.267567,Central Bank
2024-09-25,MXN,COP,231.4491,228.962501,233.935698,Central Bank
2024-09-25,MXN,ARS,20.679168,20.401273,20.957063,Central Bank
2024-09-25,COP,MXN,0.004332,0.004282,0.004382,Reuters
2024-09-25,COP,ARS,0.086401,0.085899,0.086903,Central Bank
2024-09-25,ARS,MXN,0.049045,0.048688,0.049402,Internal
2024-09-25,ARS,COP,11.224338,11.104293,11.344384,Bloomberg
2024-09-26,MXN,USD,0.05775,0.057194,0.058306,Internal
2024-09-26,COP,USD,0.000251,0.000248,0.000254,Central Bank
2024-09-26,ARS,USD,0.002909,0.002887,0.002931,Central Bank
2024-09-26,USD,MXN,17.256534,17.071199,17.44187,Reuters
2024-09-26,USD,COP,4009.883901,3976.712986,4043.054815,Reuters
2024-09-26,USD,ARS,346.178047,342.211332,350.144762,Internal
2024-09-26,MXN,COP,234.477218,232.002702,236.951733,Bloomberg
2024-09-26,MXN,ARS,20.888992,20.698458,21.079526,Bloomberg
2024-09-26,COP,MXN,0.004266,0.004233,0.004299,Internal
2024-09-26,COP,ARS,0.088431,0.087623,0.089239,Central Bank
2024-09-26,ARS,MXN,0.049464,0.048824,0.050103,Bloomberg
2024-09-26,ARS,COP,11.646813,11.565031,11.728595,Reuters
2024-09-27,MXN,USD,0.059555,0.059208,0.059902,Central Bank
2024-09-27,COP,USD,0.000245,0.000243,0.000247,Bloomberg
2024-09-27,ARS,USD,0.00284,0.00281,0.00287,Internal
2024-09-27,USD,MXN,16.81081,16.695962,16.925657,Internal
2024-09-27,USD,COP,4062.784298,4033.803005,4091.765591,Reuters
2024-09-27,USD,ARS,349.129906,345.554753,352.705058,Bloomberg
2024-09-27,MXN,COP,233.763719,230.448023,237.079414,Internal
2024-09-27,MXN,ARS,20.612892,20.426215,20.799568,Reuters
2024-09-27,COP,MXN,0.004331,0.004291,0.004372,Internal
2024-09-27,COP,ARS,0.087317,0.086367,0.088268,Bloomberg
2024-09-27,ARS,MXN,0.049523,0.048782,0.050264,Reuters
2024-09-27,ARS,COP,11.625577,11.508928,11.742225,Reuters
2024-09-28,MXN,USD,0.059924,0.059434,0.060414,Bloomberg
2024-09-28,COP,USD,0.000249,0.000245,0.000253,Reuters
2024-09-28,ARS,USD,0.002846,0.002828,0.002865,Central Bank
2024-09-28,USD,MXN,16.884977,16.791591,16.978363,Internal
2024-09-28,USD,COP,4068.321917,4019.311335,4117.3325,Internal
2024-09-28,USD,ARS,348.041485,344.143857,351.939113,Reuters
2024-09-28,MXN,COP,231.341756,227.962036,234.721477,Bloomberg
2024-09-28,MXN,ARS,20.346109,20.207192,20.485027,Central Bank
2024-09-28,COP,MXN,0.004266,0.004222,0.00431,Reuters
2024-09-28,COP,ARS,0.088908,0.088175,0.089641,Central Bank
2024-09-28,ARS,MXN,0.048559,0.047976,0.049141,Central Bank
2024-09-28,ARS,COP,11.504495,11.377935,11.631054,Bloomberg
2024-09-29,MXN,USD,0.057882,0.057544,0.058219,Central Bank
2024-09-29,COP,USD,0.00025,0.000247,0.000252,Internal
2024-09-29,ARS,USD,0.002811,0.002769,0.002853,Central Bank
2024-09-29,USD,MXN,16.75678,16.538031,16.97553,Internal
2024-09-29,USD,COP,4029.116346,4006.79571,4051.436982,Bloomberg
2024-09-29,USD,ARS,345.354661,343.545718,347.163605,Reuters
2024-09-29,MXN,COP,239.241198,237.291078,241.191317,Reuters
2024-09-29,MXN,ARS,20.751815,20.630799,20.872831,Bloomberg
2024-09-29,COP,MXN,0.004335,0.004274,0.004395,Bloomberg
2024-09-29,COP,ARS,0.086388,0.085177,0.087598,Reuters
2024-09-29,ARS,MXN,0.049294,0.049018,0.04957,Bloomberg
2024-09-29,ARS,COP,11.593112,11.447091,11.739132,Central Bank
2024-09-30,MXN,USD,0.057833,0.057479,0.058186,Bloomberg
2024-09-30,COP,USD,0.000254,0.00025,0.000257,Reuters
2024-09-30,ARS,USD,0.00291,0.002877,0.002944,Reuters
2024-09-30,USD,MXN,16.959305,16.72347,17.195141,Reuters
2024-09-30,USD,COP,3925.118499,3894.40368,3955.833319,Internal
2024-09-30,USD,ARS,344.398503,341.151024,347.645982,Bloomberg
2024-09-30,MXN,COP,238.536704,236.237936,240.835472,Central Bank
2024-09-30,MXN,ARS,20.942971,20.689918,21.196024,Reuters
2024-09-30,COP,MXN,0.004274,0.004214,0.004335,Central Bank
2024-09-30,COP,ARS,0.085919,0.084645,0.087192,Reuters
2024-09-30,ARS,MXN,0.04946,0.048905,0.050015,Reuters
2024-09-30,ARS,COP,11.553308,11.494131,11.612485,Central Bank
2024-10-01,MXN,USD,0.057654,0.057165,0.058143,Central Bank
2024-10-01,COP,USD,0.000254,0.000251,0.000256,Reuters
2024-10-01,ARS,USD,0.002807,0.002778,0.002837,Central Bank
2024-10-01,USD,MXN,17.30968,17.051682,17.567678,Reuters
2024-10-01,USD,COP,4060.88002,4015.536256,4106.223785,Bloomberg
2024-10-01,USD,ARS,356.437821,353.375399,359.500243,Bloomberg
2024-10-01,MXN,COP,239.146377,236.310042,241.982712,Reuters
2024-10-01,MXN,ARS,20.297124,20.122296,20.471953,Central Bank
2024-10-01,COP,MXN,0.004171,0.004133,0.004209,Internal
2024-10-01,COP,ARS,0.087743,0.086797,0.088688,Central Bank
2024-10-01,ARS,MXN,0.048373,0.047924,0.048822,Central Bank
2024-10-01,ARS,COP,11.233686,11.134059,11.333313,Internal
2024-10-02,MXN,USD,0.058771,0.058451,0.05909,Bloomberg
2024-10-02,COP,USD,0.000255,0.000252,0.000258,Bloomberg
2024-10-02,ARS,USD,0.002882,0.00284,0.002924,Bloomberg
2024-10-02,USD,MXN,17.047788,16.913285,17.182291,Reuters
2024-10-02,USD,COP,4057.902084,4036.780249,4079.023918,Internal
2024-10-02,USD,ARS,349.870871,346.802584,352.939158,Bloomberg
2024-10-02,MXN,COP,233.733405,232.545923,234.920887,Bloomberg
2024-10-02,MXN,ARS,20.697668,20.422712,20.972625,Central Bank
2024-10-02,COP,MXN,0.004249,0.004186,0.004312,Reuters
2024-10-02,COP,ARS,0.086643,0.085431,0.087855,Bloomberg
2024-10-02,ARS,MXN,0.048155,0.047693,0.048617,Reuters
2024-10-02,ARS,COP,11.284009,11.220689,11.347329,Bloomberg
2024-10-03,MXN,USD,0.059204,0.058568,0.059839,Bloomberg
2024-10-03,COP,USD,0.000247,0.000245,0.000249,Reuters
2024-10-03,ARS,USD,0.002898,0.002881,0.002914,Central Bank
2024-10-03,USD,MXN,17.048496,16.853606,17.243386,Internal
2024-10-03,USD,COP,4054.228842,4032.076744,4076.380939,Bloomberg
2024-10-03,USD,ARS,343.07866,338.741098,347.416223,Internal
2024-10-03,MXN,COP,235.392346,233.643438,237.141254,Bloomberg
2024-10-03,MXN,ARS,20.906446,20.777527,21.035365,Internal
2024-10-03,COP,MXN,0.004232,0.004201,0.004262,Bloomberg
2024-10-03,COP,ARS,0.087907,0.087462,0.088352,Reuters
2024-10-03,ARS,MXN,0.049461,0.048757,0.050165,Internal
2024-10-03,ARS,COP,11.352724,11.196458,11.508989,Internal
2024-10-04,MXN,USD,0.058408,0.057785,0.05903,Bloomberg
2024-10-04,COP,USD,0.000246,0.000243,0.000249,Internal
2024-10-04,ARS,USD,0.002836,0.00281,0.002861,Bloomberg
2024-10-04,USD,MXN,17.308211,17.180083,17.436338,Bloomberg
2024-10-04,USD,COP,4047.574321,3991.525767,4103.622875,Bloomberg
2024-10-04,USD,ARS,349.406024,346.423064,352.388984,Bloomberg
2024-10-04,MXN,COP,231.319884,229.094717,233.545051,Internal
2024-10-04,MXN,ARS,20.909353,20.659506,21.159199,Bloomberg
2024-10-04,COP,MXN,0.004165,0.004126,0.004205,Central Bank
2024-10-04,COP,ARS,0.088554,0.087366,0.089742,Bloomberg
2024-10-04,ARS,MXN,0.048987,0.048472,0.049501,Bloomberg
2024-10-04,ARS,COP,11.286421,11.150936,11.421906,Bloomberg
2024-10-05,MXN,USD,0.05788,0.05713,0.05863,Bloomberg
2024-10-05,COP,USD,0.000246,0.000242,0.000249,Central Bank
2024-10-05,ARS,USD,0.00286,0.002819,0.0029,Central Bank
2024-10-05,USD,MXN,17.126749,16.944256,17.309242,Internal
2024-10-05,USD,COP,3937.026561,3912.929417,3961.123706,Internal
2024-10-05,USD,ARS,345.960104,342.945309,348.974899,Central Bank
2024-10-05,MXN,COP,237.46193,234.183234,240.740625,Internal
2024-10-05,MXN,ARS,20.744926,20.543608,20.946244,Central Bank
2024-10-05,COP,MXN,0.00423,0.004187,0.004273,Central Bank
2024-10-05,COP,ARS,0.088376,0.087251,0.089502,Bloomberg
2024-10-05,ARS,MXN,0.04853,0.047916,0.049144,Bloomberg
2024-10-05,ARS,COP,11.230706,11.064594,11.396818,Bloomberg
2024-10-06,MXN,USD,0.058844,0.058207,0.05948,Bloomberg
2024-10-06,COP,USD,0.000253,0.000251,0.000255,Reuters
2024-10-06,ARS,USD,0.002899,0.002865,0.002933,Bloomberg
2024-10-06,USD,MXN,16.774323,16.563974,16.984671,Bloomberg
2024-10-06,USD,COP,3920.195065,3893.630558,3946.759571,Bloomberg
2024-10-06,USD,ARS,351.610587,347.965599,355.255574,Bloomberg
2024-10-06,MXN,COP,231.861367,228.509778,235.212957,Central Bank
2024-10-06,MXN,ARS,20.383969,20.225499,20.542439,Internal
2024-10-06,COP,MXN,0.004333,0.004283,0.004383,Bloomberg
2024-10-06,COP,ARS,0.088986,0.087776,0.090196,Central Bank
2024-10-06,ARS,MXN,0.047728,0.047025,0.048432,Reuters
2024-10-06,ARS,COP,11.463897,11.325122,11.602672,Central Bank
2024-10-07,MXN,USD,0.059231,0.058499,0.059963,Central Bank
2024-10-07,COP,USD,0.000246,0.000243,0.000249,Central Bank
2024-10-07,ARS,USD,0.002832,0.002797,0.002866,Bloomberg
2024-10-07,USD,MXN,16.808932,16.702834,16.91503,Internal
2024-10-07,USD,COP,3999.684324,3945.669127,4053.69952,Bloomberg
2024-10-07,USD,ARS,352.736336,350.608506,354.864167,Reuters
2024-10-07,MXN,COP,237.344493,236.059441,238.629544,Bloomberg
2024-10-07,MXN,ARS,20.590984,20.401974,20.779995,Central Bank
2024-10-07,COP,MXN,0.004234,0.004196,0.004272,Central Bank
2024-10-07,COP,ARS,0.088138,0.08697,0.089305,Reuters
2024-10-07,ARS,MXN,0.04899,0.048453,0.049526,Internal
2024-10-07,ARS,COP,11.408877,11.311233,11.506521,Central Bank
2024-10-08,MXN,USD,0.059085,0.058657,0.059513,Central Bank
2024-10-08,COP,USD,0.000252,0.000249,0.000255,Central Bank
2024-10-08,ARS,USD,0.002848,0.002808,0.002887,Central Bank
2024-10-08,USD,MXN,16.97938,16.830281,17.128479,Central Bank
2024-10-08,USD,COP,4057.696097,4030.950955,4084.441238,Bloomberg
2024-10-08,USD,ARS,344.670643,340.24108,349.100206,Reuters
2024-10-08,MXN,COP,232.921802,229.508657,236.334947,Reuters
2024-10-08,MXN,ARS,20.231549,20.052075,20.411023,Bloomberg
2024-10-08,COP,MXN,0.004191,0.004166,0.004215,Bloomberg
2024-10-08,COP,ARS,0.089036,0.088217,0.089855,Central Bank
2024-10-08,ARS,MXN,0.048574,0.048152,0.048995,Reuters
2024-10-08,ARS,COP,11.642898,11.536053,11.749743,Internal
2024-10-09,MXN,USD,0.058731,0.057995,0.059467,Central Bank
2024-10-09,COP,USD,0.000249,0.000246,0.000252,Bloomberg
2024-10-09,ARS,USD,0.00281,0.002781,0.002838,Internal
2024-10-09,USD,MXN,16.906195,16.811445,17.000944,Reuters
2024-10-09,USD,COP,4044.608468,3992.707139,4096.509796,Reuters
2024-10-09,USD,ARS,352.184379,348.870411,355.498347,Internal
2024-10-09,MXN,COP,234.273094,232.64174,235.904448,Reuters
2024-10-09,MXN,ARS,20.674425,20.532068,20.816782,Bloomberg
2024-10-09,COP,MXN,0.004261,0.004226,0.004297,Reuters
2024-10-09,COP,ARS,0.088015,0.087243,0.088787,Internal
2024-10-09,ARS,MXN,0.047969,0.047323,0.048615,Internal
2024-10-09,ARS,COP,11.261572,11.10593,11.417215,Central Bank
2024-10-10,MXN,USD,0.057855,0.057006,0.058705,Reuters
2024-10-10,COP,USD,0.000247,0.000245,0.000249,Bloomberg
2024-10-10,ARS,USD,0.002905,0.002869,0.002941,Reuters
2024-10-10,USD,MXN,16.841257,16.731569,16.950945,Central Bank
2024-10-10,USD,COP,4005.408151,3965.634756,4045.181546,Central Bank
2024-10-10,USD,ARS,353.358674,348.304567,358.412781,Bloomberg
2024-10-10,MXN,COP,236.606777,233.70987,239.503683,Central Bank
2024-10-10,MXN,ARS,20.718365,20.496494,20.940237,Internal
2024-10-10,COP,MXN,0.00421,0.00418,0.004239,Reuters
2024-10-10,COP,ARS,0.088567,0.087339,0.089796,Reuters
2024-10-10,ARS,MXN,0.04944,0.048712,0.050169,Bloomberg
2024-10-10,ARS,COP,11.606383,11.47097,11.741796,Reuters
2024-10-11,MXN,USD,0.058898,0.058471,0.059325,Reuters
2024-10-11,COP,USD,0.000254,0.000251,0.000258,Central Bank
2024-10-11,ARS,USD,0.002892,0.002871,0.002914,Central Bank
2024-10-11,USD,MXN,17.140356,16.991947,17.288765,Internal
2024-10-11,USD,COP,3984.906846,3950.084258,4019.729435,Reuters
2024-10-11,USD,ARS,348.177129,344.810589,351.543669,Internal
2024-10-11,MXN,COP,239.210707,236.666186,241.755228,Reuters
2024-10-11,MXN,ARS,20.587724,20.320894,20.854555,Internal
2024-10-11,COP,MXN,0.004265,0.004205,0.004324,Reuters
2024-10-11,COP,ARS,0.088276,0.087003,0.08955,Reuters
2024-10-11,ARS,MXN,0.04944,0.049014,0.049865,Bloomberg
2024-10-11,ARS,COP,11.399582,11.278254,11.52091,Reuters
2024-10-12,MXN,USD,0.058572,0.057734,0.05941,Internal
2024-10-12,COP,USD,0.000255,0.000253,0.000256,Bloomberg
2024-10-12,ARS,USD,0.002904,0.002885,0.002922,Bloomberg
2024-10-12,USD,MXN,16.893415,16.746453,17.040378,Central Bank
2024-10-12,USD,COP,4011.629844,3954.452363,4068.807325,Reuters
2024-10-12,USD,ARS,350.112638,345.509476,354.7158,Bloomberg
2024-10-12,MXN,COP,237.745109,235.139554,240.350663,Reuters
2024-10-12,MXN,ARS,20.824199,20.642775,21.005623,Internal
2024-10-12,COP,MXN,0.004233,0.004176,0.004289,Bloomberg
2024-10-12,COP,ARS,0.086145,0.084919,0.08737,Central Bank
2024-10-12,ARS,MXN,0.048481,0.047763,0.049198,Bloomberg
2024-10-12,ARS,COP,11.30953,11.165117,11.453944,Central Bank
2024-10-13,MXN,USD,0.058272,0.057757,0.058788,Reuters
2024-10-13,COP,USD,0.000246,0.000243,0.000248,Reuters
2024-10-13,ARS,USD,0.002874,0.002843,0.002906,Bloomberg
2024-10-13,USD,MXN,17.198994,17.085926,17.312063,Internal
2024-10-13,USD,COP,4050.652483,4018.20686,4083.098105,Reuters
2024-10-13,USD,ARS,355.405833,352.870044,357.941621,Central Bank
2024-10-13,MXN,COP,234.849931,232.706575,236.993287,Internal
2024-10-13,MXN,ARS,20.362593,20.065085,20.660101,Central Bank
2024-10-13,COP,MXN,0.00417,0.004122,0.004218,Central Bank
2024-10-13,COP,ARS,0.087485,0.086583,0.088387,Reuters
2024-10-13,ARS,MXN,0.049387,0.04907,0.049704,Central Bank
2024-10-13,ARS,COP,11.236298,11.098103,11.374492,Internal
2024-10-14,MXN,USD,0.057864,0.057035,0.058693,Reuters
2024-10-14,COP,USD,0.000248,0.000246,0.00025,Reuters
2024-10-14,ARS,USD,0.002884,0.002865,0.002904,Internal
2024-10-14,USD,MXN,16.836638,16.61033,17.062946,Internal
2024-10-14,USD,COP,3927.777509,3888.608922,3966.946095,Bloomberg
2024-10-14,USD,ARS,355.175711,350.083348,360.268074,Central Bank
2024-10-14,MXN,COP,237.09648,234.936715,239.256244,Reuters
2024-10-14,MXN,ARS,20.897316,20.621397,21.173235,Bloomberg
2024-10-14,COP,MXN,0.004319,0.004277,0.00436,Bloomberg
2024-10-14,COP,ARS,0.087771,0.08698,0.088561,Reuters
2024-10-14,ARS,MXN,0.04839,0.048054,0.048727,Central Bank
2024-10-14,ARS,COP,11.25096,11.092206,11.409714,Central Bank
2024-10-15,MXN,USD,0.059824,0.059148,0.060499,Reuters
2024-10-15,COP,USD,0.000253,0.00025,0.000256,Central Bank
2024-10-15,ARS,USD,0.002803,0.002763,0.002843,Reuters
2024-10-15,USD,MXN,17.101372,16.90329,17.299455,Central Bank
2024-10-15,USD,COP,3925.818647,3870.041603,3981.595692,Internal
2024-10-15,USD,ARS,354.988688,352.581221,357.396155,Bloomberg
2024-10-15,MXN,COP,231.206707,229.619915,232.793498,Internal
2024-10-15,MXN,ARS,20.722115,20.422605,21.021625,Central Bank
2024-10-15,COP,MXN,0.004237,0.004191,0.004284,Bloomberg
2024-10-15,COP,ARS,0.089137,0.088074,0.0902,Central Bank
2024-10-15,ARS,MXN,0.049095,0.048742,0.049447,Internal
2024-10-15,ARS,COP,11.441868,11.312856,11.570881,Central Bank
2024-10-16,MXN,USD,0.05881,0.05842,0.059201,Central Bank
2024-10-16,COP,USD,0.000247,0.000245,0.000249,Reuters
2024-10-16,ARS,USD,0.00284,0.002822,0.002859,Internal
2024-10-16,USD,MXN,16.779687,16.574833,16.984541,Bloomberg
2024-10-16,USD,COP,4012.098157,3966.714602,4057.481712,Internal
2024-10-16,USD,ARS,353.977302,350.989842,356.964763,Reuters
2024-10-16,MXN,COP,239.68339,237.640691,241.726089,Bloomberg
2024-10-16,MXN,ARS,20.925507,20.789835,21.06118,Bloomberg
2024-10-16,COP,MXN,0.004274,0.004219,0.004328,Internal
2024-10-16,COP,ARS,0.086544,0.085578,0.08751,Bloomberg
2024-10-16,ARS,MXN,0.047603,0.047192,0.048014,Internal
2024-10-16,ARS,COP,11.515973,11.363005,11.66894,Bloomberg
2024-10-17,MXN,USD,0.059487,0.059055,0.059918,Bloomberg
2024-10-17,COP,USD,0.000249,0.000248,0.000251,Reuters
2024-10-17,ARS,USD,0.002911,0.002883,0.002939,Central Bank
2024-10-17,USD,MXN,17.277031,17.09541,17.458651,Internal
2024-10-17,USD,COP,3927.289868,3900.292203,3954.287533,Internal
2024-10-17,USD,ARS,354.030771,351.832972,356.22857,Bloomberg
2024-10-17,MXN,COP,238.397787,236.729233,240.066341,Central Bank
2024-10-17,MXN,ARS,20.257728,20.056895,20.458562,Bloomberg
2024-10-17,COP,MXN,0.004232,0.004196,0.004269,Bloomberg
2024-10-17,COP,ARS,0.088875,0.087935,0.089816,Bloomberg
2024-10-17,ARS,MXN,0.048972,0.048255,0.049689,Internal
2024-10-17,ARS,COP,11.504558,11.350188,11.658928,Internal
2024-10-18,MXN,USD,0.059819,0.059064,0.060574,Reuters
2024-10-18,COP,USD,0.000253,0.00025,0.000255,Reuters
2024-10-18,ARS,USD,0.002851,0.002829,0.002872,Bloomberg
2024-10-18,USD,MXN,16.802678,16.555701,17.049654,Bloomberg
2024-10-18,USD,COP,4077.144367,4016.701859,4137.586875,Bloomberg
2024-10-18,USD,ARS,356.331977,351.273336,361.390617,Central Bank
2024-10-18,MXN,COP,236.562263,233.59487,239.529656,Reuters
2024-10-18,MXN,ARS,20.385446,20.252132,20.518761,Bloomberg
2024-10-18,COP,MXN,0.004287,0.004237,0.004337,Bloomberg
2024-10-18,COP,ARS,0.086375,0.085116,0.087635,Internal
2024-10-18,ARS,MXN,0.047711,0.047385,0.048037,Reuters
2024-10-18,ARS,COP,11.296486,11.165889,11.427084,Internal
2024-10-19,MXN,USD,0.058217,0.057404,0.05903,Internal
2024-10-19,COP,USD,0.000254,0.000252,0.000256,Central Bank
2024-10-19,ARS,USD,0.002861,0.002839,0.002883,Internal
2024-10-19,USD,MXN,16.84753,16.62385,17.07121,Central Bank
2024-10-19,USD,COP,3997.690693,3965.099307,4030.282078,Reuters
2024-10-19,USD,ARS,353.810383,349.730237,357.890528,Reuters
2024-10-19,MXN,COP,231.985856,228.764781,235.20693,Central Bank
2024-10-19,MXN,ARS,20.357442,20.177204,20.53768,Internal
2024-10-19,COP,MXN,0.004277,0.004234,0.004321,Reuters
2024-10-19,COP,ARS,0.088074,0.087432,0.088716,Internal
2024-10-19,ARS,MXN,0.048876,0.048443,0.049309,Reuters
2024-10-19,ARS,COP,11.533942,11.385067,11.682817,Central Bank
2024-10-20,MXN,USD,0.058498,0.058058,0.058937,Central Bank
2024-10-20,COP,USD,0.000253,0.000249,0.000257,Central Bank
2024-10-20,ARS,USD,0.002842,0.002816,0.002868,Reuters
2024-10-20,USD,MXN,16.708974,16.530819,16.88713,Reuters
2024-10-20,USD,COP,3972.791731,3942.136907,4003.446554,Central Bank
2024-10-20,USD,ARS,351.067248,347.991985,354.14251,Bloomberg
2024-10-20,MXN,COP,236.149973,233.904519,238.395427,Internal
2024-10-20,MXN,ARS,20.47109,20.330892,20.611289,Internal
2024-10-20,COP,MXN,0.004302,0.004245,0.004358,Central Bank
2024-10-20,COP,ARS,0.086638,0.085828,0.087447,Bloomberg
2024-10-20,ARS,MXN,0.048895,0.048616,0.049174,Internal
2024-10-20,ARS,COP,11.243929,11.105745,11.382113,Central Bank
2024-10-21,MXN,USD,0.057999,0.057667,0.058332,Bloomberg
2024-10-21,COP,USD,0.000251,0.000248,0.000254,Internal
2024-10-21,ARS,USD,0.002904,0.002871,0.002936,Internal
2024-10-21,USD,MXN,17.021747,16.826462,17.217031,Internal
2024-10-21,USD,COP,3925.813709,3868.697396,3982.930022,Internal
2024-10-21,USD,ARS,346.018672,343.717739,348.319605,Internal
2024-10-21,MXN,COP,238.994789,237.246963,240.742616,Bloomberg
2024-10-21,MXN,ARS,20.285054,20.051363,20.518745,Central Bank
2024-10-21,COP,MXN,0.004243,0.004208,0.004279,Internal
2024-10-21,COP,ARS,0.088021,0.087211,0.088831,Bloomberg
2024-10-21,ARS,MXN,0.049233,0.048526,0.04994,Reuters
2024-10-21,ARS,COP,11.292807,11.16829,11.417324,Internal
2024-10-22,MXN,USD,0.058421,0.058019,0.058823,Reuters
2024-10-22,COP,USD,0.000247,0.000245,0.000248,Central Bank
2024-10-22,ARS,USD,0.002818,0.002788,0.002849,Reuters
2024-10-22,USD,MXN,17.232672,17.013025,17.452319,Internal
2024-10-22,USD,COP,4049.208675,4017.937145,4080.480205,Reuters
2024-10-22,USD,ARS,350.882565,347.527795,354.237335,Reuters
2024-10-22,MXN,COP,235.105298,232.258252,237.952345,Central Bank
2024-10-22,MXN,ARS,20.291996,19.994075,20.589917,Internal
2024-10-22,COP,MXN,0.004232,0.004198,0.004267,Internal
2024-10-22,COP,ARS,0.087487,0.08679,0.088185,Internal
2024-10-22,ARS,MXN,0.048752,0.048058,0.049446,Central Bank
2024-10-22,ARS,COP,11.391904,11.312012,11.471796,Reuters
2024-10-23,MXN,USD,0.058651,0.057777,0.059525,Reuters
2024-10-23,COP,USD,0.000254,0.000252,0.000255,Internal
2024-10-23,ARS,USD,0.002828,0.002805,0.002851,Bloomberg
2024-10-23,USD,MXN,16.979777,16.888487,17.071066,Internal
2024-10-23,USD,COP,4076.008239,4032.596864,4119.419614,Bloomberg
2024-10-23,USD,ARS,356.480405,353.124572,359.836238,Central Bank
2024-10-23,MXN,COP,238.8963,236.351021,241.44158,Reuters
2024-10-23,MXN,ARS,20.289585,20.046933,20.532237,Bloomberg
2024-10-23,COP,MXN,0.00422,0.004196,0.004243,Reuters
2024-10-23,COP,ARS,0.087827,0.086757,0.088898,Bloomberg
2024-10-23,ARS,MXN,0.048315,0.04802,0.04861,Bloomberg
2024-10-23,ARS,COP,11.411507,11.277488,11.545527,Internal
2024-10-24,MXN,USD,0.058352,0.057484,0.05922,Reuters
2024-10-24,COP,USD,0.000251,0.000248,0.000255,Reuters
2024-10-24,ARS,USD,0.00287,0.002846,0.002894,Reuters
2024-10-24,USD,MXN,16.941484,16.783145,17.099824,Reuters
2024-10-24,USD,COP,4075.579943,4024.483613,4126.676273,Reuters
2024-10-24,USD,ARS,353.434607,350.581005,356.288208,Reuters
2024-10-24,MXN,COP,237.981784,234.907757,241.055812,Reuters
2024-10-24,MXN,ARS,20.68046,20.495262,20.865658,Bloomberg
2024-10-24,COP,MXN,0.004293,0.004261,0.004325,Reuters
2024-10-24,COP,ARS,0.086715,0.085891,0.08754,Bloomberg
2024-10-24,ARS,MXN,0.048717,0.048342,0.049092,Internal
2024-10-24,ARS,COP,11.320592,11.204462,11.436721,Bloomberg
2024-10-25,MXN,USD,0.057991,0.057673,0.058308,Reuters
2024-10-25,COP,USD,0.00025,0.000248,0.000252,Internal
2024-10-25,ARS,USD,0.002883,0.002862,0.002903,Reuters
2024-10-25,USD,MXN,16.727836,16.617818,16.837854,Central Bank
2024-10-25,USD,COP,4079.633018,4028.219491,4131.046544,Internal
2024-10-25,USD,ARS,344.807243,340.699651,348.914835,Central Bank
2024-10-25,MXN,COP,238.686318,235.674851,241.697784,Internal
2024-10-25,MXN,ARS,20.445619,20.159537,20.731702,Reuters
2024-10-25,COP,MXN,0.004198,0.00415,0.004245,Internal
2024-10-25,COP,ARS,0.087047,0.0862,0.087894,Bloomberg
2024-10-25,ARS,MXN,0.049269,0.048961,0.049577,Bloomberg
2024-10-25,ARS,COP,11.204645,11.114809,11.29448,Internal
2024-10-26,MXN,USD,0.059643,0.059117,0.060169,Central Bank
2024-10-26,COP,USD,0.000246,0.000244,0.000249,Central Bank
2024-10-26,ARS,USD,0.002894,0.002875,0.002913,Reuters
2024-10-26,USD,MXN,16.732513,16.51854,16.946485,Bloomberg
2024-10-26,USD,COP,4037.414218,3998.595654,4076.232782,Internal
2024-10-26,USD,ARS,355.100468,351.447319,358.753617,Internal
2024-10-26,MXN,COP,232.379431,229.864272,234.894591,Internal
2024-10-26,MXN,ARS,20.970223,20.748908,21.191538,Internal
2024-10-26,COP,MXN,0.00433,0.004305,0.004355,Bloomberg
2024-10-26,COP,ARS,0.089055,0.088378,0.089733,Reuters
2024-10-26,ARS,MXN,0.048674,0.048338,0.049009,Reuters
2024-10-26,ARS,COP,11.381279,11.299188,11.463371,Central Bank
2024-10-27,MXN,USD,0.058171,0.057565,0.058778,Reuters
2024-10-27,COP,USD,0.000245,0.000244,0.000247,Bloomberg
2024-10-27,ARS,USD,0.002822,0.002796,0.002847,Bloomberg
2024-10-27,USD,MXN,16.68277,16.557873,16.807668,Reuters
2024-10-27,USD,COP,3993.203087,3965.925054,4020.481121,Internal
2024-10-27,USD,ARS,345.910772,343.80839,348.013153,Reuters
2024-10-27,MXN,COP,232.771677,230.558572,234.984782,Internal
2024-10-27,MXN,ARS,20.591887,20.346196,20.837579,Internal
2024-10-27,COP,MXN,0.004298,0.004253,0.004343,Central Bank
2024-10-27,COP,ARS,0.085864,0.084755,0.086973,Reuters
2024-10-27,ARS,MXN,0.048981,0.048297,0.049665,Reuters
2024-10-27,ARS,COP,11.374368,11.251232,11.497503,Central Bank
2024-10-28,MXN,USD,0.058007,0.05725,0.058764,Central Bank
2024-10-28,COP,USD,0.000251,0.000248,0.000255,Internal
2024-10-28,ARS,USD,0.002902,0.002885,0.002918,Reuters
2024-10-28,USD,MXN,16.78806,16.697818,16.878303,Bloomberg
2024-10-28,USD,COP,4054.635582,4031.992658,4077.278506,Bloomberg
2024-10-28,USD,ARS,350.511861,345.985439,355.038284,Reuters
2024-10-28,MXN,COP,239.503522,237.914728,241.092315,Reuters
2024-10-28,MXN,ARS,20.524102,20.352041,20.696164,Internal
2024-10-28,COP,MXN,0.004293,0.00424,0.004346,Bloomberg
2024-10-28,COP,ARS,0.086446,0.085899,0.086994,Bloomberg
2024-10-28,ARS,MXN,0.048812,0.048453,0.04917,Bloomberg
2024-10-28,ARS,COP,11.207425,11.114382,11.300468,Central Bank
2024-10-29,MXN,USD,0.058154,0.057353,0.058955,Bloomberg
2024-10-29,COP,USD,0.000245,0.000244,0.000247,Internal
2024-10-29,ARS,USD,0.002854,0.002837,0.00287,Central Bank
2024-10-29,USD,MXN,17.115823,16.957026,17.274619,Internal
2024-10-29,USD,COP,3978.432016,3926.084401,4030.779631,Internal
2024-10-29,USD,ARS,354.982639,352.70367,357.261608,Internal
2024-10-29,MXN,COP,236.32633,234.323763,238.328896,Reuters
2024-10-29,MXN,ARS,20.381631,20.127188,20.636074,Bloomberg
2024-10-29,COP,MXN,0.004212,0.004176,0.004249,Central Bank
2024-10-29,COP,ARS,0.086024,0.084816,0.087231,Bloomberg
2024-10-29,ARS,MXN,0.049027,0.04851,0.049545,Reuters
2024-10-29,ARS,COP,11.573058,11.495446,11.65067,Central Bank
2024-10-30,MXN,USD,0.058157,0.05745,0.058865,Bloomberg
2024-10-30,COP,USD,0.000245,0.000243,0.000248,Internal
2024-10-30,ARS,USD,0.002808,0.002766,0.002849,Central Bank
2024-10-30,USD,MXN,16.72179,16.518168,16.925411,Bloomberg
2024-10-30,USD,COP,4025.906783,4000.446838,4051.366728,Central Bank
2024-10-30,USD,ARS,355.335121,353.350611,357.319631,Internal
2024-10-30,MXN,COP,239.212158,237.396673,241.027643,Internal
2024-10-30,MXN,ARS,20.777357,20.474331,21.080382,Internal
2024-10-30,COP,MXN,0.004274,0.004223,0.004325,Reuters
2024-10-30,COP,ARS,0.088637,0.087827,0.089447,Bloomberg
2024-10-30,ARS,MXN,0.049398,0.049127,0.04967,Reuters
2024-10-30,ARS,COP,11.492489,11.408893,11.576084,Internal
2024-10-31,MXN,USD,0.05801,0.057326,0.058693,Bloomberg
2024-10-31,COP,USD,0.000248,0.000245,0.000252,Central Bank
2024-10-31,ARS,USD,0.002821,0.002798,0.002844,Central Bank
2024-10-31,USD,MXN,17.205812,17.01914,17.392483,Reuters
2024-10-31,USD,COP,3981.644382,3931.545363,4031.7434,Reuters
2024-10-31,USD,ARS,352.976562,347.982444,357.970679,Bloomberg
2024-10-31,MXN,COP,239.502629,237.142408,241.86285,Bloomberg
2024-10-31,MXN,ARS,20.548187,20.287344,20.80903,Central Bank
2024-10-31,COP,MXN,0.0043,0.004274,0.004326,Central Bank
2024-10-31,COP,ARS,0.086051,0.08558,0.086522,Internal
2024-10-31,ARS,MXN,0.049477,0.049209,0.049745,Reuters
2024-10-31,ARS,COP,11.649152,11.52651,11.771794,Central Bank
2024-11-01,MXN,USD,0.059223,0.058399,0.060046,Central Bank
2024-11-01,COP,USD,0.00025,0.000248,0.000251,Internal
2024-11-01,ARS,USD,0.002833,0.002818,0.002848,Bloomberg
2024-11-01,USD,MXN,17.06682,16.921321,17.212318,Reuters
2024-11-01,USD,COP,4031.111188,4003.77208,4058.450297,Reuters
2024-11-01,USD,ARS,353.293061,348.356144,358.229978,Central Bank
2024-11-01,MXN,COP,235.237569,233.655212,236.819927,Bloomberg
2024-11-01,MXN,ARS,20.922025,20.619629,21.224421,Reuters
2024-11-01,COP,MXN,0.004207,0.004163,0.004252,Bloomberg
2024-11-01,COP,ARS,0.086322,0.085579,0.087065,Reuters
2024-11-01,ARS,MXN,0.047891,0.047597,0.048184,Bloomberg
2024-11-01,ARS,COP,11.37229,11.27898,11.4656,Reuters
2024-11-02,MXN,USD,0.059038,0.058361,0.059714,Bloomberg
2024-11-02,COP,USD,0.000254,0.000251,0.000257,Central Bank
2024-11-02,ARS,USD,0.002879,0.002841,0.002917,Bloomberg
2024-11-02,USD,MXN,17.32379,17.186165,17.461415,Internal
2024-11-02,USD,COP,4060.353454,4006.208078,4114.498831,Reuters
2024-11-02,USD,ARS,350.030847,346.465555,353.596138,Reuters
2024-11-02,MXN,COP,230.698763,228.473385,232.924141,Bloomberg
2024-11-02,MXN,ARS,20.184973,20.008518,20.361428,Internal
2024-11-02,COP,MXN,0.004295,0.004244,0.004346,Central Bank
2024-11-02,COP,ARS,0.087892,0.086684,0.089101,Bloomberg
2024-11-02,ARS,MXN,0.049131,0.048665,0.049597,Reuters
2024-11-02,ARS,COP,11.485218,11.323991,11.646444,Internal
2024-11-03,MXN,USD,0.058652,0.057973,0.059331,Bloomberg
2024-11-03,COP,USD,0.000254,0.000252,0.000257,Reuters
2024-11-03,ARS,USD,0.002847,0.002825,0.002869,Internal
2024-11-03,USD,MXN,17.286472,17.118073,17.454871,Bloomberg
2024-11-03,USD,COP,3945.602876,3911.722271,3979.483481,Bloomberg
2024-11-03,USD,ARS,343.245516,341.252793,345.23824,Internal
2024-11-03,MXN,COP,233.875668,232.5105,235.240835,Bloomberg
2024-11-03,MXN,ARS,20.199346,20.023837,20.374855,Bloomberg
2024-11-03,COP,MXN,0.004191,0.004158,0.004224,Central Bank
2024-11-03,COP,ARS,0.086879,0.085693,0.088065,Internal
2024-11-03,ARS,MXN,0.048024,0.047711,0.048337,Reuters
2024-11-03,ARS,COP,11.344368,11.212224,11.476512,Internal
2024-11-04,MXN,USD,0.058194,0.057761,0.058628,Bloomberg
2024-11-04,COP,USD,0.000251,0.00025,0.000253,Reuters
2024-11-04,ARS,USD,0.002876,0.002834,0.002918,Central Bank
2024-11-04,USD,MXN,16.953396,16.855745,17.051047,Reuters
2024-11-04,USD,COP,4019.76038,3998.573516,4040.947245,Reuters
2024-11-04,USD,ARS,344.359345,341.932428,346.786261,Central Bank
2024-11-04,MXN,COP,232.687391,230.271375,235.103407,Central Bank
2024-11-04,MXN,ARS,20.212384,19.995324,20.429444,Bloomberg
2024-11-04,COP,MXN,0.004285,0.004257,0.004313,Central Bank
2024-11-04,COP,ARS,0.086369,0.085806,0.086932,Bloomberg
2024-11-04,ARS,MXN,0.04912,0.048691,0.049548,Reuters
2024-11-04,ARS,COP,11.433765,11.272355,11.595175,Central Bank
2024-11-05,MXN,USD,0.059321,0.058705,0.059936,Internal
2024-11-05,COP,USD,0.00025,0.000248,0.000253,Internal
2024-11-05,ARS,USD,0.002834,0.00282,0.002848,Central Bank
2024-11-05,USD,MXN,17.02097,16.891246,17.150694,Central Bank
2024-11-05,USD,COP,3982.314146,3923.024584,4041.603708,Bloomberg
2024-11-05,USD,ARS,354.720403,350.556981,358.883825,Central Bank
2024-11-05,MXN,COP,238.066941,236.453653,239.680229,Internal
2024-11-05,MXN,ARS,20.540672,20.330249,20.751094,Bloomberg
2024-11-05,COP,MXN,0.004306,0.004262,0.00435,Internal
2024-11-05,COP,ARS,0.087982,0.087295,0.08867,Internal
2024-11-05,ARS,MXN,0.049055,0.04843,0.049681,Central Bank
2024-11-05,ARS,COP,11.472363,11.331916,11.61281,Bloomberg
2024-11-06,MXN,USD,0.058344,0.057947,0.058741,Bloomberg
2024-11-06,COP,USD,0.000252,0.00025,0.000255,Bloomberg
2024-11-06,ARS,USD,0.00282,0.002801,0.00284,Central Bank
2024-11-06,USD,MXN,16.867834,16.772706,16.962963,Reuters
2024-11-06,USD,COP,3946.095224,3916.383667,3975.806782,Bloomberg
2024-11-06,USD,ARS,354.141728,351.971661,356.311794,Internal
2024-11-06,MXN,COP,239.413279,236.020705,242.805853,Central Bank
2024-11-06,MXN,ARS,20.250627,19.974672,20.526583,Internal
2024-11-06,COP,MXN,0.004191,0.004138,0.004244,Reuters
2024-11-06,COP,ARS,0.087764,0.086863,0.088665,Bloomberg
2024-11-06,ARS,MXN,0.048598,0.048258,0.048938,Central Bank
2024-11-06,ARS,COP,11.226063,11.071684,11.380442,Internal
2024-11-07,MXN,USD,0.058611,0.057886,0.059337,Bloomberg
2024-11-07,COP,USD,0.000252,0.000251,0.000253,Reuters
2024-11-07,ARS,USD,0.002907,0.002871,0.002943,Reuters
2024-11-07,USD,MXN,16.791506,16.64105,16.941963,Central Bank
2024-11-07,USD,COP,3920.615815,3876.24196,3964.989671,Reuters
2024-11-07,USD,ARS,354.334584,351.605666,357.063501,Bloomberg
2024-11-07,MXN,COP,235.763137,234.579816,236.946458,Reuters
2024-11-07,MXN,ARS,20.632006,20.495456,20.768557,Internal
2024-11-07,COP,MXN,0.004308,0.00426,0.004356,Central Bank
2024-11-07,COP,ARS,0.085959,0.085187,0.086731,Internal
2024-11-07,ARS,MXN,0.047919,0.04746,0.048377,Internal
2024-11-07,ARS,COP,11.626771,11.468904,11.784639,Bloomberg
2024-11-08,MXN,USD,0.059633,0.058742,0.060523,Bloomberg
2024-11-08,COP,USD,0.000254,0.000251,0.000256,Internal
2024-11-08,ARS,USD,0.002877,0.002837,0.002917,Bloomberg
2024-11-08,USD,MXN,16.805853,16.640542,16.971164,Central Bank
2024-11-08,USD,COP,4000.905309,3955.495044,4046.315574,Internal
2024-11-08,USD,ARS,345.478464,342.179574,348.777354,Bloomberg
2024-11-08,MXN,COP,234.673444,232.78502,236.561868,Central Bank
2024-11-08,MXN,ARS,20.177146,20.061252,20.293041,Bloomberg
2024-11-08,COP,MXN,0.004278,0.004223,0.004333,Bloomberg
2024-11-08,COP,ARS,0.0889,0.087818,0.089982,Bloomberg
2024-11-08,ARS,MXN,0.047793,0.047295,0.04829,Bloomberg
2024-11-08,ARS,COP,11.359693,11.28167,11.437715,Central Bank
2024-11-09,MXN,USD,0.05889,0.058404,0.059376,Central Bank
2024-11-09,COP,USD,0.000249,0.000246,0.000253,Internal
2024-11-09,ARS,USD,0.002844,0.002811,0.002877,Internal
2024-11-09,USD,MXN,17.173752,16.963657,17.383847,Bloomberg
2024-11-09,USD,COP,3921.003831,3866.154714,3975.852948,Central Bank
2024-11-09,USD,ARS,354.988208,350.326437,359.64998,Bloomberg
2024-11-09,MXN,COP,237.838349,235.171777,240.504921,Internal
2024-11-09,MXN,ARS,20.676105,20.374953,20.977257,Central Bank
2024-11-09,COP,MXN,0.004243,0.004201,0.004286,Central Bank
2024-11-09,COP,ARS,0.086983,0.086032,0.087934,Bloomberg
2024-11-09,ARS,MXN,0.048651,0.048262,0.04904,Internal
2024-11-09,ARS,COP,11.281461,11.148841,11.414081,Bloomberg
2024-11-10,MXN,USD,0.059298,0.058778,0.059818,Internal
2024-11-10,COP,USD,0.00025,0.000247,0.000254,Reuters
2024-11-10,ARS,USD,0.002866,0.002849,0.002883,Reuters
2024-11-10,USD,MXN,16.964788,16.827704,17.101871,Bloomberg
2024-11-10,USD,COP,3974.948575,3946.189198,4003.707952,Reuters
2024-11-10,USD,ARS,352.396275,348.420277,356.372272,Central Bank
2024-11-10,MXN,COP,237.778788,234.834673,240.722904,Bloomberg
2024-11-10,MXN,ARS,20.653567,20.424761,20.882374,Internal
2024-11-10,COP,MXN,0.004211,0.00417,0.004252,Internal
2024-11-10,COP,ARS,0.087231,0.085932,0.088529,Reuters
2024-11-10,ARS,MXN,0.047722,0.047275,0.04817,Internal
2024-11-10,ARS,COP,11.421454,11.300109,11.5428,Internal
2024-11-11,MXN,USD,0.058369,0.057681,0.059058,Reuters
2024-11-11,COP,USD,0.000251,0.000248,0.000254,Reuters
2024-11-11,ARS,USD,0.002846,0.00283,0.002863,Bloomberg
2024-11-11,USD,MXN,17.205855,16.981838,17.429872,Reuters
2024-11-11,USD,COP,3938.00713,3900.121795,3975.892465,Reuters
2024-11-11,USD,ARS,354.74454,351.129737,358.359342,Reuters
2024-11-11,MXN,COP,232.529486,229.66222,235.396752,Central Bank
2024-11-11,MXN,ARS,20.997728,20.831223,21.164233,Central Bank
2024-11-11,COP,MXN,0.00421,0.004176,0.004244,Bloomberg
2024-11-11,COP,ARS,0.08807,0.087176,0.088964,Internal
2024-11-11,ARS,MXN,0.049302,0.048894,0.049709,Bloomberg
2024-11-11,ARS,COP,11.254065,11.0979,11.41023,Central Bank
2024-11-12,MXN,USD,0.058033,0.057662,0.058404,Internal
2024-11-12,COP,USD,0.000245,0.000243,0.000248,Central Bank
2024-11-12,ARS,USD,0.002802,0.002773,0.002831,Reuters
2024-11-12,USD,MXN,17.023556,16.895426,17.151686,Central Bank
2024-11-12,USD,COP,4043.227591,4022.989426,4063.465755,Bloomberg
2024-11-12,USD,ARS,355.249076,350.61486,359.883293,Reuters
2024-11-12,MXN,COP,235.129107,232.385721,237.872493,Bloomberg
2024-11-12,MXN,ARS,20.686115,20.43025,20.941981,Reuters
2024-11-12,COP,MXN,0.004307,0.004253,0.00436,Central Bank
2024-11-12,COP,ARS,0.087687,0.086883,0.08849,Bloomberg
2024-11-12,ARS,MXN,0.047628,0.046949,0.048307,Internal
2024-11-12,ARS,COP,11.560367,11.396765,11.723969,Central Bank
2024-11-13,MXN,USD,0.057649,0.057334,0.057963,Reuters
2024-11-13,COP,USD,0.000252,0.000249,0.000255,Internal
2024-11-13,ARS,USD,0.002812,0.002773,0.002851,Reuters
2024-11-13,USD,MXN,17.098634,17.010184,17.187083,Reuters
2024-11-13,USD,COP,3981.984411,3958.208324,4005.760497,Reuters
2024-11-13,USD,ARS,353.741558,351.295145,356.18797,Internal
2024-11-13,MXN,COP,239.79998,237.006391,242.59357,Reuters
2024-11-13,MXN,ARS,20.53223,20.312641,20.751818,Internal
2024-11-13,COP,MXN,0.00432,0.004259,0.004381,Central Bank
2024-11-13,COP,ARS,0.087608,0.087028,0.088188,Central Bank
2024-11-13,ARS,MXN,0.047661,0.047122,0.0482,Bloomberg
2024-11-13,ARS,COP,11.395532,11.237299,11.553766,Central Bank
2024-11-14,MXN,USD,0.057759,0.057314,0.058205,Reuters
2024-11-14,COP,USD,0.000248,0.000244,0.000252,Bloomberg
2024-11-14,ARS,USD,0.002869,0.002827,0.00291,Internal
2024-11-14,USD,MXN,16.989085,16.791117,17.187052,Internal
2024-11-14,USD,COP,4009.380175,3952.081095,4066.679254,Reuters
2024-11-14,USD,ARS,345.307686,340.33526,350.280111,Internal
2024-11-14,MXN,COP,231.922479,228.958234,234.886724,Central Bank
2024-11-14,MXN,ARS,20.442971,20.270393,20.615549,Internal
2024-11-14,COP,MXN,0.004313,0.004286,0.004341,Internal
2024-11-14,COP,ARS,0.088438,0.087833,0.089044,Bloomberg
2024-11-14,ARS,MXN,0.047843,0.0476,0.048086,Bloomberg
2024-11-14,ARS,COP,11.298494,11.170233,11.426754,Reuters
2024-11-15,MXN,USD,0.058681,0.058371,0.058992,Internal
2024-11-15,COP,USD,0.000248,0.000245,0.000252,Reuters
2024-11-15,ARS,USD,0.002862,0.002828,0.002896,Reuters
2024-11-15,USD,MXN,16.913208,16.790954,17.035463,Internal
2024-11-15,USD,COP,3972.201214,3948.511447,3995.890981,Bloomberg
2024-11-15,USD,ARS,350.481286,347.633486,353.329086,Internal
2024-11-15,MXN,COP,238.40411,234.900883,241.907337,Reuters
2024-11-15,MXN,ARS,20.45072,20.277359,20.62408,Central Bank
2024-11-15,COP,MXN,0.004193,0.004138,0.004249,Central Bank
2024-11-15,COP,ARS,0.085762,0.085119,0.086404,Bloomberg
2024-11-15,ARS,MXN,0.048879,0.048172,0.049586,Central Bank
2024-11-15,ARS,COP,11.624821,11.476124,11.773518,Bloomberg
2024-11-16,MXN,USD,0.059819,0.059137,0.060501,Internal
2024-11-16,COP,USD,0.00025,0.000248,0.000252,Reuters
2024-11-16,ARS,USD,0.002861,0.002831,0.002891,Bloomberg
2024-11-16,USD,MXN,17.07989,16.89958,17.2602,Reuters
2024-11-16,USD,COP,4008.663016,3981.766122,4035.55991,Reuters
2024-11-16,USD,ARS,345.384357,340.750341,350.018372,Bloomberg
2024-11-16,MXN,COP,237.296966,235.368625,239.225307,Internal
2024-11-16,MXN,ARS,20.271717,20.068522,20.474912,Internal
2024-11-16,COP,MXN,0.004228,0.004203,0.004252,Central Bank
2024-11-16,COP,ARS,0.085942,0.084724,0.087159,Central Bank
2024-11-16,ARS,MXN,0.048306,0.047775,0.048837,Reuters
2024-11-16,ARS,COP,11.404908,11.312841,11.496975,Internal
2024-11-17,MXN,USD,0.058189,0.057685,0.058693,Bloomberg
2024-11-17,COP,USD,0.000249,0.000247,0.00025,Internal
2024-11-17,ARS,USD,0.0029,0.002864,0.002936,Reuters
2024-11-17,USD,MXN,16.736252,16.520443,16.952061,Internal
2024-11-17,USD,COP,3939.053199,3896.48854,3981.617857,Internal
2024-11-17,USD,ARS,345.792143,343.062512,348.521774,Bloomberg
2024-11-17,MXN,COP,230.933148,229.244177,232.62212,Central Bank
2024-11-17,MXN,ARS,20.359496,20.232288,20.486705,Bloomberg
2024-11-17,COP,MXN,0.004237,0.004178,0.004295,Central Bank
2024-11-17,COP,ARS,0.088159,0.087507,0.088811,Bloomberg
2024-11-17,ARS,MXN,0.04843,0.04817,0.04869,Internal
2024-11-17,ARS,COP,11.431327,11.272474,11.590179,Central Bank
2024-11-18,MXN,USD,0.058477,0.058083,0.058871,Internal
2024-11-18,COP,USD,0.000247,0.000245,0.000249,Internal
2024-11-18,ARS,USD,0.002821,0.002788,0.002854,Reuters
2024-11-18,USD,MXN,16.783447,16.624815,16.942079,Reuters
2024-11-18,USD,COP,3985.374992,3932.300469,4038.449516,Bloomberg
2024-11-18,USD,ARS,355.97215,351.597471,360.346829,Internal
2024-11-18,MXN,COP,238.232168,235.172673,241.291662,Central Bank
2024-11-18,MXN,ARS,20.260081,20.044408,20.475755,Central Bank
2024-11-18,COP,MXN,0.004226,0.004175,0.004276,Bloomberg
2024-11-18,COP,ARS,0.086774,0.085586,0.087962,Internal
2024-11-18,ARS,MXN,0.04777,0.047302,0.048238,Internal
2024-11-18,ARS,COP,11.62675,11.499729,11.753771,Internal
2024-11-19,MXN,USD,0.059033,0.058699,0.059366,Reuters
2024-11-19,COP,USD,0.000247,0.000244,0.00025,Bloomberg
2024-11-19,ARS,USD,0.002867,0.002836,0.002898,Internal
2024-11-19,USD,MXN,17.087791,16.928873,17.24671,Reuters
2024-11-19,USD,COP,3928.425326,3885.702053,3971.148599,Central Bank
2024-11-19,USD,ARS,352.652912,350.494093,354.811732,Reuters
2024-11-19,MXN,COP,235.10297,232.569878,237.636062,Bloomberg
2024-11-19,MXN,ARS,20.862191,20.615233,21.109149,Reuters
2024-11-19,COP,MXN,0.004193,0.004142,0.004243,Internal
2024-11-19,COP,ARS,0.088072,0.087376,0.088769,Reuters
2024-11-19,ARS,MXN,0.047931,0.04755,0.048312,Reuters
2024-11-19,ARS,COP,11.536513,11.419464,11.653563,Reuters
2024-11-20,MXN,USD,0.059104,0.058254,0.059955,Internal
2024-11-20,COP,USD,0.000251,0.000248,0.000253,Reuters
2024-11-20,ARS,USD,0.002894,0.002854,0.002934,Reuters
2024-11-20,USD,MXN,17.091874,16.908818,17.274931,Bloomberg
2024-11-20,USD,COP,4071.271657,4020.710646,4121.832668,Central Bank
2024-11-20,USD,ARS,345.508102,343.533671,347.482532,Internal
2024-11-20,MXN,COP,237.469441,234.835423,240.103458,Central Bank
2024-11-20,MXN,ARS,20.851766,20.68511,21.018422,Bloomberg
2024-11-20,COP,MXN,0.004274,0.004214,0.004334,Internal
2024-11-20,COP,ARS,0.088895,0.08804,0.089751,Reuters
2024-11-20,ARS,MXN,0.049058,0.048553,0.049563,Reuters
2024-11-20,ARS,COP,11.623059,11.470694,11.775423,Reuters
2024-11-21,MXN,USD,0.059517,0.059097,0.059937,Internal
2024-11-21,COP,USD,0.000253,0.000251,0.000254,Internal
2024-11-21,ARS,USD,0.002912,0.002895,0.00293,Bloomberg
2024-11-21,USD,MXN,17.153761,16.958518,17.349005,Bloomberg
2024-11-21,USD,COP,4004.506099,3970.799409,4038.212788,Internal
2024-11-21,USD,ARS,354.884898,352.705632,357.064164,Central Bank
2024-11-21,MXN,COP,236.029386,233.410039,238.648733,Internal
2024-11-21,MXN,ARS,20.863535,20.742571,20.984499,Reuters
2024-11-21,COP,MXN,0.004263,0.004204,0.004322,Central Bank
2024-11-21,COP,ARS,0.088333,0.087346,0.089319,Bloomberg
2024-11-21,ARS,MXN,0.049219,0.048754,0.049684,Central Bank
2024-11-21,ARS,COP,11.369329,11.295677,11.44298,Internal
2024-11-22,MXN,USD,0.059823,0.059173,0.060472,Bloomberg
2024-11-22,COP,USD,0.000253,0.000251,0.000255,Reuters
2024-11-22,ARS,USD,0.002885,0.002855,0.002915,Central Bank
2024-11-22,USD,MXN,17.17309,17.007425,17.338755,Central Bank
2024-11-22,USD,COP,4043.008352,3995.748174,4090.268531,Bloomberg
2024-11-22,USD,ARS,344.771511,341.68731,347.855713,Central Bank
2024-11-22,MXN,COP,231.735158,230.017697,233.452619,Central Bank
2024-11-22,MXN,ARS,20.185064,19.89066,20.479469,Bloomberg
2024-11-22,COP,MXN,0.00431,0.004246,0.004374,Reuters
2024-11-22,COP,ARS,0.08622,0.085043,0.087398,Reuters
2024-11-22,ARS,MXN,0.047836,0.04725,0.048421,Central Bank
2024-11-22,ARS,COP,11.462385,11.325973,11.598797,Reuters
2024-11-23,MXN,USD,0.059591,0.058818,0.060365,Central Bank
2024-11-23,COP,USD,0.000245,0.000243,0.000247,Bloomberg
2024-11-23,ARS,USD,0.002834,0.0028,0.002869,Bloomberg
2024-11-23,USD,MXN,16.932313,16.694283,17.170344,Internal
2024-11-23,USD,COP,3952.902652,3903.193874,4002.611431,Bloomberg
2024-11-23,USD,ARS,355.810177,353.750513,357.86984,Reuters
2024-11-23,MXN,COP,235.385007,232.796752,237.973263,Bloomberg
2024-11-23,MXN,ARS,20.348577,20.197591,20.499562,Central Bank
2024-11-23,COP,MXN,0.004285,0.004236,0.004333,Reuters
2024-11-23,COP,ARS,0.089164,0.087847,0.090481,Internal
2024-11-23,ARS,MXN,0.047776,0.047234,0.048317,Reuters
2024-11-23,ARS,COP,11.40588,11.320757,11.491003,Reuters
2024-11-24,MXN,USD,0.059672,0.058884,0.06046,Bloomberg
2024-11-24,COP,USD,0.000251,0.000248,0.000254,Reuters
2024-11-24,ARS,USD,0.00284,0.002801,0.002879,Central Bank
2024-11-24,USD,MXN,16.918285,16.792058,17.044512,Central Bank
2024-11-24,USD,COP,4025.603942,3971.728513,4079.479371,Bloomberg
2024-11-24,USD,ARS,349.601515,347.218244,351.984786,Central Bank
2024-11-24,MXN,COP,238.637744,236.14469,241.130798,Internal
2024-11-24,MXN,ARS,20.997339,20.755836,21.238841,Internal
2024-11-24,COP,MXN,0.004166,0.004107,0.004225,Reuters
2024-11-24,COP,ARS,0.08637,0.085867,0.086873,Reuters
2024-11-24,ARS,MXN,0.048098,0.047465,0.048732,Internal
2024-11-24,ARS,COP,11.234991,11.078454,11.391529,Internal
2024-11-25,MXN,USD,0.059903,0.05941,0.060396,Bloomberg
2024-11-25,COP,USD,0.000248,0.000245,0.000252,Reuters
2024-11-25,ARS,USD,0.002847,0.002825,0.002869,Reuters
2024-11-25,USD,MXN,17.315068,17.222004,17.408131,Central Bank
2024-11-25,USD,COP,3941.659027,3883.31738,4000.000673,Central Bank
2024-11-25,USD,ARS,346.696823,343.27629,350.117356,Bloomberg
2024-11-25,MXN,COP,234.562077,231.199332,237.924822,Central Bank
2024-11-25,MXN,ARS,20.393304,20.238485,20.548122,Reuters
2024-11-25,COP,MXN,0.004242,0.004198,0.004286,Bloomberg
2024-11-25,COP,ARS,0.087822,0.086685,0.088959,Central Bank
2024-11-25,ARS,MXN,0.048718,0.048194,0.049242,Central Bank
2024-11-25,ARS,COP,11.391264,11.288499,11.494028,Central Bank
2024-11-26,MXN,USD,0.058987,0.05859,0.059385,Reuters
2024-11-26,COP,USD,0.000254,0.000252,0.000257,Reuters
2024-11-26,ARS,USD,0.0029,0.002863,0.002936,Reuters
2024-11-26,USD,MXN,16.736082,16.534093,16.938072,Reuters
2024-11-26,USD,COP,4006.022012,3950.227874,4061.81615,Bloomberg
2024-11-26,USD,ARS,354.842016,352.630336,357.053696,Reuters
2024-11-26,MXN,COP,238.948386,237.702812,240.193959,Internal
2024-11-26,MXN,ARS,20.840272,20.536034,21.144509,Central Bank
2024-11-26,COP,MXN,0.004299,0.004245,0.004353,Reuters
2024-11-26,COP,ARS,0.088465,0.087345,0.089584,Central Bank
2024-11-26,ARS,MXN,0.047995,0.0473,0.048689,Central Bank
2024-11-26,ARS,COP,11.431889,11.351232,11.512546,Internal
2024-11-27,MXN,USD,0.05869,0.057958,0.059422,Bloomberg
2024-11-27,COP,USD,0.000252,0.000251,0.000254,Reuters
2024-11-27,ARS,USD,0.002887,0.00286,0.002914,Reuters
2024-11-27,USD,MXN,16.724119,16.52051,16.927729,Central Bank
2024-11-27,USD,COP,4019.630185,3995.001224,4044.259146,Reuters
2024-11-27,USD,ARS,345.702019,341.11834,350.285699,Internal
2024-11-27,MXN,COP,239.711291,238.066177,241.356405,Bloomberg
2024-11-27,MXN,ARS,20.502504,20.328503,20.676505,Bloomberg
2024-11-27,COP,MXN,0.00433,0.004268,0.004392,Central Bank
2024-11-27,COP,ARS,0.088043,0.087453,0.088633,Bloomberg
2024-11-27,ARS,MXN,0.049338,0.04879,0.049886,Reuters
2024-11-27,ARS,COP,11.40581,11.333503,11.478118,Reuters
2024-11-28,MXN,USD,0.05943,0.059094,0.059767,Central Bank
2024-11-28,COP,USD,0.000252,0.00025,0.000255,Reuters
2024-11-28,ARS,USD,0.002811,0.002791,0.002831,Reuters
2024-11-28,USD,MXN,16.912437,16.695826,17.129049,Central Bank
2024-11-28,USD,COP,3929.519558,3890.903336,3968.135779,Reuters
2024-11-28,USD,ARS,344.38307,340.476761,348.289378,Bloomberg
2024-11-28,MXN,COP,231.945397,230.14307,233.747723,Internal
2024-11-28,MXN,ARS,20.199662,19.951168,20.448156,Internal
2024-11-28,COP,MXN,0.004191,0.004153,0.004228,Reuters
2024-11-28,COP,ARS,0.088779,0.087826,0.089733,Bloomberg
2024-11-28,ARS,MXN,0.047956,0.047537,0.048375,Internal
2024-11-28,ARS,COP,11.584906,11.435061,11.734751,Bloomberg
2024-11-29,MXN,USD,0.058329,0.057882,0.058775,Bloomberg
2024-11-29,COP,USD,0.000247,0.000245,0.000248,Central Bank
2024-11-29,ARS,USD,0.002804,0.002781,0.002827,Internal
2024-11-29,USD,MXN,16.727467,16.580018,16.874917,Central Bank
2024-11-29,USD,COP,3995.982583,3970.036296,4021.928869,Internal
2024-11-29,USD,ARS,349.281111,345.254607,353.307616,Central Bank
2024-11-29,MXN,COP,239.381178,237.821737,240.940618,Central Bank
2024-11-29,MXN,ARS,20.202657,20.03392,20.371394,Bloomberg
2024-11-29,COP,MXN,0.004231,0.004176,0.004287,Bloomberg
2024-11-29,COP,ARS,0.085995,0.085255,0.086735,Internal
2024-11-29,ARS,MXN,0.049462,0.048926,0.049998,Central Bank
2024-11-29,ARS,COP,11.354955,11.244154,11.465756,Reuters
2024-11-30,MXN,USD,0.057718,0.057374,0.058062,Bloomberg
2024-11-30,COP,USD,0.000246,0.000243,0.00025,Central Bank
2024-11-30,ARS,USD,0.002803,0.002776,0.00283,Internal
2024-11-30,USD,MXN,16.720843,16.511392,16.930294,Central Bank
2024-11-30,USD,COP,4024.695759,3997.663279,4051.728239,Central Bank
2024-11-30,USD,ARS,344.528199,340.94326,348.113139,Internal
2024-11-30,MXN,COP,235.918792,232.985745,238.851839,Internal
2024-11-30,MXN,ARS,20.904964,20.663494,21.146435,Internal
2024-11-30,COP,MXN,0.004189,0.004163,0.004215,Reuters
2024-11-30,COP,ARS,0.086857,0.085622,0.088092,Reuters
2024-11-30,ARS,MXN,0.049044,0.048411,0.049678,Internal
2024-11-30,ARS,COP,11.250724,11.175661,11.325787,Central Bank
2024-12-01,MXN,USD,0.058762,0.058465,0.05906,Reuters
2024-12-01,COP,USD,0.000248,0.000246,0.00025,Bloomberg
2024-12-01,ARS,USD,0.002894,0.002858,0.002931,Reuters
2024-12-01,USD,MXN,17.242643,16.995957,17.489329,Bloomberg
2024-12-01,USD,COP,3949.38674,3923.943816,3974.829665,Internal
2024-12-01,USD,ARS,343.215555,340.324577,346.106532,Bloomberg
2024-12-01,MXN,COP,239.165831,237.324545,241.007116,Central Bank
2024-12-01,MXN,ARS,20.293343,20.043213,20.543472,Central Bank
2024-12-01,COP,MXN,0.004264,0.00423,0.004298,Internal
2024-12-01,COP,ARS,0.088542,0.08768,0.089405,Bloomberg
2024-12-01,ARS,MXN,0.04833,0.048078,0.048583,Bloomberg
2024-12-01,ARS,COP,11.392305,11.264083,11.520526,Reuters
2024-12-02,MXN,USD,0.057869,0.057046,0.058693,Internal
2024-12-02,COP,USD,0.000249,0.000246,0.000252,Reuters
2024-12-02,ARS,USD,0.002882,0.002867,0.002897,Bloomberg
2024-12-02,USD,MXN,16.843837,16.701516,16.986158,Reuters
2024-12-02,USD,COP,4013.495379,3979.350344,4047.640415,Internal
2024-12-02,USD,ARS,343.518775,341.437846,345.599705,Central Bank
2024-12-02,MXN,COP,233.596886,230.256122,236.937651,Central Bank
2024-12-02,MXN,ARS,20.317071,20.12815,20.505993,Internal
2024-12-02,COP,MXN,0.004334,0.004282,0.004386,Internal
2024-12-02,COP,ARS,0.086644,0.085729,0.087559,Internal
2024-12-02,ARS,MXN,0.047847,0.047385,0.048308,Central Bank
2024-12-02,ARS,COP,11.615019,11.498846,11.731193,Reuters
2024-12-03,MXN,USD,0.058381,0.057938,0.058824,Bloomberg
2024-12-03,COP,USD,0.000249,0.000246,0.000252,Central Bank
2024-12-03,ARS,USD,0.002912,0.002894,0.002929,Central Bank
2024-12-03,USD,MXN,16.993673,16.803393,17.183953,Bloomberg
2024-12-03,USD,COP,3933.720645,3902.220373,3965.220918,Central Bank
2024-12-03,USD,ARS,348.651295,344.338558,352.964031,Bloomberg
2024-12-03,MXN,COP,234.287418,230.862258,237.712577,Bloomberg
2024-12-03,MXN,ARS,20.862969,20.594792,21.131147,Bloomberg
2024-12-03,COP,MXN,0.004212,0.00418,0.004245,Internal
2024-12-03,COP,ARS,0.086696,0.085444,0.087949,Central Bank
2024-12-03,ARS,MXN,0.04858,0.04828,0.048879,Internal
2024-12-03,ARS,COP,11.345628,11.239921,11.451334,Bloomberg
2024-12-04,MXN,USD,0.059328,0.059026,0.05963,Central Bank
2024-12-04,COP,USD,0.000255,0.000253,0.000257,Internal
2024-12-04,ARS,USD,0.002878,0.002843,0.002914,Central Bank
2024-12-04,USD,MXN,16.90431,16.764198,17.044422,Bloomberg
2024-12-04,USD,COP,4041.817999,4021.528948,4062.10705,Central Bank
2024-12-04,USD,ARS,343.254432,339.756679,346.752185,Bloomberg
2024-12-04,MXN,COP,238.054395,235.09353,241.01526,Internal
2024-12-04,MXN,ARS,20.549889,20.325126,20.774652,Central Bank
2024-12-04,COP,MXN,0.004166,0.004123,0.004208,Central Bank
2024-12-04,COP,ARS,0.086175,0.085641,0.086708,Central Bank
2024-12-04,ARS,MXN,0.047645,0.046952,0.048338,Central Bank
2024-12-04,ARS,COP,11.375764,11.233229,11.518298,Bloomberg
2024-12-05,MXN,USD,0.059577,0.059197,0.059958,Internal
2024-12-05,COP,USD,0.000247,0.000245,0.000249,Internal
2024-12-05,ARS,USD,0.002885,0.002852,0.002917,Internal
2024-12-05,USD,MXN,16.666056,16.450205,16.881908,Reuters
2024-12-05,USD,COP,3968.032251,3908.948569,4027.115933,Central Bank
2024-12-05,USD,ARS,356.199238,351.331417,361.06706,Internal
2024-12-05,MXN,COP,235.106154,233.324019,236.88829,Bloomberg
2024-12-05,MXN,ARS,20.209931,20.104221,20.315641,Reuters
2024-12-05,COP,MXN,0.004281,0.004249,0.004313,Central Bank
2024-12-05,COP,ARS,0.088866,0.087779,0.089953,Bloomberg
2024-12-05,ARS,MXN,0.049452,0.049164,0.04974,Central Bank
2024-12-05,ARS,COP,11.439265,11.372326,11.506203,Central Bank
2024-12-06,MXN,USD,0.059205,0.05858,0.05983,Reuters
2024-12-06,COP,USD,0.000252,0.00025,0.000254,Bloomberg
2024-12-06,ARS,USD,0.002887,0.002845,0.002929,Reuters
2024-12-06,USD,MXN,16.762055,16.675199,16.848911,Reuters
2024-12-06,USD,COP,4048.787178,4001.62971,4095.944645,Central Bank
2024-12-06,USD,ARS,348.082264,345.214268,350.950259,Bloomberg
2024-12-06,MXN,COP,233.202203,231.077461,235.326945,Internal
2024-12-06,MXN,ARS,20.44136,20.146299,20.736421,Reuters
2024-12-06,COP,MXN,0.004213,0.004155,0.004272,Reuters
2024-12-06,COP,ARS,0.088771,0.087944,0.089599,Bloomberg
2024-12-06,ARS,MXN,0.048991,0.0487,0.049283,Bloomberg
2024-12-06,ARS,COP,11.322056,11.192536,11.451576,Central Bank
2024-12-07,MXN,USD,0.059553,0.058835,0.060272,Central Bank
2024-12-07,COP,USD,0.000252,0.00025,0.000254,Bloomberg
2024-12-07,ARS,USD,0.002875,0.002845,0.002904,Reuters
2024-12-07,USD,MXN,17.318339,17.205893,17.430786,Internal
2024-12-07,USD,COP,3942.518146,3901.875576,3983.160716,Central Bank
2024-12-07,USD,ARS,349.956329,345.795953,354.116705,Bloomberg
2024-12-07,MXN,COP,234.988885,231.958307,238.019463,Reuters
2024-12-07,MXN,ARS,20.701202,20.557814,20.844589,Reuters
2024-12-07,COP,MXN,0.004192,0.004132,0.004252,Reuters
2024-12-07,COP,ARS,0.089235,0.088773,0.089697,Reuters
2024-12-07,ARS,MXN,0.047769,0.047234,0.048304,Bloomberg
2024-12-07,ARS,COP,11.452188,11.356904,11.547472,Central Bank
2024-12-08,MXN,USD,0.059263,0.05841,0.060115,Bloomberg
2024-12-08,COP,USD,0.000253,0.000249,0.000257,Reuters
2024-12-08,ARS,USD,0.002865,0.002842,0.002887,Internal
2024-12-08,USD,MXN,16.737807,16.648811,16.826803,Internal
2024-12-08,USD,COP,4016.258407,3987.378968,4045.137846,Reuters
2024-12-08,USD,ARS,348.970588,347.143616,350.797559,Central Bank
2024-12-08,MXN,COP,231.790935,230.070344,233.511526,Bloomberg
2024-12-08,MXN,ARS,20.553879,20.44502,20.662737,Bloomberg
2024-12-08,COP,MXN,0.004199,0.00414,0.004258,Internal
2024-12-08,COP,ARS,0.08599,0.085483,0.086497,Central Bank
2024-12-08,ARS,MXN,0.048872,0.048499,0.049246,Reuters
2024-12-08,ARS,COP,11.20527,11.066837,11.343703,Internal
2024-12-09,MXN,USD,0.059415,0.058985,0.059846,Reuters
2024-12-09,COP,USD,0.000248,0.000245,0.000251,Reuters
2024-12-09,ARS,USD,0.002875,0.002835,0.002915,Internal
2024-12-09,USD,MXN,16.944894,16.8231,17.066688,Reuters
2024-12-09,USD,COP,3981.251097,3922.870314,4039.631879,Central Bank
2024-12-09,USD,ARS,351.708549,348.779182,354.637917,Central Bank
2024-12-09,MXN,COP,234.032479,231.179206,236.885753,Bloomberg
2024-12-09,MXN,ARS,20.970385,20.800708,21.140062,Bloomberg
2024-12-09,COP,MXN,0.004209,0.004173,0.004245,Internal
2024-12-09,COP,ARS,0.086041,0.084751,0.087331,Bloomberg
2024-12-09,ARS,MXN,0.047917,0.047525,0.048309,Central Bank
2024-12-09,ARS,COP,11.542607,11.470325,11.614889,Internal
2024-12-10,MXN,USD,0.059219,0.058815,0.059624,Internal
2024-12-10,COP,USD,0.000255,0.000252,0.000257,Internal
2024-12-10,ARS,USD,0.00288,0.002855,0.002906,Reuters
2024-12-10,USD,MXN,17.29368,17.071772,17.515588,Bloomberg
2024-12-10,USD,COP,4056.948116,4025.463686,4088.432546,Central Bank
2024-12-10,USD,ARS,356.389497,352.392941,360.386053,Internal
2024-12-10,MXN,COP,238.907051,236.735936,241.078166,Internal
2024-12-10,MXN,ARS,20.596995,20.320108,20.873882,Reuters
2024-12-10,COP,MXN,0.004245,0.004189,0.004302,Bloomberg
2024-12-10,COP,ARS,0.087774,0.086774,0.088773,Reuters
2024-12-10,ARS,MXN,0.047629,0.047194,0.048064,Central Bank
2024-12-10,ARS,COP,11.568583,11.475652,11.661515,Internal
2024-12-11,MXN,USD,0.059985,0.059101,0.060868,Bloomberg
2024-12-11,COP,USD,0.000247,0.000244,0.000251,Bloomberg
2024-12-11,ARS,USD,0.002835,0.002812,0.002858,Internal
2024-12-11,USD,MXN,17.257519,17.041127,17.473912,Bloomberg
2024-12-11,USD,COP,4071.595885,4045.097292,4098.094478,Reuters
2024-12-11,USD,ARS,354.068819,350.765981,357.371656,Reuters
2024-12-11,MXN,COP,236.2786,233.322259,239.234941,Bloomberg
2024-12-11,MXN,ARS,20.470402,20.25038,20.690425,Bloomberg
2024-12-11,COP,MXN,0.004168,0.00413,0.004205,Reuters
2024-12-11,COP,ARS,0.088554,0.087542,0.089566,Central Bank
2024-12-11,ARS,MXN,0.049089,0.048794,0.049384,Internal
2024-12-11,ARS,COP,11.553879,11.432944,11.674814,Central Bank
2024-12-12,MXN,USD,0.058897,0.058329,0.059464,Central Bank
2024-12-12,COP,USD,0.000254,0.000251,0.000256,Reuters
2024-12-12,ARS,USD,0.002826,0.002792,0.002859,Reuters
2024-12-12,USD,MXN,17.000301,16.768417,17.232185,Bloomberg
2024-12-12,USD,COP,4035.842505,3994.344556,4077.340453,Reuters
2024-12-12,USD,ARS,351.213611,347.983234,354.443987,Central Bank
2024-12-12,MXN,COP,239.934799,237.763026,242.106573,Central Bank
2024-12-12,MXN,ARS,20.462496,20.340061,20.584931,Central Bank
2024-12-12,COP,MXN,0.004334,0.004304,0.004363,Bloomberg
2024-12-12,COP,ARS,0.088603,0.087831,0.089375,Bloomberg
2024-12-12,ARS,MXN,0.048876,0.048495,0.049256,Bloomberg
2024-12-12,ARS,COP,11.312976,11.253095,11.372856,Internal
2024-12-13,MXN,USD,0.057767,0.057125,0.058409,Internal
2024-12-13,COP,USD,0.000245,0.000241,0.000249,Internal
2024-12-13,ARS,USD,0.002816,0.002782,0.00285,Internal
2024-12-13,USD,MXN,16.695953,16.602713,16.789192,Bloomberg
2024-12-13,USD,COP,3929.997116,3882.881664,3977.112569,Central Bank
2024-12-13,USD,ARS,351.325443,347.63386,355.017026,Central Bank
2024-12-13,MXN,COP,231.342889,228.317877,234.3679,Central Bank
2024-12-13,MXN,ARS,20.949236,20.800527,21.097946,Internal
2024-12-13,COP,MXN,0.004303,0.004271,0.004335,Internal
2024-12-13,COP,ARS,0.088366,0.087403,0.089329,Internal
2024-12-13,ARS,MXN,0.04908,0.048563,0.049598,Central Bank
2024-12-13,ARS,COP,11.55688,11.486965,11.626794,Internal
2024-12-14,MXN,USD,0.059727,0.059336,0.060119,Reuters
2024-12-14,COP,USD,0.000252,0.000249,0.000255,Central Bank
2024-12-14,ARS,USD,0.002882,0.002861,0.002904,Reuters
2024-12-14,USD,MXN,17.234873,17.039062,17.430684,Reuters
2024-12-14,USD,COP,4058.773712,4001.087802,4116.459622,Central Bank
2024-12-14,USD,ARS,344.078578,339.061209,349.095947,Reuters
2024-12-14,MXN,COP,232.691359,230.294384,235.088334,Central Bank
2024-12-14,MXN,ARS,20.19511,19.90781,20.482411,Internal
2024-12-14,COP,MXN,0.004254,0.004232,0.004275,Bloomberg
2024-12-14,COP,ARS,0.088478,0.087506,0.08945,Central Bank
2024-12-14,ARS,MXN,0.048989,0.048515,0.049463,Internal
2024-12-14,ARS,COP,11.248358,11.189024,11.307692,Central Bank
2024-12-15,MXN,USD,0.05948,0.058904,0.060057,Bloomberg
2024-12-15,COP,USD,0.000246,0.000245,0.000248,Internal
2024-12-15,ARS,USD,0.002829,0.002801,0.002857,Central Bank
2024-12-15,USD,MXN,17.024122,16.856407,17.191838,Bloomberg
2024-12-15,USD,COP,3926.450941,3872.332406,3980.569476,Central Bank
2024-12-15,USD,ARS,355.595384,353.792608,357.398161,Reuters
2024-12-15,MXN,COP,235.736752,232.969824,238.50368,Reuters
2024-12-15,MXN,ARS,20.822429,20.621384,21.023474,Central Bank
2024-12-15,COP,MXN,0.004168,0.00412,0.004215,Reuters
2024-12-15,COP,ARS,0.08643,0.085334,0.087525,Bloomberg
2024-12-15,ARS,MXN,0.049303,0.048581,0.050024,Bloomberg
2024-12-15,ARS,COP,11.643556,11.571186,11.715925,Central Bank
2024-12-16,MXN,USD,0.059504,0.058978,0.060031,Internal
2024-12-16,COP,USD,0.000251,0.000247,0.000254,Reuters
2024-12-16,ARS,USD,0.002846,0.002818,0.002873,Internal
2024-12-16,USD,MXN,17.204576,17.001177,17.407975,Reuters
2024-12-16,USD,COP,3930.606915,3886.59419,3974.61964,Central Bank
2024-12-16,USD,ARS,346.442709,341.766757,351.118662,Reuters
2024-12-16,MXN,COP,237.148061,233.73407,240.562051,Bloomberg
2024-12-16,MXN,ARS,20.250129,20.137758,20.362501,Central Bank
2024-12-16,COP,MXN,0.004308,0.004248,0.004368,Bloomberg
2024-12-16,COP,ARS,0.087109,0.08667,0.087549,Central Bank
2024-12-16,ARS,MXN,0.048023,0.047608,0.048438,Reuters
2024-12-16,ARS,COP,11.608132,11.53192,11.684344,Bloomberg
2024-12-17,MXN,USD,0.059301,0.058592,0.060009,Bloomberg
2024-12-17,COP,USD,0.000251,0.000249,0.000253,Reuters
2024-12-17,ARS,USD,0.002858,0.002837,0.002878,Central Bank
2024-12-17,USD,MXN,16.864971,16.762577,16.967364,Internal
2024-12-17,USD,COP,4016.109923,3963.519383,4068.700463,Central Bank
2024-12-17,USD,ARS,347.4295,344.898013,349.960986,Bloomberg
2024-12-17,MXN,COP,231.538202,228.269828,234.806577,Internal
2024-12-17,MXN,ARS,20.568694,20.390831,20.746557,Internal
2024-12-17,COP,MXN,0.004284,0.004245,0.004322,Bloomberg
2024-12-17,COP,ARS,0.086559,0.085375,0.087743,Reuters
2024-12-17,ARS,MXN,0.048052,0.047548,0.048557,Central Bank
2024-12-17,ARS,COP,11.201436,11.143516,11.259355,Central Bank
2024-12-18,MXN,USD,0.059719,0.059255,0.060182,Internal
2024-12-18,COP,USD,0.000249,0.000246,0.000252,Bloomberg
2024-12-18,ARS,USD,0.002856,0.002818,0.002894,Internal
2024-12-18,USD,MXN,17.241755,17.134464,17.349047,Internal
2024-12-18,USD,COP,3959.485105,3926.345797,3992.624413,Central Bank
2024-12-18,USD,ARS,344.91542,340.533517,349.297324,Internal
2024-12-18,MXN,COP,239.130422,237.146798,241.114047,Central Bank
2024-12-18,MXN,ARS,20.286812,20.065224,20.5084,Internal
2024-12-18,COP,MXN,0.004251,0.004215,0.004287,Reuters
2024-12-18,COP,ARS,0.086292,0.085123,0.08746,Central Bank
2024-12-18,ARS,MXN,0.049081,0.048437,0.049725,Internal
2024-12-18,ARS,COP,11.273498,11.134343,11.412652,Central Bank
2024-12-19,MXN,USD,0.058008,0.057262,0.058755,Internal
2024-12-19,COP,USD,0.000253,0.000249,0.000256,Reuters
2024-12-19,ARS,USD,0.002888,0.002862,0.002915,Internal
2024-12-19,USD,MXN,16.978623,16.887503,17.069744,Central Bank
2024-12-19,USD,COP,3990.646871,3969.603533,4011.69021,Bloomberg
2024-12-19,USD,ARS,343.856046,340.417347,347.294745,Central Bank
2024-12-19,MXN,COP,233.992036,230.937249,237.046823,Internal
2024-12-19,MXN,ARS,20.614225,20.378972,20.849478,Bloomberg
2024-12-19,COP,MXN,0.004247,0.004195,0.004299,Bloomberg
2024-12-19,COP,ARS,0.086092,0.085388,0.086796,Bloomberg
2024-12-19,ARS,MXN,0.04863,0.048009,0.049251,Internal
2024-12-19,ARS,COP,11.335546,11.270605,11.400487,Reuters
2024-12-20,MXN,USD,0.058831,0.058346,0.059316,Internal
2024-12-20,COP,USD,0.000252,0.000249,0.000254,Bloomberg
2024-12-20,ARS,USD,0.002864,0.00284,0.002888,Internal
2024-12-20,USD,MXN,17.125971,16.971353,17.280589,Bloomberg
2024-12-20,USD,COP,4062.960471,4035.091143,4090.8298,Reuters
2024-12-20,USD,ARS,356.958444,353.571997,360.34489,Internal
2024-12-20,MXN,COP,232.947498,231.758801,234.136196,Internal
2024-12-20,MXN,ARS,20.7391,20.605578,20.872622,Central Bank
2024-12-20,COP,MXN,0.004311,0.004259,0.004363,Reuters
2024-12-20,COP,ARS,0.086479,0.085572,0.087386,Internal
2024-12-20,ARS,MXN,0.048525,0.047946,0.049103,Reuters
2024-12-20,ARS,COP,11.475996,11.393612,11.558381,Internal
2024-12-21,MXN,USD,0.059346,0.058553,0.060139,Central Bank
2024-12-21,COP,USD,0.000249,0.000246,0.000252,Central Bank
2024-12-21,ARS,USD,0.002891,0.002862,0.002921,Internal
2024-12-21,USD,MXN,17.062099,16.936905,17.187293,Central Bank
2024-12-21,USD,COP,4031.027474,3979.423385,4082.631563,Bloomberg
2024-12-21,USD,ARS,346.635915,343.700418,349.571412,Central Bank
2024-12-21,MXN,COP,237.05698,233.634849,240.479112,Bloomberg
2024-12-21,MXN,ARS,20.567042,20.345389,20.788695,Central Bank
2024-12-21,COP,MXN,0.004328,0.004292,0.004363,Internal
2024-12-21,COP,ARS,0.087252,0.086591,0.087913,Central Bank
2024-12-21,ARS,MXN,0.048211,0.047641,0.04878,Reuters
2024-12-21,ARS,COP,11.388111,11.324592,11.451631,Internal
2024-12-22,MXN,USD,0.058824,0.058011,0.059637,Internal
2024-12-22,COP,USD,0.000252,0.00025,0.000254,Bloomberg
2024-12-22,ARS,USD,0.00285,0.002833,0.002866,Central Bank
2024-12-22,USD,MXN,16.824043,16.608484,17.039602,Reuters
2024-12-22,USD,COP,3943.546012,3916.693316,3970.398709,Bloomberg
2024-12-22,USD,ARS,355.044387,350.607827,359.480948,Bloomberg
2024-12-22,MXN,COP,234.874745,233.215961,236.533529,Central Bank
2024-12-22,MXN,ARS,20.75802,20.617811,20.898228,Bloomberg
2024-12-22,COP,MXN,0.004247,0.004221,0.004273,Central Bank
2024-12-22,COP,ARS,0.088676,0.087496,0.089855,Internal
2024-12-22,ARS,MXN,0.048428,0.048127,0.048728,Internal
2024-12-22,ARS,COP,11.248735,11.174001,11.32347,Reuters
2024-12-23,MXN,USD,0.058018,0.057216,0.05882,Reuters
2024-12-23,COP,USD,0.000246,0.000244,0.000248,Internal
2024-12-23,ARS,USD,0.002866,0.002845,0.002887,Reuters
2024-12-23,USD,MXN,16.779491,16.678215,16.880766,Internal
2024-12-23,USD,COP,4072.856626,4052.172069,4093.541183,Bloomberg
2024-12-23,USD,ARS,345.620526,340.787062,350.453991,Internal
2024-12-23,MXN,COP,239.952017,236.391256,243.512778,Central Bank
2024-12-23,MXN,ARS,20.255246,19.95561,20.554881,Reuters
2024-12-23,COP,MXN,0.004196,0.004159,0.004234,Internal
2024-12-23,COP,ARS,0.088651,0.088154,0.089148,Central Bank
2024-12-23,ARS,MXN,0.049287,0.048819,0.049756,Central Bank
2024-12-23,ARS,COP,11.621299,11.469499,11.773099,Central Bank
2024-12-24,MXN,USD,0.058588,0.058182,0.058995,Central Bank
2024-12-24,COP,USD,0.000254,0.000251,0.000257,Central Bank
2024-12-24,ARS,USD,0.002833,0.002813,0.002853,Bloomberg
2024-12-24,USD,MXN,16.941023,16.778586,17.10346,Reuters
2024-12-24,USD,COP,4066.691255,4031.037144,4102.345365,Bloomberg
2024-12-24,USD,ARS,354.939362,350.101448,359.777276,Internal
2024-12-24,MXN,COP,232.093268,230.286103,233.900432,Internal
2024-12-24,MXN,ARS,20.533249,20.380961,20.685537,Central Bank
2024-12-24,COP,MXN,0.004257,0.004195,0.004319,Central Bank
2024-12-24,COP,ARS,0.088345,0.087235,0.089455,Reuters
2024-12-24,ARS,MXN,0.048105,0.04779,0.048421,Reuters
2024-12-24,ARS,COP,11.4815,11.35374,11.609261,Reuters
2024-12-25,MXN,USD,0.057903,0.057264,0.058542,Bloomberg
2024-12-25,COP,USD,0.000246,0.000243,0.000249,Internal
2024-12-25,ARS,USD,0.002821,0.002782,0.002859,Bloomberg
2024-12-25,USD,MXN,17.268469,17.161772,17.375166,Internal
2024-12-25,USD,COP,3955.553388,3909.976813,4001.129962,Reuters
2024-12-25,USD,ARS,356.649163,352.857225,360.4411,Internal
2024-12-25,MXN,COP,231.148232,228.072932,234.223533,Internal
2024-12-25,MXN,ARS,20.549169,20.3137,20.784638,Bloomberg
2024-12-25,COP,MXN,0.004242,0.004214,0.00427,Reuters
2024-12-25,COP,ARS,0.086996,0.086382,0.087609,Internal
2024-12-25,ARS,MXN,0.048114,0.047514,0.048715,Reuters
2024-12-25,ARS,COP,11.210695,11.073612,11.347778,Internal
2024-12-26,MXN,USD,0.058356,0.058063,0.05865,Internal
2024-12-26,COP,USD,0.000255,0.000252,0.000258,Central Bank
2024-12-26,ARS,USD,0.002819,0.00279,0.002849,Central Bank
2024-12-26,USD,MXN,17.04423,16.815428,17.273033,Bloomberg
2024-12-26,USD,COP,4015.203497,3988.466099,4041.940896,Central Bank
2024-12-26,USD,ARS,355.657657,351.117226,360.198088,Reuters
2024-12-26,MXN,COP,238.89051,237.127029,240.653992,Central Bank
2024-12-26,MXN,ARS,20.406641,20.19396,20.619322,Central Bank
2024-12-26,COP,MXN,0.004264,0.004236,0.004293,Bloomberg
2024-12-26,COP,ARS,0.08697,0.086368,0.087572,Bloomberg
2024-12-26,ARS,MXN,0.047937,0.047238,0.048635,Bloomberg
2024-12-26,ARS,COP,11.363438,11.301992,11.424884,Reuters
2024-12-27,MXN,USD,0.059779,0.058998,0.060559,Reuters
2024-12-27,COP,USD,0.000254,0.000252,0.000255,Bloomberg
2024-12-27,ARS,USD,0.002913,0.00289,0.002936,Central Bank
2024-12-27,USD,MXN,16.813705,16.661571,16.965838,Reuters
2024-12-27,USD,COP,4031.222816,4002.675662,4059.769971,Bloomberg
2024-12-27,USD,ARS,353.570742,350.934507,356.206977,Bloomberg
2024-12-27,MXN,COP,233.360407,231.618862,235.101952,Bloomberg
2024-12-27,MXN,ARS,20.664079,20.533427,20.79473,Central Bank
2024-12-27,COP,MXN,0.004224,0.004171,0.004277,Bloomberg
2024-12-27,COP,ARS,0.086179,0.085031,0.087326,Reuters
2024-12-27,ARS,MXN,0.049062,0.048773,0.049352,Central Bank
2024-12-27,ARS,COP,11.403123,11.308096,11.49815,Internal
2024-12-28,MXN,USD,0.058384,0.057581,0.059186,Bloomberg
2024-12-28,COP,USD,0.000255,0.000253,0.000256,Bloomberg
2024-12-28,ARS,USD,0.002911,0.002884,0.002937,Central Bank
2024-12-28,USD,MXN,16.987163,16.849739,17.124587,Reuters
2024-12-28,USD,COP,3964.45683,3942.035189,3986.878471,Central Bank
2024-12-28,USD,ARS,348.375031,344.559288,352.190774,Reuters
2024-12-28,MXN,COP,236.620398,234.097179,239.143616,Internal
2024-12-28,MXN,ARS,20.458034,20.15403,20.762037,Central Bank
2024-12-28,COP,MXN,0.004265,0.004236,0.004294,Internal
2024-12-28,COP,ARS,0.086016,0.085389,0.086643,Internal
2024-12-28,ARS,MXN,0.048323,0.047733,0.048914,Bloomberg
2024-12-28,ARS,COP,11.631613,11.474008,11.789218,Reuters
2024-12-29,MXN,USD,0.058761,0.058378,0.059144,Internal
2024-12-29,COP,USD,0.000248,0.000246,0.000249,Bloomberg
2024-12-29,ARS,USD,0.00288,0.00284,0.00292,Internal
2024-12-29,USD,MXN,16.741917,16.522823,16.96101,Bloomberg
2024-12-29,USD,COP,3924.231952,3882.200214,3966.26369,Bloomberg
2024-12-29,USD,ARS,352.237827,347.379201,357.096453,Reuters
2024-12-29,MXN,COP,233.556753,232.067996,235.045511,Central Bank
2024-12-29,MXN,ARS,20.333807,20.088754,20.57886,Central Bank
2024-12-29,COP,MXN,0.004225,0.004194,0.004256,Reuters
2024-12-29,COP,ARS,0.086991,0.08628,0.087703,Reuters
2024-12-29,ARS,MXN,0.048008,0.047397,0.048618,Central Bank
2024-12-29,ARS,COP,11.466005,11.396628,11.535382,Bloomberg
2024-12-30,MXN,USD,0.059215,0.058889,0.05954,Internal
2024-12-30,COP,USD,0.00025,0.000247,0.000253,Bloomberg
2024-12-30,ARS,USD,0.00283,0.002799,0.002861,Bloomberg
2024-12-30,USD,MXN,16.914566,16.704614,17.124518,Bloomberg
2024-12-30,USD,COP,3944.532068,3921.124255,3967.93988,Bloomberg
2024-12-30,USD,ARS,352.914744,350.252453,355.577035,Reuters
2024-12-30,MXN,COP,237.180348,234.714382,239.646314,Central Bank
2024-12-30,MXN,ARS,20.66293,20.407546,20.918314,Central Bank
2024-12-30,COP,MXN,0.004216,0.004172,0.00426,Internal
2024-12-30,COP,ARS,0.085895,0.085042,0.086748,Internal
2024-12-30,ARS,MXN,0.049212,0.048868,0.049555,Bloomberg
2024-12-30,ARS,COP,11.602573,11.456664,11.748481,Internal
2024-12-31,MXN,USD,0.058481,0.057979,0.058982,Central Bank
2024-12-31,COP,USD,0.000247,0.000244,0.000249,Reuters
2024-12-31,ARS,USD,0.00291,0.002887,0.002932,Reuters
2024-12-31,USD,MXN,17.092847,16.8731,17.312594,Reuters
2024-12-31,USD,COP,4037.638542,3996.03452,4079.242564,Bloomberg
2024-12-31,USD,ARS,356.617247,353.690707,359.543788,Internal
2024-12-31,MXN,COP,237.276249,234.9561,239.596398,Internal
2024-12-31,MXN,ARS,20.825853,20.717978,20.933729,Reuters
2024-12-31,COP,MXN,0.004233,0.004206,0.004259,Bloomberg
2024-12-31,COP,ARS,0.087018,0.085779,0.088258,Reuters
2024-12-31,ARS,MXN,0.049032,0.048748,0.049317,Internal
2024-12-31,ARS,COP,11.277153,11.202834,11.351473,Bloomberg
2025-01-01,MXN,USD,0.059693,0.05939,0.059997,Central Bank
2025-01-01,COP,USD,0.00025,0.000248,0.000252,Internal
2025-01-01,ARS,USD,0.002819,0.00278,0.002858,Reuters
2025-01-01,USD,MXN,16.964111,16.785569,17.142653,Bloomberg
2025-01-01,USD,COP,4014.237182,3984.052044,4044.42232,Bloomberg
2025-01-01,USD,ARS,352.045667,349.966346,354.124989,Bloomberg
2025-01-01,MXN,COP,238.051002,236.275894,239.82611,Reuters
2025-01-01,MXN,ARS,20.248274,20.031672,20.464876,Bloomberg
2025-01-01,COP,MXN,0.004266,0.004211,0.004321,Internal
2025-01-01,COP,ARS,0.08713,0.08597,0.088291,Internal
2025-01-01,ARS,MXN,0.047677,0.047243,0.048111,Central Bank
2025-01-01,ARS,COP,11.319898,11.169225,11.470571,Reuters
2025-01-02,MXN,USD,0.059595,0.059266,0.059925,Reuters
2025-01-02,COP,USD,0.000249,0.000248,0.000251,Internal
2025-01-02,ARS,USD,0.002896,0.002862,0.002929,Central Bank
2025-01-02,USD,MXN,17.14768,16.956565,17.338795,Central Bank
2025-01-02,USD,COP,4037.971813,4014.373818,4061.569809,Bloomberg
2025-01-02,USD,ARS,346.438545,342.062972,350.814117,Bloomberg
2025-01-02,MXN,COP,231.853824,230.003912,233.703736,Internal
2025-01-02,MXN,ARS,20.253591,19.959987,20.547195,Bloomberg
2025-01-02,COP,MXN,0.00423,0.004209,0.004251,Central Bank
2025-01-02,COP,ARS,0.08722,0.086765,0.087674,Bloomberg
2025-01-02,ARS,MXN,0.048496,0.047934,0.049059,Reuters
2025-01-02,ARS,COP,11.382845,11.280373,11.485318,Internal
2025-01-03,MXN,USD,0.059602,0.059272,0.059933,Internal
2025-01-03,COP,USD,0.000254,0.000251,0.000256,Bloomberg
2025-01-03,ARS,USD,0.002881,0.002846,0.002916,Reuters
2025-01-03,USD,MXN,16.66702,16.488276,16.845764,Bloomberg
2025-01-03,USD,COP,3994.084614,3966.130607,4022.03862,Internal
2025-01-03,USD,ARS,344.261844,339.696373,348.827315,Bloomberg
2025-01-03,MXN,COP,238.657785,235.857621,241.457949,Bloomberg
2025-01-03,MXN,ARS,20.986032,20.695153,21.276911,Internal
2025-01-03,COP,MXN,0.004184,0.004137,0.004232,Reuters
2025-01-03,COP,ARS,0.086741,0.086226,0.087255,Internal
2025-01-03,ARS,MXN,0.048182,0.047489,0.048875,Central Bank
2025-01-03,ARS,COP,11.377869,11.289575,11.466164,Reuters
2025-01-04,MXN,USD,0.057921,0.057197,0.058644,Internal
2025-01-04,COP,USD,0.000247,0.000244,0.000249,Internal
2025-01-04,ARS,USD,0.00286,0.002832,0.002888,Internal
2025-01-04,USD,MXN,17.268121,17.051915,17.484327,Internal
2025-01-04,USD,COP,4057.384489,4028.640832,4086.128147,Reuters
2025-01-04,USD,ARS,351.461672,349.071519,353.851825,Central Bank
2025-01-04,MXN,COP,238.294489,235.006026,241.582952,Central Bank
2025-01-04,MXN,ARS,20.566314,20.286952,20.845676,Central Bank
2025-01-04,COP,MXN,0.004252,0.004212,0.004292,Central Bank
2025-01-04,COP,ARS,0.088676,0.087794,0.089557,Bloomberg
2025-01-04,ARS,MXN,0.047935,0.047361,0.048509,Central Bank
2025-01-04,ARS,COP,11.603294,11.511972,11.694615,Bloomberg
2025-01-05,MXN,USD,0.058695,0.058245,0.059145,Reuters
2025-01-05,COP,USD,0.000246,0.000243,0.000248,Bloomberg
2025-01-05,ARS,USD,0.002831,0.002804,0.002857,Reuters
2025-01-05,USD,MXN,17.201369,17.029186,17.373552,Internal
2025-01-05,USD,COP,4011.615919,3973.560316,4049.671522,Central Bank
2025-01-05,USD,ARS,345.317109,340.571946,350.062272,Reuters
2025-01-05,MXN,COP,237.603363,235.516016,239.690709,Bloomberg
2025-01-05,MXN,ARS,20.520724,20.301599,20.739848,Reuters
2025-01-05,COP,MXN,0.004282,0.004253,0.004311,Internal
2025-01-05,COP,ARS,0.088319,0.087642,0.088996,Central Bank
2025-01-05,ARS,MXN,0.049503,0.049253,0.049752,Reuters
2025-01-05,ARS,COP,11.303834,11.148474,11.459193,Reuters
2025-01-06,MXN,USD,0.05878,0.057932,0.059629,Bloomberg
2025-01-06,COP,USD,0.000246,0.000243,0.000249,Bloomberg
2025-01-06,ARS,USD,0.002837,0.002806,0.002868,Central Bank
2025-01-06,USD,MXN,17.227956,17.136217,17.319695,Bloomberg
2025-01-06,USD,COP,3996.312894,3973.22809,4019.397699,Internal
2025-01-06,USD,ARS,343.698753,340.300505,347.097002,Internal
2025-01-06,MXN,COP,237.525075,235.640076,239.410074,Internal
2025-01-06,MXN,ARS,20.592508,20.302869,20.882148,Reuters
2025-01-06,COP,MXN,0.004212,0.004172,0.004252,Internal
2025-01-06,COP,ARS,0.088297,0.087783,0.088811,Internal
2025-01-06,ARS,MXN,0.049238,0.048518,0.049959,Reuters
2025-01-06,ARS,COP,11.601586,11.513831,11.689342,Internal
2025-01-07,MXN,USD,0.059645,0.059268,0.060021,Internal
2025-01-07,COP,USD,0.000253,0.00025,0.000255,Central Bank
2025-01-07,ARS,USD,0.002842,0.002819,0.002865,Central Bank
2025-01-07,USD,MXN,17.013238,16.789262,17.237213,Central Bank
2025-01-07,USD,COP,4070.141193,4043.719761,4096.562625,Internal
2025-01-07,USD,ARS,355.943039,353.569123,358.316956,Central Bank
2025-01-07,MXN,COP,230.69264,228.346442,233.038837,Reuters
2025-01-07,MXN,ARS,20.210243,20.017352,20.403134,Internal
2025-01-07,COP,MXN,0.004168,0.004107,0.00423,Reuters
2025-01-07,COP,ARS,0.087192,0.085986,0.088397,Central Bank
2025-01-07,ARS,MXN,0.048256,0.047997,0.048515,Bloomberg
2025-01-07,ARS,COP,11.403066,11.24173,11.564402,Bloomberg
2025-01-08,MXN,USD,0.058144,0.057623,0.058665,Internal
2025-01-08,COP,USD,0.000252,0.00025,0.000253,Internal
2025-01-08,ARS,USD,0.002854,0.002817,0.002891,Central Bank
2025-01-08,USD,MXN,17.032636,16.92437,17.140902,Bloomberg
2025-01-08,USD,COP,3987.300752,3931.962896,4042.638607,Internal
2025-01-08,USD,ARS,355.757144,351.69307,359.821218,Central Bank
2025-01-08,MXN,COP,236.369961,233.365469,239.374453,Internal
2025-01-08,MXN,ARS,20.594894,20.387489,20.802298,Reuters
2025-01-08,COP,MXN,0.004202,0.004149,0.004255,Central Bank
2025-01-08,COP,ARS,0.087105,0.086015,0.088195,Internal
2025-01-08,ARS,MXN,0.047997,0.047431,0.048563,Bloomberg
2025-01-08,ARS,COP,11.518343,11.38086,11.655826,Internal
2025-01-09,MXN,USD,0.05997,0.059656,0.060285,Reuters
2025-01-09,COP,USD,0.000253,0.00025,0.000256,Central Bank
2025-01-09,ARS,USD,0.002896,0.002864,0.002929,Bloomberg
2025-01-09,USD,MXN,16.754519,16.650985,16.858054,Internal
2025-01-09,USD,COP,3929.389233,3884.283314,3974.495151,Internal
2025-01-09,USD,ARS,353.709919,349.236047,358.183792,Internal
2025-01-09,MXN,COP,237.014532,234.780002,239.249062,Internal
2025-01-09,MXN,ARS,20.498268,20.357482,20.639054,Central Bank
2025-01-09,COP,MXN,0.004295,0.004256,0.004333,Bloomberg
2025-01-09,COP,ARS,0.087773,0.086489,0.089056,Central Bank
2025-01-09,ARS,MXN,0.048522,0.047822,0.049222,Bloomberg
2025-01-09,ARS,COP,11.550509,11.433967,11.66705,Central Bank
2025-01-10,MXN,USD,0.05923,0.058599,0.059862,Bloomberg
2025-01-10,COP,USD,0.00025,0.000247,0.000253,Internal
2025-01-10,ARS,USD,0.00288,0.002838,0.002922,Bloomberg
2025-01-10,USD,MXN,17.185378,17.059344,17.311412,Central Bank
2025-01-10,USD,COP,3993.206583,3936.725865,4049.687301,Central Bank
2025-01-10,USD,ARS,350.474508,345.839979,355.109038,Reuters
2025-01-10,MXN,COP,236.336433,234.74916,237.923705,Reuters
2025-01-10,MXN,ARS,20.30637,20.162957,20.449783,Bloomberg
2025-01-10,COP,MXN,0.00433,0.004305,0.004356,Bloomberg
2025-01-10,COP,ARS,0.089102,0.088387,0.089817,Central Bank
2025-01-10,ARS,MXN,0.047819,0.047409,0.04823,Internal
2025-01-10,ARS,COP,11.40555,11.235165,11.575936,Bloomberg
2025-01-11,MXN,USD,0.057796,0.057311,0.058282,Internal
2025-01-11,COP,USD,0.000247,0.000245,0.000249,Bloomberg
2025-01-11,ARS,USD,0.00291,0.002887,0.002932,Reuters
2025-01-11,USD,MXN,17.107908,16.980393,17.235424,Central Bank
2025-01-11,USD,COP,4031.579957,3979.862446,4083.297468,Central Bank
2025-01-11,USD,ARS,349.522718,345.891956,353.15348,Internal
2025-01-11,MXN,COP,235.025656,231.829231,238.222081,Central Bank
2025-01-11,MXN,ARS,20.494653,20.314935,20.674372,Reuters
2025-01-11,COP,MXN,0.004278,0.004227,0.004328,Reuters
2025-01-11,COP,ARS,0.088841,0.087928,0.089754,Central Bank
2025-01-11,ARS,MXN,0.0478,0.04725,0.04835,Reuters
2025-01-11,ARS,COP,11.603421,11.477998,11.728845,Bloomberg
2025-01-12,MXN,USD,0.059768,0.059078,0.060457,Central Bank
2025-01-12,COP,USD,0.000248,0.000247,0.00025,Internal
2025-01-12,ARS,USD,0.002889,0.002871,0.002906,Central Bank
2025-01-12,USD,MXN,17.297103,17.041568,17.552637,Internal
2025-01-12,USD,COP,4020.929722,3999.11492,4042.744524,Central Bank
2025-01-12,USD,ARS,345.850219,342.346143,349.354296,Central Bank
2025-01-12,MXN,COP,235.45959,232.167266,238.751913,Central Bank
2025-01-12,MXN,ARS,20.550568,20.365179,20.735957,Bloomberg
2025-01-12,COP,MXN,0.004267,0.004228,0.004306,Bloomberg
2025-01-12,COP,ARS,0.088029,0.086911,0.089148,Reuters
2025-01-12,ARS,MXN,0.049237,0.04883,0.049644,Central Bank
2025-01-12,ARS,COP,11.501949,11.442226,11.561672,Bloomberg
2025-01-13,MXN,USD,0.058862,0.058179,0.059545,Reuters
2025-01-13,COP,USD,0.000255,0.000253,0.000256,Internal
2025-01-13,ARS,USD,0.002872,0.002855,0.002889,Internal
2025-01-13,USD,MXN,17.027089,16.869932,17.184246,Central Bank
2025-01-13,USD,COP,4035.077176,3979.209179,4090.945172,Internal
2025-01-13,USD,ARS,355.020114,352.636188,357.40404,Internal
2025-01-13,MXN,COP,234.410772,232.928284,235.89326,Central Bank
2025-01-13,MXN,ARS,20.613257,20.336901,20.889613,Bloomberg
2025-01-13,COP,MXN,0.004271,0.00423,0.004312,Bloomberg
2025-01-13,COP,ARS,0.08923,0.088408,0.090052,Reuters
2025-01-13,ARS,MXN,0.048145,0.047799,0.048491,Internal
2025-01-13,ARS,COP,11.488098,11.409533,11.566663,Reuters
2025-01-14,MXN,USD,0.058433,0.057836,0.05903,Internal
2025-01-14,COP,USD,0.000254,0.000253,0.000255,Central Bank
2025-01-14,ARS,USD,0.002884,0.002861,0.002907,Bloomberg
2025-01-14,USD,MXN,16.862814,16.667606,17.058023,Reuters
2025-01-14,USD,COP,3954.39194,3911.02528,3997.7586,Central Bank
2025-01-14,USD,ARS,356.143031,353.805985,358.480078,Bloomberg
2025-01-14,MXN,COP,234.903806,233.145212,236.662399,Bloomberg
2025-01-14,MXN,ARS,20.630499,20.472415,20.788582,Internal
2025-01-14,COP,MXN,0.004234,0.004178,0.00429,Central Bank
2025-01-14,COP,ARS,0.086625,0.085865,0.087384,Internal
2025-01-14,ARS,MXN,0.047601,0.046926,0.048277,Reuters
2025-01-14,ARS,COP,11.310758,11.218208,11.403308,Reuters
2025-01-15,MXN,USD,0.057746,0.057252,0.05824,Internal
2025-01-15,COP,USD,0.000248,0.000244,0.000251,Internal
2025-01-15,ARS,USD,0.00289,0.002853,0.002927,Reuters
2025-01-15,USD,MXN,17.122175,16.870326,17.374025,Internal
2025-01-15,USD,COP,4052.331048,4021.047973,4083.614122,Bloomberg
2025-01-15,USD,ARS,344.66399,339.927348,349.400633,Internal
2025-01-15,MXN,COP,239.981907,238.184995,241.778818,Reuters
2025-01-15,MXN,ARS,20.404131,20.156772,20.651491,Internal
2025-01-15,COP,MXN,0.004191,0.004162,0.00422,Bloomberg
2025-01-15,COP,ARS,0.086558,0.086092,0.087024,Internal
2025-01-15,ARS,MXN,0.049167,0.048625,0.04971,Internal
2025-01-15,ARS,COP,11.329693,11.264696,11.394691,Reuters
2025-01-16,MXN,USD,0.059015,0.058386,0.059645,Internal
2025-01-16,COP,USD,0.000255,0.000251,0.000258,Bloomberg
2025-01-16,ARS,USD,0.002815,0.0028,0.002831,Reuters
2025-01-16,USD,MXN,16.786477,16.61451,16.958443,Bloomberg
2025-01-16,USD,COP,3946.525691,3910.583538,3982.467843,Bloomberg
2025-01-16,USD,ARS,343.155115,340.008544,346.301686,Central Bank
2025-01-16,MXN,COP,239.684691,236.212552,243.15683,Internal
2025-01-16,MXN,ARS,20.32217,20.039176,20.605164,Internal
2025-01-16,COP,MXN,0.004269,0.004222,0.004315,Bloomberg
2025-01-16,COP,ARS,0.087808,0.086722,0.088894,Bloomberg
2025-01-16,ARS,MXN,0.048018,0.047417,0.048619,Internal
2025-01-16,ARS,COP,11.595502,11.491164,11.699841,Internal
2025-01-17,MXN,USD,0.059318,0.058754,0.059882,Bloomberg
2025-01-17,COP,USD,0.000249,0.000246,0.000252,Central Bank
2025-01-17,ARS,USD,0.002834,0.002813,0.002856,Bloomberg
2025-01-17,USD,MXN,16.693222,16.451583,16.934861,Reuters
2025-01-17,USD,COP,4063.234049,4009.879785,4116.588313,Central Bank
2025-01-17,USD,ARS,347.583189,343.74892,351.417457,Bloomberg
2025-01-17,MXN,COP,239.774572,237.138273,242.410871,Bloomberg
2025-01-17,MXN,ARS,20.992623,20.803175,21.182071,Central Bank
2025-01-17,COP,MXN,0.004166,0.004142,0.004189,Reuters
2025-01-17,COP,ARS,0.085924,0.084653,0.087195,Internal
2025-01-17,ARS,MXN,0.049407,0.049087,0.049726,Central Bank
2025-01-17,ARS,COP,11.637296,11.54362,11.730971,Bloomberg
2025-01-18,MXN,USD,0.059654,0.058836,0.060472,Central Bank
2025-01-18,COP,USD,0.000247,0.000246,0.000249,Bloomberg
2025-01-18,ARS,USD,0.002859,0.002828,0.00289,Reuters
2025-01-18,USD,MXN,16.763568,16.573206,16.95393,Internal
2025-01-18,USD,COP,3941.183242,3898.16772,3984.198763,Internal
2025-01-18,USD,ARS,352.021983,347.330152,356.713814,Internal
2025-01-18,MXN,COP,233.384684,230.485386,236.283982,Bloomberg
2025-01-18,MXN,ARS,20.420937,20.316513,20.52536,Bloomberg
2025-01-18,COP,MXN,0.004174,0.004146,0.004203,Reuters
2025-01-18,COP,ARS,0.088661,0.08819,0.089132,Internal
2025-01-18,ARS,MXN,0.04953,0.04907,0.04999,Central Bank
2025-01-18,ARS,COP,11.484519,11.39712,11.571918,Internal
2025-01-19,MXN,USD,0.057941,0.057108,0.058774,Central Bank
2025-01-19,COP,USD,0.000251,0.000248,0.000255,Internal
2025-01-19,ARS,USD,0.002861,0.002822,0.0029,Central Bank
2025-01-19,USD,MXN,16.982223,16.835413,17.129034,Central Bank
2025-01-19,USD,COP,3991.771185,3955.506296,4028.036074,Central Bank
2025-01-19,USD,ARS,356.110262,352.796252,359.424272,Reuters
2025-01-19,MXN,COP,239.794548,238.228845,241.360251,Reuters
2025-01-19,MXN,ARS,20.87612,20.770335,20.981905,Bloomberg
2025-01-19,COP,MXN,0.0043,0.004266,0.004335,Reuters
2025-01-19,COP,ARS,0.086172,0.0856,0.086743,Bloomberg
2025-01-19,ARS,MXN,0.049474,0.048901,0.050046,Internal
2025-01-19,ARS,COP,11.501932,11.408105,11.595759,Internal
2025-01-20,MXN,USD,0.057875,0.057556,0.058195,Internal
2025-01-20,COP,USD,0.00025,0.000247,0.000253,Central Bank
2025-01-20,ARS,USD,0.002857,0.002815,0.002899,Central Bank
2025-01-20,USD,MXN,16.813514,16.71496,16.912068,Bloomberg
2025-01-20,USD,COP,4074.559709,4048.213086,4100.906332,Reuters
2025-01-20,USD,ARS,354.666564,350.253764,359.079364,Central Bank
2025-01-20,MXN,COP,236.148577,233.750166,238.546988,Bloomberg
2025-01-20,MXN,ARS,20.349385,20.239434,20.459335,Reuters
2025-01-20,COP,MXN,0.004289,0.004233,0.004346,Reuters
2025-01-20,COP,ARS,0.086713,0.08589,0.087535,Central Bank
2025-01-20,ARS,MXN,0.049115,0.048627,0.049603,Central Bank
2025-01-20,ARS,COP,11.40294,11.236598,11.569283,Internal
2025-01-21,MXN,USD,0.059685,0.058924,0.060445,Reuters
2025-01-21,COP,USD,0.000255,0.000251,0.000258,Central Bank
2025-01-21,ARS,USD,0.002879,0.002851,0.002907,Reuters
2025-01-21,USD,MXN,16.711827,16.50175,16.921904,Central Bank
2025-01-21,USD,COP,4045.828416,4000.115614,4091.541217,Reuters
2025-01-21,USD,ARS,344.257598,340.143456,348.37174,Bloomberg
2025-01-21,MXN,COP,238.718852,236.109441,241.328262,Central Bank
2025-01-21,MXN,ARS,20.397164,20.216949,20.577378,Reuters
2025-01-21,COP,MXN,0.004171,0.004116,0.004226,Reuters
2025-01-21,COP,ARS,0.087531,0.086792,0.08827,Central Bank
2025-01-21,ARS,MXN,0.049016,0.048375,0.049657,Reuters
2025-01-21,ARS,COP,11.609233,11.498726,11.71974,Reuters
2025-01-22,MXN,USD,0.059337,0.058673,0.060001,Reuters
2025-01-22,COP,USD,0.000247,0.000245,0.00025,Internal
2025-01-22,ARS,USD,0.002805,0.002778,0.002833,Internal
2025-01-22,USD,MXN,16.661831,16.531026,16.792636,Bloomberg
2025-01-22,USD,COP,4062.761715,4009.89871,4115.624721,Reuters
2025-01-22,USD,ARS,347.465065,344.644489,350.285641,Reuters
2025-01-22,MXN,COP,239.856113,236.271557,243.440669,Bloomberg
2025-01-22,MXN,ARS,20.674053,20.407675,20.94043,Bloomberg
2025-01-22,COP,MXN,0.004195,0.004141,0.00425,Central Bank
2025-01-22,COP,ARS,0.088133,0.087174,0.089093,Internal
2025-01-22,ARS,MXN,0.049094,0.048472,0.049716,Central Bank
2025-01-22,ARS,COP,11.30905,11.210464,11.407637,Internal
2025-01-23,MXN,USD,0.059258,0.058796,0.059719,Central Bank
2025-01-23,COP,USD,0.000252,0.000249,0.000254,Central Bank
2025-01-23,ARS,USD,0.002817,0.002794,0.00284,Reuters
2025-01-23,USD,MXN,16.721569,16.487251,16.955888,Reuters
2025-01-23,USD,COP,4030.72787,3981.98452,4079.471219,Bloomberg
2025-01-23,USD,ARS,355.137323,350.796213,359.478432,Reuters
2025-01-23,MXN,COP,237.372546,235.871992,238.873099,Central Bank
2025-01-23,MXN,ARS,20.944445,20.71303,21.175861,Internal
2025-01-23,COP,MXN,0.004216,0.004159,0.004273,Central Bank
2025-01-23,COP,ARS,0.088417,0.087232,0.089602,Internal
2025-01-23,ARS,MXN,0.047683,0.047101,0.048264,Internal
2025-01-23,ARS,COP,11.653669,11.590441,11.716897,Bloomberg
2025-01-24,MXN,USD,0.057744,0.057063,0.058425,Central Bank
2025-01-24,COP,USD,0.000251,0.000248,0.000254,Reuters
2025-01-24,ARS,USD,0.002899,0.002882,0.002916,Bloomberg
2025-01-24,USD,MXN,17.12291,16.881396,17.364423,Internal
2025-01-24,USD,COP,3980.571571,3956.837472,4004.305669,Reuters
2025-01-24,USD,ARS,350.749628,347.028605,354.47065,Reuters
2025-01-24,MXN,COP,232.122441,230.03487,234.210013,Bloomberg
2025-01-24,MXN,ARS,20.718468,20.591787,20.845149,Internal
2025-01-24,COP,MXN,0.00417,0.004108,0.004233,Bloomberg
2025-01-24,COP,ARS,0.086264,0.085562,0.086965,Internal
2025-01-24,ARS,MXN,0.048917,0.04844,0.049395,Reuters
2025-01-24,ARS,COP,11.366107,11.27762,11.454594,Internal
2025-01-25,MXN,USD,0.059356,0.05849,0.060222,Central Bank
2025-01-25,COP,USD,0.000254,0.000251,0.000257,Bloomberg
2025-01-25,ARS,USD,0.002905,0.002864,0.002946,Central Bank
2025-01-25,USD,MXN,16.961779,16.866196,17.057363,Internal
2025-01-25,USD,COP,4039.343655,3985.908217,4092.779093,Reuters
2025-01-25,USD,ARS,353.208725,349.406154,357.011297,Internal
2025-01-25,MXN,COP,238.836699,236.481966,241.191432,Internal
2025-01-25,MXN,ARS,20.99819,20.865425,21.130955,Internal
2025-01-25,COP,MXN,0.004196,0.004161,0.00423,Internal
2025-01-25,COP,ARS,0.08898,0.088212,0.089748,Central Bank
2025-01-25,ARS,MXN,0.047868,0.047445,0.048291,Reuters
2025-01-25,ARS,COP,11.207517,11.109567,11.305468,Internal
2025-01-26,MXN,USD,0.057661,0.05685,0.058472,Internal
2025-01-26,COP,USD,0.000245,0.000242,0.000249,Central Bank
2025-01-26,ARS,USD,0.002845,0.00283,0.00286,Internal
2025-01-26,USD,MXN,16.82232,16.598712,17.045928,Reuters
2025-01-26,USD,COP,3927.042687,3878.703382,3975.381992,Central Bank
2025-01-26,USD,ARS,352.057711,348.787324,355.328098,Central Bank
2025-01-26,MXN,COP,236.459711,233.887577,239.031845,Central Bank
2025-01-26,MXN,ARS,20.884361,20.657423,21.111299,Central Bank
2025-01-26,COP,MXN,0.004333,0.004309,0.004357,Bloomberg
2025-01-26,COP,ARS,0.087987,0.087421,0.088553,Bloomberg
2025-01-26,ARS,MXN,0.047645,0.047282,0.048008,Bloomberg
2025-01-26,ARS,COP,11.51477,11.368833,11.660707,Internal
2025-01-27,MXN,USD,0.059428,0.058793,0.060063,Reuters
2025-01-27,COP,USD,0.000247,0.000246,0.000249,Bloomberg
2025-01-27,ARS,USD,0.002911,0.002895,0.002927,Internal
2025-01-27,USD,MXN,16.689239,16.461758,16.91672,Internal
2025-01-27,USD,COP,3975.810701,3923.539622,4028.08178,Internal
2025-01-27,USD,ARS,356.082227,351.946025,360.218429,Reuters
2025-01-27,MXN,COP,238.224191,234.694941,241.75344,Bloomberg
2025-01-27,MXN,ARS,20.212578,20.053742,20.371415,Reuters
2025-01-27,COP,MXN,0.004283,0.004222,0.004344,Bloomberg
2025-01-27,COP,ARS,0.087548,0.087002,0.088095,Central Bank
2025-01-27,ARS,MXN,0.048825,0.048522,0.049128,Internal
2025-01-27,ARS,COP,11.359022,11.262426,11.455618,Bloomberg
2025-01-28,MXN,USD,0.058314,0.057533,0.059095,Reuters
2025-01-28,COP,USD,0.000253,0.00025,0.000255,Internal
2025-01-28,ARS,USD,0.002818,0.002799,0.002837,Reuters
2025-01-28,USD,MXN,16.761597,16.595101,16.928094,Internal
2025-01-28,USD,COP,3928.373268,3881.255913,3975.490623,Internal
2025-01-28,USD,ARS,343.169003,338.126108,348.211897,Internal
2025-01-28,MXN,COP,231.553402,229.423112,233.683691,Bloomberg
2025-01-28,MXN,ARS,20.431433,20.242839,20.620027,Internal
2025-01-28,COP,MXN,0.004167,0.004127,0.004206,Bloomberg
2025-01-28,COP,ARS,0.088402,0.087163,0.089641,Internal
2025-01-28,ARS,MXN,0.047631,0.047299,0.047963,Central Bank
2025-01-28,ARS,COP,11.367302,11.268956,11.465648,Central Bank
2025-01-29,MXN,USD,0.058528,0.058119,0.058937,Central Bank
2025-01-29,COP,USD,0.000246,0.000244,0.000247,Central Bank
2025-01-29,ARS,USD,0.002848,0.002811,0.002886,Reuters
2025-01-29,USD,MXN,16.947808,16.804283,17.091332,Internal
2025-01-29,USD,COP,4011.533058,3976.495539,4046.570577,Bloomberg
2025-01-29,USD,ARS,346.579241,344.586225,348.572256,Bloomberg
2025-01-29,MXN,COP,236.148053,234.240943,238.055163,Reuters
2025-01-29,MXN,ARS,20.223094,20.046066,20.400122,Reuters
2025-01-29,COP,MXN,0.004289,0.004252,0.004327,Central Bank
2025-01-29,COP,ARS,0.08813,0.087407,0.088853,Internal
2025-01-29,ARS,MXN,0.048734,0.048334,0.049133,Internal
2025-01-29,ARS,COP,11.256278,11.094911,11.417645,Central Bank
2025-01-30,MXN,USD,0.059432,0.05858,0.060283,Internal
2025-01-30,COP,USD,0.000249,0.000246,0.000252,Reuters
2025-01-30,ARS,USD,0.002897,0.002871,0.002923,Bloomberg
2025-01-30,USD,MXN,16.952186,16.801592,17.10278,Central Bank
2025-01-30,USD,COP,4008.596636,3980.744575,4036.448698,Reuters
2025-01-30,USD,ARS,352.988763,349.476891,356.500635,Internal
2025-01-30,MXN,COP,234.315182,230.906258,237.724106,Reuters
2025-01-30,MXN,ARS,20.741959,20.628049,20.855869,Bloomberg
2025-01-30,COP,MXN,0.00433,0.004265,0.004395,Internal
2025-01-30,COP,ARS,0.088716,0.087562,0.089871,Central Bank
2025-01-30,ARS,MXN,0.048653,0.048291,0.049015,Central Bank
2025-01-30,ARS,COP,11.568325,11.498885,11.637765,Bloomberg
2025-01-31,MXN,USD,0.058033,0.057392,0.058673,Internal
2025-01-31,COP,USD,0.00025,0.000248,0.000252,Bloomberg
2025-01-31,ARS,USD,0.002879,0.002847,0.002911,Internal
2025-01-31,USD,MXN,16.804637,16.605903,17.003371,Bloomberg
2025-01-31,USD,COP,4010.483586,3955.916506,4065.050666,Reuters
2025-01-31,USD,ARS,346.627068,344.249056,349.00508,Bloomberg
2025-01-31,MXN,COP,233.62033,230.669503,236.571157,Internal
2025-01-31,MXN,ARS,20.946282,20.65392,21.238644,Internal
2025-01-31,COP,MXN,0.004229,0.004171,0.004286,Bloomberg
2025-01-31,COP,ARS,0.086654,0.08584,0.087468,Bloomberg
2025-01-31,ARS,MXN,0.048808,0.048218,0.049399,Bloomberg
2025-01-31,ARS,COP,11.529568,11.371905,11.687231,Bloomberg
2025-02-01,MXN,USD,0.057757,0.057331,0.058183,Bloomberg
2025-02-01,COP,USD,0.000245,0.000244,0.000247,Central Bank
2025-02-01,ARS,USD,0.002807,0.002776,0.002839,Bloomberg
2025-02-01,USD,MXN,17.177579,17.061598,17.29356,Reuters
2025-02-01,USD,COP,3966.933613,3938.672471,3995.194755,Reuters
2025-02-01,USD,ARS,349.925016,347.928337,351.921696,Bloomberg
2025-02-01,MXN,COP,238.959605,237.743078,240.176131,Internal
2025-02-01,MXN,ARS,20.449388,20.281481,20.617294,Central Bank
2025-02-01,COP,MXN,0.004221,0.004188,0.004253,Reuters
2025-02-01,COP,ARS,0.086194,0.085428,0.08696,Internal
2025-02-01,ARS,MXN,0.048229,0.047713,0.048744,Central Bank
2025-02-01,ARS,COP,11.292224,11.127425,11.457022,Central Bank
2025-02-02,MXN,USD,0.057716,0.057014,0.058419,Internal
2025-02-02,COP,USD,0.000253,0.000249,0.000257,Bloomberg
2025-02-02,ARS,USD,0.002877,0.002857,0.002897,Internal
2025-02-02,USD,MXN,17.335169,17.122864,17.547474,Bloomberg
2025-02-02,USD,COP,4066.177753,4025.81024,4106.545267,Internal
2025-02-02,USD,ARS,349.53607,347.076203,351.995937,Central Bank
2025-02-02,MXN,COP,234.486282,231.611535,237.361029,Central Bank
2025-02-02,MXN,ARS,20.962893,20.773848,21.151938,Reuters
2025-02-02,COP,MXN,0.004289,0.004266,0.004312,Internal
2025-02-02,COP,ARS,0.085762,0.084854,0.08667,Central Bank
2025-02-02,ARS,MXN,0.048062,0.047439,0.048686,Reuters
2025-02-02,ARS,COP,11.480852,11.403991,11.557712,Reuters
2025-02-03,MXN,USD,0.057965,0.057509,0.058422,Central Bank
2025-02-03,COP,USD,0.000251,0.000248,0.000255,Reuters
2025-02-03,ARS,USD,0.002883,0.002865,0.002901,Internal
2025-02-03,USD,MXN,16.843769,16.645788,17.04175,Internal
2025-02-03,USD,COP,3995.718853,3945.428306,4046.009401,Bloomberg
2025-02-03,USD,ARS,348.992387,345.780791,352.203982,Reuters
2025-02-03,MXN,COP,235.945173,234.759737,237.13061,Internal
2025-02-03,MXN,ARS,20.860335,20.753156,20.967514,Central Bank
2025-02-03,COP,MXN,0.004207,0.004169,0.004245,Reuters
2025-02-03,COP,ARS,0.08797,0.086832,0.089108,Internal
2025-02-03,ARS,MXN,0.049316,0.048677,0.049954,Internal
2025-02-03,ARS,COP,11.533224,11.442951,11.623498,Internal
2025-02-04,MXN,USD,0.058276,0.057638,0.058914,Bloomberg
2025-02-04,COP,USD,0.000246,0.000243,0.00025,Internal
2025-02-04,ARS,USD,0.002886,0.002847,0.002924,Reuters
2025-02-04,USD,MXN,17.232637,17.043396,17.421879,Central Bank
2025-02-04,USD,COP,3961.229994,3905.222368,4017.237619,Internal
2025-02-04,USD,ARS,343.481344,339.221856,347.740831,Reuters
2025-02-04,MXN,COP,238.248166,237.023079,239.473252,Reuters
2025-02-04,MXN,ARS,20.668295,20.399517,20.937073,Bloomberg
2025-02-04,COP,MXN,0.004189,0.004151,0.004228,Internal
2025-02-04,COP,ARS,0.086788,0.086243,0.087333,Bloomberg
2025-02-04,ARS,MXN,0.049495,0.04912,0.04987,Internal
2025-02-04,ARS,COP,11.246368,11.178795,11.313941,Central Bank
2025-02-05,MXN,USD,0.059201,0.058366,0.060036,Reuters
2025-02-05,COP,USD,0.000251,0.000248,0.000254,Reuters
2025-02-05,ARS,USD,0.002826,0.002811,0.002841,Central Bank
2025-02-05,USD,MXN,16.784068,16.624547,16.943589,Bloomberg
2025-02-05,USD,COP,3941.995307,3914.673,3969.317614,Reuters
2025-02-05,USD,ARS,356.146656,353.296873,358.996439,Bloomberg
2025-02-05,MXN,COP,233.797722,230.95677,236.638674,Internal
2025-02-05,MXN,ARS,20.229353,20.02435,20.434355,Bloomberg
2025-02-05,COP,MXN,0.00432,0.004292,0.004347,Internal
2025-02-05,COP,ARS,0.087591,0.086674,0.088507,Internal
2025-02-05,ARS,MXN,0.047712,0.04716,0.048264,Reuters
2025-02-05,ARS,COP,11.230808,11.116012,11.345604,Internal
2025-02-06,MXN,USD,0.059288,0.058406,0.06017,Bloomberg
2025-02-06,COP,USD,0.000252,0.00025,0.000254,Reuters
2025-02-06,ARS,USD,0.002846,0.002818,0.002873,Reuters
2025-02-06,USD,MXN,16.926162,16.714071,17.138254,Reuters
2025-02-06,USD,COP,4002.450223,3954.953206,4049.947241,Reuters
2025-02-06,USD,ARS,350.943166,346.392206,355.494126,Bloomberg
2025-02-06,MXN,COP,238.904415,236.416042,241.392787,Central Bank
2025-02-06,MXN,ARS,20.881672,20.598082,21.165262,Internal
2025-02-06,COP,MXN,0.004191,0.004154,0.004229,Central Bank
2025-02-06,COP,ARS,0.085927,0.085031,0.086824,Bloomberg
2025-02-06,ARS,MXN,0.048411,0.047982,0.048839,Bloomberg
2025-02-06,ARS,COP,11.203387,11.100462,11.306312,Reuters
2025-02-07,MXN,USD,0.059767,0.05903,0.060503,Internal
2025-02-07,COP,USD,0.000255,0.000252,0.000257,Internal
2025-02-07,ARS,USD,0.002837,0.002801,0.002872,Reuters
2025-02-07,USD,MXN,17.264158,17.117056,17.41126,Bloomberg
2025-02-07,USD,COP,3960.762512,3923.889659,3997.635365,Central Bank
2025-02-07,USD,ARS,343.09588,340.054628,346.137133,Internal
2025-02-07,MXN,COP,233.765445,230.757125,236.773764,Internal
2025-02-07,MXN,ARS,20.842176,20.55959,21.124762,Reuters
2025-02-07,COP,MXN,0.004281,0.004244,0.004318,Internal
2025-02-07,COP,ARS,0.087089,0.086431,0.087747,Central Bank
2025-02-07,ARS,MXN,0.047899,0.047232,0.048566,Reuters
2025-02-07,ARS,COP,11.318863,11.175131,11.462594,Internal
2025-02-08,MXN,USD,0.059842,0.05954,0.060144,Bloomberg
2025-02-08,COP,USD,0.000247,0.000245,0.000249,Internal
2025-02-08,ARS,USD,0.002802,0.002766,0.002838,Reuters
2025-02-08,USD,MXN,17.217996,16.982581,17.453411,Central Bank
2025-02-08,USD,COP,3992.421647,3934.198906,4050.644389,Internal
2025-02-08,USD,ARS,345.715802,340.938366,350.493238,Reuters
2025-02-08,MXN,COP,238.210732,236.381795,240.039669,Bloomberg
2025-02-08,MXN,ARS,20.59869,20.410992,20.786387,Bloomberg
2025-02-08,COP,MXN,0.004173,0.004123,0.004222,Central Bank
2025-02-08,COP,ARS,0.087642,0.086559,0.088725,Bloomberg
2025-02-08,ARS,MXN,0.047659,0.047131,0.048187,Reuters
2025-02-08,ARS,COP,11.541352,11.459109,11.623595,Central Bank
2025-02-09,MXN,USD,0.059021,0.05847,0.059572,Central Bank
2025-02-09,COP,USD,0.000253,0.000251,0.000256,Internal
2025-02-09,ARS,USD,0.002899,0.002858,0.00294,Internal
2025-02-09,USD,MXN,16.751752,16.622305,16.881199,Bloomberg
2025-02-09,USD,COP,4008.838188,3984.403683,4033.272693,Reuters
2025-02-09,USD,ARS,348.449368,345.765257,351.13348,Central Bank
2025-02-09,MXN,COP,233.400698,230.099541,236.701854,Internal
2025-02-09,MXN,ARS,20.345001,20.089974,20.600028,Internal
2025-02-09,COP,MXN,0.004293,0.00425,0.004335,Central Bank
2025-02-09,COP,ARS,0.087756,0.08688,0.088632,Bloomberg
2025-02-09,ARS,MXN,0.048713,0.04814,0.049287,Reuters
2025-02-09,ARS,COP,11.46719,11.337847,11.596533,Central Bank
2025-02-10,MXN,USD,0.057977,0.057118,0.058837,Central Bank
2025-02-10,COP,USD,0.000247,0.000244,0.000249,Reuters
2025-02-10,ARS,USD,0.002817,0.002778,0.002855,Central Bank
2025-02-10,USD,MXN,17.204973,16.952155,17.457791,Reuters
2025-02-10,USD,COP,4065.815612,4021.07275,4110.558474,Bloomberg
2025-02-10,USD,ARS,347.64973,344.936787,350.362672,Central Bank
2025-02-10,MXN,COP,234.999001,231.839712,238.15829,Bloomberg
2025-02-10,MXN,ARS,20.210127,20.0896,20.330654,Internal
2025-02-10,COP,MXN,0.004278,0.004237,0.00432,Internal
2025-02-10,COP,ARS,0.087361,0.086392,0.08833,Central Bank
2025-02-10,ARS,MXN,0.048875,0.048598,0.049152,Internal
2025-02-10,ARS,COP,11.537286,11.364985,11.709588,Bloomberg
2025-02-11,MXN,USD,0.058121,0.057539,0.058703,Bloomberg
2025-02-11,COP,USD,0.000253,0.000251,0.000255,Internal
2025-02-11,ARS,USD,0.00288,0.002842,0.002917,Reuters
2025-02-11,USD,MXN,16.732094,16.578112,16.886077,Bloomberg
2025-02-11,USD,COP,4023.472454,3994.51218,4052.432729,Internal
2025-02-11,USD,ARS,343.435792,339.510921,347.360662,Internal
2025-02-11,MXN,COP,237.33112,234.348475,240.313765,Bloomberg
2025-02-11,MXN,ARS,20.554674,20.27952,20.829828,Reuters
2025-02-11,COP,MXN,0.004323,0.004292,0.004353,Internal
2025-02-11,COP,ARS,0.086424,0.085989,0.086858,Internal
2025-02-11,ARS,MXN,0.047953,0.04743,0.048476,Central Bank
2025-02-11,ARS,COP,11.369842,11.201373,11.538312,Central Bank
2025-02-12,MXN,USD,0.05875,0.058162,0.059338,Reuters
2025-02-12,COP,USD,0.000253,0.000249,0.000256,Reuters
2025-02-12,ARS,USD,0.002894,0.002863,0.002925,Internal
2025-02-12,USD,MXN,17.083543,16.896697,17.270389,Central Bank
2025-02-12,USD,COP,4069.37027,4011.265724,4127.474816,Bloomberg
2025-02-12,USD,ARS,344.869246,340.64483,349.093662,Bloomberg
2025-02-12,MXN,COP,236.741302,235.275762,238.206843,Central Bank
2025-02-12,MXN,ARS,20.984103,20.693703,21.274502,Bloomberg
2025-02-12,COP,MXN,0.004245,0.004189,0.004302,Central Bank
2025-02-12,COP,ARS,0.085876,0.084749,0.087003,Internal
2025-02-12,ARS,MXN,0.048215,0.047842,0.048587,Internal
2025-02-12,ARS,COP,11.22543,11.069557,11.381303,Reuters
2025-02-13,MXN,USD,0.059553,0.058669,0.060437,Reuters
2025-02-13,COP,USD,0.000252,0.000251,0.000253,Internal
2025-02-13,ARS,USD,0.002848,0.002825,0.002871,Bloomberg
2025-02-13,USD,MXN,17.063477,16.964953,17.162,Central Bank
2025-02-13,USD,COP,4054.878867,4004.235581,4105.522154,Internal
2025-02-13,USD,ARS,350.198637,347.212345,353.184929,Central Bank
2025-02-13,MXN,COP,233.603817,231.02827,236.179365,Reuters
2025-02-13,MXN,ARS,20.480842,20.176176,20.785508,Internal
2025-02-13,COP,MXN,0.004194,0.004138,0.004249,Bloomberg
2025-02-13,COP,ARS,0.087519,0.0866,0.088439,Internal
2025-02-13,ARS,MXN,0.048399,0.047902,0.048895,Bloomberg
2025-02-13,ARS,COP,11.638622,11.500675,11.776568,Internal
2025-02-14,MXN,USD,0.057834,0.057407,0.05826,Internal
2025-02-14,COP,USD,0.000252,0.00025,0.000254,Central Bank
2025-02-14,ARS,USD,0.002872,0.002848,0.002896,Central Bank
2025-02-14,USD,MXN,17.032084,16.809427,17.254741,Central Bank
2025-02-14,USD,COP,3944.749808,3902.65647,3986.843146,Internal
2025-02-14,USD,ARS,354.862683,350.305757,359.41961,Central Bank
2025-02-14,MXN,COP,235.395233,233.903263,236.887204,Central Bank
2025-02-14,MXN,ARS,20.710823,20.506106,20.91554,Internal
2025-02-14,COP,MXN,0.004231,0.004178,0.004284,Central Bank
2025-02-14,COP,ARS,0.088806,0.08832,0.089292,Bloomberg
2025-02-14,ARS,MXN,0.048026,0.047412,0.048641,Bloomberg
2025-02-14,ARS,COP,11.377199,11.251288,11.50311,Bloomberg
2025-02-15,MXN,USD,0.058174,0.057356,0.058991,Internal
2025-02-15,COP,USD,0.000252,0.000249,0.000254,Internal
2025-02-15,ARS,USD,0.002905,0.002884,0.002927,Reuters
2025-02-15,USD,MXN,16.690082,16.524712,16.855453,Internal
2025-02-15,USD,COP,4001.765198,3965.19844,4038.331956,Bloomberg
2025-02-15,USD,ARS,356.951612,354.485045,359.41818,Reuters
2025-02-15,MXN,COP,237.087219,235.870322,238.304116,Internal
2025-02-15,MXN,ARS,20.540684,20.286034,20.795334,Bloomberg
2025-02-15,COP,MXN,0.004308,0.004258,0.004358,Bloomberg
2025-02-15,COP,ARS,0.086101,0.085387,0.086815,Central Bank
2025-02-15,ARS,MXN,0.048924,0.048304,0.049544,Internal
2025-02-15,ARS,COP,11.509083,11.44777,11.570396,Bloomberg
2025-02-16,MXN,USD,0.059162,0.058555,0.059768,Bloomberg
2025-02-16,COP,USD,0.00025,0.000247,0.000253,Reuters
2025-02-16,ARS,USD,0.00283,0.002807,0.002853,Bloomberg
2025-02-16,USD,MXN,16.731176,16.634746,16.827606,Central Bank
2025-02-16,USD,COP,3969.371004,3930.336318,4008.40569,Central Bank
2025-02-16,USD,ARS,352.11961,347.888679,356.350541,Bloomberg
2025-02-16,MXN,COP,239.399614,235.861822,242.937406,Reuters
2025-02-16,MXN,ARS,20.877156,20.731339,21.022973,Internal
2025-02-16,COP,MXN,0.004184,0.004137,0.004232,Internal
2025-02-16,COP,ARS,0.088617,0.087486,0.089748,Central Bank
2025-02-16,ARS,MXN,0.049045,0.048514,0.049576,Internal
2025-02-16,ARS,COP,11.601528,11.491274,11.711781,Internal
2025-02-17,MXN,USD,0.058912,0.058103,0.059722,Bloomberg
2025-02-17,COP,USD,0.000247,0.000244,0.000251,Reuters
2025-02-17,ARS,USD,0.002841,0.002812,0.00287,Reuters
2025-02-17,USD,MXN,16.940169,16.775337,17.105002,Reuters
2025-02-17,USD,COP,3923.958356,3874.466153,3973.450559,Bloomberg
2025-02-17,USD,ARS,354.471639,351.19895,357.744328,Internal
2025-02-17,MXN,COP,239.564977,236.416127,242.713828,Central Bank
2025-02-17,MXN,ARS,20.532241,20.237063,20.827419,Reuters
2025-02-17,COP,MXN,0.004247,0.004193,0.0043,Bloomberg
2025-02-17,COP,ARS,0.08879,0.088031,0.089549,Internal
2025-02-17,ARS,MXN,0.048311,0.047728,0.048894,Bloomberg
2025-02-17,ARS,COP,11.474935,11.336857,11.613013,Bloomberg
2025-02-18,MXN,USD,0.059206,0.058772,0.05964,Internal
2025-02-18,COP,USD,0.000255,0.000251,0.000258,Bloomberg
2025-02-18,ARS,USD,0.002881,0.002863,0.0029,Central Bank
2025-02-18,USD,MXN,16.88537,16.738756,17.031984,Reuters
2025-02-18,USD,COP,4022.805274,3962.626932,4082.983615,Bloomberg
2025-02-18,USD,ARS,346.172948,343.403267,348.942629,Internal
2025-02-18,MXN,COP,238.630931,235.680527,241.581335,Central Bank
2025-02-18,MXN,ARS,20.629404,20.396946,20.861862,Reuters
2025-02-18,COP,MXN,0.004256,0.00421,0.004302,Internal
2025-02-18,COP,ARS,0.085834,0.085004,0.086664,Bloomberg
2025-02-18,ARS,MXN,0.048183,0.047559,0.048806,Internal
2025-02-18,ARS,COP,11.524123,11.421699,11.626547,Central Bank
2025-02-19,MXN,USD,0.05846,0.057798,0.059122,Reuters
2025-02-19,COP,USD,0.00025,0.000248,0.000253,Internal
2025-02-19,ARS,USD,0.002831,0.00279,0.002871,Central Bank
2025-02-19,USD,MXN,16.948792,16.789143,17.108442,Reuters
2025-02-19,USD,COP,3922.100469,3896.153344,3948.047594,Bloomberg
2025-02-19,USD,ARS,344.076916,340.070469,348.083363,Internal
2025-02-19,MXN,COP,235.901591,234.552693,237.250489,Reuters
2025-02-19,MXN,ARS,20.910433,20.785204,21.035662,Reuters
2025-02-19,COP,MXN,0.004307,0.004257,0.004358,Internal
2025-02-19,COP,ARS,0.088197,0.087704,0.088689,Reuters
2025-02-19,ARS,MXN,0.049188,0.048842,0.049534,Internal
2025-02-19,ARS,COP,11.570679,11.479525,11.661833,Bloomberg
2025-02-20,MXN,USD,0.059039,0.058319,0.059758,Bloomberg
2025-02-20,COP,USD,0.00025,0.000248,0.000252,Bloomberg
2025-02-20,ARS,USD,0.002911,0.002874,0.002948,Central Bank
2025-02-20,USD,MXN,17.212097,17.052928,17.371267,Reuters
2025-02-20,USD,COP,4075.079107,4024.177242,4125.980973,Internal
2025-02-20,USD,ARS,352.899122,350.474125,355.32412,Bloomberg
2025-02-20,MXN,COP,234.499916,232.266493,236.73334,Central Bank
2025-02-20,MXN,ARS,20.67041,20.489016,20.851804,Internal
2025-02-20,COP,MXN,0.004235,0.004174,0.004297,Central Bank
2025-02-20,COP,ARS,0.086238,0.085537,0.08694,Internal
2025-02-20,ARS,MXN,0.049378,0.048994,0.049762,Central Bank
2025-02-20,ARS,COP,11.261452,11.109532,11.413373,Bloomberg
2025-02-21,MXN,USD,0.057962,0.057267,0.058656,Bloomberg
2025-02-21,COP,USD,0.000248,0.000245,0.00025,Central Bank
2025-02-21,ARS,USD,0.002808,0.002766,0.00285,Internal
2025-02-21,USD,MXN,17.320926,17.13841,17.503441,Internal
2025-02-21,USD,COP,3998.115544,3953.448718,4042.782369,Central Bank
2025-02-21,USD,ARS,344.313023,339.615752,349.010294,Central Bank
2025-02-21,MXN,COP,233.669627,231.015923,236.32333,Reuters
2025-02-21,MXN,ARS,20.847031,20.717718,20.976345,Reuters
2025-02-21,COP,MXN,0.00417,0.004142,0.004197,Bloomberg
2025-02-21,COP,ARS,0.088469,0.087717,0.089221,Internal
2025-02-21,ARS,MXN,0.048191,0.047759,0.048622,Reuters
2025-02-21,ARS,COP,11.398528,11.306523,11.490534,Internal
2025-02-22,MXN,USD,0.059561,0.059198,0.059925,Internal
2025-02-22,COP,USD,0.000247,0.000244,0.000251,Internal
2025-02-22,ARS,USD,0.002825,0.002795,0.002855,Reuters
2025-02-22,USD,MXN,17.159844,16.963733,17.355954,Reuters
2025-02-22,USD,COP,3976.962404,3926.934857,4026.989951,Bloomberg
2025-02-22,USD,ARS,349.803546,346.52004,353.087053,Reuters
2025-02-22,MXN,COP,238.229579,236.327005,240.132154,Central Bank
2025-02-22,MXN,ARS,20.198151,19.909864,20.486438,Reuters
2025-02-22,COP,MXN,0.004165,0.004137,0.004194,Reuters
2025-02-22,COP,ARS,0.086951,0.085883,0.08802,Bloomberg
2025-02-22,ARS,MXN,0.049216,0.048585,0.049847,Reuters
2025-02-22,ARS,COP,11.556337,11.391618,11.721057,Reuters
2025-02-23,MXN,USD,0.059706,0.059169,0.060243,Bloomberg
2025-02-23,COP,USD,0.000247,0.000243,0.00025,Bloomberg
2025-02-23,ARS,USD,0.002865,0.002843,0.002888,Bloomberg
2025-02-23,USD,MXN,17.310557,17.212562,17.408553,Reuters
2025-02-23,USD,COP,3964.158932,3915.35161,4012.966255,Central Bank
2025-02-23,USD,ARS,348.233079,344.812728,351.65343,Bloomberg
2025-02-23,MXN,COP,231.988865,230.613647,233.364083,Reuters
2025-02-23,MXN,ARS,20.750209,20.524372,20.976046,Internal
2025-02-23,COP,MXN,0.004265,0.00423,0.0043,Central Bank
2025-02-23,COP,ARS,0.086219,0.085195,0.087244,Reuters
2025-02-23,ARS,MXN,0.047627,0.047236,0.048019,Bloomberg
2025-02-23,ARS,COP,11.401514,11.270325,11.532704,Internal
2025-02-24,MXN,USD,0.05787,0.057468,0.058272,Reuters
2025-02-24,COP,USD,0.00025,0.000249,0.000251,Internal
2025-02-24,ARS,USD,0.00291,0.002893,0.002927,Bloomberg
2025-02-24,USD,MXN,17.055962,16.915323,17.196601,Central Bank
2025-02-24,USD,COP,3960.027302,3923.074934,3996.979669,Internal
2025-02-24,USD,ARS,345.391623,343.305856,347.477391,Central Bank
2025-02-24,MXN,COP,235.161273,232.695599,237.626947,Internal
2025-02-24,MXN,ARS,20.256615,20.030725,20.482504,Internal
2025-02-24,COP,MXN,0.004272,0.004237,0.004307,Reuters
2025-02-24,COP,ARS,0.086201,0.085114,0.087288,Central Bank
2025-02-24,ARS,MXN,0.04839,0.047883,0.048897,Central Bank
2025-02-24,ARS,COP,11.265274,11.160754,11.369795,Bloomberg
2025-02-25,MXN,USD,0.058222,0.05746,0.058984,Central Bank
2025-02-25,COP,USD,0.000249,0.000247,0.000251,Bloomberg
2025-02-25,ARS,USD,0.002801,0.002786,0.002816,Bloomberg
2025-02-25,USD,MXN,16.792762,16.677728,16.907795,Internal
2025-02-25,USD,COP,4059.884596,3999.927944,4119.841248,Reuters
2025-02-25,USD,ARS,355.739351,353.893537,357.585164,Reuters
2025-02-25,MXN,COP,239.204823,237.678444,240.731202,Reuters
2025-02-25,MXN,ARS,20.786624,20.662769,20.910478,Bloomberg
2025-02-25,COP,MXN,0.00417,0.004132,0.004208,Central Bank
2025-02-25,COP,ARS,0.086111,0.085615,0.086606,Reuters
2025-02-25,ARS,MXN,0.049035,0.048512,0.049558,Central Bank
2025-02-25,ARS,COP,11.243634,11.09073,11.396538,Internal
2025-02-26,MXN,USD,0.059748,0.059326,0.06017,Bloomberg
2025-02-26,COP,USD,0.000246,0.000243,0.00025,Reuters
2025-02-26,ARS,USD,0.002804,0.002762,0.002846,Bloomberg
2025-02-26,USD,MXN,17.250961,17.063425,17.438498,Bloomberg
2025-02-26,USD,COP,4026.374277,4004.342298,4048.406257,Internal
2025-02-26,USD,ARS,344.957734,343.137974,346.777494,Central Bank
2025-02-26,MXN,COP,238.591401,237.126756,240.056047,Bloomberg
2025-02-26,MXN,ARS,20.387316,20.222841,20.55179,Bloomberg
2025-02-26,COP,MXN,0.004263,0.004233,0.004292,Bloomberg
2025-02-26,COP,ARS,0.087023,0.086138,0.087908,Central Bank
2025-02-26,ARS,MXN,0.049148,0.048824,0.049471,Reuters
2025-02-26,ARS,COP,11.353387,11.198991,11.507784,Reuters
2025-02-27,MXN,USD,0.058431,0.058012,0.05885,Bloomberg
2025-02-27,COP,USD,0.00025,0.000248,0.000252,Reuters
2025-02-27,ARS,USD,0.00287,0.002843,0.002896,Central Bank
2025-02-27,USD,MXN,16.777819,16.596006,16.959631,Internal
2025-02-27,USD,COP,3988.703803,3958.085608,4019.321998,Central Bank
2025-02-27,USD,ARS,353.215555,349.389018,357.042092,Reuters
2025-02-27,MXN,COP,232.917809,230.005511,235.830107,Internal
2025-02-27,MXN,ARS,20.691261,20.408418,20.974104,Bloomberg
2025-02-27,COP,MXN,0.004212,0.004167,0.004257,Reuters
2025-02-27,COP,ARS,0.086371,0.085531,0.08721,Bloomberg
2025-02-27,ARS,MXN,0.048292,0.047647,0.048937,Central Bank
2025-02-27,ARS,COP,11.352964,11.27604,11.429887,Internal
2025-02-28,MXN,USD,0.059957,0.059415,0.060499,Reuters
2025-02-28,COP,USD,0.000251,0.000249,0.000252,Internal
2025-02-28,ARS,USD,0.002887,0.002862,0.002913,Bloomberg
2025-02-28,USD,MXN,16.911418,16.78521,17.037626,Central Bank
2025-02-28,USD,COP,4019.134164,3982.296561,4055.971766,Reuters
2025-02-28,USD,ARS,344.473169,341.122367,347.823972,Reuters
2025-02-28,MXN,COP,232.651064,230.547154,234.754973,Reuters
2025-02-28,MXN,ARS,20.307621,20.02775,20.587492,Reuters
2025-02-28,COP,MXN,0.004322,0.004283,0.004361,Reuters
2025-02-28,COP,ARS,0.088084,0.087346,0.088822,Internal
2025-02-28,ARS,MXN,0.047847,0.047305,0.04839,Reuters
2025-02-28,ARS,COP,11.541914,11.466419,11.61741,Bloomberg
2025-03-01,MXN,USD,0.059712,0.058991,0.060432,Internal
2025-03-01,COP,USD,0.00025,0.000247,0.000253,Reuters
2025-03-01,ARS,USD,0.002812,0.002784,0.002839,Bloomberg
2025-03-01,USD,MXN,17.095848,16.862762,17.328935,Internal
2025-03-01,USD,COP,4072.144339,4021.448314,4122.840364,Bloomberg
2025-03-01,USD,ARS,347.535742,345.059541,350.011943,Reuters
2025-03-01,MXN,COP,234.454817,232.512303,236.39733,Internal
2025-03-01,MXN,ARS,20.379348,20.159709,20.598987,Internal
2025-03-01,COP,MXN,0.004298,0.00426,0.004337,Bloomberg
2025-03-01,COP,ARS,0.086786,0.085944,0.087628,Bloomberg
2025-03-01,ARS,MXN,0.048797,0.048186,0.049408,Central Bank
2025-03-01,ARS,COP,11.389843,11.292518,11.487167,Bloomberg
2025-03-02,MXN,USD,0.059232,0.05864,0.059825,Central Bank
2025-03-02,COP,USD,0.000249,0.000246,0.000252,Bloomberg
2025-03-02,ARS,USD,0.002879,0.002862,0.002896,Bloomberg
2025-03-02,USD,MXN,16.675723,16.45787,16.893575,Internal
2025-03-02,USD,COP,3940.927796,3918.900739,3962.954852,Bloomberg
2025-03-02,USD,ARS,353.850218,349.344761,358.355674,Central Bank
2025-03-02,MXN,COP,233.165832,230.569427,235.762238,Internal
2025-03-02,MXN,ARS,20.966174,20.671844,21.260505,Central Bank
2025-03-02,COP,MXN,0.00426,0.004232,0.004287,Reuters
2025-03-02,COP,ARS,0.087758,0.087216,0.088301,Central Bank
2025-03-02,ARS,MXN,0.049502,0.049058,0.049947,Bloomberg
2025-03-02,ARS,COP,11.470699,11.37918,11.562218,Internal
2025-03-03,MXN,USD,0.058581,0.058099,0.059063,Reuters
2025-03-03,COP,USD,0.000253,0.00025,0.000257,Bloomberg
2025-03-03,ARS,USD,0.002844,0.00281,0.002879,Reuters
2025-03-03,USD,MXN,17.170444,17.049372,17.291515,Bloomberg
2025-03-03,USD,COP,4015.655667,3977.104991,4054.206342,Reuters
2025-03-03,USD,ARS,343.158874,340.08619,346.231559,Reuters
2025-03-03,MXN,COP,235.347079,232.605418,238.08874,Central Bank
2025-03-03,MXN,ARS,20.325959,20.140259,20.51166,Internal
2025-03-03,COP,MXN,0.004287,0.004241,0.004333,Central Bank
2025-03-03,COP,ARS,0.087921,0.087085,0.088758,Central Bank
2025-03-03,ARS,MXN,0.0484,0.047728,0.049072,Bloomberg
2025-03-03,ARS,COP,11.299863,11.218428,11.381298,Central Bank
2025-03-04,MXN,USD,0.057724,0.056884,0.058565,Central Bank
2025-03-04,COP,USD,0.000247,0.000244,0.00025,Central Bank
2025-03-04,ARS,USD,0.002813,0.002777,0.002849,Bloomberg
2025-03-04,USD,MXN,17.046027,16.914413,17.177641,Central Bank
2025-03-04,USD,COP,4041.826977,4018.331683,4065.322272,Bloomberg
2025-03-04,USD,ARS,346.242733,341.145823,351.339644,Bloomberg
2025-03-04,MXN,COP,235.070476,232.329828,237.811124,Internal
2025-03-04,MXN,ARS,20.717358,20.571276,20.86344,Reuters
2025-03-04,COP,MXN,0.004256,0.00423,0.004281,Central Bank
2025-03-04,COP,ARS,0.088639,0.087713,0.089566,Reuters
2025-03-04,ARS,MXN,0.047772,0.047504,0.048041,Central Bank
2025-03-04,ARS,COP,11.595417,11.480202,11.710632,Bloomberg
2025-03-05,MXN,USD,0.057736,0.056873,0.058598,Central Bank
2025-03-05,COP,USD,0.000246,0.000245,0.000247,Reuters
2025-03-05,ARS,USD,0.002866,0.002831,0.002901,Central Bank
2025-03-05,USD,MXN,17.184728,17.090631,17.278825,Reuters
2025-03-05,USD,COP,4024.98515,3967.721651,4082.248649,Central Bank
2025-03-05,USD,ARS,345.10731,341.442887,348.771733,Internal
2025-03-05,MXN,COP,238.618502,235.216208,242.020795,Internal
2025-03-05,MXN,ARS,20.930806,20.617,21.244611,Central Bank
2025-03-05,COP,MXN,0.004314,0.004266,0.004361,Bloomberg
2025-03-05,COP,ARS,0.086772,0.086232,0.087312,Bloomberg
2025-03-05,ARS,MXN,0.048101,0.04743,0.048772,Reuters
2025-03-05,ARS,COP,11.338223,11.251924,11.424522,Bloomberg
2025-03-06,MXN,USD,0.059992,0.059566,0.060417,Bloomberg
2025-03-06,COP,USD,0.000246,0.000244,0.000247,Internal
2025-03-06,ARS,USD,0.002865,0.002831,0.002898,Internal
2025-03-06,USD,MXN,17.229387,16.983327,17.475447,Central Bank
2025-03-06,USD,COP,3952.865424,3911.615487,3994.115361,Central Bank
2025-03-06,USD,ARS,344.117725,339.688226,348.547223,Central Bank
2025-03-06,MXN,COP,238.637296,235.335129,241.939463,Internal
2025-03-06,MXN,ARS,20.272005,19.992879,20.551131,Central Bank
2025-03-06,COP,MXN,0.004264,0.00423,0.004299,Central Bank
2025-03-06,COP,ARS,0.089237,0.08852,0.089954,Internal
2025-03-06,ARS,MXN,0.0489,0.048653,0.049146,Central Bank
2025-03-06,ARS,COP,11.332264,11.262091,11.402437,Internal
2025-03-07,MXN,USD,0.05965,0.059173,0.060126,Bloomberg
2025-03-07,COP,USD,0.000254,0.00025,0.000258,Central Bank
2025-03-07,ARS,USD,0.002888,0.002856,0.00292,Internal
2025-03-07,USD,MXN,16.983977,16.812426,17.155528,Internal
2025-03-07,USD,COP,3980.890303,3926.742779,4035.037827,Bloomberg
2025-03-07,USD,ARS,351.472748,348.87592,354.069577,Central Bank
2025-03-07,MXN,COP,230.941263,228.31511,233.567417,Reuters
2025-03-07,MXN,ARS,20.682666,20.556254,20.809078,Internal
2025-03-07,COP,MXN,0.004186,0.004141,0.004231,Reuters
2025-03-07,COP,ARS,0.086343,0.085357,0.087328,Central Bank
2025-03-07,ARS,MXN,0.048277,0.047612,0.048942,Central Bank
2025-03-07,ARS,COP,11.524565,11.457446,11.591684,Reuters
2025-03-08,MXN,USD,0.05816,0.057839,0.05848,Internal
2025-03-08,COP,USD,0.000255,0.000253,0.000256,Central Bank
2025-03-08,ARS,USD,0.002846,0.002825,0.002868,Reuters
2025-03-08,USD,MXN,16.889252,16.636193,17.14231,Bloomberg
2025-03-08,USD,COP,4041.225588,4000.940707,4081.510469,Reuters
2025-03-08,USD,ARS,355.507897,353.723188,357.292605,Reuters
2025-03-08,MXN,COP,233.251724,230.404505,236.098944,Central Bank
2025-03-08,MXN,ARS,20.945842,20.743391,21.148293,Reuters
2025-03-08,COP,MXN,0.004254,0.004193,0.004314,Reuters
2025-03-08,COP,ARS,0.087241,0.086277,0.088204,Bloomberg
2025-03-08,ARS,MXN,0.049506,0.049244,0.049769,Central Bank
2025-03-08,ARS,COP,11.470102,11.340642,11.599561,Reuters
2025-03-09,MXN,USD,0.058665,0.058168,0.059163,Internal
2025-03-09,COP,USD,0.000247,0.000245,0.000249,Reuters
2025-03-09,ARS,USD,0.002901,0.002862,0.002941,Bloomberg
2025-03-09,USD,MXN,16.964813,16.757094,17.172532,Internal
2025-03-09,USD,COP,3944.969969,3909.299261,3980.640677,Reuters
2025-03-09,USD,ARS,348.671311,346.837682,350.504939,Internal
2025-03-09,MXN,COP,238.813786,236.481982,241.14559,Central Bank
2025-03-09,MXN,ARS,20.244826,19.969695,20.519958,Reuters
2025-03-09,COP,MXN,0.004184,0.004154,0.004214,Internal
2025-03-09,COP,ARS,0.087532,0.086258,0.088807,Internal
2025-03-09,ARS,MXN,0.049273,0.048898,0.049648,Internal
2025-03-09,ARS,COP,11.555671,11.486035,11.625306,Central Bank
2025-03-10,MXN,USD,0.057655,0.056999,0.058311,Internal
2025-03-10,COP,USD,0.000249,0.000246,0.000252,Reuters
2025-03-10,ARS,USD,0.002913,0.002875,0.002951,Central Bank
2025-03-10,USD,MXN,16.990386,16.814315,17.166457,Central Bank
2025-03-10,USD,COP,3995.473981,3968.764217,4022.183746,Central Bank
2025-03-10,USD,ARS,344.704005,339.980934,349.427076,Bloomberg
2025-03-10,MXN,COP,231.905948,230.415198,233.396698,Bloomberg
2025-03-10,MXN,ARS,20.325514,20.110863,20.540165,Reuters
2025-03-10,COP,MXN,0.004167,0.004135,0.0042,Reuters
2025-03-10,COP,ARS,0.088782,0.087871,0.089693,Reuters
2025-03-10,ARS,MXN,0.049543,0.049002,0.050083,Reuters
2025-03-10,ARS,COP,11.214606,11.127926,11.301285,Central Bank
2025-03-11,MXN,USD,0.059356,0.05873,0.059982,Internal
2025-03-11,COP,USD,0.000251,0.00025,0.000253,Reuters
2025-03-11,ARS,USD,0.002902,0.002884,0.002919,Central Bank
2025-03-11,USD,MXN,17.296489,17.149982,17.442995,Central Bank
2025-03-11,USD,COP,4052.166828,3993.584947,4110.748709,Reuters
2025-03-11,USD,ARS,345.719359,340.647026,350.791691,Internal
2025-03-11,MXN,COP,239.319017,237.728187,240.909847,Bloomberg
2025-03-11,MXN,ARS,20.937029,20.830741,21.043317,Internal
2025-03-11,COP,MXN,0.004214,0.004166,0.004262,Reuters
2025-03-11,COP,ARS,0.089098,0.088156,0.090039,Central Bank
2025-03-11,ARS,MXN,0.048763,0.048293,0.049234,Bloomberg
2025-03-11,ARS,COP,11.213353,11.05338,11.373327,Central Bank
2025-03-12,MXN,USD,0.059651,0.059338,0.059963,Reuters
2025-03-12,COP,USD,0.000246,0.000244,0.000248,Reuters
2025-03-12,ARS,USD,0.002828,0.002811,0.002844,Reuters
2025-03-12,USD,MXN,17.252679,17.144635,17.360724,Central Bank
2025-03-12,USD,COP,4068.773586,4037.743613,4099.80356,Internal
2025-03-12,USD,ARS,350.779382,346.219715,355.339049,Reuters
2025-03-12,MXN,COP,237.484837,234.804089,240.165585,Central Bank
2025-03-12,MXN,ARS,20.320824,20.08885,20.552798,Bloomberg
2025-03-12,COP,MXN,0.004169,0.004139,0.004199,Reuters
2025-03-12,COP,ARS,0.087492,0.086256,0.088728,Central Bank
2025-03-12,ARS,MXN,0.048909,0.048553,0.049265,Central Bank
2025-03-12,ARS,COP,11.505204,11.436478,11.57393,Internal
2025-03-13,MXN,USD,0.058237,0.057411,0.059062,Bloomberg
2025-03-13,COP,USD,0.000253,0.000251,0.000256,Central Bank
2025-03-13,ARS,USD,0.002836,0.002813,0.00286,Reuters
2025-03-13,USD,MXN,17.311319,17.066369,17.556268,Reuters
2025-03-13,USD,COP,4014.777038,3982.415483,4047.138592,Central Bank
2025-03-13,USD,ARS,350.626238,347.897463,353.355012,Central Bank
2025-03-13,MXN,COP,238.438735,235.809369,241.068101,Internal
2025-03-13,MXN,ARS,20.64295,20.529653,20.756246,Reuters
2025-03-13,COP,MXN,0.004226,0.004198,0.004254,Internal
2025-03-13,COP,ARS,0.085802,0.085315,0.086288,Central Bank
2025-03-13,ARS,MXN,0.048355,0.04791,0.0488,Bloomberg
2025-03-13,ARS,COP,11.306756,11.164726,11.448785,Reuters
2025-03-14,MXN,USD,0.058692,0.058373,0.059011,Internal
2025-03-14,COP,USD,0.000248,0.000246,0.000251,Central Bank
2025-03-14,ARS,USD,0.002906,0.002879,0.002933,Central Bank
2025-03-14,USD,MXN,16.863212,16.627309,17.099114,Central Bank
2025-03-14,USD,COP,3942.402146,3914.018744,3970.785549,Central Bank
2025-03-14,USD,ARS,350.168396,347.736647,352.600145,Internal
2025-03-14,MXN,COP,236.385555,234.823687,237.947423,Internal
2025-03-14,MXN,ARS,20.420038,20.256414,20.583663,Internal
2025-03-14,COP,MXN,0.004311,0.004282,0.00434,Central Bank
2025-03-14,COP,ARS,0.08761,0.086581,0.08864,Bloomberg
2025-03-14,ARS,MXN,0.049045,0.048358,0.049732,Bloomberg
2025-03-14,ARS,COP,11.297185,11.182825,11.411544,Central Bank
2025-03-15,MXN,USD,0.058292,0.057735,0.058848,Bloomberg
2025-03-15,COP,USD,0.000248,0.000245,0.000251,Reuters
2025-03-15,ARS,USD,0.002828,0.002789,0.002867,Central Bank
2025-03-15,USD,MXN,16.882787,16.741303,17.024271,Internal
2025-03-15,USD,COP,3965.08618,3907.327246,4022.845114,Central Bank
2025-03-15,USD,ARS,348.378418,343.730714,353.026122,Internal
2025-03-15,MXN,COP,230.728906,228.934873,232.52294,Reuters
2025-03-15,MXN,ARS,20.548853,20.396964,20.700742,Bloomberg
2025-03-15,COP,MXN,0.004203,0.004176,0.00423,Reuters
2025-03-15,COP,ARS,0.088115,0.087418,0.088812,Bloomberg
2025-03-15,ARS,MXN,0.049409,0.048742,0.050075,Reuters
2025-03-15,ARS,COP,11.492588,11.329207,11.655969,Bloomberg
2025-03-16,MXN,USD,0.058883,0.058455,0.059311,Reuters
2025-03-16,COP,USD,0.000245,0.000242,0.000248,Internal
2025-03-16,ARS,USD,0.002845,0.002805,0.002885,Central Bank
2025-03-16,USD,MXN,16.960983,16.859351,17.062615,Reuters
2025-03-16,USD,COP,4072.204557,4027.400583,4117.00853,Bloomberg
2025-03-16,USD,ARS,343.370199,341.354572,345.385827,Internal
2025-03-16,MXN,COP,235.685403,232.694323,238.676484,Central Bank
2025-03-16,MXN,ARS,20.472268,20.320622,20.623914,Bloomberg
2025-03-16,COP,MXN,0.004318,0.00428,0.004356,Bloomberg
2025-03-16,COP,ARS,0.087412,0.086109,0.088715,Central Bank
2025-03-16,ARS,MXN,0.04837,0.047651,0.049089,Reuters
2025-03-16,ARS,COP,11.543554,11.373728,11.71338,Central Bank
2025-03-17,MXN,USD,0.059621,0.058973,0.060269,Central Bank
2025-03-17,COP,USD,0.000248,0.000245,0.000251,Reuters
2025-03-17,ARS,USD,0.002801,0.002783,0.002819,Internal
2025-03-17,USD,MXN,16.724749,16.543279,16.906219,Central Bank
2025-03-17,USD,COP,4012.232676,3966.37338,4058.091972,Bloomberg
2025-03-17,USD,ARS,348.231405,345.704315,350.758496,Internal
2025-03-17,MXN,COP,231.385907,230.085995,232.68582,Central Bank
2025-03-17,MXN,ARS,20.708576,20.566969,20.850182,Reuters
2025-03-17,COP,MXN,0.004238,0.004201,0.004275,Bloomberg
2025-03-17,COP,ARS,0.088696,0.087918,0.089473,Reuters
2025-03-17,ARS,MXN,0.04896,0.048684,0.049236,Reuters
2025-03-17,ARS,COP,11.361782,11.236836,11.486727,Central Bank
2025-03-18,MXN,USD,0.059358,0.058717,0.059999,Bloomberg
2025-03-18,COP,USD,0.000247,0.000245,0.000249,Reuters
2025-03-18,ARS,USD,0.002883,0.00284,0.002926,Bloomberg
2025-03-18,USD,MXN,17.165172,17.065126,17.265218,Internal
2025-03-18,USD,COP,4024.14233,3985.159535,4063.125126,Central Bank
2025-03-18,USD,ARS,346.988094,343.945548,350.030639,Internal
2025-03-18,MXN,COP,237.495688,234.318312,240.673064,Internal
2025-03-18,MXN,ARS,20.187052,19.936714,20.437389,Reuters
2025-03-18,COP,MXN,0.004326,0.004289,0.004363,Central Bank
2025-03-18,COP,ARS,0.08897,0.087929,0.090011,Internal
2025-03-18,ARS,MXN,0.048431,0.047985,0.048877,Internal
2025-03-18,ARS,COP,11.35542,11.259512,11.451328,Internal
2025-03-19,MXN,USD,0.059172,0.058427,0.059917,Central Bank
2025-03-19,COP,USD,0.000246,0.000243,0.000249,Bloomberg
2025-03-19,ARS,USD,0.002863,0.002825,0.002901,Reuters
2025-03-19,USD,MXN,16.984217,16.889964,17.07847,Central Bank
2025-03-19,USD,COP,4047.544572,4002.011817,4093.077327,Bloomberg
2025-03-19,USD,ARS,344.848636,342.885594,346.811678,Central Bank
2025-03-19,MXN,COP,234.266274,231.628287,236.904261,Internal
2025-03-19,MXN,ARS,20.196269,19.968212,20.424325,Internal
2025-03-19,COP,MXN,0.004273,0.004242,0.004303,Bloomberg
2025-03-19,COP,ARS,0.086224,0.085622,0.086826,Internal
2025-03-19,ARS,MXN,0.047839,0.04743,0.048249,Bloomberg
2025-03-19,ARS,COP,11.232737,11.161066,11.304409,Reuters
2025-03-20,MXN,USD,0.05917,0.058656,0.059683,Bloomberg
2025-03-20,COP,USD,0.000254,0.000253,0.000256,Reuters
2025-03-20,ARS,USD,0.002897,0.002865,0.002929,Bloomberg
2025-03-20,USD,MXN,16.67467,16.586475,16.762865,Bloomberg
2025-03-20,USD,COP,3992.56894,3959.16503,4025.97285,Bloomberg
2025-03-20,USD,ARS,350.977166,347.334466,354.619867,Bloomberg
2025-03-20,MXN,COP,238.811308,235.938315,241.684301,Central Bank
2025-03-20,MXN,ARS,20.347089,20.192521,20.501656,Reuters
2025-03-20,COP,MXN,0.004267,0.004219,0.004315,Internal
2025-03-20,COP,ARS,0.08708,0.086463,0.087697,Internal
2025-03-20,ARS,MXN,0.049067,0.048559,0.049575,Reuters
2025-03-20,ARS,COP,11.247214,11.116847,11.377582,Bloomberg
2025-03-21,MXN,USD,0.059533,0.058939,0.060126,Reuters
2025-03-21,COP,USD,0.000251,0.000247,0.000254,Reuters
2025-03-21,ARS,USD,0.002902,0.002861,0.002944,Bloomberg
2025-03-21,USD,MXN,16.688046,16.588191,16.787901,Reuters
2025-03-21,USD,COP,4026.767831,4005.412517,4048.123144,Internal
2025-03-21,USD,ARS,354.253598,351.902533,356.604664,Internal
2025-03-21,MXN,COP,234.2863,232.683807,235.888792,Internal
2025-03-21,MXN,ARS,20.889481,20.60187,21.177093,Reuters
2025-03-21,COP,MXN,0.004176,0.004149,0.004203,Bloomberg
2025-03-21,COP,ARS,0.089227,0.088499,0.089955,Reuters
2025-03-21,ARS,MXN,0.048029,0.0474,0.048657,Bloomberg
2025-03-21,ARS,COP,11.423547,11.271109,11.575985,Internal
2025-03-22,MXN,USD,0.058386,0.057655,0.059117,Internal
2025-03-22,COP,USD,0.000255,0.000253,0.000257,Internal
2025-03-22,ARS,USD,0.002858,0.002827,0.00289,Bloomberg
2025-03-22,USD,MXN,16.771987,16.551579,16.992395,Reuters
2025-03-22,USD,COP,4033.305247,3979.643695,4086.9668,Central Bank
2025-03-22,USD,ARS,347.295579,343.386856,351.204301,Reuters
2025-03-22,MXN,COP,230.642951,228.536545,232.749357,Bloomberg
2025-03-22,MXN,ARS,20.975866,20.783139,21.168594,Internal
2025-03-22,COP,MXN,0.004256,0.00422,0.004291,Central Bank
2025-03-22,COP,ARS,0.08625,0.085239,0.087261,Internal
2025-03-22,ARS,MXN,0.049088,0.048474,0.049702,Internal
2025-03-22,ARS,COP,11.525011,11.446719,11.603303,Bloomberg
2025-03-23,MXN,USD,0.059388,0.058674,0.060101,Internal
2025-03-23,COP,USD,0.000251,0.000249,0.000253,Reuters
2025-03-23,ARS,USD,0.002899,0.002882,0.002916,Central Bank
2025-03-23,USD,MXN,16.86479,16.633966,17.095614,Reuters
2025-03-23,USD,COP,4064.165496,4036.283432,4092.047559,Bloomberg
2025-03-23,USD,ARS,347.097904,343.649737,350.54607,Central Bank
2025-03-23,MXN,COP,233.288231,231.317204,235.259257,Internal
2025-03-23,MXN,ARS,20.771915,20.571748,20.972082,Bloomberg
2025-03-23,COP,MXN,0.004229,0.004171,0.004286,Reuters
2025-03-23,COP,ARS,0.088193,0.087707,0.08868,Central Bank
2025-03-23,ARS,MXN,0.047996,0.047444,0.048547,Bloomberg
2025-03-23,ARS,COP,11.242792,11.135672,11.349911,Bloomberg
2025-03-24,MXN,USD,0.059469,0.059056,0.059881,Bloomberg
2025-03-24,COP,USD,0.000252,0.000248,0.000256,Reuters
2025-03-24,ARS,USD,0.002836,0.002802,0.002871,Internal
2025-03-24,USD,MXN,16.992002,16.776894,17.20711,Internal
2025-03-24,USD,COP,3921.880115,3894.539497,3949.220732,Bloomberg
2025-03-24,USD,ARS,352.392633,347.639905,357.145361,Internal
2025-03-24,MXN,COP,232.474929,231.050268,233.899591,Bloomberg
2025-03-24,MXN,ARS,20.903878,20.62681,21.180947,Central Bank
2025-03-24,COP,MXN,0.004305,0.004247,0.004362,Reuters
2025-03-24,COP,ARS,0.087512,0.086839,0.088184,Internal
2025-03-24,ARS,MXN,0.049188,0.048561,0.049814,Bloomberg
2025-03-24,ARS,COP,11.293528,11.15205,11.435006,Internal
2025-03-25,MXN,USD,0.059645,0.058944,0.060346,Internal
2025-03-25,COP,USD,0.000245,0.000242,0.000248,Bloomberg
2025-03-25,ARS,USD,0.002907,0.002873,0.002942,Internal
2025-03-25,USD,MXN,16.99916,16.78836,17.209961,Central Bank
2025-03-25,USD,COP,4031.569898,3996.044084,4067.095713,Reuters
2025-03-25,USD,ARS,351.96161,349.310654,354.612566,Reuters
2025-03-25,MXN,COP,238.970847,235.680916,242.260778,Bloomberg
2025-03-25,MXN,ARS,20.196257,19.896268,20.496247,Internal
2025-03-25,COP,MXN,0.004213,0.004161,0.004264,Central Bank
2025-03-25,COP,ARS,0.086148,0.085556,0.086741,Reuters
2025-03-25,ARS,MXN,0.048808,0.048191,0.049424,Central Bank
2025-03-25,ARS,COP,11.61513,11.448972,11.781288,Reuters
2025-03-26,MXN,USD,0.057765,0.057098,0.058431,Central Bank
2025-03-26,COP,USD,0.000246,0.000242,0.000249,Reuters
2025-03-26,ARS,USD,0.002845,0.002817,0.002872,Central Bank
2025-03-26,USD,MXN,17.027807,16.934361,17.121254,Central Bank
2025-03-26,USD,COP,3965.7346,3920.602265,4010.866935,Central Bank
2025-03-26,USD,ARS,346.945837,344.267626,349.624048,Central Bank
2025-03-26,MXN,COP,233.868903,231.799252,235.938554,Reuters
2025-03-26,MXN,ARS,20.238933,20.094513,20.383354,Reuters
2025-03-26,COP,MXN,0.004197,0.00415,0.004245,Central Bank
2025-03-26,COP,ARS,0.086711,0.085717,0.087704,Internal
2025-03-26,ARS,MXN,0.048203,0.047808,0.048598,Central Bank
2025-03-26,ARS,COP,11.290096,11.163143,11.417049,Central Bank
2025-03-27,MXN,USD,0.05789,0.057367,0.058413,Reuters
2025-03-27,COP,USD,0.000249,0.000246,0.000251,Internal
2025-03-27,ARS,USD,0.002896,0.002869,0.002924,Reuters
2025-03-27,USD,MXN,16.684542,16.440603,16.928481,Central Bank
2025-03-27,USD,COP,3944.762838,3906.790958,3982.734718,Central Bank
2025-03-27,USD,ARS,348.667178,344.809841,352.524516,Bloomberg
2025-03-27,MXN,COP,235.141015,233.723513,236.558517,Central Bank
2025-03-27,MXN,ARS,20.264344,20.058467,20.470221,Internal
2025-03-27,COP,MXN,0.004237,0.004182,0.004292,Internal
2025-03-27,COP,ARS,0.086145,0.085224,0.087066,Internal
2025-03-27,ARS,MXN,0.049206,0.04877,0.049642,Reuters
2025-03-27,ARS,COP,11.464751,11.325706,11.603796,Bloomberg
2025-03-28,MXN,USD,0.059209,0.058819,0.0596,Central Bank
2025-03-28,COP,USD,0.00025,0.000248,0.000251,Reuters
2025-03-28,ARS,USD,0.002899,0.002875,0.002923,Bloomberg
2025-03-28,USD,MXN,16.914948,16.787142,17.042755,Central Bank
2025-03-28,USD,COP,4014.089992,3977.080805,4051.09918,Internal
2025-03-28,USD,ARS,352.87825,349.189146,356.567353,Bloomberg
2025-03-28,MXN,COP,234.021139,232.290751,235.751528,Bloomberg
2025-03-28,MXN,ARS,20.652884,20.427093,20.878676,Bloomberg
2025-03-28,COP,MXN,0.004213,0.004176,0.00425,Bloomberg
2025-03-28,COP,ARS,0.08608,0.08487,0.08729,Internal
2025-03-28,ARS,MXN,0.048251,0.047989,0.048513,Reuters
2025-03-28,ARS,COP,11.446595,11.358721,11.534468,Internal
2025-03-29,MXN,USD,0.058654,0.058076,0.059231,Bloomberg
2025-03-29,COP,USD,0.000245,0.000242,0.000248,Bloomberg
2025-03-29,ARS,USD,0.002801,0.002765,0.002837,Reuters
2025-03-29,USD,MXN,16.799066,16.563719,17.034412,Internal
2025-03-29,USD,COP,3948.603122,3899.089621,3998.116622,Internal
2025-03-29,USD,ARS,351.295378,346.689477,355.901278,Bloomberg
2025-03-29,MXN,COP,232.988671,231.661492,234.31585,Reuters
2025-03-29,MXN,ARS,20.844358,20.592116,21.0966,Bloomberg
2025-03-29,COP,MXN,0.004219,0.004161,0.004277,Reuters
2025-03-29,COP,ARS,0.089052,0.088227,0.089877,Bloomberg
2025-03-29,ARS,MXN,0.047609,0.047111,0.048106,Bloomberg
2025-03-29,ARS,COP,11.630344,11.571302,11.689386,Internal
2025-03-30,MXN,USD,0.057941,0.057233,0.058649,Central Bank
2025-03-30,COP,USD,0.000251,0.000248,0.000255,Bloomberg
2025-03-30,ARS,USD,0.002863,0.002829,0.002898,Bloomberg
2025-03-30,USD,MXN,17.306089,17.082259,17.529919,Internal
2025-03-30,USD,COP,3992.940887,3943.153088,4042.728686,Central Bank
2025-03-30,USD,ARS,344.692188,340.34922,349.035156,Reuters
2025-03-30,MXN,COP,231.907845,230.450834,233.364856,Internal
2025-03-30,MXN,ARS,20.713801,20.419346,21.008257,Bloomberg
2025-03-30,COP,MXN,0.004165,0.004119,0.004211,Central Bank
2025-03-30,COP,ARS,0.087299,0.08679,0.087808,Central Bank
2025-03-30,ARS,MXN,0.047693,0.047387,0.047999,Reuters
2025-03-30,ARS,COP,11.264371,11.174797,11.353946,Reuters
2025-03-31,MXN,USD,0.058797,0.057981,0.059614,Central Bank
2025-03-31,COP,USD,0.000248,0.000246,0.000251,Internal
2025-03-31,ARS,USD,0.002913,0.002895,0.00293,Internal
2025-03-31,USD,MXN,17.295579,17.091862,17.499296,Internal
2025-03-31,USD,COP,3937.333829,3903.28516,3971.382497,Internal
2025-03-31,USD,ARS,347.898138,344.771365,351.024911,Internal
2025-03-31,MXN,COP,234.416185,233.148715,235.683654,Internal
2025-03-31,MXN,ARS,20.608013,20.456641,20.759384,Reuters
2025-03-31,COP,MXN,0.004297,0.004275,0.00432,Reuters
2025-03-31,COP,ARS,0.086283,0.085044,0.087522,Reuters
2025-03-31,ARS,MXN,0.049436,0.048701,0.050171,Internal
2025-03-31,ARS,COP,11.51184,11.412317,11.611364,Internal
2025-04-01,MXN,USD,0.059116,0.058254,0.059977,Bloomberg
2025-04-01,COP,USD,0.000246,0.000245,0.000248,Central Bank
2025-04-01,ARS,USD,0.002887,0.002865,0.002908,Central Bank
2025-04-01,USD,MXN,16.971885,16.825614,17.118157,Reuters
2025-04-01,USD,COP,3996.518521,3966.81453,4026.222511,Central Bank
2025-04-01,USD,ARS,353.671683,350.720027,356.623338,Central Bank
2025-04-01,MXN,COP,231.365798,228.023293,234.708303,Central Bank
2025-04-01,MXN,ARS,20.790183,20.666235,20.91413,Central Bank
2025-04-01,COP,MXN,0.004232,0.004176,0.004289,Bloomberg
2025-04-01,COP,ARS,0.087217,0.086754,0.08768,Central Bank
2025-04-01,ARS,MXN,0.047861,0.047455,0.048268,Bloomberg
2025-04-01,ARS,COP,11.506023,11.351302,11.660744,Reuters
2025-04-02,MXN,USD,0.059054,0.058249,0.059859,Bloomberg
2025-04-02,COP,USD,0.000247,0.000245,0.000249,Bloomberg
2025-04-02,ARS,USD,0.002841,0.002801,0.002881,Bloomberg
2025-04-02,USD,MXN,16.733302,16.554179,16.912424,Internal
2025-04-02,USD,COP,4011.221501,3958.345495,4064.097507,Internal
2025-04-02,USD,ARS,346.394524,341.558002,351.231045,Internal
2025-04-02,MXN,COP,239.858364,237.730008,241.98672,Reuters
2025-04-02,MXN,ARS,20.735465,20.582009,20.888921,Bloomberg
2025-04-02,COP,MXN,0.004169,0.004139,0.004198,Internal
2025-04-02,COP,ARS,0.088174,0.087013,0.089336,Internal
2025-04-02,ARS,MXN,0.048422,0.048109,0.048735,Bloomberg
2025-04-02,ARS,COP,11.341887,11.224076,11.459698,Reuters
2025-04-03,MXN,USD,0.059667,0.059015,0.060318,Bloomberg
2025-04-03,COP,USD,0.000255,0.000252,0.000257,Bloomberg
2025-04-03,ARS,USD,0.002833,0.002818,0.002848,Central Bank
2025-04-03,USD,MXN,17.12866,16.917183,17.340137,Bloomberg
2025-04-03,USD,COP,3923.326579,3888.364914,3958.288243,Central Bank
2025-04-03,USD,ARS,344.20905,340.193715,348.224385,Internal
2025-04-03,MXN,COP,238.022689,236.071785,239.973594,Central Bank
2025-04-03,MXN,ARS,20.637217,20.464294,20.810141,Bloomberg
2025-04-03,COP,MXN,0.004305,0.004262,0.004348,Central Bank
2025-04-03,COP,ARS,0.087152,0.086149,0.088156,Central Bank
2025-04-03,ARS,MXN,0.049308,0.048718,0.049898,Bloomberg
2025-04-03,ARS,COP,11.651818,11.556242,11.747394,Internal
2025-04-04,MXN,USD,0.059635,0.058795,0.060476,Internal
2025-04-04,COP,USD,0.000251,0.000248,0.000254,Bloomberg
2025-04-04,ARS,USD,0.002893,0.002876,0.00291,Central Bank
2025-04-04,USD,MXN,16.698668,16.608876,16.788459,Central Bank
2025-04-04,USD,COP,4004.211738,3960.358065,4048.06541,Bloomberg
2025-04-04,USD,ARS,343.923531,340.679069,347.167993,Central Bank
2025-04-04,MXN,COP,237.431703,234.322434,240.540971,Reuters
2025-04-04,MXN,ARS,20.879442,20.66403,21.094854,Central Bank
2025-04-04,COP,MXN,0.004194,0.004147,0.004242,Bloomberg
2025-04-04,COP,ARS,0.086926,0.085664,0.088188,Central Bank
2025-04-04,ARS,MXN,0.048251,0.047585,0.048917,Bloomberg
2025-04-04,ARS,COP,11.485711,11.422474,11.548948,Bloomberg
2025-04-05,MXN,USD,0.057763,0.057323,0.058204,Bloomberg
2025-04-05,COP,USD,0.000251,0.000249,0.000254,Central Bank
2025-04-05,ARS,USD,0.002828,0.002802,0.002854,Bloomberg
2025-04-05,USD,MXN,17.022977,16.828456,17.217498,Central Bank
2025-04-05,USD,COP,3942.452885,3917.335305,3967.570465,Internal
2025-04-05,USD,ARS,350.278779,347.305648,353.251911,Reuters
2025-04-05,MXN,COP,237.927622,234.610603,241.244641,Reuters
2025-04-05,MXN,ARS,20.80985,20.529582,21.090118,Reuters
2025-04-05,COP,MXN,0.00432,0.004289,0.004351,Central Bank
2025-04-05,COP,ARS,0.085877,0.085148,0.086606,Bloomberg
2025-04-05,ARS,MXN,0.04891,0.048303,0.049517,Central Bank
2025-04-05,ARS,COP,11.594065,11.485933,11.702197,Bloomberg
2025-04-06,MXN,USD,0.05907,0.058409,0.059731,Reuters
2025-04-06,COP,USD,0.000255,0.000253,0.000256,Central Bank
2025-04-06,ARS,USD,0.002885,0.002867,0.002904,Internal
2025-04-06,USD,MXN,17.072355,16.906007,17.238703,Internal
2025-04-06,USD,COP,4037.351446,4002.792596,4071.910296,Central Bank
2025-04-06,USD,ARS,353.604554,351.469327,355.73978,Internal
2025-04-06,MXN,COP,234.608384,231.816359,237.400409,Central Bank
2025-04-06,MXN,ARS,20.595719,20.394145,20.797292,Bloomberg
2025-04-06,COP,MXN,0.004277,0.004232,0.004321,Bloomberg
2025-04-06,COP,ARS,0.087182,0.08654,0.087824,Reuters
2025-04-06,ARS,MXN,0.047648,0.047062,0.048233,Internal
2025-04-06,ARS,COP,11.601873,11.453101,11.750646,Bloomberg
2025-04-07,MXN,USD,0.058729,0.0582,0.059259,Bloomberg
2025-04-07,COP,USD,0.000247,0.000245,0.000249,Internal
2025-04-07,ARS,USD,0.002859,0.002825,0.002893,Central Bank
2025-04-07,USD,MXN,17.047516,16.845028,17.250004,Internal
2025-04-07,USD,COP,4022.973018,3999.413471,4046.532565,Internal
2025-04-07,USD,ARS,356.853147,353.909592,359.796702,Bloomberg
2025-04-07,MXN,COP,235.767501,233.077809,238.457192,Central Bank
2025-04-07,MXN,ARS,20.558423,20.336232,20.780615,Bloomberg
2025-04-07,COP,MXN,0.004302,0.004257,0.004348,Central Bank
2025-04-07,COP,ARS,0.086225,0.085499,0.08695,Internal
2025-04-07,ARS,MXN,0.048533,0.048217,0.04885,Reuters
2025-04-07,ARS,COP,11.6455,11.489923,11.801078,Internal
2025-04-08,MXN,USD,0.058344,0.057732,0.058956,Bloomberg
2025-04-08,COP,USD,0.000254,0.000252,0.000256,Central Bank
2025-04-08,ARS,USD,0.002836,0.002796,0.002877,Reuters
2025-04-08,USD,MXN,16.744863,16.587324,16.902401,Internal
2025-04-08,USD,COP,3972.74583,3930.974948,4014.516712,Bloomberg
2025-04-08,USD,ARS,351.0032,345.901729,356.104672,Bloomberg
2025-04-08,MXN,COP,236.143353,232.721624,239.565083,Reuters
2025-04-08,MXN,ARS,20.890802,20.713038,21.068566,Central Bank
2025-04-08,COP,MXN,0.004256,0.004216,0.004296,Central Bank
2025-04-08,COP,ARS,0.088695,0.087978,0.089412,Internal
2025-04-08,ARS,MXN,0.047677,0.047022,0.048331,Reuters
2025-04-08,ARS,COP,11.553768,11.495495,11.612041,Bloomberg
2025-04-09,MXN,USD,0.058263,0.057626,0.058901,Bloomberg
2025-04-09,COP,USD,0.00025,0.000248,0.000253,Internal
2025-04-09,ARS,USD,0.00284,0.002813,0.002867,Central Bank
2025-04-09,USD,MXN,17.085992,16.890775,17.28121,Bloomberg
2025-04-09,USD,COP,4014.344095,3993.549076,4035.139114,Central Bank
2025-04-09,USD,ARS,353.23521,350.939444,355.530975,Central Bank
2025-04-09,MXN,COP,231.18878,228.860302,233.517257,Central Bank
2025-04-09,MXN,ARS,20.582806,20.444713,20.720899,Central Bank
2025-04-09,COP,MXN,0.004233,0.004185,0.004282,Reuters
2025-04-09,COP,ARS,0.086272,0.085685,0.08686,Bloomberg
2025-04-09,ARS,MXN,0.049253,0.048806,0.049701,Bloomberg
2025-04-09,ARS,COP,11.575241,11.443979,11.706503,Central Bank
2025-04-10,MXN,USD,0.058552,0.05774,0.059363,Central Bank
2025-04-10,COP,USD,0.000253,0.00025,0.000255,Bloomberg
2025-04-10,ARS,USD,0.002802,0.002784,0.00282,Reuters
2025-04-10,USD,MXN,17.194138,16.952612,17.435663,Internal
2025-04-10,USD,COP,3942.222852,3894.847227,3989.598476,Internal
2025-04-10,USD,ARS,348.088721,344.713744,351.463697,Reuters
2025-04-10,MXN,COP,239.944869,237.072042,242.817696,Reuters
2025-04-10,MXN,ARS,20.583968,20.320103,20.847833,Central Bank
2025-04-10,COP,MXN,0.004302,0.004248,0.004356,Reuters
2025-04-10,COP,ARS,0.087119,0.086105,0.088132,Reuters
2025-04-10,ARS,MXN,0.049351,0.04877,0.049933,Internal
2025-04-10,ARS,COP,11.316897,11.17879,11.455004,Internal
2025-04-11,MXN,USD,0.059503,0.058991,0.060016,Reuters
2025-04-11,COP,USD,0.000248,0.000245,0.00025,Reuters
2025-04-11,ARS,USD,0.002838,0.002822,0.002854,Internal
2025-04-11,USD,MXN,17.105615,16.866765,17.344465,Internal
2025-04-11,USD,COP,3976.629733,3921.990904,4031.268562,Bloomberg
2025-04-11,USD,ARS,352.327599,347.491618,357.163581,Bloomberg
2025-04-11,MXN,COP,237.991048,235.46462,240.517477,Bloomberg
2025-04-11,MXN,ARS,20.721112,20.425457,21.016767,Internal
2025-04-11,COP,MXN,0.004272,0.004214,0.00433,Internal
2025-04-11,COP,ARS,0.086505,0.085226,0.087785,Reuters
2025-04-11,ARS,MXN,0.048606,0.048246,0.048965,Central Bank
2025-04-11,ARS,COP,11.593452,11.441415,11.745489,Internal
2025-04-12,MXN,USD,0.058506,0.057938,0.059074,Reuters
2025-04-12,COP,USD,0.000247,0.000244,0.000251,Internal
2025-04-12,ARS,USD,0.002888,0.002856,0.00292,Bloomberg
2025-04-12,USD,MXN,17.106683,16.910157,17.30321,Reuters
2025-04-12,USD,COP,3959.016808,3900.605602,4017.428014,Internal
2025-04-12,USD,ARS,356.955436,352.70585,361.205022,Central Bank
2025-04-12,MXN,COP,233.939116,230.984093,236.894139,Reuters
2025-04-12,MXN,ARS,20.439281,20.324909,20.553654,Central Bank
2025-04-12,COP,MXN,0.004266,0.004222,0.00431,Internal
2025-04-12,COP,ARS,0.087372,0.086295,0.088449,Central Bank
2025-04-12,ARS,MXN,0.047699,0.047367,0.048032,Bloomberg
2025-04-12,ARS,COP,11.61955,11.473358,11.765742,Bloomberg
2025-04-13,MXN,USD,0.058982,0.058276,0.059687,Internal
2025-04-13,COP,USD,0.000247,0.000244,0.00025,Bloomberg
2025-04-13,ARS,USD,0.002897,0.002865,0.002928,Reuters
2025-04-13,USD,MXN,17.091757,16.848697,17.334816,Central Bank
2025-04-13,USD,COP,3958.670259,3902.244319,4015.0962,Central Bank
2025-04-13,USD,ARS,348.903942,345.990306,351.817578,Reuters
2025-04-13,MXN,COP,231.622952,230.375775,232.87013,Bloomberg
2025-04-13,MXN,ARS,20.743987,20.50833,20.979645,Reuters
2025-04-13,COP,MXN,0.004334,0.004311,0.004356,Bloomberg
2025-04-13,COP,ARS,0.089108,0.088578,0.089637,Bloomberg
2025-04-13,ARS,MXN,0.048267,0.047599,0.048936,Bloomberg
2025-04-13,ARS,COP,11.615477,11.488099,11.742855,Bloomberg
2025-04-14,MXN,USD,0.059587,0.058842,0.060332,Reuters
2025-04-14,COP,USD,0.000247,0.000244,0.00025,Central Bank
2025-04-14,ARS,USD,0.002813,0.002792,0.002834,Reuters
2025-04-14,USD,MXN,17.051751,16.919639,17.183863,Bloomberg
2025-04-14,USD,COP,3984.176801,3956.899111,4011.45449,Internal
2025-04-14,USD,ARS,354.439611,352.139343,356.739878,Internal
2025-04-14,MXN,COP,238.498756,236.399241,240.59827,Bloomberg
2025-04-14,MXN,ARS,20.840338,20.664457,21.016219,Central Bank
2025-04-14,COP,MXN,0.004254,0.004212,0.004296,Bloomberg
2025-04-14,COP,ARS,0.087689,0.086657,0.088721,Reuters
2025-04-14,ARS,MXN,0.048168,0.047468,0.048869,Reuters
2025-04-14,ARS,COP,11.488878,11.381872,11.595884,Central Bank
2025-04-15,MXN,USD,0.059525,0.058737,0.060313,Central Bank
2025-04-15,COP,USD,0.000251,0.000249,0.000253,Central Bank
2025-04-15,ARS,USD,0.002854,0.002814,0.002894,Reuters
2025-04-15,USD,MXN,16.893934,16.749072,17.038796,Bloomberg
2025-04-15,USD,COP,4030.182043,3981.878795,4078.485291,Internal
2025-04-15,USD,ARS,344.899974,342.532315,347.267633,Central Bank
2025-04-15,MXN,COP,234.501018,232.859988,236.142047,Internal
2025-04-15,MXN,ARS,20.382501,20.26113,20.503872,Bloomberg
2025-04-15,COP,MXN,0.004309,0.004258,0.004359,Internal
2025-04-15,COP,ARS,0.087061,0.086257,0.087865,Bloomberg
2025-04-15,ARS,MXN,0.049079,0.048707,0.04945,Central Bank
2025-04-15,ARS,COP,11.279451,11.175194,11.383709,Reuters
2025-04-16,MXN,USD,0.058884,0.058289,0.059479,Internal
2025-04-16,COP,USD,0.000249,0.000248,0.00025,Central Bank
2025-04-16,ARS,USD,0.002848,0.002828,0.002869,Internal
2025-04-16,USD,MXN,16.823539,16.606499,17.04058,Bloomberg
2025-04-16,USD,COP,4067.671545,4023.020191,4112.3229,Central Bank
2025-04-16,USD,ARS,349.101572,345.631252,352.571893,Central Bank
2025-04-16,MXN,COP,233.513079,232.269654,234.756504,Reuters
2025-04-16,MXN,ARS,20.770321,20.49584,21.044802,Bloomberg
2025-04-16,COP,MXN,0.004321,0.004294,0.004348,Internal
2025-04-16,COP,ARS,0.087292,0.086265,0.08832,Central Bank
2025-04-16,ARS,MXN,0.049441,0.048723,0.050159,Bloomberg
2025-04-16,ARS,COP,11.328181,11.245582,11.410781,Central Bank
2025-04-17,MXN,USD,0.058373,0.05788,0.058866,Central Bank
2025-04-17,COP,USD,0.000252,0.000249,0.000254,Central Bank
2025-04-17,ARS,USD,0.002817,0.002785,0.002848,Bloomberg
2025-04-17,USD,MXN,16.932502,16.785821,17.079183,Bloomberg
2025-04-17,USD,COP,4008.476327,3956.950037,4060.002616,Bloomberg
2025-04-17,USD,ARS,344.498938,341.896759,347.101116,Internal
2025-04-17,MXN,COP,233.993524,231.95524,236.031807,Internal
2025-04-17,MXN,ARS,20.560695,20.333216,20.788174,Central Bank
2025-04-17,COP,MXN,0.004184,0.004149,0.004219,Central Bank
2025-04-17,COP,ARS,0.08837,0.087372,0.089367,Bloomberg
2025-04-17,ARS,MXN,0.049339,0.048836,0.049843,Bloomberg
2025-04-17,ARS,COP,11.495724,11.409652,11.581796,Reuters
2025-04-18,MXN,USD,0.058177,0.057423,0.05893,Central Bank
2025-04-18,COP,USD,0.000252,0.000248,0.000255,Internal
2025-04-18,ARS,USD,0.002855,0.002822,0.002889,Central Bank
2025-04-18,USD,MXN,16.878071,16.724818,17.031324,Central Bank
2025-04-18,USD,COP,4071.795798,4013.319613,4130.271983,Bloomberg
2025-04-18,USD,ARS,348.457576,343.989446,352.925706,Reuters
2025-04-18,MXN,COP,238.201392,234.843462,241.559321,Bloomberg
2025-04-18,MXN,ARS,20.882427,20.671675,21.09318,Internal
2025-04-18,COP,MXN,0.004189,0.004142,0.004236,Central Bank
2025-04-18,COP,ARS,0.088309,0.087436,0.089183,Bloomberg
2025-04-18,ARS,MXN,0.047905,0.047381,0.048428,Bloomberg
2025-04-18,ARS,COP,11.381518,11.222189,11.540847,Reuters
2025-04-19,MXN,USD,0.058689,0.057996,0.059381,Internal
2025-04-19,COP,USD,0.000253,0.000251,0.000254,Central Bank
2025-04-19,ARS,USD,0.002841,0.002811,0.002871,Internal
2025-04-19,USD,MXN,16.99138,16.831309,17.151451,Reuters
2025-04-19,USD,COP,3975.401136,3931.876184,4018.926087,Central Bank
2025-04-19,USD,ARS,348.224242,345.798871,350.649612,Reuters
2025-04-19,MXN,COP,233.168603,231.883568,234.453638,Bloomberg
2025-04-19,MXN,ARS,20.181312,19.923775,20.438848,Internal
2025-04-19,COP,MXN,0.004291,0.004247,0.004335,Internal
2025-04-19,COP,ARS,0.087692,0.087224,0.088161,Bloomberg
2025-04-19,ARS,MXN,0.049047,0.04865,0.049444,Reuters
2025-04-19,ARS,COP,11.602513,11.524765,11.680262,Reuters
2025-04-20,MXN,USD,0.058831,0.05827,0.059391,Internal
2025-04-20,COP,USD,0.000245,0.000243,0.000248,Central Bank
2025-04-20,ARS,USD,0.002831,0.0028,0.002862,Bloomberg
2025-04-20,USD,MXN,16.845737,16.646141,17.045333,Internal
2025-04-20,USD,COP,4028.707198,3996.574333,4060.840064,Central Bank
2025-04-20,USD,ARS,350.510573,346.22172,354.799425,Bloomberg
2025-04-20,MXN,COP,238.012308,235.532925,240.49169,Central Bank
2025-04-20,MXN,ARS,20.213244,19.93255,20.493938,Bloomberg
2025-04-20,COP,MXN,0.004241,0.004217,0.004265,Reuters
2025-04-20,COP,ARS,0.0861,0.085459,0.086742,Internal
2025-04-20,ARS,MXN,0.047717,0.047218,0.048216,Bloomberg
2025-04-20,ARS,COP,11.268067,11.200623,11.335511,Bloomberg
2025-04-21,MXN,USD,0.058498,0.058067,0.058929,Central Bank
2025-04-21,COP,USD,0.000253,0.00025,0.000256,Central Bank
2025-04-21,ARS,USD,0.002901,0.002867,0.002935,Central Bank
2025-04-21,USD,MXN,17.152092,16.957043,17.347141,Bloomberg
2025-04-21,USD,COP,3986.453748,3966.161199,4006.746296,Central Bank
2025-04-21,USD,ARS,352.07918,347.849252,356.309107,Bloomberg
2025-04-21,MXN,COP,237.536747,234.92329,240.150204,Internal
2025-04-21,MXN,ARS,20.793365,20.566195,21.020535,Reuters
2025-04-21,COP,MXN,0.004275,0.004235,0.004315,Bloomberg
2025-04-21,COP,ARS,0.085912,0.085462,0.086361,Bloomberg
2025-04-21,ARS,MXN,0.047757,0.047184,0.048329,Central Bank
2025-04-21,ARS,COP,11.55682,11.387336,11.726303,Central Bank
2025-04-22,MXN,USD,0.058722,0.058173,0.05927,Reuters
2025-04-22,COP,USD,0.000251,0.000247,0.000254,Central Bank
2025-04-22,ARS,USD,0.002891,0.002857,0.002925,Reuters
2025-04-22,USD,MXN,16.730856,16.610947,16.850764,Central Bank
2025-04-22,USD,COP,4004.653812,3981.389698,4027.917926,Central Bank
2025-04-22,USD,ARS,355.350134,351.497639,359.20263,Central Bank
2025-04-22,MXN,COP,236.444384,233.374041,239.514727,Reuters
2025-04-22,MXN,ARS,20.474429,20.180675,20.768184,Internal
2025-04-22,COP,MXN,0.004268,0.004241,0.004295,Internal
2025-04-22,COP,ARS,0.086954,0.086181,0.087728,Central Bank
2025-04-22,ARS,MXN,0.048766,0.048301,0.049231,Internal
2025-04-22,ARS,COP,11.23577,11.130245,11.341296,Central Bank
2025-04-23,MXN,USD,0.059266,0.058569,0.059963,Internal
2025-04-23,COP,USD,0.000253,0.000249,0.000256,Bloomberg
2025-04-23,ARS,USD,0.002867,0.002841,0.002893,Bloomberg
2025-04-23,USD,MXN,17.164686,16.947568,17.381804,Internal
2025-04-23,USD,COP,4067.786658,4029.52427,4106.049045,Bloomberg
2025-04-23,USD,ARS,356.159379,353.05276,359.265998,Internal
2025-04-23,MXN,COP,232.540925,231.149294,233.932555,Internal
2025-04-23,MXN,ARS,20.792009,20.516897,21.067122,Central Bank
2025-04-23,COP,MXN,0.004193,0.004166,0.00422,Reuters
2025-04-23,COP,ARS,0.088085,0.086798,0.089373,Reuters
2025-04-23,ARS,MXN,0.048177,0.047748,0.048607,Internal
2025-04-23,ARS,COP,11.280415,11.176155,11.384676,Bloomberg
2025-04-24,MXN,USD,0.057649,0.056812,0.058486,Central Bank
2025-04-24,COP,USD,0.000246,0.000243,0.000248,Central Bank
2025-04-24,ARS,USD,0.002878,0.002859,0.002898,Central Bank
2025-04-24,USD,MXN,16.914723,16.780163,17.049284,Bloomberg
2025-04-24,USD,COP,3938.031144,3902.715584,3973.346703,Internal
2025-04-24,USD,ARS,345.900925,340.978472,350.823378,Reuters
2025-04-24,MXN,COP,235.098332,231.943974,238.252691,Internal
2025-04-24,MXN,ARS,20.434395,20.222153,20.646636,Internal
2025-04-24,COP,MXN,0.004266,0.004206,0.004326,Central Bank
2025-04-24,COP,ARS,0.086508,0.085598,0.087417,Bloomberg
2025-04-24,ARS,MXN,0.047606,0.047235,0.047976,Bloomberg
2025-04-24,ARS,COP,11.422364,11.296335,11.548393,Bloomberg
2025-04-25,MXN,USD,0.058592,0.058166,0.059018,Central Bank
2025-04-25,COP,USD,0.000253,0.00025,0.000255,Bloomberg
2025-04-25,ARS,USD,0.002885,0.002867,0.002904,Central Bank
2025-04-25,USD,MXN,17.109698,16.995462,17.223934,Central Bank
2025-04-25,USD,COP,3981.328284,3937.600953,4025.055615,Reuters
2025-04-25,USD,ARS,343.901795,339.060198,348.743392,Central Bank
2025-04-25,MXN,COP,234.137604,230.773886,237.501321,Bloomberg
2025-04-25,MXN,ARS,20.653302,20.533109,20.773495,Internal
2025-04-25,COP,MXN,0.004194,0.004151,0.004236,Reuters
2025-04-25,COP,ARS,0.087429,0.086539,0.08832,Central Bank
2025-04-25,ARS,MXN,0.04777,0.047477,0.048063,Internal
2025-04-25,ARS,COP,11.498059,11.343067,11.653051,Internal
2025-04-26,MXN,USD,0.058435,0.05788,0.058989,Reuters
2025-04-26,COP,USD,0.000253,0.000251,0.000256,Reuters
2025-04-26,ARS,USD,0.002866,0.002839,0.002894,Central Bank
2025-04-26,USD,MXN,16.874692,16.633408,17.115976,Bloomberg
2025-04-26,USD,COP,3937.03289,3912.456402,3961.609377,Reuters
2025-04-26,USD,ARS,350.647994,347.459836,353.836152,Reuters
2025-04-26,MXN,COP,239.885598,237.832306,241.938889,Central Bank
2025-04-26,MXN,ARS,20.631793,20.41835,20.845237,Central Bank
2025-04-26,COP,MXN,0.004334,0.004274,0.004394,Central Bank
2025-04-26,COP,ARS,0.087264,0.086398,0.08813,Reuters
2025-04-26,ARS,MXN,0.04839,0.04803,0.048749,Internal
2025-04-26,ARS,COP,11.291482,11.224397,11.358566,Internal
2025-04-27,MXN,USD,0.059955,0.059436,0.060475,Reuters
2025-04-27,COP,USD,0.000249,0.000248,0.000251,Internal
2025-04-27,ARS,USD,0.002812,0.002781,0.002843,Internal
2025-04-27,USD,MXN,16.808185,16.570541,17.045828,Central Bank
2025-04-27,USD,COP,3934.188793,3881.502916,3986.874671,Bloomberg
2025-04-27,USD,ARS,350.35778,346.189428,354.526132,Central Bank
2025-04-27,MXN,COP,234.277307,230.814619,237.739995,Bloomberg
2025-04-27,MXN,ARS,20.751047,20.623671,20.878422,Bloomberg
2025-04-27,COP,MXN,0.004274,0.004252,0.004296,Central Bank
2025-04-27,COP,ARS,0.087241,0.086374,0.088108,Bloomberg
2025-04-27,ARS,MXN,0.049145,0.048558,0.049733,Central Bank
2025-04-27,ARS,COP,11.377837,11.229643,11.52603,Bloomberg
2025-04-28,MXN,USD,0.058639,0.058275,0.059003,Bloomberg
2025-04-28,COP,USD,0.000246,0.000243,0.000249,Reuters
2025-04-28,ARS,USD,0.002831,0.002815,0.002846,Central Bank
2025-04-28,USD,MXN,16.871121,16.685193,17.05705,Central Bank
2025-04-28,USD,COP,3958.827618,3912.408171,4005.247064,Reuters
2025-04-28,USD,ARS,353.496291,350.415318,356.577264,Reuters
2025-04-28,MXN,COP,235.327267,233.346409,237.308126,Internal
2025-04-28,MXN,ARS,20.920781,20.644558,21.197004,Bloomberg
2025-04-28,COP,MXN,0.004281,0.00422,0.004341,Central Bank
2025-04-28,COP,ARS,0.086286,0.085121,0.087451,Bloomberg
2025-04-28,ARS,MXN,0.048773,0.048454,0.049092,Reuters
2025-04-28,ARS,COP,11.555289,11.394443,11.716136,Central Bank
2025-04-29,MXN,USD,0.058678,0.058224,0.059131,Bloomberg
2025-04-29,COP,USD,0.000248,0.000245,0.000252,Central Bank
2025-04-29,ARS,USD,0.002872,0.002833,0.00291,Reuters
2025-04-29,USD,MXN,17.225809,16.99022,17.461397,Bloomberg
2025-04-29,USD,COP,4064.736583,4040.092342,4089.380824,Bloomberg
2025-04-29,USD,ARS,352.893358,349.696793,356.089923,Central Bank
2025-04-29,MXN,COP,231.731899,229.317253,234.146546,Bloomberg
2025-04-29,MXN,ARS,20.647075,20.489926,20.804224,Reuters
2025-04-29,COP,MXN,0.004182,0.004152,0.004211,Reuters
2025-04-29,COP,ARS,0.086864,0.086348,0.08738,Internal
2025-04-29,ARS,MXN,0.048023,0.047757,0.048288,Bloomberg
2025-04-29,ARS,COP,11.203967,11.061473,11.34646,Internal
2025-04-30,MXN,USD,0.059054,0.058451,0.059657,Reuters
2025-04-30,COP,USD,0.000253,0.00025,0.000256,Internal
2025-04-30,ARS,USD,0.00288,0.002856,0.002903,Internal
2025-04-30,USD,MXN,16.752216,16.621956,16.882475,Central Bank
2025-04-30,USD,COP,4009.984536,3959.889471,4060.079601,Bloomberg
2025-04-30,USD,ARS,352.836655,349.446239,356.22707,Bloomberg
2025-04-30,MXN,COP,233.681149,230.302801,237.059496,Central Bank
2025-04-30,MXN,ARS,20.521148,20.314249,20.728047,Central Bank
2025-04-30,COP,MXN,0.004314,0.004283,0.004345,Internal
2025-04-30,COP,ARS,0.086422,0.08562,0.087225,Central Bank
2025-04-30,ARS,MXN,0.048529,0.04822,0.048838,Internal
2025-04-30,ARS,COP,11.50028,11.361516,11.639044,Central Bank
2025-05-01,MXN,USD,0.059309,0.058906,0.059713,Bloomberg
2025-05-01,COP,USD,0.000252,0.000249,0.000254,Reuters
2025-05-01,ARS,USD,0.002811,0.002779,0.002842,Bloomberg
2025-05-01,USD,MXN,17.211316,17.114703,17.307928,Bloomberg
2025-05-01,USD,COP,3949.5724,3920.555346,3978.589453,Reuters
2025-05-01,USD,ARS,347.319576,345.532909,349.106244,Central Bank
2025-05-01,MXN,COP,236.694715,234.777479,238.611952,Reuters
2025-05-01,MXN,ARS,20.314985,20.058858,20.571112,Reuters
2025-05-01,COP,MXN,0.004191,0.004129,0.004254,Central Bank
2025-05-01,COP,ARS,0.086301,0.085628,0.086973,Reuters
2025-05-01,ARS,MXN,0.047614,0.04709,0.048138,Internal
2025-05-01,ARS,COP,11.388047,11.251214,11.52488,Central Bank
2025-05-02,MXN,USD,0.057925,0.057209,0.058641,Internal
2025-05-02,COP,USD,0.000252,0.000248,0.000255,Internal
2025-05-02,ARS,USD,0.002913,0.002898,0.002928,Reuters
2025-05-02,USD,MXN,16.730074,16.563611,16.896537,Bloomberg
2025-05-02,USD,COP,4019.359546,3974.341062,4064.378031,Central Bank
2025-05-02,USD,ARS,355.561568,352.121659,359.001477,Reuters
2025-05-02,MXN,COP,233.515728,230.862318,236.169138,Reuters
2025-05-02,MXN,ARS,20.867223,20.556277,21.178169,Central Bank
2025-05-02,COP,MXN,0.004251,0.004195,0.004308,Internal
2025-05-02,COP,ARS,0.08876,0.087724,0.089796,Central Bank
2025-05-02,ARS,MXN,0.047653,0.047319,0.047986,Internal
2025-05-02,ARS,COP,11.346069,11.259025,11.433112,Bloomberg
2025-05-03,MXN,USD,0.05773,0.056889,0.058571,Bloomberg
2025-05-03,COP,USD,0.00025,0.000247,0.000253,Internal
2025-05-03,ARS,USD,0.002867,0.002825,0.002908,Internal
2025-05-03,USD,MXN,17.067965,16.850286,17.285644,Reuters
2025-05-03,USD,COP,3957.396423,3916.347954,3998.444892,Central Bank
2025-05-03,USD,ARS,350.961536,348.880807,353.042265,Central Bank
2025-05-03,MXN,COP,236.471647,234.008166,238.935128,Bloomberg
2025-05-03,MXN,ARS,20.67786,20.571112,20.784608,Bloomberg
2025-05-03,COP,MXN,0.004298,0.004264,0.004333,Reuters
2025-05-03,COP,ARS,0.088038,0.086842,0.089234,Reuters
2025-05-03,ARS,MXN,0.047604,0.047164,0.048044,Bloomberg
2025-05-03,ARS,COP,11.434234,11.355587,11.512881,Internal
2025-05-04,MXN,USD,0.058097,0.057338,0.058856,Bloomberg
2025-05-04,COP,USD,0.000255,0.000253,0.000256,Internal
2025-05-04,ARS,USD,0.002842,0.002801,0.002883,Internal
2025-05-04,USD,MXN,16.956602,16.767995,17.14521,Central Bank
2025-05-04,USD,COP,4001.236855,3950.179229,4052.294482,Reuters
2025-05-04,USD,ARS,354.367095,351.972538,356.761653,Bloomberg
2025-05-04,MXN,COP,237.434903,235.82843,239.041375,Bloomberg
2025-05-04,MXN,ARS,20.633105,20.45906,20.807151,Internal
2025-05-04,COP,MXN,0.004211,0.004175,0.004246,Central Bank
2025-05-04,COP,ARS,0.087772,0.087028,0.088515,Reuters
2025-05-04,ARS,MXN,0.048783,0.04811,0.049456,Internal
2025-05-04,ARS,COP,11.585613,11.427396,11.743829,Bloomberg
2025-05-05,MXN,USD,0.058987,0.058216,0.059757,Internal
2025-05-05,COP,USD,0.000248,0.000246,0.00025,Central Bank
2025-05-05,ARS,USD,0.002896,0.002868,0.002924,Reuters
2025-05-05,USD,MXN,16.690465,16.530586,16.850344,Bloomberg
2025-05-05,USD,COP,3920.724835,3871.244421,3970.20525,Reuters
2025-05-05,USD,ARS,346.835562,343.192128,350.478996,Internal
2025-05-05,MXN,COP,232.586038,230.784027,234.388049,Reuters
2025-05-05,MXN,ARS,20.78553,20.554702,21.016357,Internal
2025-05-05,COP,MXN,0.004278,0.004235,0.004322,Internal
2025-05-05,COP,ARS,0.087254,0.086304,0.088204,Reuters
2025-05-05,ARS,MXN,0.048488,0.048047,0.048928,Central Bank
2025-05-05,ARS,COP,11.409178,11.254771,11.563584,Central Bank
2025-05-06,MXN,USD,0.059699,0.058883,0.060515,Internal
2025-05-06,COP,USD,0.000251,0.000249,0.000252,Reuters
2025-05-06,ARS,USD,0.002871,0.002831,0.002911,Central Bank
2025-05-06,USD,MXN,16.677895,16.467968,16.887823,Reuters
2025-05-06,USD,COP,4047.378837,3988.647675,4106.109999,Internal
2025-05-06,USD,ARS,344.436806,341.363779,347.509834,Reuters
2025-05-06,MXN,COP,234.530177,231.650391,237.409963,Central Bank
2025-05-06,MXN,ARS,20.713922,20.594491,20.833353,Internal
2025-05-06,COP,MXN,0.004325,0.004274,0.004377,Internal
2025-05-06,COP,ARS,0.08747,0.086777,0.088163,Bloomberg
2025-05-06,ARS,MXN,0.047997,0.047424,0.04857,Reuters
2025-05-06,ARS,COP,11.479175,11.348352,11.609999,Internal
2025-05-07,MXN,USD,0.059001,0.058513,0.059489,Reuters
2025-05-07,COP,USD,0.000248,0.000245,0.000252,Reuters
2025-05-07,ARS,USD,0.002889,0.002863,0.002916,Bloomberg
2025-05-07,USD,MXN,16.989441,16.85168,17.127203,Bloomberg
2025-05-07,USD,COP,4051.971842,4001.346913,4102.596771,Reuters
2025-05-07,USD,ARS,355.617375,351.01069,360.224059,Internal
2025-05-07,MXN,COP,231.266833,228.187657,234.346009,Bloomberg
2025-05-07,MXN,ARS,20.917242,20.644997,21.189488,Central Bank
2025-05-07,COP,MXN,0.004216,0.004194,0.004239,Bloomberg
2025-05-07,COP,ARS,0.086907,0.08562,0.088193,Bloomberg
2025-05-07,ARS,MXN,0.048647,0.04798,0.049314,Internal
2025-05-07,ARS,COP,11.395581,11.318953,11.472208,Internal
2025-05-08,MXN,USD,0.059705,0.059227,0.060183,Central Bank
2025-05-08,COP,USD,0.000251,0.000248,0.000254,Bloomberg
2025-05-08,ARS,USD,0.002859,0.002837,0.002882,Bloomberg
2025-05-08,USD,MXN,17.175944,17.020123,17.331765,Central Bank
2025-05-08,USD,COP,4027.38771,3999.362635,4055.412785,Reuters
2025-05-08,USD,ARS,346.090286,341.867671,350.3129,Central Bank
2025-05-08,MXN,COP,230.792806,229.45544,232.130173,Bloomberg
2025-05-08,MXN,ARS,20.538226,20.316803,20.75965,Reuters
2025-05-08,COP,MXN,0.004179,0.004125,0.004234,Bloomberg
2025-05-08,COP,ARS,0.085755,0.085075,0.086436,Reuters
2025-05-08,ARS,MXN,0.047886,0.047231,0.048542,Internal
2025-05-08,ARS,COP,11.410133,11.293273,11.526994,Internal
2025-05-09,MXN,USD,0.057762,0.057348,0.058176,Reuters
2025-05-09,COP,USD,0.000249,0.000248,0.000251,Bloomberg
2025-05-09,ARS,USD,0.002885,0.002865,0.002906,Reuters
2025-05-09,USD,MXN,17.122402,17.000613,17.244191,Reuters
2025-05-09,USD,COP,3984.474614,3933.438156,4035.511073,Internal
2025-05-09,USD,ARS,353.460918,349.153181,357.768655,Bloomberg
2025-05-09,MXN,COP,231.576015,230.251541,232.900489,Bloomberg
2025-05-09,MXN,ARS,20.338028,20.160927,20.515128,Internal
2025-05-09,COP,MXN,0.00418,0.004129,0.004231,Central Bank
2025-05-09,COP,ARS,0.08732,0.086691,0.087948,Central Bank
2025-05-09,ARS,MXN,0.049321,0.048926,0.049716,Reuters
2025-05-09,ARS,COP,11.410736,11.252567,11.568905,Bloomberg
2025-05-10,MXN,USD,0.059236,0.058412,0.060059,Internal
2025-05-10,COP,USD,0.000247,0.000245,0.00025,Reuters
2025-05-10,ARS,USD,0.00288,0.002851,0.002909,Internal
2025-05-10,USD,MXN,17.213328,17.081652,17.345004,Internal
2025-05-10,USD,COP,4074.590157,4019.229101,4129.951213,Reuters
2025-05-10,USD,ARS,352.577937,348.523068,356.632806,Reuters
2025-05-10,MXN,COP,238.487631,235.595105,241.380157,Bloomberg
2025-05-10,MXN,ARS,20.660239,20.381648,20.93883,Internal
2025-05-10,COP,MXN,0.004292,0.004237,0.004348,Central Bank
2025-05-10,COP,ARS,0.089118,0.087974,0.090262,Internal
2025-05-10,ARS,MXN,0.048356,0.047912,0.048801,Internal
2025-05-10,ARS,COP,11.328637,11.241957,11.415316,Bloomberg
2025-05-11,MXN,USD,0.0577,0.056912,0.058489,Internal
2025-05-11,COP,USD,0.00025,0.000248,0.000251,Internal
2025-05-11,ARS,USD,0.00284,0.002817,0.002863,Central Bank
2025-05-11,USD,MXN,16.875621,16.711728,17.039515,Bloomberg
2025-05-11,USD,COP,4024.278512,3995.788193,4052.768831,Central Bank
2025-05-11,USD,ARS,354.042729,349.994782,358.090676,Central Bank
2025-05-11,MXN,COP,235.962121,234.126895,237.797348,Central Bank
2025-05-11,MXN,ARS,20.832254,20.650472,21.014037,Reuters
2025-05-11,COP,MXN,0.004288,0.004261,0.004316,Reuters
2025-05-11,COP,ARS,0.088278,0.087534,0.089023,Reuters
2025-05-11,ARS,MXN,0.048872,0.048421,0.049323,Bloomberg
2025-05-11,ARS,COP,11.356323,11.279067,11.433579,Bloomberg
2025-05-12,MXN,USD,0.059682,0.059306,0.060058,Internal
2025-05-12,COP,USD,0.000249,0.000248,0.000251,Central Bank
2025-05-12,ARS,USD,0.002898,0.002883,0.002914,Internal
2025-05-12,USD,MXN,16.679654,16.429536,16.929772,Central Bank
2025-05-12,USD,COP,3931.222333,3882.647667,3979.796999,Reuters
2025-05-12,USD,ARS,351.1888,346.786774,355.590827,Reuters
2025-05-12,MXN,COP,238.34797,236.970804,239.725137,Internal
2025-05-12,MXN,ARS,20.862922,20.551309,21.174534,Central Bank
2025-05-12,COP,MXN,0.004258,0.004208,0.004308,Reuters
2025-05-12,COP,ARS,0.087508,0.086415,0.088601,Internal
2025-05-12,ARS,MXN,0.04913,0.048749,0.049512,Internal
2025-05-12,ARS,COP,11.234972,11.096763,11.373181,Internal
2025-05-13,MXN,USD,0.058703,0.057867,0.059538,Internal
2025-05-13,COP,USD,0.00025,0.000247,0.000253,Reuters
2025-05-13,ARS,USD,0.002882,0.002847,0.002918,Internal
2025-05-13,USD,MXN,16.931929,16.737059,17.126798,Internal
2025-05-13,USD,COP,4007.609615,3981.669912,4033.549318,Central Bank
2025-05-13,USD,ARS,353.365237,349.082398,357.648076,Reuters
2025-05-13,MXN,COP,234.391681,230.927487,237.855874,Reuters
2025-05-13,MXN,ARS,20.190286,19.959732,20.42084,Central Bank
2025-05-13,COP,MXN,0.004212,0.004184,0.00424,Bloomberg
2025-05-13,COP,ARS,0.088171,0.087727,0.088615,Bloomberg
2025-05-13,ARS,MXN,0.048716,0.048382,0.04905,Internal
2025-05-13,ARS,COP,11.615208,11.45778,11.772637,Reuters
2025-05-14,MXN,USD,0.058302,0.05773,0.058874,Bloomberg
2025-05-14,COP,USD,0.000251,0.000249,0.000254,Bloomberg
2025-05-14,ARS,USD,0.002808,0.002792,0.002823,Central Bank
2025-05-14,USD,MXN,16.807071,16.708206,16.905937,Internal
2025-05-14,USD,COP,3980.17543,3948.002597,4012.348262,Reuters
2025-05-14,USD,ARS,349.314941,346.71731,351.912573,Central Bank
2025-05-14,MXN,COP,232.972522,230.099429,235.845614,Reuters
2025-05-14,MXN,ARS,20.314543,20.120497,20.508589,Reuters
2025-05-14,COP,MXN,0.004306,0.004284,0.004327,Reuters
2025-05-14,COP,ARS,0.08787,0.087183,0.088557,Central Bank
2025-05-14,ARS,MXN,0.049407,0.048791,0.050023,Bloomberg
2025-05-14,ARS,COP,11.618891,11.534546,11.703236,Internal
2025-05-15,MXN,USD,0.059165,0.058373,0.059957,Central Bank
2025-05-15,COP,USD,0.00025,0.000247,0.000253,Internal
2025-05-15,ARS,USD,0.002847,0.002807,0.002888,Internal
2025-05-15,USD,MXN,16.985765,16.884613,17.086917,Central Bank
2025-05-15,USD,COP,4075.099923,4017.28757,4132.912275,Central Bank
2025-05-15,USD,ARS,350.076755,347.668583,352.484928,Bloomberg
2025-05-15,MXN,COP,233.932626,231.888317,235.976935,Reuters
2025-05-15,MXN,ARS,20.918225,20.610624,21.225827,Reuters
2025-05-15,COP,MXN,0.004256,0.004231,0.00428,Bloomberg
2025-05-15,COP,ARS,0.089078,0.087799,0.090357,Reuters
2025-05-15,ARS,MXN,0.048839,0.048256,0.049422,Internal
2025-05-15,ARS,COP,11.451601,11.356797,11.546405,Central Bank
2025-05-16,MXN,USD,0.05955,0.058941,0.060159,Central Bank
2025-05-16,COP,USD,0.000254,0.00025,0.000258,Internal
2025-05-16,ARS,USD,0.002838,0.002801,0.002875,Central Bank
2025-05-16,USD,MXN,16.916217,16.773248,17.059186,Bloomberg
2025-05-16,USD,COP,3954.421149,3926.521363,3982.320935,Central Bank
2025-05-16,USD,ARS,351.226353,348.377736,354.074971,Central Bank
2025-05-16,MXN,COP,235.743357,232.875594,238.61112,Central Bank
2025-05-16,MXN,ARS,20.779574,20.469386,21.089761,Central Bank
2025-05-16,COP,MXN,0.004304,0.004245,0.004363,Bloomberg
2025-05-16,COP,ARS,0.086657,0.085614,0.0877,Bloomberg
2025-05-16,ARS,MXN,0.048206,0.047889,0.048522,Reuters
2025-05-16,ARS,COP,11.462507,11.319849,11.605165,Bloomberg
2025-05-17,MXN,USD,0.059948,0.059141,0.060756,Central Bank
2025-05-17,COP,USD,0.000247,0.000244,0.000249,Bloomberg
2025-05-17,ARS,USD,0.002854,0.002834,0.002874,Central Bank
2025-05-17,USD,MXN,17.333299,17.195374,17.471224,Internal
2025-05-17,USD,COP,3934.099372,3904.614926,3963.583817,Reuters
2025-05-17,USD,ARS,355.357154,352.314023,358.400285,Bloomberg
2025-05-17,MXN,COP,238.578587,235.113782,242.043392,Reuters
2025-05-17,MXN,ARS,20.360494,20.220045,20.500943,Reuters
2025-05-17,COP,MXN,0.004215,0.004175,0.004255,Central Bank
2025-05-17,COP,ARS,0.088101,0.087573,0.088629,Central Bank
2025-05-17,ARS,MXN,0.048798,0.048121,0.049475,Internal
2025-05-17,ARS,COP,11.364829,11.245608,11.484049,Reuters
2025-05-18,MXN,USD,0.058399,0.05787,0.058929,Internal
2025-05-18,COP,USD,0.000247,0.000244,0.000251,Reuters
2025-05-18,ARS,USD,0.002913,0.00289,0.002936,Bloomberg
2025-05-18,USD,MXN,17.066392,16.964287,17.168497,Internal
2025-05-18,USD,COP,4070.20153,4014.940933,4125.462127,Reuters
2025-05-18,USD,ARS,347.777405,345.846975,349.707835,Reuters
2025-05-18,MXN,COP,237.029985,233.628757,240.431213,Central Bank
2025-05-18,MXN,ARS,20.195336,19.898121,20.49255,Internal
2025-05-18,COP,MXN,0.004332,0.004294,0.00437,Central Bank
2025-05-18,COP,ARS,0.08581,0.084613,0.087008,Bloomberg
2025-05-18,ARS,MXN,0.047911,0.047552,0.04827,Central Bank
2025-05-18,ARS,COP,11.384913,11.311891,11.457936,Bloomberg
2025-05-19,MXN,USD,0.058005,0.057666,0.058343,Internal
2025-05-19,COP,USD,0.000249,0.000246,0.000251,Bloomberg
2025-05-19,ARS,USD,0.002874,0.002849,0.0029,Internal
2025-05-19,USD,MXN,17.30913,17.217309,17.400951,Bloomberg
2025-05-19,USD,COP,4021.028351,3980.956015,4061.100687,Central Bank
2025-05-19,USD,ARS,353.440574,351.63406,355.247088,Bloomberg
2025-05-19,MXN,COP,231.897904,228.884036,234.911772,Reuters
2025-05-19,MXN,ARS,20.581875,20.32253,20.84122,Internal
2025-05-19,COP,MXN,0.004173,0.004144,0.004203,Bloomberg
2025-05-19,COP,ARS,0.085857,0.084603,0.08711,Internal
2025-05-19,ARS,MXN,0.049374,0.048995,0.049752,Reuters
2025-05-19,ARS,COP,11.481456,11.339658,11.623254,Reuters
2025-05-20,MXN,USD,0.059541,0.058912,0.06017,Central Bank
2025-05-20,COP,USD,0.000246,0.000244,0.000249,Reuters
2025-05-20,ARS,USD,0.002838,0.002798,0.002878,Central Bank
2025-05-20,USD,MXN,16.885204,16.632627,17.137781,Central Bank
2025-05-20,USD,COP,4033.039527,4006.928828,4059.150225,Internal
2025-05-20,USD,ARS,343.223098,340.20238,346.243816,Reuters
2025-05-20,MXN,COP,235.787464,234.19943,237.375499,Bloomberg
2025-05-20,MXN,ARS,20.392357,20.205051,20.579662,Reuters
2025-05-20,COP,MXN,0.004309,0.004249,0.004369,Reuters
2025-05-20,COP,ARS,0.087329,0.08619,0.088468,Reuters
2025-05-20,ARS,MXN,0.047681,0.047166,0.048196,Reuters
2025-05-20,ARS,COP,11.598,11.466413,11.729587,Reuters
2025-05-21,MXN,USD,0.058672,0.057814,0.05953,Reuters
2025-05-21,COP,USD,0.000247,0.000246,0.000249,Internal
2025-05-21,ARS,USD,0.002838,0.0028,0.002876,Internal
2025-05-21,USD,MXN,17.207576,17.083586,17.331567,Internal
2025-05-21,USD,COP,4004.9349,3947.794649,4062.075152,Internal
2025-05-21,USD,ARS,353.192073,350.080745,356.303402,Internal
2025-05-21,MXN,COP,237.150654,233.803693,240.497615,Bloomberg
2025-05-21,MXN,ARS,20.237468,20.057486,20.417451,Central Bank
2025-05-21,COP,MXN,0.004236,0.004209,0.004262,Bloomberg
2025-05-21,COP,ARS,0.088702,0.088238,0.089166,Central Bank
2025-05-21,ARS,MXN,0.049528,0.048884,0.050171,Bloomberg
2025-05-21,ARS,COP,11.454177,11.395861,11.512493,Reuters
2025-05-22,MXN,USD,0.058781,0.058141,0.059421,Internal
2025-05-22,COP,USD,0.000254,0.000253,0.000255,Central Bank
2025-05-22,ARS,USD,0.002824,0.00281,0.002839,Reuters
2025-05-22,USD,MXN,16.742452,16.538022,16.946883,Reuters
2025-05-22,USD,COP,4057.094063,4015.668885,4098.51924,Reuters
2025-05-22,USD,ARS,353.217937,349.473405,356.962469,Reuters
2025-05-22,MXN,COP,233.487433,230.944471,236.030394,Central Bank
2025-05-22,MXN,ARS,20.390272,20.123388,20.657156,Central Bank
2025-05-22,COP,MXN,0.004328,0.004296,0.004359,Internal
2025-05-22,COP,ARS,0.086199,0.085561,0.086836,Reuters
2025-05-22,ARS,MXN,0.049315,0.048596,0.050034,Internal
2025-05-22,ARS,COP,11.416792,11.286686,11.546898,Reuters
2025-05-23,MXN,USD,0.059362,0.05899,0.059733,Internal
2025-05-23,COP,USD,0.00025,0.000247,0.000253,Reuters
2025-05-23,ARS,USD,0.002899,0.002862,0.002935,Internal
2025-05-23,USD,MXN,17.213991,17.036907,17.391075,Internal
2025-05-23,USD,COP,4053.554104,4019.839533,4087.268676,Bloomberg
2025-05-23,USD,ARS,351.302017,348.959538,353.644495,Bloomberg
2025-05-23,MXN,COP,238.801295,237.227952,240.374638,Bloomberg
2025-05-23,MXN,ARS,20.766862,20.475904,21.057821,Central Bank
2025-05-23,COP,MXN,0.004255,0.004227,0.004282,Reuters
2025-05-23,COP,ARS,0.086484,0.085674,0.087294,Reuters
2025-05-23,ARS,MXN,0.04843,0.047835,0.049024,Internal
2025-05-23,ARS,COP,11.421695,11.317814,11.525576,Internal
2025-05-24,MXN,USD,0.058829,0.058176,0.059483,Internal
2025-05-24,COP,USD,0.000248,0.000245,0.000251,Bloomberg
2025-05-24,ARS,USD,0.002855,0.002833,0.002877,Reuters
2025-05-24,USD,MXN,17.050682,16.823746,17.277618,Internal
2025-05-24,USD,COP,3973.555672,3950.534901,3996.576444,Reuters
2025-05-24,USD,ARS,351.906497,349.861354,353.95164,Internal
2025-05-24,MXN,COP,233.622374,231.649169,235.595579,Reuters
2025-05-24,MXN,ARS,20.670341,20.534198,20.806485,Internal
2025-05-24,COP,MXN,0.004212,0.004161,0.004263,Reuters
2025-05-24,COP,ARS,0.086054,0.085034,0.087075,Reuters
2025-05-24,ARS,MXN,0.049486,0.049048,0.049924,Bloomberg
2025-05-24,ARS,COP,11.395905,11.302091,11.48972,Central Bank
2025-05-25,MXN,USD,0.059621,0.058934,0.060308,Internal
2025-05-25,COP,USD,0.000249,0.000247,0.000251,Reuters
2025-05-25,ARS,USD,0.00287,0.002846,0.002895,Reuters
2025-05-25,USD,MXN,16.70892,16.565526,16.852315,Internal
2025-05-25,USD,COP,3969.708881,3945.430445,3993.987317,Internal
2025-05-25,USD,ARS,349.168396,345.331553,353.005239,Bloomberg
2025-05-25,MXN,COP,239.391673,238.175716,240.607631,Central Bank
2025-05-25,MXN,ARS,20.642361,20.496514,20.788209,Bloomberg
2025-05-25,COP,MXN,0.004175,0.00415,0.004201,Bloomberg
2025-05-25,COP,ARS,0.08868,0.08816,0.089199,Reuters
2025-05-25,ARS,MXN,0.048718,0.048157,0.04928,Bloomberg
2025-05-25,ARS,COP,11.278881,11.190817,11.366944,Bloomberg
2025-05-26,MXN,USD,0.058881,0.058139,0.059622,Bloomberg
2025-05-26,COP,USD,0.000248,0.000245,0.000251,Bloomberg
2025-05-26,ARS,USD,0.002855,0.002829,0.002881,Central Bank
2025-05-26,USD,MXN,17.046053,16.872201,17.219906,Reuters
2025-05-26,USD,COP,3989.743028,3942.099199,4037.386858,Central Bank
2025-05-26,USD,ARS,354.262501,349.394068,359.130935,Central Bank
2025-05-26,MXN,COP,233.172652,230.156252,236.189053,Bloomberg
2025-05-26,MXN,ARS,20.925874,20.705409,21.146338,Central Bank
2025-05-26,COP,MXN,0.004308,0.004272,0.004343,Bloomberg
2025-05-26,COP,ARS,0.087285,0.086638,0.087933,Internal
2025-05-26,ARS,MXN,0.048378,0.047774,0.048981,Central Bank
2025-05-26,ARS,COP,11.624477,11.528425,11.72053,Reuters
2025-05-27,MXN,USD,0.058628,0.058325,0.05893,Bloomberg
2025-05-27,COP,USD,0.000251,0.000247,0.000254,Central Bank
2025-05-27,ARS,USD,0.00287,0.002843,0.002897,Reuters
2025-05-27,USD,MXN,17.293349,17.064264,17.522433,Internal
2025-05-27,USD,COP,4021.278729,3995.631571,4046.925887,Bloomberg
2025-05-27,USD,ARS,343.673089,340.811124,346.535054,Bloomberg
2025-05-27,MXN,COP,234.306708,231.50261,237.110806,Reuters
2025-05-27,MXN,ARS,20.690395,20.573915,20.806875,Bloomberg
2025-05-27,COP,MXN,0.004286,0.004229,0.004342,Reuters
2025-05-27,COP,ARS,0.087181,0.086101,0.088261,Bloomberg
2025-05-27,ARS,MXN,0.04916,0.048735,0.049585,Central Bank
2025-05-27,ARS,COP,11.27804,11.212008,11.344072,Reuters
2025-05-28,MXN,USD,0.059929,0.059196,0.060662,Bloomberg
2025-05-28,COP,USD,0.000251,0.000247,0.000254,Internal
2025-05-28,ARS,USD,0.002852,0.002813,0.002891,Bloomberg
2025-05-28,USD,MXN,16.720752,16.61061,16.830894,Bloomberg
2025-05-28,USD,COP,3986.685598,3958.07937,4015.291826,Reuters
2025-05-28,USD,ARS,348.567309,344.588944,352.545675,Reuters
2025-05-28,MXN,COP,233.304201,231.215139,235.393263,Internal
2025-05-28,MXN,ARS,20.638618,20.375112,20.902124,Central Bank
2025-05-28,COP,MXN,0.004306,0.004249,0.004364,Central Bank
2025-05-28,COP,ARS,0.088082,0.086854,0.08931,Central Bank
2025-05-28,ARS,MXN,0.04878,0.048504,0.049055,Internal
2025-05-28,ARS,COP,11.371266,11.306618,11.435914,Reuters
2025-05-29,MXN,USD,0.05835,0.057596,0.059105,Bloomberg
2025-05-29,COP,USD,0.000248,0.000245,0.000251,Internal
2025-05-29,ARS,USD,0.002905,0.002872,0.002937,Bloomberg
2025-05-29,USD,MXN,17.013609,16.814046,17.213173,Bloomberg
2025-05-29,USD,COP,4002.77588,3956.98041,4048.57135,Internal
2025-05-29,USD,ARS,346.809586,343.532439,350.086733,Reuters
2025-05-29,MXN,COP,234.157509,232.239199,236.075819,Central Bank
2025-05-29,MXN,ARS,20.572925,20.395659,20.75019,Reuters
2025-05-29,COP,MXN,0.004288,0.004256,0.004321,Bloomberg
2025-05-29,COP,ARS,0.087985,0.087276,0.088694,Internal
2025-05-29,ARS,MXN,0.048643,0.04808,0.049206,Central Bank
2025-05-29,ARS,COP,11.353731,11.250352,11.457109,Bloomberg
2025-05-30,MXN,USD,0.059884,0.05915,0.060618,Reuters
2025-05-30,COP,USD,0.000253,0.000249,0.000256,Central Bank
2025-05-30,ARS,USD,0.002856,0.002814,0.002897,Bloomberg
2025-05-30,USD,MXN,16.862952,16.759657,16.966246,Bloomberg
2025-05-30,USD,COP,3977.590721,3939.25419,4015.927253,Central Bank
2025-05-30,USD,ARS,356.917531,352.763046,361.072016,Central Bank
2025-05-30,MXN,COP,231.746535,229.816026,233.677044,Reuters
2025-05-30,MXN,ARS,20.557224,20.277891,20.836557,Reuters
2025-05-30,COP,MXN,0.004269,0.004237,0.004302,Central Bank
2025-05-30,COP,ARS,0.088615,0.087588,0.089643,Internal
2025-05-30,ARS,MXN,0.047859,0.047451,0.048267,Reuters
2025-05-30,ARS,COP,11.414079,11.299884,11.528275,Internal
2025-05-31,MXN,USD,0.058246,0.057825,0.058667,Reuters
2025-05-31,COP,USD,0.000251,0.000248,0.000255,Internal
2025-05-31,ARS,USD,0.002835,0.00281,0.002861,Reuters
2025-05-31,USD,MXN,17.255365,17.104537,17.406192,Bloomberg
2025-05-31,USD,COP,4019.13192,3986.413219,4051.850621,Bloomberg
2025-05-31,USD,ARS,355.049848,351.370088,358.729608,Reuters
2025-05-31,MXN,COP,233.877818,232.667142,235.088493,Reuters
2025-05-31,MXN,ARS,20.576693,20.350801,20.802585,Internal
2025-05-31,COP,MXN,0.004227,0.004184,0.004269,Internal
2025-05-31,COP,ARS,0.087159,0.086587,0.08773,Reuters
2025-05-31,ARS,MXN,0.04882,0.048519,0.049122,Bloomberg
2025-05-31,ARS,COP,11.387678,11.303598,11.471757,Reuters
2025-06-01,MXN,USD,0.058692,0.058222,0.059162,Internal
2025-06-01,COP,USD,0.000246,0.000244,0.000248,Internal
2025-06-01,ARS,USD,0.002872,0.002855,0.00289,Internal
2025-06-01,USD,MXN,17.11522,16.945926,17.284513,Bloomberg
2025-06-01,USD,COP,4075.870949,4050.417724,4101.324175,Reuters
2025-06-01,USD,ARS,352.991022,349.207291,356.774753,Central Bank
2025-06-01,MXN,COP,235.465426,233.777723,237.15313,Reuters
2025-06-01,MXN,ARS,20.483534,20.224093,20.742975,Central Bank
2025-06-01,COP,MXN,0.004186,0.004164,0.004208,Internal
2025-06-01,COP,ARS,0.086103,0.085605,0.0866,Reuters
2025-06-01,ARS,MXN,0.048796,0.048537,0.049056,Central Bank
2025-06-01,ARS,COP,11.546504,11.43816,11.654849,Central Bank
2025-06-02,MXN,USD,0.059859,0.059284,0.060434,Reuters
2025-06-02,COP,USD,0.000251,0.000248,0.000253,Internal
2025-06-02,ARS,USD,0.00288,0.002861,0.0029,Reuters
2025-06-02,USD,MXN,16.873395,16.772514,16.974275,Bloomberg
2025-06-02,USD,COP,3937.574714,3886.460012,3988.689416,Bloomberg
2025-06-02,USD,ARS,352.304155,347.8276,356.780709,Internal
2025-06-02,MXN,COP,234.778067,232.015067,237.541067,Reuters
2025-06-02,MXN,ARS,20.998529,20.727525,21.269534,Internal
2025-06-02,COP,MXN,0.004335,0.004297,0.004373,Reuters
2025-06-02,COP,ARS,0.088211,0.087246,0.089177,Central Bank
2025-06-02,ARS,MXN,0.04855,0.048087,0.049014,Bloomberg
2025-06-02,ARS,COP,11.444104,11.362348,11.525861,Central Bank
2025-06-03,MXN,USD,0.059922,0.059485,0.06036,Reuters
2025-06-03,COP,USD,0.000253,0.00025,0.000256,Central Bank
2025-06-03,ARS,USD,0.002809,0.002789,0.002828,Internal
2025-06-03,USD,MXN,17.279327,17.139384,17.41927,Internal
2025-06-03,USD,COP,4021.640463,3962.297914,4080.983013,Bloomberg
2025-06-03,USD,ARS,349.050986,344.335077,353.766894,Bloomberg
2025-06-03,MXN,COP,233.540219,230.709087,236.371351,Internal
2025-06-03,MXN,ARS,20.540165,20.268998,20.811333,Central Bank
2025-06-03,COP,MXN,0.004327,0.004293,0.00436,Central Bank
2025-06-03,COP,ARS,0.086436,0.08534,0.087532,Central Bank
2025-06-03,ARS,MXN,0.04889,0.048199,0.049582,Bloomberg
2025-06-03,ARS,COP,11.567814,11.420419,11.715209,Internal
2025-06-04,MXN,USD,0.059632,0.058999,0.060264,Bloomberg
2025-06-04,COP,USD,0.000249,0.000248,0.00025,Bloomberg
2025-06-04,ARS,USD,0.002911,0.002887,0.002936,Internal
2025-06-04,USD,MXN,16.821354,16.614542,17.028165,Reuters
2025-06-04,USD,COP,4033.206719,3980.778286,4085.635151,Bloomberg
2025-06-04,USD,ARS,355.408983,350.561264,360.256703,Internal
2025-06-04,MXN,COP,234.627428,232.08577,237.169086,Central Bank
2025-06-04,MXN,ARS,20.843734,20.599399,21.088068,Bloomberg
2025-06-04,COP,MXN,0.0043,0.004272,0.004329,Reuters
2025-06-04,COP,ARS,0.087943,0.087357,0.088529,Bloomberg
2025-06-04,ARS,MXN,0.049164,0.048878,0.049451,Central Bank
2025-06-04,ARS,COP,11.467694,11.319793,11.615595,Bloomberg
2025-06-05,MXN,USD,0.05963,0.058849,0.060412,Reuters
2025-06-05,COP,USD,0.000249,0.000246,0.000252,Reuters
2025-06-05,ARS,USD,0.002852,0.00283,0.002873,Reuters
2025-06-05,USD,MXN,16.916729,16.769164,17.064294,Bloomberg
2025-06-05,USD,COP,3948.938156,3902.086342,3995.789969,Reuters
2025-06-05,USD,ARS,346.922296,341.980269,351.864324,Central Bank
2025-06-05,MXN,COP,235.489618,232.434629,238.544607,Reuters
2025-06-05,MXN,ARS,20.246741,20.068155,20.425326,Internal
2025-06-05,COP,MXN,0.004197,0.004135,0.004258,Reuters
2025-06-05,COP,ARS,0.086255,0.085646,0.086864,Central Bank
2025-06-05,ARS,MXN,0.048941,0.04859,0.049291,Internal
2025-06-05,ARS,COP,11.43451,11.288112,11.580909,Reuters
2025-06-06,MXN,USD,0.059675,0.058816,0.060534,Reuters
2025-06-06,COP,USD,0.000249,0.000247,0.00025,Central Bank
2025-06-06,ARS,USD,0.002908,0.002886,0.00293,Bloomberg
2025-06-06,USD,MXN,16.794862,16.656532,16.933192,Central Bank
2025-06-06,USD,COP,4063.90403,4039.061706,4088.746355,Internal
2025-06-06,USD,ARS,345.365775,342.923836,347.807715,Internal
2025-06-06,MXN,COP,230.695698,229.538484,231.852913,Internal
2025-06-06,MXN,ARS,20.8999,20.712868,21.086931,Reuters
2025-06-06,COP,MXN,0.004245,0.004203,0.004286,Central Bank
2025-06-06,COP,ARS,0.08922,0.088184,0.090256,Internal
2025-06-06,ARS,MXN,0.048446,0.047733,0.049159,Bloomberg
2025-06-06,ARS,COP,11.554505,11.453147,11.655863,Reuters
2025-06-07,MXN,USD,0.057653,0.057122,0.058184,Internal
2025-06-07,COP,USD,0.000252,0.00025,0.000253,Internal
2025-06-07,ARS,USD,0.002821,0.002804,0.002838,Bloomberg
2025-06-07,USD,MXN,16.688422,16.513928,16.862916,Internal
2025-06-07,USD,COP,4009.746265,3963.362696,4056.129835,Central Bank
2025-06-07,USD,ARS,350.014054,345.415141,354.612967,Bloomberg
2025-06-07,MXN,COP,231.009093,227.807195,234.21099,Bloomberg
2025-06-07,MXN,ARS,20.495277,20.331854,20.658701,Reuters
2025-06-07,COP,MXN,0.0043,0.004268,0.004333,Internal
2025-06-07,COP,ARS,0.087385,0.086853,0.087918,Central Bank
2025-06-07,ARS,MXN,0.04838,0.047982,0.048778,Bloomberg
2025-06-07,ARS,COP,11.478503,11.418765,11.538241,Reuters
2025-06-08,MXN,USD,0.05952,0.058884,0.060157,Internal
2025-06-08,COP,USD,0.000251,0.00025,0.000253,Bloomberg
2025-06-08,ARS,USD,0.002838,0.002805,0.002871,Central Bank
2025-06-08,USD,MXN,17.139514,16.951633,17.327394,Central Bank
2025-06-08,USD,COP,3939.741252,3917.318163,3962.164342,Reuters
2025-06-08,USD,ARS,350.821145,348.716776,352.925515,Internal
2025-06-08,MXN,COP,239.938542,238.397653,241.479431,Internal
2025-06-08,MXN,ARS,20.559039,20.454028,20.664049,Reuters
2025-06-08,COP,MXN,0.004195,0.004134,0.004256,Bloomberg
2025-06-08,COP,ARS,0.085984,0.08534,0.086628,Internal
2025-06-08,ARS,MXN,0.049016,0.048388,0.049643,Reuters
2025-06-08,ARS,COP,11.635475,11.530577,11.740372,Central Bank
2025-06-09,MXN,USD,0.057978,0.057622,0.058333,Central Bank
2025-06-09,COP,USD,0.000251,0.000248,0.000253,Reuters
2025-06-09,ARS,USD,0.002891,0.002861,0.00292,Bloomberg
2025-06-09,USD,MXN,17.248091,17.001778,17.494403,Bloomberg
2025-06-09,USD,COP,3951.837884,3892.811072,4010.864696,Bloomberg
2025-06-09,USD,ARS,353.584075,348.890048,358.278102,Bloomberg
2025-06-09,MXN,COP,237.011228,234.35301,239.669445,Central Bank
2025-06-09,MXN,ARS,20.17998,20.006011,20.353949,Bloomberg
2025-06-09,COP,MXN,0.004316,0.00428,0.004351,Central Bank
2025-06-09,COP,ARS,0.08743,0.086697,0.088163,Reuters
2025-06-09,ARS,MXN,0.048333,0.047986,0.04868,Reuters
2025-06-09,ARS,COP,11.255825,11.100936,11.410715,Central Bank
2025-06-10,MXN,USD,0.058363,0.057542,0.059184,Central Bank
2025-06-10,COP,USD,0.000247,0.000244,0.000249,Bloomberg
2025-06-10,ARS,USD,0.00281,0.002787,0.002833,Internal
2025-06-10,USD,MXN,17.045058,16.957798,17.132317,Bloomberg
2025-06-10,USD,COP,3974.219963,3924.209695,4024.230232,Internal
2025-06-10,USD,ARS,344.399528,339.478241,349.320815,Central Bank
2025-06-10,MXN,COP,238.654309,235.792226,241.516392,Bloomberg
2025-06-10,MXN,ARS,20.203366,20.019352,20.387379,Internal
2025-06-10,COP,MXN,0.004319,0.004259,0.004379,Reuters
2025-06-10,COP,ARS,0.086008,0.08536,0.086656,Internal
2025-06-10,ARS,MXN,0.047609,0.047327,0.047892,Internal
2025-06-10,ARS,COP,11.315826,11.167685,11.463968,Reuters
2025-06-11,MXN,USD,0.058138,0.057587,0.05869,Reuters
2025-06-11,COP,USD,0.000246,0.000244,0.000249,Internal
2025-06-11,ARS,USD,0.002852,0.002813,0.002891,Internal
2025-06-11,USD,MXN,17.243242,17.155407,17.331077,Reuters
2025-06-11,USD,COP,3955.910509,3923.290174,3988.530844,Internal
2025-06-11,USD,ARS,352.468513,348.350635,356.58639,Bloomberg
2025-06-11,MXN,COP,238.52008,235.803211,241.23695,Internal
2025-06-11,MXN,ARS,20.802603,20.689311,20.915896,Bloomberg
2025-06-11,COP,MXN,0.004195,0.00415,0.00424,Internal
2025-06-11,COP,ARS,0.088369,0.087289,0.08945,Internal
2025-06-11,ARS,MXN,0.048248,0.047642,0.048853,Internal
2025-06-11,ARS,COP,11.609663,11.520962,11.698364,Reuters
2025-06-12,MXN,USD,0.057921,0.057631,0.058211,Reuters
2025-06-12,COP,USD,0.000254,0.000251,0.000257,Reuters
2025-06-12,ARS,USD,0.00288,0.002837,0.002923,Bloomberg
2025-06-12,USD,MXN,17.233714,17.054242,17.413186,Reuters
2025-06-12,USD,COP,3981.922674,3927.910053,4035.935295,Reuters
2025-06-12,USD,ARS,345.270771,343.366726,347.174816,Reuters
2025-06-12,MXN,COP,238.283562,235.380984,241.186139,Reuters
2025-06-12,MXN,ARS,20.837556,20.647193,21.027919,Central Bank
2025-06-12,COP,MXN,0.004183,0.00416,0.004206,Internal
2025-06-12,COP,ARS,0.087123,0.085919,0.088326,Reuters
2025-06-12,ARS,MXN,0.048163,0.047565,0.048762,Internal
2025-06-12,ARS,COP,11.356078,11.28228,11.429876,Internal
2025-06-13,MXN,USD,0.058004,0.057489,0.058519,Bloomberg
2025-06-13,COP,USD,0.000248,0.000246,0.00025,Central Bank
2025-06-13,ARS,USD,0.002887,0.002855,0.002918,Reuters
2025-06-13,USD,MXN,17.310514,17.158142,17.462886,Reuters
2025-06-13,USD,COP,4038.662879,4018.008842,4059.316915,Internal
2025-06-13,USD,ARS,348.305385,344.508394,352.102376,Bloomberg
2025-06-13,MXN,COP,239.267472,235.788864,242.746081,Internal
2025-06-13,MXN,ARS,20.232207,20.025959,20.438454,Internal
2025-06-13,COP,MXN,0.004298,0.004256,0.00434,Internal
2025-06-13,COP,ARS,0.088841,0.087606,0.090076,Internal
2025-06-13,ARS,MXN,0.048758,0.048286,0.04923,Bloomberg
2025-06-13,ARS,COP,11.460344,11.300692,11.619996,Internal
2025-06-14,MXN,USD,0.057987,0.057567,0.058406,Internal
2025-06-14,COP,USD,0.000251,0.000247,0.000254,Internal
2025-06-14,ARS,USD,0.002808,0.002772,0.002844,Central Bank
2025-06-14,USD,MXN,17.30352,17.085618,17.521421,Reuters
2025-06-14,USD,COP,3939.712433,3898.191857,3981.233008,Internal
2025-06-14,USD,ARS,345.413478,341.404302,349.422654,Central Bank
2025-06-14,MXN,COP,234.417568,230.979048,237.856089,Bloomberg
2025-06-14,MXN,ARS,20.413169,20.277633,20.548705,Bloomberg
2025-06-14,COP,MXN,0.004281,0.004227,0.004336,Central Bank
2025-06-14,COP,ARS,0.088507,0.087874,0.089141,Bloomberg
2025-06-14,ARS,MXN,0.04809,0.047667,0.048513,Internal
2025-06-14,ARS,COP,11.572295,11.411487,11.733103,Internal
2025-06-15,MXN,USD,0.058979,0.058109,0.059848,Bloomberg
2025-06-15,COP,USD,0.000252,0.000251,0.000253,Reuters
2025-06-15,ARS,USD,0.002875,0.002855,0.002895,Internal
2025-06-15,USD,MXN,17.025626,16.873794,17.177459,Bloomberg
2025-06-15,USD,COP,4015.80571,3992.098643,4039.512776,Reuters
2025-06-15,USD,ARS,346.394161,342.184078,350.604245,Central Bank
2025-06-15,MXN,COP,230.898883,228.861107,232.936658,Reuters
2025-06-15,MXN,ARS,20.385489,20.102991,20.667988,Reuters
2025-06-15,COP,MXN,0.004214,0.004173,0.004255,Reuters
2025-06-15,COP,ARS,0.086609,0.086075,0.087143,Central Bank
2025-06-15,ARS,MXN,0.048097,0.047683,0.048512,Reuters
2025-06-15,ARS,COP,11.613492,11.493942,11.733042,Central Bank
2025-06-16,MXN,USD,0.058409,0.057548,0.059271,Internal
2025-06-16,COP,USD,0.000253,0.000251,0.000255,Bloomberg
2025-06-16,ARS,USD,0.002842,0.002805,0.002879,Internal
2025-06-16,USD,MXN,17.038849,16.78822,17.289478,Internal
2025-06-16,USD,COP,4008.103771,3962.509921,4053.69762,Internal
2025-06-16,USD,ARS,350.62099,348.77177,352.470211,Bloomberg
2025-06-16,MXN,COP,230.983936,228.161066,233.806807,Bloomberg
2025-06-16,MXN,ARS,20.315469,20.163285,20.467653,Central Bank
2025-06-16,COP,MXN,0.004321,0.004298,0.004344,Central Bank
2025-06-16,COP,ARS,0.087925,0.086855,0.088995,Reuters
2025-06-16,ARS,MXN,0.048688,0.047975,0.049401,Bloomberg
2025-06-16,ARS,COP,11.634935,11.48651,11.78336,Bloomberg
2025-06-17,MXN,USD,0.058918,0.058345,0.05949,Internal
2025-06-17,COP,USD,0.000247,0.000243,0.00025,Internal
2025-06-17,ARS,USD,0.002823,0.002787,0.00286,Central Bank
2025-06-17,USD,MXN,16.831087,16.720422,16.941752,Reuters
2025-06-17,USD,COP,4010.781432,3958.753432,4062.809431,Bloomberg
2025-06-17,USD,ARS,351.067882,348.915483,353.22028,Internal
2025-06-17,MXN,COP,233.503148,232.067442,234.938855,Central Bank
2025-06-17,MXN,ARS,20.369551,20.112845,20.626257,Central Bank
2025-06-17,COP,MXN,0.004245,0.004223,0.004267,Central Bank
2025-06-17,COP,ARS,0.088206,0.087607,0.088804,Internal
2025-06-17,ARS,MXN,0.048207,0.047635,0.048778,Bloomberg
2025-06-17,ARS,COP,11.629256,11.553998,11.704513,Bloomberg
2025-06-18,MXN,USD,0.059366,0.05868,0.060052,Central Bank
2025-06-18,COP,USD,0.000246,0.000242,0.000249,Reuters
2025-06-18,ARS,USD,0.002834,0.002793,0.002875,Central Bank
2025-06-18,USD,MXN,16.930877,16.756518,17.105236,Bloomberg
2025-06-18,USD,COP,4025.367764,3977.217278,4073.51825,Central Bank
2025-06-18,USD,ARS,355.158212,352.426832,357.889593,Internal
2025-06-18,MXN,COP,231.826899,229.586367,234.067431,Central Bank
2025-06-18,MXN,ARS,20.818757,20.64065,20.996864,Internal
2025-06-18,COP,MXN,0.004281,0.004235,0.004327,Reuters
2025-06-18,COP,ARS,0.086715,0.085566,0.087864,Bloomberg
2025-06-18,ARS,MXN,0.049286,0.048843,0.049729,Internal
2025-06-18,ARS,COP,11.444367,11.299367,11.589368,Reuters
2025-06-19,MXN,USD,0.059376,0.058526,0.060227,Bloomberg
2025-06-19,COP,USD,0.000247,0.000244,0.00025,Reuters
2025-06-19,ARS,USD,0.002858,0.00283,0.002886,Bloomberg
2025-06-19,USD,MXN,17.12838,17.005712,17.251048,Central Bank
2025-06-19,USD,COP,3988.199146,3936.527202,4039.87109,Reuters
2025-06-19,USD,ARS,347.698022,342.55966,352.836384,Bloomberg
2025-06-19,MXN,COP,232.744659,230.646848,234.84247,Central Bank
2025-06-19,MXN,ARS,20.397087,20.159734,20.634439,Reuters
2025-06-19,COP,MXN,0.00425,0.004225,0.004276,Internal
2025-06-19,COP,ARS,0.085774,0.085032,0.086516,Central Bank
2025-06-19,ARS,MXN,0.048699,0.048213,0.049184,Internal
2025-06-19,ARS,COP,11.50597,11.445252,11.566688,Bloomberg
2025-06-20,MXN,USD,0.058472,0.057845,0.059098,Central Bank
2025-06-20,COP,USD,0.000246,0.000244,0.000249,Reuters
2025-06-20,ARS,USD,0.002814,0.002794,0.002835,Bloomberg
2025-06-20,USD,MXN,17.319281,17.154755,17.483808,Central Bank
2025-06-20,USD,COP,4053.014514,4009.430458,4096.598569,Bloomberg
2025-06-20,USD,ARS,353.555312,349.717502,357.393121,Bloomberg
2025-06-20,MXN,COP,236.17308,234.748625,237.597536,Reuters
2025-06-20,MXN,ARS,20.929576,20.655283,21.20387,Central Bank
2025-06-20,COP,MXN,0.004238,0.004208,0.004268,Internal
2025-06-20,COP,ARS,0.086041,0.085094,0.086989,Central Bank
2025-06-20,ARS,MXN,0.049356,0.048879,0.049834,Internal
2025-06-20,ARS,COP,11.338379,11.184266,11.492491,Reuters
2025-06-21,MXN,USD,0.059799,0.059322,0.060277,Internal
2025-06-21,COP,USD,0.000253,0.000251,0.000256,Bloomberg
2025-06-21,ARS,USD,0.002844,0.00282,0.002868,Central Bank
2025-06-21,USD,MXN,17.011649,16.833807,17.189491,Central Bank
2025-06-21,USD,COP,3948.450758,3902.919778,3993.981737,Internal
2025-06-21,USD,ARS,353.186641,350.588479,355.784804,Internal
2025-06-21,MXN,COP,237.254401,234.974177,239.534624,Bloomberg
2025-06-21,MXN,ARS,20.902715,20.744297,21.061133,Bloomberg
2025-06-21,COP,MXN,0.004273,0.004243,0.004303,Reuters
2025-06-21,COP,ARS,0.08876,0.087763,0.089756,Internal
2025-06-21,ARS,MXN,0.048608,0.048285,0.048931,Internal
2025-06-21,ARS,COP,11.365441,11.296076,11.434807,Internal
2025-06-22,MXN,USD,0.059418,0.058615,0.060221,Bloomberg
2025-06-22,COP,USD,0.000254,0.00025,0.000257,Central Bank
2025-06-22,ARS,USD,0.002895,0.002863,0.002928,Central Bank
2025-06-22,USD,MXN,17.178771,17.053986,17.303557,Central Bank
2025-06-22,USD,COP,4022.513186,3997.357955,4047.668417,Internal
2025-06-22,USD,ARS,351.136553,347.910445,354.362661,Central Bank
2025-06-22,MXN,COP,236.484557,233.597093,239.372022,Reuters
2025-06-22,MXN,ARS,20.184281,20.070075,20.298487,Reuters
2025-06-22,COP,MXN,0.004247,0.004206,0.004289,Bloomberg
2025-06-22,COP,ARS,0.086758,0.086179,0.087337,Internal
2025-06-22,ARS,MXN,0.048949,0.04823,0.049668,Bloomberg
2025-06-22,ARS,COP,11.25755,11.171801,11.343299,Bloomberg
2025-06-23,MXN,USD,0.059818,0.059387,0.06025,Bloomberg
2025-06-23,COP,USD,0.000246,0.000242,0.000249,Reuters
2025-06-23,ARS,USD,0.002905,0.002873,0.002938,Central Bank
2025-06-23,USD,MXN,17.280412,17.076716,17.484108,Bloomberg
2025-06-23,USD,COP,3994.681757,3970.364803,4018.99871,Central Bank
2025-06-23,USD,ARS,353.52999,351.110619,355.949361,Bloomberg
2025-06-23,MXN,COP,234.315312,231.008086,237.622539,Reuters
2025-06-23,MXN,ARS,20.581105,20.299909,20.862302,Internal
2025-06-23,COP,MXN,0.004262,0.004207,0.004317,Central Bank
2025-06-23,COP,ARS,0.087969,0.087071,0.088868,Bloomberg
2025-06-23,ARS,MXN,0.049384,0.048744,0.050025,Bloomberg
2025-06-23,ARS,COP,11.647493,11.518111,11.776876,Reuters
2025-06-24,MXN,USD,0.058702,0.058229,0.059175,Bloomberg
2025-06-24,COP,USD,0.000251,0.000248,0.000254,Reuters
2025-06-24,ARS,USD,0.00287,0.002836,0.002904,Internal
2025-06-24,USD,MXN,17.195511,16.972442,17.41858,Central Bank
2025-06-24,USD,COP,4077.270098,4046.723341,4107.816855,Central Bank
2025-06-24,USD,ARS,354.055015,351.696428,356.413602,Bloomberg
2025-06-24,MXN,COP,237.569448,235.276966,239.86193,Bloomberg
2025-06-24,MXN,ARS,20.508093,20.403379,20.612807,Bloomberg
2025-06-24,COP,MXN,0.004189,0.004145,0.004234,Central Bank
2025-06-24,COP,ARS,0.088211,0.087209,0.089213,Internal
2025-06-24,ARS,MXN,0.048184,0.047725,0.048643,Central Bank
2025-06-24,ARS,COP,11.595276,11.462519,11.728032,Reuters
2025-06-25,MXN,USD,0.05799,0.057408,0.058572,Bloomberg
2025-06-25,COP,USD,0.000253,0.00025,0.000256,Reuters
2025-06-25,ARS,USD,0.00283,0.002789,0.00287,Reuters
2025-06-25,USD,MXN,16.779705,16.654094,16.905315,Internal
2025-06-25,USD,COP,4019.078912,3974.921654,4063.236171,Central Bank
2025-06-25,USD,ARS,353.285903,349.95486,356.616946,Reuters
2025-06-25,MXN,COP,238.225175,236.396464,240.053885,Bloomberg
2025-06-25,MXN,ARS,20.688683,20.521979,20.855388,Bloomberg
2025-06-25,COP,MXN,0.004281,0.004243,0.00432,Central Bank
2025-06-25,COP,ARS,0.08672,0.085546,0.087894,Bloomberg
2025-06-25,ARS,MXN,0.049137,0.048553,0.049721,Bloomberg
2025-06-25,ARS,COP,11.43469,11.313718,11.555662,Bloomberg
2025-06-26,MXN,USD,0.058434,0.058026,0.058842,Central Bank
2025-06-26,COP,USD,0.000254,0.000252,0.000256,Internal
2025-06-26,ARS,USD,0.002827,0.002803,0.00285,Bloomberg
2025-06-26,USD,MXN,16.694322,16.446284,16.94236,Internal
2025-06-26,USD,COP,3969.636185,3916.239266,4023.033105,Bloomberg
2025-06-26,USD,ARS,347.103684,343.717156,350.490212,Reuters
2025-06-26,MXN,COP,230.791895,228.32229,233.261499,Reuters
2025-06-26,MXN,ARS,20.333664,20.065477,20.601851,Bloomberg
2025-06-26,COP,MXN,0.004174,0.004144,0.004205,Central Bank
2025-06-26,COP,ARS,0.086885,0.086387,0.087382,Central Bank
2025-06-26,ARS,MXN,0.047844,0.047212,0.048476,Reuters
2025-06-26,ARS,COP,11.243811,11.184406,11.303217,Central Bank
2025-06-27,MXN,USD,0.058507,0.058006,0.059008,Internal
2025-06-27,COP,USD,0.000246,0.000243,0.000248,Reuters
2025-06-27,ARS,USD,0.002872,0.002838,0.002907,Reuters
2025-06-27,USD,MXN,16.763282,16.529374,16.99719,Reuters
2025-06-27,USD,COP,4071.408531,4035.039849,4107.777213,Central Bank
2025-06-27,USD,ARS,344.101747,340.245572,347.957923,Reuters
2025-06-27,MXN,COP,238.240115,235.009934,241.470296,Bloomberg
2025-06-27,MXN,ARS,20.440611,20.234019,20.647203,Central Bank
2025-06-27,COP,MXN,0.004325,0.00427,0.00438,Central Bank
2025-06-27,COP,ARS,0.087802,0.086622,0.088983,Reuters
2025-06-27,ARS,MXN,0.049355,0.048936,0.049774,Bloomberg
2025-06-27,ARS,COP,11.53336,11.439933,11.626788,Reuters
2025-06-28,MXN,USD,0.059839,0.058957,0.060721,Internal
2025-06-28,COP,USD,0.000246,0.000243,0.000249,Reuters
2025-06-28,ARS,USD,0.002841,0.0028,0.002882,Internal
2025-06-28,USD,MXN,16.953925,16.830057,17.077793,Bloomberg
2025-06-28,USD,COP,4076.905853,4039.82315,4113.988556,Central Bank
2025-06-28,USD,ARS,354.758538,351.457214,358.059861,Internal
2025-06-28,MXN,COP,231.850615,228.715823,234.985408,Reuters
2025-06-28,MXN,ARS,20.910875,20.656574,21.165177,Bloomberg
2025-06-28,COP,MXN,0.004219,0.004197,0.00424,Central Bank
2025-06-28,COP,ARS,0.087354,0.086096,0.088611,Reuters
2025-06-28,ARS,MXN,0.047681,0.047369,0.047992,Reuters
2025-06-28,ARS,COP,11.477538,11.344452,11.610623,Reuters
2025-06-29,MXN,USD,0.059218,0.058673,0.059763,Internal
2025-06-29,COP,USD,0.00025,0.000248,0.000251,Bloomberg
2025-06-29,ARS,USD,0.002878,0.002844,0.002913,Internal
2025-06-29,USD,MXN,16.676306,16.437289,16.915322,Central Bank
2025-06-29,USD,COP,4039.226066,3995.082953,4083.369179,Central Bank
2025-06-29,USD,ARS,343.617839,338.750627,348.48505,Internal
2025-06-29,MXN,COP,237.484557,234.279515,240.689599,Bloomberg
2025-06-29,MXN,ARS,20.670502,20.466775,20.874229,Central Bank
2025-06-29,COP,MXN,0.004256,0.004226,0.004287,Reuters
2025-06-29,COP,ARS,0.088547,0.087311,0.089783,Central Bank
2025-06-29,ARS,MXN,0.04835,0.04799,0.048709,Central Bank
2025-06-29,ARS,COP,11.386346,11.271542,11.501149,Reuters
2025-06-30,MXN,USD,0.057856,0.057093,0.058618,Reuters
2025-06-30,COP,USD,0.000254,0.000251,0.000258,Central Bank
2025-06-30,ARS,USD,0.002913,0.002881,0.002946,Internal
2025-06-30,USD,MXN,16.887169,16.73514,17.039197,Bloomberg
2025-06-30,USD,COP,3980.830964,3953.916677,4007.745252,Central Bank
2025-06-30,USD,ARS,343.168441,338.195085,348.141798,Internal
2025-06-30,MXN,COP,232.062052,230.897616,233.226487,Central Bank
2025-06-30,MXN,ARS,20.730895,20.431616,21.030174,Reuters
2025-06-30,COP,MXN,0.004241,0.004193,0.004289,Internal
2025-06-30,COP,ARS,0.086488,0.085692,0.087283,Central Bank
2025-06-30,ARS,MXN,0.048506,0.048155,0.048856,Central Bank
2025-06-30,ARS,COP,11.638595,11.554571,11.72262,Internal
2025-07-01,MXN,USD,0.059067,0.05821,0.059925,Reuters
2025-07-01,COP,USD,0.000246,0.000244,0.000248,Reuters
2025-07-01,ARS,USD,0.002869,0.002849,0.00289,Internal
2025-07-01,USD,MXN,17.266355,17.135094,17.397616,Internal
2025-07-01,USD,COP,3962.149676,3940.939551,3983.3598,Internal
2025-07-01,USD,ARS,348.304854,344.769204,351.840504,Internal
2025-07-01,MXN,COP,234.818262,233.483607,236.152918,Reuters
2025-07-01,MXN,ARS,20.804709,20.514855,21.094564,Central Bank
2025-07-01,COP,MXN,0.004237,0.004201,0.004273,Central Bank
2025-07-01,COP,ARS,0.086979,0.086015,0.087942,Reuters
2025-07-01,ARS,MXN,0.049195,0.048847,0.049543,Reuters
2025-07-01,ARS,COP,11.313803,11.172324,11.455281,Central Bank
2025-07-02,MXN,USD,0.059803,0.059111,0.060494,Bloomberg
2025-07-02,COP,USD,0.000251,0.000249,0.000253,Central Bank
2025-07-02,ARS,USD,0.002815,0.002786,0.002844,Reuters
2025-07-02,USD,MXN,16.951395,16.738075,17.164715,Bloomberg
2025-07-02,USD,COP,3958.436228,3920.050264,3996.822191,Internal
2025-07-02,USD,ARS,349.749554,347.154572,352.344535,Bloomberg
2025-07-02,MXN,COP,231.523969,229.220006,233.827931,Internal
2025-07-02,MXN,ARS,20.26563,20.00567,20.525591,Internal
2025-07-02,COP,MXN,0.004183,0.004151,0.004216,Internal
2025-07-02,COP,ARS,0.088107,0.087655,0.088558,Central Bank
2025-07-02,ARS,MXN,0.047879,0.047321,0.048437,Bloomberg
2025-07-02,ARS,COP,11.636085,11.466745,11.805426,Reuters
2025-07-03,MXN,USD,0.05844,0.058134,0.058746,Central Bank
2025-07-03,COP,USD,0.000255,0.000253,0.000257,Central Bank
2025-07-03,ARS,USD,0.002858,0.002822,0.002894,Central Bank
2025-07-03,USD,MXN,17.112749,16.926879,17.298619,Bloomberg
2025-07-03,USD,COP,4010.884559,3970.937132,4050.831986,Internal
2025-07-03,USD,ARS,346.316622,342.818817,349.814426,Bloomberg
2025-07-03,MXN,COP,233.50453,232.109582,234.899479,Bloomberg
2025-07-03,MXN,ARS,20.187333,19.925234,20.449432,Reuters
2025-07-03,COP,MXN,0.004207,0.004177,0.004238,Central Bank
2025-07-03,COP,ARS,0.085846,0.084919,0.086774,Reuters
2025-07-03,ARS,MXN,0.048034,0.047718,0.04835,Reuters
2025-07-03,ARS,COP,11.482725,11.399358,11.566093,Central Bank
2025-07-04,MXN,USD,0.058804,0.057937,0.059671,Reuters
2025-07-04,COP,USD,0.000246,0.000242,0.00025,Internal
2025-07-04,ARS,USD,0.002836,0.002814,0.002858,Internal
2025-07-04,USD,MXN,16.763771,16.576151,16.95139,Bloomberg
2025-07-04,USD,COP,3977.476207,3936.831613,4018.120802,Internal
2025-07-04,USD,ARS,345.194672,342.306,348.083343,Internal
2025-07-04,MXN,COP,237.910486,235.217728,240.603243,Central Bank
2025-07-04,MXN,ARS,20.179911,20.053303,20.306519,Central Bank
2025-07-04,COP,MXN,0.004187,0.004129,0.004246,Reuters
2025-07-04,COP,ARS,0.085886,0.085129,0.086644,Internal
2025-07-04,ARS,MXN,0.048477,0.047824,0.049131,Central Bank
2025-07-04,ARS,COP,11.284321,11.219006,11.349636,Reuters
2025-07-05,MXN,USD,0.058867,0.058139,0.059595,Reuters
2025-07-05,COP,USD,0.000246,0.000244,0.000249,Bloomberg
2025-07-05,ARS,USD,0.002888,0.002859,0.002917,Central Bank
2025-07-05,USD,MXN,16.889034,16.734868,17.0432,Internal
2025-07-05,USD,COP,3926.951123,3886.021887,3967.880359,Central Bank
2025-07-05,USD,ARS,354.89721,352.350788,357.443633,Bloomberg
2025-07-05,MXN,COP,235.179262,232.70206,237.656465,Reuters
2025-07-05,MXN,ARS,20.576635,20.347368,20.805902,Internal
2025-07-05,COP,MXN,0.004301,0.004262,0.00434,Reuters
2025-07-05,COP,ARS,0.086242,0.085474,0.08701,Reuters
2025-07-05,ARS,MXN,0.049211,0.048566,0.049856,Reuters
2025-07-05,ARS,COP,11.338398,11.264099,11.412698,Bloomberg
2025-07-06,MXN,USD,0.058024,0.057167,0.058881,Bloomberg
2025-07-06,COP,USD,0.000248,0.000245,0.00025,Internal
2025-07-06,ARS,USD,0.002822,0.002806,0.002838,Internal
2025-07-06,USD,MXN,16.8196,16.722583,16.916617,Reuters
2025-07-06,USD,COP,3926.64838,3869.985982,3983.310777,Central Bank
2025-07-06,USD,ARS,355.787597,353.896351,357.678844,Bloomberg
2025-07-06,MXN,COP,234.167144,232.104955,236.229333,Central Bank
2025-07-06,MXN,ARS,20.934189,20.66456,21.203819,Bloomberg
2025-07-06,COP,MXN,0.004279,0.00424,0.004318,Internal
2025-07-06,COP,ARS,0.086048,0.085391,0.086706,Central Bank
2025-07-06,ARS,MXN,0.049297,0.04877,0.049823,Central Bank
2025-07-06,ARS,COP,11.579803,11.427577,11.732029,Bloomberg
2025-07-07,MXN,USD,0.059373,0.058574,0.060173,Internal
2025-07-07,COP,USD,0.000255,0.000252,0.000258,Bloomberg
2025-07-07,ARS,USD,0.002902,0.002866,0.002937,Internal
2025-07-07,USD,MXN,17.040935,16.841713,17.240158,Bloomberg
2025-07-07,USD,COP,3966.314565,3908.056449,4024.572681,Bloomberg
2025-07-07,USD,ARS,346.665671,343.958546,349.372796,Bloomberg
2025-07-07,MXN,COP,237.699939,235.285695,240.114183,Central Bank
2025-07-07,MXN,ARS,20.953774,20.639589,21.267959,Central Bank
2025-07-07,COP,MXN,0.004218,0.004157,0.004279,Reuters
2025-07-07,COP,ARS,0.088976,0.08791,0.090041,Bloomberg
2025-07-07,ARS,MXN,0.047904,0.04736,0.048448,Internal
2025-07-07,ARS,COP,11.599485,11.463943,11.735027,Reuters
2025-07-08,MXN,USD,0.058381,0.058066,0.058695,Reuters
2025-07-08,COP,USD,0.000249,0.000246,0.000252,Reuters
2025-07-08,ARS,USD,0.002891,0.002853,0.002928,Internal
2025-07-08,USD,MXN,16.9682,16.833148,17.103252,Internal
2025-07-08,USD,COP,4004.250733,3981.458179,4027.043287,Bloomberg
2025-07-08,USD,ARS,344.463931,339.953781,348.97408,Reuters
2025-07-08,MXN,COP,237.768729,235.65324,239.884218,Reuters
2025-07-08,MXN,ARS,20.56666,20.269191,20.864129,Bloomberg
2025-07-08,COP,MXN,0.004243,0.004194,0.004292,Internal
2025-07-08,COP,ARS,0.087849,0.086715,0.088982,Internal
2025-07-08,ARS,MXN,0.04901,0.048751,0.049268,Bloomberg
2025-07-08,ARS,COP,11.592161,11.42554,11.758782,Reuters
2025-07-09,MXN,USD,0.058255,0.057598,0.058912,Internal
2025-07-09,COP,USD,0.000245,0.000242,0.000249,Bloomberg
2025-07-09,ARS,USD,0.00287,0.002835,0.002904,Internal
2025-07-09,USD,MXN,17.1685,16.911165,17.425835,Reuters
2025-07-09,USD,COP,3934.233853,3882.466403,3986.001302,Internal
2025-07-09,USD,ARS,356.488605,354.453738,358.523472,Internal
2025-07-09,MXN,COP,230.747495,229.206495,232.288496,Internal
2025-07-09,MXN,ARS,20.465194,20.170433,20.759955,Central Bank
2025-07-09,COP,MXN,0.004224,0.004164,0.004284,Internal
2025-07-09,COP,ARS,0.086595,0.085568,0.087622,Central Bank
2025-07-09,ARS,MXN,0.047758,0.047043,0.048472,Internal
2025-07-09,ARS,COP,11.494403,11.402986,11.585821,Central Bank
2025-07-10,MXN,USD,0.058037,0.057616,0.058458,Central Bank
2025-07-10,COP,USD,0.000249,0.000247,0.000251,Central Bank
2025-07-10,ARS,USD,0.002832,0.00281,0.002854,Internal
2025-07-10,USD,MXN,16.975438,16.839581,17.111295,Internal
2025-07-10,USD,COP,4043.983584,3998.037878,4089.929291,Reuters
2025-07-10,USD,ARS,350.122718,346.562795,353.682642,Internal
2025-07-10,MXN,COP,230.702278,228.050052,233.354504,Internal
2025-07-10,MXN,ARS,20.841984,20.73249,20.951478,Central Bank
2025-07-10,COP,MXN,0.004322,0.00428,0.004363,Internal
2025-07-10,COP,ARS,0.085764,0.085273,0.086254,Internal
2025-07-10,ARS,MXN,0.049445,0.04882,0.050071,Bloomberg
2025-07-10,ARS,COP,11.498899,11.40539,11.592408,Reuters
2025-07-11,MXN,USD,0.059048,0.058275,0.059821,Central Bank
2025-07-11,COP,USD,0.000249,0.000248,0.000251,Central Bank
2025-07-11,ARS,USD,0.002851,0.00282,0.002881,Internal
2025-07-11,USD,MXN,17.22586,16.96873,17.482991,Reuters
2025-07-11,USD,COP,4018.573984,3991.640649,4045.507319,Central Bank
2025-07-11,USD,ARS,346.752693,344.000432,349.504955,Reuters
2025-07-11,MXN,COP,233.73353,231.181352,236.285709,Internal
2025-07-11,MXN,ARS,20.406496,20.257046,20.555945,Reuters
2025-07-11,COP,MXN,0.004278,0.004225,0.00433,Reuters
2025-07-11,COP,ARS,0.087059,0.086483,0.087635,Central Bank
2025-07-11,ARS,MXN,0.048533,0.04796,0.049105,Bloomberg
2025-07-11,ARS,COP,11.532294,11.433094,11.631494,Central Bank
2025-07-12,MXN,USD,0.059709,0.058959,0.06046,Reuters
2025-07-12,COP,USD,0.000251,0.000248,0.000254,Bloomberg
2025-07-12,ARS,USD,0.002844,0.002818,0.00287,Reuters
2025-07-12,USD,MXN,16.805821,16.656935,16.954706,Central Bank
2025-07-12,USD,COP,4073.159178,4027.807664,4118.510692,Internal
2025-07-12,USD,ARS,346.295013,341.119808,351.470217,Bloomberg
2025-07-12,MXN,COP,239.63792,236.35715,242.918691,Internal
2025-07-12,MXN,ARS,20.748388,20.612533,20.884242,Internal
2025-07-12,COP,MXN,0.004287,0.004259,0.004315,Bloomberg
2025-07-12,COP,ARS,0.088525,0.087363,0.089686,Reuters
2025-07-12,ARS,MXN,0.049243,0.048812,0.049675,Reuters
2025-07-12,ARS,COP,11.643314,11.556734,11.729894,Bloomberg
2025-07-13,MXN,USD,0.059684,0.058992,0.060376,Internal
2025-07-13,COP,USD,0.000251,0.000248,0.000253,Reuters
2025-07-13,ARS,USD,0.00288,0.002837,0.002923,Bloomberg
2025-07-13,USD,MXN,16.845966,16.727917,16.964016,Central Bank
2025-07-13,USD,COP,4063.127398,4023.243534,4103.011262,Internal
2025-07-13,USD,ARS,349.164458,347.302091,351.026825,Central Bank
2025-07-13,MXN,COP,234.026271,231.54743,236.505112,Central Bank
2025-07-13,MXN,ARS,20.569863,20.41991,20.719817,Reuters
2025-07-13,COP,MXN,0.004244,0.004217,0.00427,Central Bank
2025-07-13,COP,ARS,0.08711,0.086379,0.087841,Internal
2025-07-13,ARS,MXN,0.048955,0.048423,0.049487,Bloomberg
2025-07-13,ARS,COP,11.627183,11.525911,11.728455,Reuters
2025-07-14,MXN,USD,0.058572,0.058045,0.0591,Internal
2025-07-14,COP,USD,0.000245,0.000242,0.000249,Reuters
2025-07-14,ARS,USD,0.002841,0.002827,0.002856,Bloomberg
2025-07-14,USD,MXN,17.067524,16.941679,17.193369,Bloomberg
2025-07-14,USD,COP,3996.069775,3942.525318,4049.614232,Central Bank
2025-07-14,USD,ARS,353.14018,347.894055,358.386306,Internal
2025-07-14,MXN,COP,239.564844,236.969898,242.159789,Bloomberg
2025-07-14,MXN,ARS,20.474684,20.346483,20.602884,Central Bank
2025-07-14,COP,MXN,0.004221,0.004174,0.004268,Bloomberg
2025-07-14,COP,ARS,0.087113,0.086631,0.087595,Central Bank
2025-07-14,ARS,MXN,0.048896,0.048268,0.049523,Central Bank
2025-07-14,ARS,COP,11.505016,11.361221,11.648811,Central Bank
2025-07-15,MXN,USD,0.059572,0.059021,0.060122,Internal
2025-07-15,COP,USD,0.000246,0.000243,0.000248,Bloomberg
2025-07-15,ARS,USD,0.002864,0.002827,0.002901,Central Bank
2025-07-15,USD,MXN,16.754734,16.656263,16.853205,Bloomberg
2025-07-15,USD,COP,3920.193172,3874.225537,3966.160806,Bloomberg
2025-07-15,USD,ARS,352.17208,349.730762,354.613398,Reuters
2025-07-15,MXN,COP,236.856559,234.782956,238.930163,Central Bank
2025-07-15,MXN,ARS,20.80578,20.558899,21.052662,Internal
2025-07-15,COP,MXN,0.004246,0.004217,0.004276,Bloomberg
2025-07-15,COP,ARS,0.086008,0.085351,0.086664,Reuters
2025-07-15,ARS,MXN,0.048628,0.048145,0.049111,Internal
2025-07-15,ARS,COP,11.633686,11.547013,11.720358,Internal
2025-07-16,MXN,USD,0.059661,0.058803,0.06052,Reuters
2025-07-16,COP,USD,0.000252,0.000251,0.000254,Bloomberg
2025-07-16,ARS,USD,0.002814,0.002798,0.002831,Bloomberg
2025-07-16,USD,MXN,17.257575,17.167664,17.347485,Bloomberg
2025-07-16,USD,COP,4040.104464,3998.642113,4081.566816,Internal
2025-07-16,USD,ARS,354.507263,352.303773,356.710754,Internal
2025-07-16,MXN,COP,231.182405,228.570753,233.794056,Bloomberg
2025-07-16,MXN,ARS,20.85874,20.722002,20.995478,Internal
2025-07-16,COP,MXN,0.00421,0.004184,0.004235,Internal
2025-07-16,COP,ARS,0.087876,0.087065,0.088688,Bloomberg
2025-07-16,ARS,MXN,0.048216,0.047673,0.048758,Central Bank
2025-07-16,ARS,COP,11.389178,11.279564,11.498792,Reuters
2025-07-17,MXN,USD,0.057682,0.057253,0.058111,Bloomberg
2025-07-17,COP,USD,0.000253,0.00025,0.000256,Bloomberg
2025-07-17,ARS,USD,0.002875,0.002833,0.002918,Bloomberg
2025-07-17,USD,MXN,17.196108,17.018359,17.373857,Internal
2025-07-17,USD,COP,4048.806923,3991.657636,4105.95621,Bloomberg
2025-07-17,USD,ARS,348.32748,344.487159,352.167801,Internal
2025-07-17,MXN,COP,236.076926,233.468244,238.685607,Reuters
2025-07-17,MXN,ARS,20.872896,20.734005,21.011788,Bloomberg
2025-07-17,COP,MXN,0.004218,0.004159,0.004278,Internal
2025-07-17,COP,ARS,0.088416,0.087745,0.089086,Reuters
2025-07-17,ARS,MXN,0.049077,0.04871,0.049444,Internal
2025-07-17,ARS,COP,11.550512,11.408481,11.692542,Internal
2025-07-18,MXN,USD,0.058841,0.058033,0.059648,Central Bank
2025-07-18,COP,USD,0.000246,0.000243,0.000249,Bloomberg
2025-07-18,ARS,USD,0.002825,0.002799,0.002851,Central Bank
2025-07-18,USD,MXN,17.0714,16.897316,17.245483,Reuters
2025-07-18,USD,COP,4009.908577,3970.655469,4049.161684,Reuters
2025-07-18,USD,ARS,347.441696,344.496364,350.387029,Central Bank
2025-07-18,MXN,COP,237.843985,234.490751,241.19722,Bloomberg
2025-07-18,MXN,ARS,20.818822,20.604254,21.033391,Central Bank
2025-07-18,COP,MXN,0.004194,0.004158,0.00423,Central Bank
2025-07-18,COP,ARS,0.088158,0.087704,0.088613,Reuters
2025-07-18,ARS,MXN,0.049455,0.048736,0.050173,Internal
2025-07-18,ARS,COP,11.276937,11.174039,11.379834,Internal
2025-07-19,MXN,USD,0.058577,0.058271,0.058883,Bloomberg
2025-07-19,COP,USD,0.000247,0.000244,0.000249,Central Bank
2025-07-19,ARS,USD,0.002861,0.002847,0.002876,Reuters
2025-07-19,USD,MXN,16.894396,16.705309,17.083483,Internal
2025-07-19,USD,COP,3994.945137,3965.886765,4024.00351,Internal
2025-07-19,USD,ARS,356.582399,351.958754,361.206044,Bloomberg
2025-07-19,MXN,COP,236.25077,234.221369,238.280171,Internal
2025-07-19,MXN,ARS,20.878706,20.708368,21.049045,Reuters
2025-07-19,COP,MXN,0.004176,0.004115,0.004238,Bloomberg
2025-07-19,COP,ARS,0.086642,0.085818,0.087466,Central Bank
2025-07-19,ARS,MXN,0.047743,0.047275,0.04821,Bloomberg
2025-07-19,ARS,COP,11.651492,11.48101,11.821974,Internal
2025-07-20,MXN,USD,0.057675,0.056977,0.058373,Internal
2025-07-20,COP,USD,0.000246,0.000244,0.000249,Internal
2025-07-20,ARS,USD,0.002899,0.002881,0.002916,Bloomberg
2025-07-20,USD,MXN,16.908042,16.729559,17.086525,Bloomberg
2025-07-20,USD,COP,3952.845807,3931.870853,3973.820762,Central Bank
2025-07-20,USD,ARS,350.602566,347.582147,353.622986,Bloomberg
2025-07-20,MXN,COP,230.890102,227.54743,234.232775,Bloomberg
2025-07-20,MXN,ARS,20.652501,20.514928,20.790073,Reuters
2025-07-20,COP,MXN,0.004334,0.004288,0.00438,Internal
2025-07-20,COP,ARS,0.086531,0.085312,0.08775,Bloomberg
2025-07-20,ARS,MXN,0.049153,0.048888,0.049418,Internal
2025-07-20,ARS,COP,11.512207,11.394586,11.629827,Bloomberg
2025-07-21,MXN,USD,0.057843,0.057185,0.0585,Bloomberg
2025-07-21,COP,USD,0.000252,0.000248,0.000256,Reuters
2025-07-21,ARS,USD,0.002862,0.002844,0.002881,Central Bank
2025-07-21,USD,MXN,16.980917,16.894894,17.066939,Internal
2025-07-21,USD,COP,4055.192609,4012.596331,4097.788887,Bloomberg
2025-07-21,USD,ARS,350.62678,347.985213,353.268347,Central Bank
2025-07-21,MXN,COP,234.699798,231.844745,237.55485,Internal
2025-07-21,MXN,ARS,20.681353,20.489041,20.873666,Bloomberg
2025-07-21,COP,MXN,0.004272,0.004237,0.004307,Bloomberg
2025-07-21,COP,ARS,0.087936,0.086854,0.089019,Reuters
2025-07-21,ARS,MXN,0.048245,0.047674,0.048816,Central Bank
2025-07-21,ARS,COP,11.208375,11.111598,11.305152,Central Bank
2025-07-22,MXN,USD,0.057723,0.057368,0.058078,Reuters
2025-07-22,COP,USD,0.000252,0.000249,0.000255,Bloomberg
2025-07-22,ARS,USD,0.002815,0.002776,0.002853,Bloomberg
2025-07-22,USD,MXN,17.129256,17.041406,17.217105,Internal
2025-07-22,USD,COP,3921.717656,3884.390872,3959.044439,Bloomberg
2025-07-22,USD,ARS,346.36878,344.504324,348.233235,Bloomberg
2025-07-22,MXN,COP,230.614782,227.375994,233.853569,Reuters
2025-07-22,MXN,ARS,20.738779,20.453174,21.024384,Reuters
2025-07-22,COP,MXN,0.004199,0.004158,0.004239,Bloomberg
2025-07-22,COP,ARS,0.08776,0.086461,0.089059,Bloomberg
2025-07-22,ARS,MXN,0.04925,0.048728,0.049772,Central Bank
2025-07-22,ARS,COP,11.598263,11.457986,11.73854,Bloomberg
2025-07-23,MXN,USD,0.057939,0.057162,0.058715,Internal
2025-07-23,COP,USD,0.000251,0.000248,0.000254,Internal
2025-07-23,ARS,USD,0.002883,0.00286,0.002906,Bloomberg
2025-07-23,USD,MXN,16.800312,16.716069,16.884555,Reuters
2025-07-23,USD,COP,3964.551707,3934.709696,3994.393719,Central Bank
2025-07-23,USD,ARS,348.453487,345.192331,351.714643,Reuters
2025-07-23,MXN,COP,236.04974,234.859378,237.240101,Reuters
2025-07-23,MXN,ARS,20.415418,20.163414,20.667422,Central Bank
2025-07-23,COP,MXN,0.004182,0.004131,0.004233,Central Bank
2025-07-23,COP,ARS,0.087464,0.086765,0.088163,Internal
2025-07-23,ARS,MXN,0.049213,0.048883,0.049543,Central Bank
2025-07-23,ARS,COP,11.468045,11.376792,11.559298,Central Bank
2025-07-24,MXN,USD,0.058491,0.058013,0.058969,Central Bank
2025-07-24,COP,USD,0.000252,0.000248,0.000255,Internal
2025-07-24,ARS,USD,0.00287,0.002828,0.002913,Internal
2025-07-24,USD,MXN,16.727127,16.52325,16.931003,Bloomberg
2025-07-24,USD,COP,3939.547047,3886.896684,3992.197409,Reuters
2025-07-24,USD,ARS,348.21469,344.042622,352.386758,Bloomberg
2025-07-24,MXN,COP,231.841498,228.843362,234.839633,Central Bank
2025-07-24,MXN,ARS,20.443605,20.170181,20.717028,Bloomberg
2025-07-24,COP,MXN,0.004332,0.004283,0.004382,Reuters
2025-07-24,COP,ARS,0.086573,0.085342,0.087803,Central Bank
2025-07-24,ARS,MXN,0.049455,0.048787,0.050123,Reuters
2025-07-24,ARS,COP,11.427174,11.323805,11.530544,Reuters
2025-07-25,MXN,USD,0.059403,0.058704,0.060102,Reuters
2025-07-25,COP,USD,0.000245,0.000244,0.000247,Central Bank
2025-07-25,ARS,USD,0.002905,0.002867,0.002942,Reuters
2025-07-25,USD,MXN,16.877152,16.677019,17.077285,Bloomberg
2025-07-25,USD,COP,3994.081095,3945.987392,4042.174797,Bloomberg
2025-07-25,USD,ARS,348.626123,346.112358,351.139889,Internal
2025-07-25,MXN,COP,233.189274,230.653198,235.72535,Bloomberg
2025-07-25,MXN,ARS,20.192836,19.908425,20.477247,Reuters
2025-07-25,COP,MXN,0.004301,0.004257,0.004346,Central Bank
2025-07-25,COP,ARS,0.088223,0.087259,0.089188,Central Bank
2025-07-25,ARS,MXN,0.049226,0.048767,0.049684,Reuters
2025-07-25,ARS,COP,11.577974,11.504888,11.651059,Bloomberg
2025-07-26,MXN,USD,0.058513,0.057809,0.059217,Reuters
2025-07-26,COP,USD,0.000252,0.000249,0.000254,Bloomberg
2025-07-26,ARS,USD,0.002805,0.00277,0.00284,Reuters
2025-07-26,USD,MXN,17.043201,16.882491,17.203911,Internal
2025-07-26,USD,COP,3999.348062,3955.064604,4043.631519,Central Bank
2025-07-26,USD,ARS,344.497647,342.126239,346.869054,Internal
2025-07-26,MXN,COP,239.900602,236.787938,243.013267,Bloomberg
2025-07-26,MXN,ARS,20.191559,20.028926,20.354192,Reuters
2025-07-26,COP,MXN,0.004245,0.004182,0.004307,Internal
2025-07-26,COP,ARS,0.088809,0.088076,0.089542,Central Bank
2025-07-26,ARS,MXN,0.047771,0.047346,0.048195,Reuters
2025-07-26,ARS,COP,11.642505,11.517879,11.767131,Central Bank
2025-07-27,MXN,USD,0.059525,0.059162,0.059887,Reuters
2025-07-27,COP,USD,0.000252,0.000248,0.000255,Bloomberg
2025-07-27,ARS,USD,0.002813,0.002793,0.002833,Internal
2025-07-27,USD,MXN,17.142338,16.95461,17.330065,Internal
2025-07-27,USD,COP,3929.726063,3874.104198,3985.347928,Bloomberg
2025-07-27,USD,ARS,346.812124,343.577675,350.046574,Central Bank
2025-07-27,MXN,COP,231.810868,229.475171,234.146565,Bloomberg
2025-07-27,MXN,ARS,20.182262,19.881871,20.482653,Internal
2025-07-27,COP,MXN,0.004213,0.004154,0.004272,Central Bank
2025-07-27,COP,ARS,0.088367,0.08728,0.089454,Internal
2025-07-27,ARS,MXN,0.048722,0.048059,0.049384,Bloomberg
2025-07-27,ARS,COP,11.413276,11.283918,11.542635,Reuters
2025-07-28,MXN,USD,0.059285,0.058434,0.060135,Bloomberg
2025-07-28,COP,USD,0.000247,0.000244,0.00025,Reuters
2025-07-28,ARS,USD,0.002901,0.002882,0.00292,Reuters
2025-07-28,USD,MXN,17.159039,16.907961,17.410116,Internal
2025-07-28,USD,COP,4002.004724,3977.796062,4026.213387,Reuters
2025-07-28,USD,ARS,353.863193,348.664396,359.06199,Internal
2025-07-28,MXN,COP,234.314595,232.574311,236.054879,Central Bank
2025-07-28,MXN,ARS,20.707688,20.506769,20.908607,Internal
2025-07-28,COP,MXN,0.004265,0.004217,0.004312,Reuters
2025-07-28,COP,ARS,0.088486,0.087767,0.089205,Reuters
2025-07-28,ARS,MXN,0.049289,0.04889,0.049689,Central Bank
2025-07-28,ARS,COP,11.588571,11.52562,11.651522,Internal
2025-07-29,MXN,USD,0.059015,0.058231,0.059799,Internal
2025-07-29,COP,USD,0.000246,0.000244,0.000249,Reuters
2025-07-29,ARS,USD,0.002833,0.002812,0.002853,Internal
2025-07-29,USD,MXN,17.224634,16.967382,17.481887,Central Bank
2025-07-29,USD,COP,4030.299082,4008.898494,4051.699671,Reuters
2025-07-29,USD,ARS,346.492799,342.751581,350.234017,Bloomberg
2025-07-29,MXN,COP,239.255544,236.825367,241.685722,Central Bank
2025-07-29,MXN,ARS,20.556992,20.329637,20.784346,Internal
2025-07-29,COP,MXN,0.004227,0.00417,0.004284,Internal
2025-07-29,COP,ARS,0.087526,0.086893,0.088159,Internal
2025-07-29,ARS,MXN,0.048241,0.047678,0.048803,Central Bank
2025-07-29,ARS,COP,11.37299,11.256275,11.489706,Bloomberg
2025-07-30,MXN,USD,0.059979,0.059273,0.060685,Internal
2025-07-30,COP,USD,0.000253,0.00025,0.000256,Central Bank
2025-07-30,ARS,USD,0.002914,0.00288,0.002947,Central Bank
2025-07-30,USD,MXN,17.208332,16.977706,17.438957,Internal
2025-07-30,USD,COP,4073.168248,4048.976911,4097.359586,Bloomberg
2025-07-30,USD,ARS,347.428241,345.602365,349.254118,Central Bank
2025-07-30,MXN,COP,235.21816,232.78459,237.651731,Internal
2025-07-30,MXN,ARS,20.657303,20.523317,20.791289,Bloomberg
2025-07-30,COP,MXN,0.004287,0.004244,0.00433,Reuters
2025-07-30,COP,ARS,0.085798,0.084593,0.087003,Internal
2025-07-30,ARS,MXN,0.04873,0.048192,0.049268,Bloomberg
2025-07-30,ARS,COP,11.636085,11.539153,11.733017,Central Bank
2025-07-31,MXN,USD,0.05936,0.05893,0.05979,Bloomberg
2025-07-31,COP,USD,0.000254,0.000251,0.000257,Internal
2025-07-31,ARS,USD,0.002836,0.002817,0.002855,Bloomberg
2025-07-31,USD,MXN,16.873222,16.675641,17.070803,Reuters
2025-07-31,USD,COP,4049.417926,4017.640383,4081.195469,Internal
2025-07-31,USD,ARS,345.182252,341.405146,348.959359,Central Bank
2025-07-31,MXN,COP,232.361172,228.948765,235.77358,Bloomberg
2025-07-31,MXN,ARS,20.397043,20.195664,20.598423,Reuters
2025-07-31,COP,MXN,0.004237,0.00419,0.004284,Central Bank
2025-07-31,COP,ARS,0.087798,0.086735,0.088861,Reuters
2025-07-31,ARS,MXN,0.048315,0.047738,0.048893,Central Bank
2025-07-31,ARS,COP,11.617484,11.542111,11.692858,Central Bank
2025-08-01,MXN,USD,0.058614,0.058046,0.059183,Central Bank
2025-08-01,COP,USD,0.000247,0.000243,0.000251,Reuters
2025-08-01,ARS,USD,0.002907,0.00287,0.002945,Reuters
2025-08-01,USD,MXN,17.203538,16.98003,17.427046,Central Bank
2025-08-01,USD,COP,4042.555412,4017.98583,4067.124995,Bloomberg
2025-08-01,USD,ARS,355.980402,352.075064,359.88574,Bloomberg
2025-08-01,MXN,COP,235.08338,232.186167,237.980592,Central Bank
2025-08-01,MXN,ARS,20.870491,20.698324,21.042657,Internal
2025-08-01,COP,MXN,0.00429,0.004264,0.004316,Bloomberg
2025-08-01,COP,ARS,0.086341,0.08578,0.086902,Bloomberg
2025-08-01,ARS,MXN,0.048875,0.048322,0.049428,Reuters
2025-08-01,ARS,COP,11.37655,11.287439,11.465661,Reuters
2025-08-02,MXN,USD,0.058231,0.057938,0.058525,Reuters
2025-08-02,COP,USD,0.000249,0.000247,0.000251,Reuters
2025-08-02,ARS,USD,0.002866,0.002851,0.002882,Internal
2025-08-02,USD,MXN,16.804327,16.664376,16.944279,Central Bank
2025-08-02,USD,COP,3999.955583,3960.464479,4039.446687,Reuters
2025-08-02,USD,ARS,355.921047,353.371273,358.470821,Bloomberg
2025-08-02,MXN,COP,235.182669,231.989299,238.37604,Bloomberg
2025-08-02,MXN,ARS,20.651283,20.423994,20.878573,Reuters
2025-08-02,COP,MXN,0.00428,0.004241,0.004319,Central Bank
2025-08-02,COP,ARS,0.087568,0.086523,0.088614,Bloomberg
2025-08-02,ARS,MXN,0.048378,0.047953,0.048802,Bloomberg
2025-08-02,ARS,COP,11.63339,11.525887,11.740893,Central Bank
2025-08-03,MXN,USD,0.058079,0.057391,0.058768,Bloomberg
2025-08-03,COP,USD,0.000246,0.000243,0.000248,Reuters
2025-08-03,ARS,USD,0.002877,0.002851,0.002903,Internal
2025-08-03,USD,MXN,17.185816,17.093507,17.278126,Internal
2025-08-03,USD,COP,3923.801118,3875.879652,3971.722584,Reuters
2025-08-03,USD,ARS,352.495013,350.123979,354.866048,Central Bank
2025-08-03,MXN,COP,232.538413,229.402997,235.673829,Reuters
2025-08-03,MXN,ARS,20.43122,20.322288,20.540152,Internal
2025-08-03,COP,MXN,0.004267,0.004207,0.004326,Central Bank
2025-08-03,COP,ARS,0.087088,0.086019,0.088158,Bloomberg
2025-08-03,ARS,MXN,0.048933,0.048318,0.049547,Bloomberg
2025-08-03,ARS,COP,11.468876,11.338682,11.59907,Central Bank
2025-08-04,MXN,USD,0.05939,0.058999,0.05978,Internal
2025-08-04,COP,USD,0.000253,0.00025,0.000256,Central Bank
2025-08-04,ARS,USD,0.0028,0.002777,0.002824,Central Bank
2025-08-04,USD,MXN,16.986661,16.874614,17.098708,Internal
2025-08-04,USD,COP,3926.739796,3904.920737,3948.558856,Bloomberg
2025-08-04,USD,ARS,355.382448,351.789859,358.975037,Internal
2025-08-04,MXN,COP,234.771496,232.940916,236.602076,Internal
2025-08-04,MXN,ARS,20.818333,20.648547,20.988118,Reuters
2025-08-04,COP,MXN,0.004248,0.004204,0.004293,Internal
2025-08-04,COP,ARS,0.088513,0.087282,0.089743,Bloomberg
2025-08-04,ARS,MXN,0.047721,0.04739,0.048052,Bloomberg
2025-08-04,ARS,COP,11.516786,11.399481,11.634091,Central Bank
2025-08-05,MXN,USD,0.059906,0.059019,0.060793,Bloomberg
2025-08-05,COP,USD,0.000249,0.000247,0.000252,Central Bank
2025-08-05,ARS,USD,0.002903,0.002881,0.002925,Internal
2025-08-05,USD,MXN,16.908659,16.726115,17.091203,Bloomberg
2025-08-05,USD,COP,4038.504263,4007.377421,4069.631105,Internal
2025-08-05,USD,ARS,343.183973,339.519221,346.848726,Central Bank
2025-08-05,MXN,COP,236.675128,233.394535,239.955721,Reuters
2025-08-05,MXN,ARS,20.538791,20.293399,20.784183,Reuters
2025-08-05,COP,MXN,0.004321,0.004256,0.004386,Bloomberg
2025-08-05,COP,ARS,0.087016,0.086392,0.087641,Internal
2025-08-05,ARS,MXN,0.04895,0.048476,0.049425,Reuters
2025-08-05,ARS,COP,11.206443,11.150007,11.262879,Reuters
2025-08-06,MXN,USD,0.058627,0.058054,0.059201,Internal
2025-08-06,COP,USD,0.000253,0.000251,0.000254,Internal
2025-08-06,ARS,USD,0.00281,0.00277,0.002849,Internal
2025-08-06,USD,MXN,17.308377,17.195327,17.421427,Reuters
2025-08-06,USD,COP,3944.810113,3904.476297,3985.14393,Bloomberg
2025-08-06,USD,ARS,350.177093,344.963293,355.390894,Internal
2025-08-06,MXN,COP,237.054281,235.700226,238.408337,Internal
2025-08-06,MXN,ARS,20.388247,20.197098,20.579397,Central Bank
2025-08-06,COP,MXN,0.004223,0.004165,0.004281,Central Bank
2025-08-06,COP,ARS,0.088009,0.086741,0.089278,Central Bank
2025-08-06,ARS,MXN,0.04825,0.047657,0.048843,Internal
2025-08-06,ARS,COP,11.448114,11.389663,11.506565,Bloomberg
2025-08-07,MXN,USD,0.057822,0.057047,0.058596,Internal
2025-08-07,COP,USD,0.000249,0.000245,0.000253,Reuters
2025-08-07,ARS,USD,0.002873,0.002854,0.002891,Bloomberg
2025-08-07,USD,MXN,17.270346,17.031995,17.508697,Reuters
2025-08-07,USD,COP,3941.365785,3894.671942,3988.059628,Bloomberg
2025-08-07,USD,ARS,356.761743,352.579598,360.943887,Reuters
2025-08-07,MXN,COP,231.371349,229.29153,233.451168,Central Bank
2025-08-07,MXN,ARS,20.246257,20.022753,20.469762,Reuters
2025-08-07,COP,MXN,0.00426,0.004216,0.004303,Central Bank
2025-08-07,COP,ARS,0.089008,0.088458,0.089559,Central Bank
2025-08-07,ARS,MXN,0.048945,0.048319,0.049571,Internal
2025-08-07,ARS,COP,11.422125,11.262397,11.581854,Reuters
2025-08-08,MXN,USD,0.058048,0.05748,0.058617,Central Bank
2025-08-08,COP,USD,0.000252,0.000251,0.000254,Reuters
2025-08-08,ARS,USD,0.002807,0.002786,0.002827,Internal
2025-08-08,USD,MXN,17.323028,17.136116,17.509941,Internal
2025-08-08,USD,COP,4015.536415,3977.267883,4053.804947,Bloomberg
2025-08-08,USD,ARS,352.073634,349.279328,354.86794,Central Bank
2025-08-08,MXN,COP,236.891208,234.930879,238.851538,Central Bank
2025-08-08,MXN,ARS,20.251898,19.963031,20.540766,Central Bank
2025-08-08,COP,MXN,0.004174,0.004133,0.004214,Central Bank
2025-08-08,COP,ARS,0.087487,0.086405,0.088569,Central Bank
2025-08-08,ARS,MXN,0.049012,0.048761,0.049262,Central Bank
2025-08-08,ARS,COP,11.26793,11.136645,11.399216,Internal
2025-08-09,MXN,USD,0.058032,0.057299,0.058764,Bloomberg
2025-08-09,COP,USD,0.000252,0.000249,0.000255,Central Bank
2025-08-09,ARS,USD,0.002809,0.002768,0.002851,Bloomberg
2025-08-09,USD,MXN,17.081671,16.844971,17.318371,Reuters
2025-08-09,USD,COP,4064.714744,4012.257329,4117.172158,Internal
2025-08-09,USD,ARS,346.766426,343.434998,350.097854,Reuters
2025-08-09,MXN,COP,236.6118,233.374581,239.849018,Internal
2025-08-09,MXN,ARS,20.441063,20.16162,20.720507,Internal
2025-08-09,COP,MXN,0.004292,0.00426,0.004325,Bloomberg
2025-08-09,COP,ARS,0.086963,0.086195,0.087731,Reuters
2025-08-09,ARS,MXN,0.0489,0.048574,0.049225,Reuters
2025-08-09,ARS,COP,11.238117,11.149986,11.326248,Reuters
2025-08-10,MXN,USD,0.059479,0.059056,0.059902,Reuters
2025-08-10,COP,USD,0.000245,0.000242,0.000249,Reuters
2025-08-10,ARS,USD,0.002811,0.002771,0.00285,Bloomberg
2025-08-10,USD,MXN,16.822082,16.580276,17.063888,Bloomberg
2025-08-10,USD,COP,4058.94372,4006.607102,4111.280339,Internal
2025-08-10,USD,ARS,353.38182,348.88876,357.874881,Internal
2025-08-10,MXN,COP,234.158311,232.71774,235.598881,Internal
2025-08-10,MXN,ARS,20.808219,20.703179,20.913258,Reuters
2025-08-10,COP,MXN,0.004223,0.00417,0.004277,Internal
2025-08-10,COP,ARS,0.086804,0.0858,0.087809,Reuters
2025-08-10,ARS,MXN,0.048612,0.04807,0.049154,Internal
2025-08-10,ARS,COP,11.435982,11.369786,11.502178,Reuters
2025-08-11,MXN,USD,0.059031,0.058715,0.059347,Central Bank
2025-08-11,COP,USD,0.000247,0.000244,0.00025,Reuters
2025-08-11,ARS,USD,0.002858,0.002838,0.002877,Central Bank
2025-08-11,USD,MXN,17.118212,16.95658,17.279843,Reuters
2025-08-11,USD,COP,3972.912163,3930.603134,4015.221191,Internal
2025-08-11,USD,ARS,345.927396,343.303755,348.551038,Bloomberg
2025-08-11,MXN,COP,233.574945,230.132017,237.017873,Central Bank
2025-08-11,MXN,ARS,20.256494,20.1316,20.381387,Central Bank
2025-08-11,COP,MXN,0.00432,0.004276,0.004364,Central Bank
2025-08-11,COP,ARS,0.089118,0.088449,0.089786,Internal
2025-08-11,ARS,MXN,0.049343,0.048795,0.04989,Reuters
2025-08-11,ARS,COP,11.472665,11.321397,11.623933,Central Bank
2025-08-12,MXN,USD,0.058218,0.057446,0.058991,Internal
2025-08-12,COP,USD,0.000246,0.000243,0.000249,Central Bank
2025-08-12,ARS,USD,0.002894,0.002866,0.002921,Bloomberg
2025-08-12,USD,MXN,17.102567,16.898503,17.306632,Central Bank
2025-08-12,USD,COP,4060.413506,4038.492016,4082.334996,Bloomberg
2025-08-12,USD,ARS,345.069154,340.381645,349.756663,Reuters
2025-08-12,MXN,COP,232.045772,229.455678,234.635866,Internal
2025-08-12,MXN,ARS,20.722222,20.59079,20.853654,Reuters
2025-08-12,COP,MXN,0.00431,0.004275,0.004344,Bloomberg
2025-08-12,COP,ARS,0.088629,0.087728,0.089531,Internal
2025-08-12,ARS,MXN,0.04939,0.048872,0.049908,Central Bank
2025-08-12,ARS,COP,11.528348,11.454462,11.602234,Central Bank
2025-08-13,MXN,USD,0.059656,0.058878,0.060434,Internal
2025-08-13,COP,USD,0.000255,0.000253,0.000257,Reuters
2025-08-13,ARS,USD,0.002851,0.002826,0.002876,Reuters
2025-08-13,USD,MXN,16.778663,16.653175,16.904152,Internal
2025-08-13,USD,COP,4073.345715,4033.354463,4113.336967,Reuters
2025-08-13,USD,ARS,352.550701,347.309447,357.791955,Bloomberg
2025-08-13,MXN,COP,231.346862,229.195845,233.497879,Internal
2025-08-13,MXN,ARS,20.327309,20.157384,20.497235,Central Bank
2025-08-13,COP,MXN,0.004302,0.004266,0.004339,Bloomberg
2025-08-13,COP,ARS,0.087925,0.086697,0.089154,Internal
2025-08-13,ARS,MXN,0.048467,0.047767,0.049166,Internal
2025-08-13,ARS,COP,11.483279,11.368051,11.598508,Internal
2025-08-14,MXN,USD,0.059035,0.05842,0.05965,Internal
2025-08-14,COP,USD,0.000254,0.000252,0.000257,Reuters
2025-08-14,ARS,USD,0.002838,0.002816,0.002859,Internal
2025-08-14,USD,MXN,17.175774,16.923896,17.427653,Bloomberg
2025-08-14,USD,COP,3964.421587,3940.018722,3988.824452,Bloomberg
2025-08-14,USD,ARS,353.108612,349.290644,356.92658,Bloomberg
2025-08-14,MXN,COP,234.503048,231.242234,237.763862,Central Bank
2025-08-14,MXN,ARS,20.74574,20.442321,21.049159,Internal
2025-08-14,COP,MXN,0.004196,0.004156,0.004236,Central Bank
2025-08-14,COP,ARS,0.089208,0.088243,0.090172,Reuters
2025-08-14,ARS,MXN,0.048332,0.04797,0.048694,Central Bank
2025-08-14,ARS,COP,11.250688,11.099895,11.401481,Reuters
2025-08-15,MXN,USD,0.0595,0.058918,0.060083,Bloomberg
2025-08-15,COP,USD,0.000249,0.000246,0.000252,Reuters
2025-08-15,ARS,USD,0.002847,0.002806,0.002887,Central Bank
2025-08-15,USD,MXN,17.327208,17.169602,17.484815,Internal
2025-08-15,USD,COP,3941.776503,3916.852141,3966.700865,Bloomberg
2025-08-15,USD,ARS,355.149359,353.153056,357.145663,Internal
2025-08-15,MXN,COP,230.853862,228.732579,232.975145,Reuters
2025-08-15,MXN,ARS,20.603438,20.321915,20.884961,Bloomberg
2025-08-15,COP,MXN,0.004182,0.00416,0.004205,Bloomberg
2025-08-15,COP,ARS,0.087323,0.08608,0.088567,Bloomberg
2025-08-15,ARS,MXN,0.048082,0.047739,0.048425,Internal
2025-08-15,ARS,COP,11.638959,11.560249,11.717668,Internal
2025-08-16,MXN,USD,0.057806,0.057277,0.058334,Bloomberg
2025-08-16,COP,USD,0.000248,0.000245,0.00025,Reuters
2025-08-16,ARS,USD,0.002848,0.002809,0.002887,Central Bank
2025-08-16,USD,MXN,16.74844,16.651885,16.844994,Central Bank
2025-08-16,USD,COP,3998.646837,3944.767632,4052.526041,Internal
2025-08-16,USD,ARS,350.554208,346.004203,355.104213,Internal
2025-08-16,MXN,COP,234.505378,232.584896,236.42586,Reuters
2025-08-16,MXN,ARS,20.462002,20.183358,20.740647,Reuters
2025-08-16,COP,MXN,0.004252,0.004215,0.00429,Reuters
2025-08-16,COP,ARS,0.087266,0.086211,0.08832,Reuters
2025-08-16,ARS,MXN,0.047755,0.047072,0.048438,Bloomberg
2025-08-16,ARS,COP,11.487305,11.366576,11.608033,Bloomberg
2025-08-17,MXN,USD,0.058444,0.058107,0.05878,Bloomberg
2025-08-17,COP,USD,0.000254,0.000252,0.000257,Internal
2025-08-17,ARS,USD,0.002849,0.002834,0.002865,Reuters
2025-08-17,USD,MXN,17.227243,17.035426,17.41906,Internal
2025-08-17,USD,COP,4014.293113,3965.529436,4063.05679,Reuters
2025-08-17,USD,ARS,345.458444,341.998672,348.918215,Bloomberg
2025-08-17,MXN,COP,239.939159,236.722298,243.15602,Reuters
2025-08-17,MXN,ARS,20.546241,20.436113,20.65637,Bloomberg
2025-08-17,COP,MXN,0.004173,0.004148,0.004197,Bloomberg
2025-08-17,COP,ARS,0.088689,0.088097,0.089281,Internal
2025-08-17,ARS,MXN,0.047777,0.047188,0.048367,Bloomberg
2025-08-17,ARS,COP,11.295821,11.221343,11.370299,Central Bank
2025-08-18,MXN,USD,0.058136,0.057594,0.058679,Internal
2025-08-18,COP,USD,0.00025,0.000247,0.000254,Bloomberg
2025-08-18,ARS,USD,0.00289,0.002849,0.002931,Internal
2025-08-18,USD,MXN,17.030695,16.922349,17.139042,Reuters
2025-08-18,USD,COP,3949.784417,3924.346812,3975.222021,Internal
2025-08-18,USD,ARS,353.342934,348.107956,358.577912,Bloomberg
2025-08-18,MXN,COP,231.995701,229.662244,234.329158,Internal
2025-08-18,MXN,ARS,20.5461,20.396833,20.695367,Reuters
2025-08-18,COP,MXN,0.004239,0.004215,0.004264,Central Bank
2025-08-18,COP,ARS,0.087173,0.086157,0.08819,Bloomberg
2025-08-18,ARS,MXN,0.049201,0.048824,0.049578,Reuters
2025-08-18,ARS,COP,11.571779,11.426623,11.716934,Reuters
2025-08-19,MXN,USD,0.058777,0.058282,0.059272,Internal
2025-08-19,COP,USD,0.000247,0.000243,0.00025,Bloomberg
2025-08-19,ARS,USD,0.002898,0.002859,0.002937,Internal
2025-08-19,USD,MXN,16.9998,16.79345,17.20615,Central Bank
2025-08-19,USD,COP,3928.949547,3896.31602,3961.583074,Reuters
2025-08-19,USD,ARS,350.430368,346.205162,354.655573,Internal
2025-08-19,MXN,COP,232.64305,229.289457,235.996642,Internal
2025-08-19,MXN,ARS,20.358163,20.126888,20.589437,Bloomberg
2025-08-19,COP,MXN,0.004194,0.004159,0.004229,Internal
2025-08-19,COP,ARS,0.08898,0.088515,0.089445,Bloomberg
2025-08-19,ARS,MXN,0.049132,0.048866,0.049398,Bloomberg
2025-08-19,ARS,COP,11.351345,11.256249,11.446441,Internal
2025-08-20,MXN,USD,0.058873,0.058151,0.059595,Bloomberg
2025-08-20,COP,USD,0.000255,0.000252,0.000258,Internal
2025-08-20,ARS,USD,0.002874,0.002851,0.002897,Central Bank
2025-08-20,USD,MXN,16.942587,16.69335,17.191824,Central Bank
2025-08-20,USD,COP,3977.549618,3934.441679,4020.657558,Reuters
2025-08-20,USD,ARS,348.596233,344.605073,352.587393,Bloomberg
2025-08-20,MXN,COP,235.554291,232.394545,238.714037,Reuters
2025-08-20,MXN,ARS,20.489505,20.384976,20.594034,Reuters
2025-08-20,COP,MXN,0.004253,0.004192,0.004313,Reuters
2025-08-20,COP,ARS,0.088361,0.087539,0.089184,Bloomberg
2025-08-20,ARS,MXN,0.048003,0.047421,0.048584,Central Bank
2025-08-20,ARS,COP,11.641071,11.563887,11.718255,Reuters
2025-08-21,MXN,USD,0.058476,0.057911,0.05904,Internal
2025-08-21,COP,USD,0.000245,0.000242,0.000248,Internal
2025-08-21,ARS,USD,0.002902,0.00288,0.002923,Reuters
2025-08-21,USD,MXN,17.299211,17.111916,17.486507,Reuters
2025-08-21,USD,COP,4073.421923,4035.875327,4110.968519,Central Bank
2025-08-21,USD,ARS,349.834656,348.001419,351.667892,Reuters
2025-08-21,MXN,COP,232.530155,231.169521,233.89079,Central Bank
2025-08-21,MXN,ARS,20.362085,20.065773,20.658397,Central Bank
2025-08-21,COP,MXN,0.004283,0.004251,0.004315,Internal
2025-08-21,COP,ARS,0.086069,0.084985,0.087153,Bloomberg
2025-08-21,ARS,MXN,0.048658,0.048294,0.049021,Internal
2025-08-21,ARS,COP,11.451302,11.387938,11.514667,Central Bank
2025-08-22,MXN,USD,0.057737,0.057059,0.058415,Central Bank
2025-08-22,COP,USD,0.000249,0.000247,0.00025,Internal
2025-08-22,ARS,USD,0.002832,0.002795,0.002869,Reuters
2025-08-22,USD,MXN,16.934516,16.846258,17.022775,Internal
2025-08-22,USD,COP,3998.560347,3958.115158,4039.005535,Internal
2025-08-22,USD,ARS,343.992289,341.175783,346.808795,Internal
2025-08-22,MXN,COP,234.031194,231.851209,236.211179,Reuters
2025-08-22,MXN,ARS,20.557501,20.2663,20.848702,Reuters
2025-08-22,COP,MXN,0.004225,0.004183,0.004267,Reuters
2025-08-22,COP,ARS,0.087891,0.087125,0.088656,Reuters
2025-08-22,ARS,MXN,0.047649,0.047248,0.048051,Bloomberg
2025-08-22,ARS,COP,11.514665,11.412562,11.616768,Central Bank
2025-08-23,MXN,USD,0.05869,0.05822,0.059159,Reuters
2025-08-23,COP,USD,0.000254,0.00025,0.000257,Reuters
2025-08-23,ARS,USD,0.002903,0.002872,0.002933,Reuters
2025-08-23,USD,MXN,17.300601,17.094779,17.506422,Bloomberg
2025-08-23,USD,COP,4038.250967,3991.294017,4085.207917,Reuters
2025-08-23,USD,ARS,345.007771,340.063711,349.95183,Internal
2025-08-23,MXN,COP,239.004424,235.960368,242.04848,Bloomberg
2025-08-23,MXN,ARS,20.814576,20.695036,20.934115,Reuters
2025-08-23,COP,MXN,0.004181,0.004158,0.004205,Bloomberg
2025-08-23,COP,ARS,0.086074,0.084927,0.087221,Reuters
2025-08-23,ARS,MXN,0.048555,0.047967,0.049143,Reuters
2025-08-23,ARS,COP,11.268086,11.121169,11.415003,Central Bank
2025-08-24,MXN,USD,0.059505,0.058812,0.060198,Internal
2025-08-24,COP,USD,0.000251,0.000248,0.000254,Reuters
2025-08-24,ARS,USD,0.002853,0.002838,0.002868,Bloomberg
2025-08-24,USD,MXN,16.864126,16.770246,16.958006,Reuters
2025-08-24,USD,COP,4029.31232,3999.415935,4059.208704,Central Bank
2025-08-24,USD,ARS,354.000835,349.618918,358.382751,Reuters
2025-08-24,MXN,COP,238.852267,236.975531,240.729003,Bloomberg
2025-08-24,MXN,ARS,20.656382,20.346811,20.965953,Internal
2025-08-24,COP,MXN,0.004205,0.004157,0.004253,Central Bank
2025-08-24,COP,ARS,0.087766,0.087248,0.088284,Central Bank
2025-08-24,ARS,MXN,0.049198,0.048509,0.049888,Reuters
2025-08-24,ARS,COP,11.528425,11.394691,11.662159,Reuters
2025-08-25,MXN,USD,0.058772,0.058292,0.059252,Central Bank
2025-08-25,COP,USD,0.000252,0.00025,0.000254,Internal
2025-08-25,ARS,USD,0.002869,0.002848,0.002891,Bloomberg
2025-08-25,USD,MXN,17.204325,17.005544,17.403105,Bloomberg
2025-08-25,USD,COP,3971.986798,3935.975324,4007.998272,Central Bank
2025-08-25,USD,ARS,350.751634,346.913207,354.590062,Central Bank
2025-08-25,MXN,COP,232.50773,230.641613,234.373848,Bloomberg
2025-08-25,MXN,ARS,20.392224,20.187825,20.596623,Reuters
2025-08-25,COP,MXN,0.004245,0.004216,0.004275,Internal
2025-08-25,COP,ARS,0.088172,0.086944,0.089399,Internal
2025-08-25,ARS,MXN,0.048662,0.048377,0.048948,Internal
2025-08-25,ARS,COP,11.309356,11.160142,11.45857,Central Bank
2025-08-26,MXN,USD,0.059454,0.059067,0.059841,Bloomberg
2025-08-26,COP,USD,0.000251,0.000248,0.000255,Bloomberg
2025-08-26,ARS,USD,0.002857,0.002815,0.0029,Central Bank
2025-08-26,USD,MXN,16.722742,16.540119,16.905364,Reuters
2025-08-26,USD,COP,4009.677353,3983.102769,4036.251937,Central Bank
2025-08-26,USD,ARS,350.784812,346.769291,354.800333,Central Bank
2025-08-26,MXN,COP,236.031959,233.252855,238.811064,Reuters
2025-08-26,MXN,ARS,20.843175,20.706072,20.980278,Central Bank
2025-08-26,COP,MXN,0.004305,0.004279,0.004331,Central Bank
2025-08-26,COP,ARS,0.087546,0.087047,0.088045,Bloomberg
2025-08-26,ARS,MXN,0.047973,0.047545,0.048402,Bloomberg
2025-08-26,ARS,COP,11.243017,11.07897,11.407064,Bloomberg
2025-08-27,MXN,USD,0.059436,0.058615,0.060257,Internal
2025-08-27,COP,USD,0.00025,0.000246,0.000254,Central Bank
2025-08-27,ARS,USD,0.002904,0.002887,0.002921,Bloomberg
2025-08-27,USD,MXN,17.129732,16.889588,17.369875,Central Bank
2025-08-27,USD,COP,4018.940904,3963.163771,4074.718038,Internal
2025-08-27,USD,ARS,347.067871,344.218237,349.917504,Central Bank
2025-08-27,MXN,COP,231.64249,228.811408,234.473571,Bloomberg
2025-08-27,MXN,ARS,20.195351,19.91517,20.475532,Bloomberg
2025-08-27,COP,MXN,0.004211,0.004157,0.004266,Reuters
2025-08-27,COP,ARS,0.087255,0.085982,0.088527,Central Bank
2025-08-27,ARS,MXN,0.048098,0.047607,0.048588,Internal
2025-08-27,ARS,COP,11.357688,11.207042,11.508334,Internal
2025-08-28,MXN,USD,0.058715,0.05798,0.059449,Bloomberg
2025-08-28,COP,USD,0.000249,0.000245,0.000252,Internal
2025-08-28,ARS,USD,0.002817,0.002801,0.002834,Internal
2025-08-28,USD,MXN,17.174014,17.052256,17.295772,Internal
2025-08-28,USD,COP,3924.175597,3896.869369,3951.481826,Internal
2025-08-28,USD,ARS,356.435534,352.857533,360.013536,Central Bank
2025-08-28,MXN,COP,231.461854,228.053764,234.869944,Central Bank
2025-08-28,MXN,ARS,20.436259,20.152438,20.72008,Internal
2025-08-28,COP,MXN,0.004331,0.004267,0.004395,Bloomberg
2025-08-28,COP,ARS,0.088409,0.08746,0.089358,Internal
2025-08-28,ARS,MXN,0.04927,0.048923,0.049618,Internal
2025-08-28,ARS,COP,11.382371,11.272912,11.491831,Central Bank
2025-08-29,MXN,USD,0.05846,0.057812,0.059107,Internal
2025-08-29,COP,USD,0.000254,0.000251,0.000258,Internal
2025-08-29,ARS,USD,0.002845,0.002814,0.002877,Bloomberg
2025-08-29,USD,MXN,17.331034,17.201429,17.460639,Internal
2025-08-29,USD,COP,3929.482434,3890.45669,3968.508178,Reuters
2025-08-29,USD,ARS,350.320809,348.538018,352.103601,Central Bank
2025-08-29,MXN,COP,236.047038,232.821106,239.27297,Central Bank
2025-08-29,MXN,ARS,20.402404,20.290486,20.514323,Internal
2025-08-29,COP,MXN,0.004199,0.00417,0.004227,Reuters
2025-08-29,COP,ARS,0.086504,0.086045,0.086963,Internal
2025-08-29,ARS,MXN,0.048256,0.047757,0.048755,Internal
2025-08-29,ARS,COP,11.334013,11.177412,11.490613,Bloomberg
2025-08-30,MXN,USD,0.059113,0.058433,0.059794,Bloomberg
2025-08-30,COP,USD,0.00025,0.000247,0.000252,Central Bank
2025-08-30,ARS,USD,0.002896,0.002867,0.002925,Bloomberg
2025-08-30,USD,MXN,17.016727,16.780307,17.253148,Bloomberg
2025-08-30,USD,COP,4029.743479,3987.414665,4072.072292,Reuters
2025-08-30,USD,ARS,353.397723,350.372389,356.423058,Central Bank
2025-08-30,MXN,COP,232.57951,229.627388,235.531632,Internal
2025-08-30,MXN,ARS,20.820242,20.515464,21.125021,Reuters
2025-08-30,COP,MXN,0.004253,0.004225,0.004282,Bloomberg
2025-08-30,COP,ARS,0.087249,0.08634,0.088159,Bloomberg
2025-08-30,ARS,MXN,0.048664,0.048183,0.049146,Internal
2025-08-30,ARS,COP,11.601387,11.445791,11.756984,Bloomberg
2025-08-31,MXN,USD,0.057989,0.05756,0.058419,Central Bank
2025-08-31,COP,USD,0.000245,0.000242,0.000248,Internal
2025-08-31,ARS,USD,0.002829,0.002805,0.002854,Reuters
2025-08-31,USD,MXN,16.941041,16.704106,17.177976,Reuters
2025-08-31,USD,COP,4002.761705,3953.205343,4052.318068,Reuters
2025-08-31,USD,ARS,344.375709,341.858707,346.892711,Central Bank
2025-08-31,MXN,COP,231.8143,229.727219,233.901382,Central Bank
2025-08-31,MXN,ARS,20.553127,20.37941,20.726843,Bloomberg
2025-08-31,COP,MXN,0.004263,0.004221,0.004305,Central Bank
2025-08-31,COP,ARS,0.086176,0.085437,0.086916,Reuters
2025-08-31,ARS,MXN,0.047609,0.047322,0.047897,Reuters
2025-08-31,ARS,COP,11.315685,11.250114,11.381256,Internal
2025-09-01,MXN,USD,0.058067,0.057711,0.058422,Reuters
2025-09-01,COP,USD,0.000252,0.000249,0.000255,Central Bank
2025-09-01,ARS,USD,0.002808,0.002779,0.002837,Central Bank
2025-09-01,USD,MXN,16.729345,16.581004,16.877686,Central Bank
2025-09-01,USD,COP,4057.559625,4001.668744,4113.450506,Central Bank
2025-09-01,USD,ARS,344.250563,340.437741,348.063386,Internal
2025-09-01,MXN,COP,237.633089,236.392323,238.873855,Reuters
2025-09-01,MXN,ARS,20.457867,20.210474,20.705259,Reuters
2025-09-01,COP,MXN,0.004229,0.004193,0.004265,Reuters
2025-09-01,COP,ARS,0.086364,0.085588,0.08714,Bloomberg
2025-09-01,ARS,MXN,0.048338,0.047732,0.048944,Bloomberg
2025-09-01,ARS,COP,11.428495,11.361123,11.495866,Reuters
2025-09-02,MXN,USD,0.059546,0.05913,0.059962,Reuters
2025-09-02,COP,USD,0.000251,0.000249,0.000253,Reuters
2025-09-02,ARS,USD,0.002897,0.002872,0.002922,Internal
2025-09-02,USD,MXN,17.195792,17.104884,17.2867,Bloomberg
2025-09-02,USD,COP,4078.796196,4023.682408,4133.909984,Central Bank
2025-09-02,USD,ARS,351.413631,348.202897,354.624366,Bloomberg
2025-09-02,MXN,COP,232.020591,229.061316,234.979865,Bloomberg
2025-09-02,MXN,ARS,20.974202,20.790383,21.158022,Internal
2025-09-02,COP,MXN,0.004319,0.004268,0.00437,Central Bank
2025-09-02,COP,ARS,0.088031,0.086951,0.089111,Internal
2025-09-02,ARS,MXN,0.049045,0.048406,0.049684,Internal
2025-09-02,ARS,COP,11.564728,11.480103,11.649353,Reuters
2025-09-03,MXN,USD,0.059196,0.058382,0.060009,Reuters
2025-09-03,COP,USD,0.000253,0.000251,0.000256,Central Bank
2025-09-03,ARS,USD,0.002912,0.00288,0.002944,Reuters
2025-09-03,USD,MXN,16.679976,16.477125,16.882827,Central Bank
2025-09-03,USD,COP,3985.022006,3928.485636,4041.558376,Reuters
2025-09-03,USD,ARS,343.464048,341.35689,345.571207,Bloomberg
2025-09-03,MXN,COP,234.464595,231.667026,237.262165,Reuters
2025-09-03,MXN,ARS,20.881521,20.619747,21.143295,Central Bank
2025-09-03,COP,MXN,0.004206,0.004151,0.004261,Reuters
2025-09-03,COP,ARS,0.087717,0.087113,0.088321,Internal
2025-09-03,ARS,MXN,0.049179,0.048917,0.049442,Internal
2025-09-03,ARS,COP,11.278958,11.167633,11.390283,Reuters
2025-09-04,MXN,USD,0.059324,0.058685,0.059962,Central Bank
2025-09-04,COP,USD,0.000248,0.000246,0.00025,Reuters
2025-09-04,ARS,USD,0.002829,0.002798,0.002861,Internal
2025-09-04,USD,MXN,16.950868,16.810294,17.091442,Bloomberg
2025-09-04,USD,COP,4053.649097,3993.615705,4113.682488,Internal
2025-09-04,USD,ARS,354.795972,350.544935,359.047009,Reuters
2025-09-04,MXN,COP,238.538737,237.034916,240.042559,Reuters
2025-09-04,MXN,ARS,20.315281,20.21213,20.418433,Central Bank
2025-09-04,COP,MXN,0.004184,0.004123,0.004245,Central Bank
2025-09-04,COP,ARS,0.088019,0.087186,0.088853,Reuters
2025-09-04,ARS,MXN,0.048195,0.047674,0.048715,Reuters
2025-09-04,ARS,COP,11.518682,11.424353,11.613012,Bloomberg
2025-09-05,MXN,USD,0.058198,0.057515,0.058882,Internal
2025-09-05,COP,USD,0.000252,0.000249,0.000255,Bloomberg
2025-09-05,ARS,USD,0.002848,0.002808,0.002888,Internal
2025-09-05,USD,MXN,17.148534,16.945006,17.352061,Central Bank
2025-09-05,USD,COP,3928.48333,3891.36089,3965.60577,Internal
2025-09-05,USD,ARS,350.7866,345.714425,355.858774,Bloomberg
2025-09-05,MXN,COP,237.0173,234.355684,239.678915,Reuters
2025-09-05,MXN,ARS,20.5458,20.247467,20.844133,Bloomberg
2025-09-05,COP,MXN,0.004172,0.00414,0.004204,Reuters
2025-09-05,COP,ARS,0.087708,0.087191,0.088225,Reuters
2025-09-05,ARS,MXN,0.047938,0.04736,0.048515,Bloomberg
2025-09-05,ARS,COP,11.343259,11.246773,11.439745,Bloomberg
2025-09-06,MXN,USD,0.059499,0.058674,0.060324,Bloomberg
2025-09-06,COP,USD,0.000251,0.000249,0.000254,Internal
2025-09-06,ARS,USD,0.002881,0.002842,0.002921,Internal
2025-09-06,USD,MXN,17.050169,16.870325,17.230014,Bloomberg
2025-09-06,USD,COP,3927.724451,3902.645101,3952.8038,Reuters
2025-09-06,USD,ARS,348.297,344.336118,352.257881,Internal
2025-09-06,MXN,COP,231.490412,230.141315,232.83951,Bloomberg
2025-09-06,MXN,ARS,20.904085,20.647184,21.160985,Central Bank
2025-09-06,COP,MXN,0.004307,0.004248,0.004366,Internal
2025-09-06,COP,ARS,0.089109,0.088062,0.090156,Reuters
2025-09-06,ARS,MXN,0.047742,0.047159,0.048325,Central Bank
2025-09-06,ARS,COP,11.422922,11.299913,11.54593,Central Bank
2025-09-07,MXN,USD,0.059974,0.059602,0.060345,Reuters
2025-09-07,COP,USD,0.000254,0.000252,0.000256,Internal
2025-09-07,ARS,USD,0.002881,0.002865,0.002898,Central Bank
2025-09-07,USD,MXN,17.339564,17.104394,17.574733,Bloomberg
2025-09-07,USD,COP,3929.656102,3887.350904,3971.961301,Reuters
2025-09-07,USD,ARS,354.203422,351.821539,356.585305,Reuters
2025-09-07,MXN,COP,238.806238,236.443316,241.169161,Reuters
2025-09-07,MXN,ARS,20.97535,20.831727,21.118974,Internal
2025-09-07,COP,MXN,0.004335,0.004284,0.004386,Reuters
2025-09-07,COP,ARS,0.087708,0.086534,0.088883,Internal
2025-09-07,ARS,MXN,0.048491,0.048221,0.048761,Central Bank
2025-09-07,ARS,COP,11.489153,11.392571,11.585735,Bloomberg
2025-09-08,MXN,USD,0.058434,0.058086,0.058781,Central Bank
2025-09-08,COP,USD,0.000253,0.000249,0.000256,Central Bank
2025-09-08,ARS,USD,0.002863,0.002844,0.002882,Bloomberg
2025-09-08,USD,MXN,16.936202,16.754688,17.117716,Central Bank
2025-09-08,USD,COP,4018.320755,3971.473395,4065.168116,Internal
2025-09-08,USD,ARS,353.19218,350.902073,355.482287,Internal
2025-09-08,MXN,COP,233.981984,231.12992,236.834047,Bloomberg
2025-09-08,MXN,ARS,20.628847,20.481349,20.776345,Reuters
2025-09-08,COP,MXN,0.004243,0.004204,0.004282,Internal
2025-09-08,COP,ARS,0.088403,0.08737,0.089436,Bloomberg
2025-09-08,ARS,MXN,0.049494,0.048867,0.050122,Central Bank
2025-09-08,ARS,COP,11.579021,11.499252,11.65879,Internal
2025-09-09,MXN,USD,0.05767,0.056945,0.058395,Central Bank
2025-09-09,COP,USD,0.000249,0.000246,0.000253,Internal
2025-09-09,ARS,USD,0.002859,0.002843,0.002875,Internal
2025-09-09,USD,MXN,17.284953,17.076661,17.493245,Internal
2025-09-09,USD,COP,4040.23362,3982.085751,4098.381489,Bloomberg
2025-09-09,USD,ARS,345.299099,341.850561,348.747637,Central Bank
2025-09-09,MXN,COP,235.958955,232.680773,239.237138,Bloomberg
2025-09-09,MXN,ARS,20.401263,20.243904,20.558622,Bloomberg
2025-09-09,COP,MXN,0.004279,0.004228,0.00433,Internal
2025-09-09,COP,ARS,0.088279,0.08736,0.089198,Internal
2025-09-09,ARS,MXN,0.049414,0.04908,0.049748,Internal
2025-09-09,ARS,COP,11.358909,11.205288,11.512529,Reuters
2025-09-10,MXN,USD,0.059231,0.058776,0.059687,Reuters
2025-09-10,COP,USD,0.000249,0.000247,0.000251,Internal
2025-09-10,ARS,USD,0.002854,0.002829,0.002878,Reuters
2025-09-10,USD,MXN,16.721072,16.537461,16.904684,Bloomberg
2025-09-10,USD,COP,4000.343219,3962.470027,4038.216411,Reuters
2025-09-10,USD,ARS,349.977766,346.207124,353.748409,Central Bank
2025-09-10,MXN,COP,238.673925,235.555733,241.792117,Bloomberg
2025-09-10,MXN,ARS,20.429567,20.171191,20.687943,Bloomberg
2025-09-10,COP,MXN,0.004175,0.004136,0.004215,Bloomberg
2025-09-10,COP,ARS,0.08714,0.08584,0.08844,Bloomberg
2025-09-10,ARS,MXN,0.047713,0.047415,0.048012,Internal
2025-09-10,ARS,COP,11.503224,11.341715,11.664732,Reuters
2025-09-11,MXN,USD,0.058051,0.057223,0.058879,Internal
2025-09-11,COP,USD,0.000247,0.000246,0.000248,Central Bank
2025-09-11,ARS,USD,0.002914,0.002886,0.002942,Reuters
2025-09-11,USD,MXN,17.18738,17.094702,17.280059,Internal
2025-09-11,USD,COP,3956.336047,3933.130499,3979.541595,Reuters
2025-09-11,USD,ARS,345.05293,342.815311,347.290548,Internal
2025-09-11,MXN,COP,234.350231,232.056796,236.643666,Central Bank
2025-09-11,MXN,ARS,20.279531,20.034536,20.524526,Bloomberg
2025-09-11,COP,MXN,0.004247,0.004199,0.004295,Central Bank
2025-09-11,COP,ARS,0.085966,0.08485,0.087083,Bloomberg
2025-09-11,ARS,MXN,0.048376,0.047687,0.049065,Internal
2025-09-11,ARS,COP,11.474505,11.393166,11.555844,Bloomberg
2025-09-12,MXN,USD,0.058806,0.058376,0.059236,Reuters
2025-09-12,COP,USD,0.000246,0.000244,0.000249,Reuters
2025-09-12,ARS,USD,0.00288,0.002861,0.002899,Bloomberg
2025-09-12,USD,MXN,16.97644,16.739583,17.213297,Bloomberg
2025-09-12,USD,COP,3999.566793,3972.50117,4026.632417,Reuters
2025-09-12,USD,ARS,353.512813,351.010304,356.015322,Central Bank
2025-09-12,MXN,COP,232.781907,231.083931,234.479883,Internal
2025-09-12,MXN,ARS,20.855514,20.598292,21.112735,Central Bank
2025-09-12,COP,MXN,0.004166,0.004116,0.004216,Reuters
2025-09-12,COP,ARS,0.086249,0.085639,0.086859,Central Bank
2025-09-12,ARS,MXN,0.047997,0.047543,0.048451,Reuters
2025-09-12,ARS,COP,11.290292,11.207509,11.373075,Bloomberg
2025-09-13,MXN,USD,0.059254,0.058583,0.059925,Bloomberg
2025-09-13,COP,USD,0.00025,0.000248,0.000253,Central Bank
2025-09-13,ARS,USD,0.002815,0.002782,0.002847,Central Bank
2025-09-13,USD,MXN,16.84318,16.722057,16.964303,Central Bank
2025-09-13,USD,COP,4014.790688,3962.560398,4067.020979,Reuters
2025-09-13,USD,ARS,353.538375,349.34158,357.73517,Central Bank
2025-09-13,MXN,COP,235.082527,232.917496,237.247558,Internal
2025-09-13,MXN,ARS,20.621468,20.334078,20.908858,Internal
2025-09-13,COP,MXN,0.004215,0.004159,0.004272,Reuters
2025-09-13,COP,ARS,0.086825,0.085759,0.087891,Bloomberg
2025-09-13,ARS,MXN,0.047786,0.047313,0.048259,Bloomberg
2025-09-13,ARS,COP,11.411917,11.278544,11.54529,Internal
2025-09-14,MXN,USD,0.058328,0.057848,0.058808,Bloomberg
2025-09-14,COP,USD,0.000251,0.000249,0.000254,Internal
2025-09-14,ARS,USD,0.00286,0.002835,0.002884,Bloomberg
2025-09-14,USD,MXN,16.83889,16.592781,17.085,Bloomberg
2025-09-14,USD,COP,4021.705477,3978.586114,4064.82484,Bloomberg
2025-09-14,USD,ARS,351.445224,347.531497,355.35895,Internal
2025-09-14,MXN,COP,239.187815,236.372721,242.002908,Bloomberg
2025-09-14,MXN,ARS,20.734593,20.614269,20.854916,Reuters
2025-09-14,COP,MXN,0.004169,0.004141,0.004197,Reuters
2025-09-14,COP,ARS,0.088401,0.087231,0.089572,Internal
2025-09-14,ARS,MXN,0.049473,0.048831,0.050115,Central Bank
2025-09-14,ARS,COP,11.511285,11.369986,11.652584,Bloomberg
2025-09-15,MXN,USD,0.058427,0.057904,0.058951,Internal
2025-09-15,COP,USD,0.000254,0.000251,0.000257,Internal
2025-09-15,ARS,USD,0.002873,0.002836,0.002909,Internal
2025-09-15,USD,MXN,17.099438,16.975783,17.223093,Reuters
2025-09-15,USD,COP,3999.073967,3960.241709,4037.906225,Reuters
2025-09-15,USD,ARS,354.603735,350.784631,358.422838,Internal
2025-09-15,MXN,COP,232.9093,230.441594,235.377006,Reuters
2025-09-15,MXN,ARS,20.772837,20.650479,20.895194,Central Bank
2025-09-15,COP,MXN,0.004204,0.004169,0.004239,Reuters
2025-09-15,COP,ARS,0.086263,0.085427,0.0871,Bloomberg
2025-09-15,ARS,MXN,0.047897,0.047501,0.048292,Internal
2025-09-15,ARS,COP,11.310635,11.177508,11.443761,Reuters
2025-09-16,MXN,USD,0.058132,0.057448,0.058816,Internal
2025-09-16,COP,USD,0.000247,0.000245,0.00025,Reuters
2025-09-16,ARS,USD,0.002905,0.002882,0.002928,Bloomberg
2025-09-16,USD,MXN,17.038305,16.893843,17.182767,Reuters
2025-09-16,USD,COP,3986.361303,3949.069699,4023.652906,Reuters
2025-09-16,USD,ARS,345.777409,342.42361,349.131209,Internal
2025-09-16,MXN,COP,232.632475,231.344679,233.920271,Central Bank
2025-09-16,MXN,ARS,20.1894,20.058881,20.319919,Internal
2025-09-16,COP,MXN,0.004325,0.004287,0.004363,Internal
2025-09-16,COP,ARS,0.086525,0.08545,0.0876,Bloomberg
2025-09-16,ARS,MXN,0.048282,0.047852,0.048712,Internal
2025-09-16,ARS,COP,11.293663,11.157633,11.429693,Bloomberg
2025-09-17,MXN,USD,0.058047,0.057333,0.058761,Reuters
2025-09-17,COP,USD,0.000254,0.000252,0.000257,Bloomberg
2025-09-17,ARS,USD,0.002868,0.002852,0.002885,Internal
2025-09-17,USD,MXN,16.66346,16.56414,16.762781,Central Bank
2025-09-17,USD,COP,3925.341644,3905.307622,3945.375666,Internal
2025-09-17,USD,ARS,348.548626,343.424311,353.67294,Central Bank
2025-09-17,MXN,COP,237.626258,235.944166,239.308349,Bloomberg
2025-09-17,MXN,ARS,20.516877,20.351879,20.681875,Internal
2025-09-17,COP,MXN,0.004297,0.004251,0.004342,Bloomberg
2025-09-17,COP,ARS,0.088076,0.087182,0.088969,Reuters
2025-09-17,ARS,MXN,0.048824,0.048444,0.049205,Internal
2025-09-17,ARS,COP,11.653358,11.502451,11.804264,Central Bank
2025-09-18,MXN,USD,0.059058,0.05847,0.059646,Internal
2025-09-18,COP,USD,0.000248,0.000244,0.000251,Reuters
2025-09-18,ARS,USD,0.002873,0.002843,0.002903,Central Bank
2025-09-18,USD,MXN,16.854184,16.643299,17.065068,Bloomberg
2025-09-18,USD,COP,4034.523589,3997.467825,4071.579352,Reuters
2025-09-18,USD,ARS,346.569182,343.125125,350.01324,Bloomberg
2025-09-18,MXN,COP,237.069799,233.588357,240.551241,Internal
2025-09-18,MXN,ARS,20.809035,20.521416,21.096654,Reuters
2025-09-18,COP,MXN,0.004187,0.004127,0.004248,Central Bank
2025-09-18,COP,ARS,0.088057,0.087274,0.08884,Reuters
2025-09-18,ARS,MXN,0.049384,0.049094,0.049675,Bloomberg
2025-09-18,ARS,COP,11.402287,11.254188,11.550385,Reuters
2025-09-19,MXN,USD,0.059389,0.058829,0.059948,Bloomberg
2025-09-19,COP,USD,0.000255,0.000253,0.000257,Reuters
2025-09-19,ARS,USD,0.002841,0.002809,0.002872,Internal
2025-09-19,USD,MXN,17.005516,16.815229,17.195802,Central Bank
2025-09-19,USD,COP,3983.211419,3933.544499,4032.878339,Central Bank
2025-09-19,USD,ARS,345.097158,343.216106,346.978209,Internal
2025-09-19,MXN,COP,233.227471,230.190348,236.264594,Bloomberg
2025-09-19,MXN,ARS,20.394885,20.247575,20.542196,Bloomberg
2025-09-19,COP,MXN,0.004226,0.004182,0.004269,Reuters
2025-09-19,COP,ARS,0.086369,0.08584,0.086897,Central Bank
2025-09-19,ARS,MXN,0.048933,0.048498,0.049368,Bloomberg
2025-09-19,ARS,COP,11.430585,11.366174,11.494996,Central Bank
2025-09-20,MXN,USD,0.05814,0.057345,0.058935,Internal
2025-09-20,COP,USD,0.000251,0.000249,0.000253,Central Bank
2025-09-20,ARS,USD,0.002903,0.002872,0.002935,Central Bank
2025-09-20,USD,MXN,16.804118,16.652484,16.955751,Internal
2025-09-20,USD,COP,3964.192746,3927.313361,4001.072131,Central Bank
2025-09-20,USD,ARS,352.199028,347.333959,357.064097,Internal
2025-09-20,MXN,COP,231.351189,229.783971,232.918406,Reuters
2025-09-20,MXN,ARS,20.212936,19.959353,20.466519,Internal
2025-09-20,COP,MXN,0.004284,0.00422,0.004347,Internal
2025-09-20,COP,ARS,0.088236,0.087167,0.089304,Central Bank
2025-09-20,ARS,MXN,0.04884,0.048155,0.049526,Central Bank
2025-09-20,ARS,COP,11.219385,11.07033,11.36844,Central Bank
2025-09-21,MXN,USD,0.058386,0.057742,0.059029,Bloomberg
2025-09-21,COP,USD,0.000247,0.000246,0.000249,Internal
2025-09-21,ARS,USD,0.002882,0.002848,0.002915,Central Bank
2025-09-21,USD,MXN,16.728284,16.607267,16.8493,Reuters
2025-09-21,USD,COP,3970.504548,3950.639173,3990.369924,Central Bank
2025-09-21,USD,ARS,345.342904,342.446389,348.239419,Internal
2025-09-21,MXN,COP,232.404921,230.037509,234.772333,Central Bank
2025-09-21,MXN,ARS,20.993015,20.702413,21.283617,Central Bank
2025-09-21,COP,MXN,0.004196,0.004163,0.00423,Reuters
2025-09-21,COP,ARS,0.088747,0.088219,0.089274,Central Bank
2025-09-21,ARS,MXN,0.04937,0.048848,0.049893,Internal
2025-09-21,ARS,COP,11.541794,11.408593,11.674995,Central Bank
2025-09-22,MXN,USD,0.059053,0.058399,0.059708,Central Bank
2025-09-22,COP,USD,0.000247,0.000245,0.000249,Reuters
2025-09-22,ARS,USD,0.002804,0.00278,0.002828,Central Bank
2025-09-22,USD,MXN,17.051399,16.851583,17.251215,Bloomberg
2025-09-22,USD,COP,4053.330271,4009.700697,4096.959845,Internal
2025-09-22,USD,ARS,344.140775,340.929599,347.351951,Internal
2025-09-22,MXN,COP,231.311086,230.136519,232.485653,Central Bank
2025-09-22,MXN,ARS,20.705185,20.475291,20.935079,Bloomberg
2025-09-22,COP,MXN,0.004267,0.004237,0.004297,Bloomberg
2025-09-22,COP,ARS,0.088379,0.0871,0.089659,Reuters
2025-09-22,ARS,MXN,0.047634,0.046958,0.048309,Central Bank
2025-09-22,ARS,COP,11.47436,11.407381,11.541339,Bloomberg
2025-09-23,MXN,USD,0.058135,0.057763,0.058508,Bloomberg
2025-09-23,COP,USD,0.000248,0.000246,0.00025,Bloomberg
2025-09-23,ARS,USD,0.002805,0.002766,0.002843,Reuters
2025-09-23,USD,MXN,16.688117,16.595972,16.780262,Bloomberg
2025-09-23,USD,COP,3996.480077,3949.472581,4043.487574,Internal
2025-09-23,USD,ARS,349.944374,346.367416,353.521331,Reuters
2025-09-23,MXN,COP,234.215123,231.366252,237.063994,Reuters
2025-09-23,MXN,ARS,20.621919,20.43866,20.805177,Central Bank
2025-09-23,COP,MXN,0.004177,0.004117,0.004236,Bloomberg
2025-09-23,COP,ARS,0.088918,0.087772,0.090064,Bloomberg
2025-09-23,ARS,MXN,0.049,0.048437,0.049564,Central Bank
2025-09-23,ARS,COP,11.65471,11.527451,11.781968,Reuters
2025-09-24,MXN,USD,0.059866,0.05931,0.060423,Internal
2025-09-24,COP,USD,0.000252,0.00025,0.000253,Central Bank
2025-09-24,ARS,USD,0.002863,0.002848,0.002879,Central Bank
2025-09-24,USD,MXN,17.028589,16.790322,17.266856,Bloomberg
2025-09-24,USD,COP,4058.156737,4009.034551,4107.278922,Bloomberg
2025-09-24,USD,ARS,355.247222,351.287704,359.206741,Bloomberg
2025-09-24,MXN,COP,232.429808,230.844381,234.015234,Reuters
2025-09-24,MXN,ARS,20.657178,20.399885,20.914472,Internal
2025-09-24,COP,MXN,0.004264,0.004203,0.004324,Central Bank
2025-09-24,COP,ARS,0.087252,0.086684,0.08782,Central Bank
2025-09-24,ARS,MXN,0.049136,0.04849,0.049783,Reuters
2025-09-24,ARS,COP,11.474301,11.35325,11.595351,Central Bank
2025-09-25,MXN,USD,0.059637,0.058813,0.060461,Internal
2025-09-25,COP,USD,0.000251,0.000249,0.000254,Internal
2025-09-25,ARS,USD,0.002898,0.002882,0.002914,Reuters
2025-09-25,USD,MXN,16.904331,16.761696,17.046966,Central Bank
2025-09-25,USD,COP,3930.416351,3881.107926,3979.724775,Bloomberg
2025-09-25,USD,ARS,354.096491,352.305168,355.887815,Central Bank
2025-09-25,MXN,COP,234.399513,232.585061,236.213965,Central Bank
2025-09-25,MXN,ARS,20.951762,20.660541,21.242982,Central Bank
2025-09-25,COP,MXN,0.004208,0.004156,0.004261,Internal
2025-09-25,COP,ARS,0.088689,0.087469,0.08991,Central Bank
2025-09-25,ARS,MXN,0.048944,0.048455,0.049433,Central Bank
2025-09-25,ARS,COP,11.317328,11.1697,11.464956,Bloomberg
2025-09-26,MXN,USD,0.05829,0.05767,0.05891,Reuters
2025-09-26,COP,USD,0.000248,0.000244,0.000251,Central Bank
2025-09-26,ARS,USD,0.002894,0.002879,0.002909,Reuters
2025-09-26,USD,MXN,17.223471,16.980324,17.466619,Central Bank
2025-09-26,USD,COP,3986.235345,3961.05418,4011.416511,Internal
2025-09-26,USD,ARS,346.67186,343.557447,349.786272,Bloomberg
2025-09-26,MXN,COP,237.028301,234.331682,239.72492,Reuters
2025-09-26,MXN,ARS,20.647116,20.535494,20.758739,Reuters
2025-09-26,COP,MXN,0.004189,0.004127,0.004251,Central Bank
2025-09-26,COP,ARS,0.086818,0.085806,0.087829,Central Bank
2025-09-26,ARS,MXN,0.048164,0.04775,0.048578,Internal
2025-09-26,ARS,COP,11.614949,11.536067,11.693831,Bloomberg
2025-09-27,MXN,USD,0.059234,0.058566,0.059902,Reuters
2025-09-27,COP,USD,0.00025,0.000246,0.000253,Central Bank
2025-09-27,ARS,USD,0.0029,0.002862,0.002938,Bloomberg
2025-09-27,USD,MXN,16.690529,16.541859,16.8392,Reuters
2025-09-27,USD,COP,3999.25905,3958.289185,4040.228915,Internal
2025-09-27,USD,ARS,344.728479,339.594684,349.862274,Internal
2025-09-27,MXN,COP,238.965995,237.006071,240.92592,Central Bank
2025-09-27,MXN,ARS,20.287442,20.027292,20.547591,Internal
2025-09-27,COP,MXN,0.004187,0.004132,0.004242,Internal
2025-09-27,COP,ARS,0.086047,0.084964,0.08713,Internal
2025-09-27,ARS,MXN,0.047866,0.047283,0.04845,Internal
2025-09-27,ARS,COP,11.399034,11.254495,11.543573,Reuters
2025-09-28,MXN,USD,0.059051,0.058681,0.059422,Internal
2025-09-28,COP,USD,0.000254,0.000251,0.000257,Internal
2025-09-28,ARS,USD,0.002855,0.00284,0.002871,Internal
2025-09-28,USD,MXN,16.911313,16.800138,17.022488,Internal
2025-09-28,USD,COP,4039.361843,3985.980867,4092.74282,Reuters
2025-09-28,USD,ARS,343.627273,341.692976,345.56157,Reuters
2025-09-28,MXN,COP,238.323387,235.94673,240.700044,Bloomberg
2025-09-28,MXN,ARS,20.34635,20.098776,20.593924,Bloomberg
2025-09-28,COP,MXN,0.00422,0.004187,0.004252,Bloomberg
2025-09-28,COP,ARS,0.086941,0.086209,0.087672,Internal
2025-09-28,ARS,MXN,0.049215,0.048968,0.049461,Reuters
2025-09-28,ARS,COP,11.540629,11.422628,11.658629,Reuters
2025-09-29,MXN,USD,0.059059,0.058245,0.059873,Internal
2025-09-29,COP,USD,0.000247,0.000245,0.000249,Central Bank
2025-09-29,ARS,USD,0.002839,0.00282,0.002857,Reuters
2025-09-29,USD,MXN,17.277571,17.036187,17.518955,Reuters
2025-09-29,USD,COP,3951.874896,3928.651442,3975.09835,Central Bank
2025-09-29,USD,ARS,350.210497,347.158529,353.262466,Internal
2025-09-29,MXN,COP,230.745019,228.177705,233.312333,Bloomberg
2025-09-29,MXN,ARS,20.413775,20.281205,20.546345,Bloomberg
2025-09-29,COP,MXN,0.004187,0.004136,0.004238,Central Bank
2025-09-29,COP,ARS,0.085773,0.085271,0.086275,Bloomberg
2025-09-29,ARS,MXN,0.04939,0.048857,0.049923,Reuters
2025-09-29,ARS,COP,11.606448,11.52216,11.690737,Central Bank
2025-09-30,MXN,USD,0.059513,0.05905,0.059975,Central Bank
2025-09-30,COP,USD,0.000248,0.000246,0.000249,Internal
2025-09-30,ARS,USD,0.002859,0.002837,0.00288,Bloomberg
2025-09-30,USD,MXN,17.123021,16.928645,17.317398,Internal
2025-09-30,USD,COP,4014.67854,3972.765636,4056.591444,Reuters
2025-09-30,USD,ARS,343.631854,341.403101,345.860607,Central Bank
2025-09-30,MXN,COP,234.60785,232.189269,237.026431,Bloomberg
2025-09-30,MXN,ARS,20.252836,20.05191,20.453762,Central Bank
2025-09-30,COP,MXN,0.00425,0.004201,0.004299,Central Bank
2025-09-30,COP,ARS,0.088564,0.087619,0.089509,Bloomberg
2025-09-30,ARS,MXN,0.049274,0.048947,0.0496,Internal
2025-09-30,ARS,COP,11.357167,11.247779,11.466556,Internal
2025-10-01,MXN,USD,0.059555,0.058852,0.060257,Reuters
2025-10-01,COP,USD,0.00025,0.000248,0.000252,Reuters
2025-10-01,ARS,USD,0.002889,0.002849,0.002928,Bloomberg
2025-10-01,USD,MXN,16.943568,16.728851,17.158284,Reuters
2025-10-01,USD,COP,4000.362982,3942.343709,4058.382256,Bloomberg
2025-10-01,USD,ARS,345.735904,341.389328,350.082479,Internal
2025-10-01,MXN,COP,238.3432,236.796129,239.890271,Reuters
2025-10-01,MXN,ARS,20.419764,20.27975,20.559778,Reuters
2025-10-01,COP,MXN,0.004199,0.004174,0.004225,Internal
2025-10-01,COP,ARS,0.089145,0.088093,0.090197,Bloomberg
2025-10-01,ARS,MXN,0.048675,0.048271,0.04908,Bloomberg
2025-10-01,ARS,COP,11.315093,11.217158,11.413027,Bloomberg
2025-10-02,MXN,USD,0.058849,0.058277,0.059421,Central Bank
2025-10-02,COP,USD,0.000255,0.000252,0.000257,Internal
2025-10-02,ARS,USD,0.00285,0.002809,0.00289,Central Bank
2025-10-02,USD,MXN,17.021948,16.844863,17.199034,Internal
2025-10-02,USD,COP,3967.876492,3919.993379,4015.759605,Internal
2025-10-02,USD,ARS,344.106426,340.097151,348.115701,Central Bank
2025-10-02,MXN,COP,236.477824,234.554299,238.401348,Central Bank
2025-10-02,MXN,ARS,20.739777,20.46569,21.013863,Internal
2025-10-02,COP,MXN,0.004259,0.004212,0.004306,Central Bank
2025-10-02,COP,ARS,0.08705,0.085962,0.088138,Bloomberg
2025-10-02,ARS,MXN,0.04837,0.048082,0.048658,Central Bank
2025-10-02,ARS,COP,11.419778,11.32893,11.510626,Central Bank
2025-10-03,MXN,USD,0.058252,0.057404,0.059099,Bloomberg
2025-10-03,COP,USD,0.000245,0.000242,0.000248,Central Bank
2025-10-03,ARS,USD,0.002892,0.002875,0.002909,Reuters
2025-10-03,USD,MXN,16.901721,16.717343,17.086099,Internal
2025-10-03,USD,COP,4069.019786,4034.330285,4103.709288,Internal
2025-10-03,USD,ARS,347.366439,342.393633,352.339245,Bloomberg
2025-10-03,MXN,COP,231.238847,228.242693,234.235001,Internal
2025-10-03,MXN,ARS,20.256093,20.130003,20.382184,Reuters
2025-10-03,COP,MXN,0.004204,0.004148,0.004259,Reuters
2025-10-03,COP,ARS,0.088499,0.087231,0.089767,Bloomberg
2025-10-03,ARS,MXN,0.048809,0.048154,0.049464,Internal
2025-10-03,ARS,COP,11.213024,11.154139,11.271909,Central Bank
2025-10-04,MXN,USD,0.059403,0.058636,0.06017,Reuters
2025-10-04,COP,USD,0.000247,0.000245,0.000249,Internal
2025-10-04,ARS,USD,0.002842,0.002807,0.002876,Reuters
2025-10-04,USD,MXN,17.213332,17.003855,17.422808,Central Bank
2025-10-04,USD,COP,4037.385877,3996.063518,4078.708236,Central Bank
2025-10-04,USD,ARS,354.730174,351.26743,358.192917,Internal
2025-10-04,MXN,COP,231.093528,228.296014,233.891042,Bloomberg
2025-10-04,MXN,ARS,20.271674,20.054222,20.489125,Bloomberg
2025-10-04,COP,MXN,0.00425,0.004218,0.004282,Internal
2025-10-04,COP,ARS,0.08728,0.086042,0.088518,Bloomberg
2025-10-04,ARS,MXN,0.048554,0.048171,0.048937,Central Bank
2025-10-04,ARS,COP,11.635464,11.552776,11.718152,Central Bank
2025-10-05,MXN,USD,0.058024,0.057626,0.058422,Reuters
2025-10-05,COP,USD,0.000248,0.000246,0.000249,Internal
2025-10-05,ARS,USD,0.002802,0.002775,0.002828,Central Bank
2025-10-05,USD,MXN,17.326781,17.113344,17.540219,Bloomberg
2025-10-05,USD,COP,4047.608929,4004.883359,4090.334499,Reuters
2025-10-05,USD,ARS,349.437644,345.163822,353.711466,Internal
2025-10-05,MXN,COP,232.996125,230.761593,235.230657,Bloomberg
2025-10-05,MXN,ARS,20.508097,20.321242,20.694953,Reuters
2025-10-05,COP,MXN,0.004233,0.004212,0.004255,Internal
2025-10-05,COP,ARS,0.087072,0.086012,0.088131,Bloomberg
2025-10-05,ARS,MXN,0.049261,0.048744,0.049778,Bloomberg
2025-10-05,ARS,COP,11.254924,11.089808,11.42004,Bloomberg
2025-10-06,MXN,USD,0.057932,0.057162,0.058701,Bloomberg
2025-10-06,COP,USD,0.000254,0.000251,0.000256,Bloomberg
2025-10-06,ARS,USD,0.002855,0.002818,0.002892,Internal
2025-10-06,USD,MXN,16.750891,16.623345,16.878437,Bloomberg
2025-10-06,USD,COP,4015.79148,3987.77887,4043.80409,Central Bank
2025-10-06,USD,ARS,355.688345,351.342109,360.034581,Reuters
2025-10-06,MXN,COP,236.647972,233.102275,240.193668,Internal
2025-10-06,MXN,ARS,20.645817,20.405859,20.885774,Central Bank
2025-10-06,COP,MXN,0.004318,0.004279,0.004357,Internal
2025-10-06,COP,ARS,0.085864,0.0852,0.086527,Reuters
2025-10-06,ARS,MXN,0.049521,0.049226,0.049815,Bloomberg
2025-10-06,ARS,COP,11.315371,11.155355,11.475387,Bloomberg
2025-10-07,MXN,USD,0.059996,0.059384,0.060609,Reuters
2025-10-07,COP,USD,0.000251,0.000247,0.000255,Central Bank
2025-10-07,ARS,USD,0.002813,0.002784,0.002842,Reuters
2025-10-07,USD,MXN,17.327384,17.102416,17.552352,Reuters
2025-10-07,USD,COP,3935.692479,3877.960926,3993.424031,Bloomberg
2025-10-07,USD,ARS,344.656924,339.925066,349.388782,Bloomberg
2025-10-07,MXN,COP,234.989953,232.21188,237.768027,Internal
2025-10-07,MXN,ARS,20.799999,20.692052,20.907947,Bloomberg
2025-10-07,COP,MXN,0.004299,0.004267,0.004332,Central Bank
2025-10-07,COP,ARS,0.086041,0.085257,0.086825,Reuters
2025-10-07,ARS,MXN,0.048726,0.048031,0.04942,Reuters
2025-10-07,ARS,COP,11.461813,11.374932,11.548695,Central Bank
2025-10-08,MXN,USD,0.059112,0.058521,0.059703,Bloomberg
2025-10-08,COP,USD,0.000254,0.000252,0.000256,Internal
2025-10-08,ARS,USD,0.002822,0.002789,0.002856,Reuters
2025-10-08,USD,MXN,17.051816,16.93633,17.167303,Internal
2025-10-08,USD,COP,3993.794557,3953.071162,4034.517953,Internal
2025-10-08,USD,ARS,349.833624,346.097555,353.569693,Reuters
2025-10-08,MXN,COP,238.007652,235.805735,240.209568,Bloomberg
2025-10-08,MXN,ARS,20.86284,20.694144,21.031537,Internal
2025-10-08,COP,MXN,0.004209,0.004163,0.004255,Reuters
2025-10-08,COP,ARS,0.08652,0.085383,0.087657,Central Bank
2025-10-08,ARS,MXN,0.049465,0.048895,0.050035,Reuters
2025-10-08,ARS,COP,11.2819,11.136744,11.427055,Bloomberg
2025-10-09,MXN,USD,0.058099,0.057455,0.058742,Central Bank
2025-10-09,COP,USD,0.000252,0.000249,0.000254,Internal
2025-10-09,ARS,USD,0.002813,0.002775,0.002852,Central Bank
2025-10-09,USD,MXN,16.723904,16.626572,16.821237,Central Bank
2025-10-09,USD,COP,3973.489964,3932.734282,4014.245646,Central Bank
2025-10-09,USD,ARS,347.309448,344.935835,349.68306,Bloomberg
2025-10-09,MXN,COP,234.472453,232.711297,236.233609,Bloomberg
2025-10-09,MXN,ARS,20.800822,20.642413,20.95923,Central Bank
2025-10-09,COP,MXN,0.00418,0.004123,0.004237,Internal
2025-10-09,COP,ARS,0.08609,0.084856,0.087325,Reuters
2025-10-09,ARS,MXN,0.049204,0.048611,0.049796,Central Bank
2025-10-09,ARS,COP,11.342567,11.214528,11.470607,Central Bank
2025-10-10,MXN,USD,0.058453,0.057632,0.059275,Bloomberg
2025-10-10,COP,USD,0.00025,0.000247,0.000254,Internal
2025-10-10,ARS,USD,0.002852,0.002811,0.002893,Internal
2025-10-10,USD,MXN,16.974017,16.849909,17.098125,Internal
2025-10-10,USD,COP,3949.041158,3927.851823,3970.230493,Internal
2025-10-10,USD,ARS,344.6544,340.170573,349.138228,Bloomberg
2025-10-10,MXN,COP,234.899475,232.709394,237.089557,Bloomberg
2025-10-10,MXN,ARS,20.732046,20.61654,20.847551,Internal
2025-10-10,COP,MXN,0.004261,0.004221,0.004302,Bloomberg
2025-10-10,COP,ARS,0.088885,0.087631,0.09014,Internal
2025-10-10,ARS,MXN,0.047801,0.047159,0.048444,Reuters
2025-10-10,ARS,COP,11.365445,11.231103,11.499788,Bloomberg
2025-10-11,MXN,USD,0.058016,0.057218,0.058815,Internal
2025-10-11,COP,USD,0.000245,0.000244,0.000247,Reuters
2025-10-11,ARS,USD,0.002835,0.002804,0.002867,Internal
2025-10-11,USD,MXN,17.119631,16.998834,17.240427,Bloomberg
2025-10-11,USD,COP,4036.825192,3982.326128,4091.324255,Central Bank
2025-10-11,USD,ARS,354.440188,350.590122,358.290254,Reuters
2025-10-11,MXN,COP,234.412244,231.946638,236.87785,Internal
2025-10-11,MXN,ARS,20.797679,20.686425,20.908933,Reuters
2025-10-11,COP,MXN,0.00428,0.004238,0.004321,Reuters
2025-10-11,COP,ARS,0.087503,0.086203,0.088804,Internal
2025-10-11,ARS,MXN,0.049275,0.048625,0.049924,Reuters
2025-10-11,ARS,COP,11.579098,11.411329,11.746867,Bloomberg
2025-10-12,MXN,USD,0.059983,0.059437,0.060529,Reuters
2025-10-12,COP,USD,0.000254,0.000252,0.000255,Internal
2025-10-12,ARS,USD,0.002823,0.002795,0.002851,Internal
2025-10-12,USD,MXN,17.10734,16.8704,17.34428,Reuters
2025-10-12,USD,COP,4015.124481,3962.587571,4067.661392,Reuters
2025-10-12,USD,ARS,353.294926,349.697527,356.892326,Internal
2025-10-12,MXN,COP,234.211867,232.433536,235.990198,Reuters
2025-10-12,MXN,ARS,20.977309,20.71623,21.238389,Reuters
2025-10-12,COP,MXN,0.004225,0.004177,0.004273,Bloomberg
2025-10-12,COP,ARS,0.086713,0.085895,0.087531,Reuters
2025-10-12,ARS,MXN,0.049278,0.048712,0.049843,Bloomberg
2025-10-12,ARS,COP,11.315743,11.171507,11.459979,Bloomberg
2025-10-13,MXN,USD,0.058689,0.058296,0.059082,Central Bank
2025-10-13,COP,USD,0.000251,0.000249,0.000253,Internal
2025-10-13,ARS,USD,0.002836,0.002815,0.002857,Reuters
2025-10-13,USD,MXN,16.886281,16.797293,16.975269,Internal
2025-10-13,USD,COP,4048.756724,4014.366681,4083.146768,Central Bank
2025-10-13,USD,ARS,353.819931,350.34528,357.294583,Central Bank
2025-10-13,MXN,COP,234.113859,231.69758,236.530138,Bloomberg
2025-10-13,MXN,ARS,20.777151,20.596,20.958301,Internal
2025-10-13,COP,MXN,0.004264,0.004234,0.004293,Central Bank
2025-10-13,COP,ARS,0.086617,0.085663,0.08757,Reuters
2025-10-13,ARS,MXN,0.049496,0.048989,0.050004,Reuters
2025-10-13,ARS,COP,11.570936,11.509705,11.632167,Bloomberg
2025-10-14,MXN,USD,0.058726,0.0584,0.059052,Reuters
2025-10-14,COP,USD,0.000246,0.000245,0.000247,Internal
2025-10-14,ARS,USD,0.002825,0.002788,0.002862,Reuters
2025-10-14,USD,MXN,17.230133,17.089841,17.370425,Central Bank
2025-10-14,USD,COP,4048.346495,3992.499575,4104.193416,Internal
2025-10-14,USD,ARS,348.053498,345.511103,350.595893,Internal
2025-10-14,MXN,COP,236.53308,234.328872,238.737287,Bloomberg
2025-10-14,MXN,ARS,20.910114,20.612244,21.207984,Internal
2025-10-14,COP,MXN,0.004213,0.004174,0.004252,Internal
2025-10-14,COP,ARS,0.088773,0.087667,0.089879,Bloomberg
2025-10-14,ARS,MXN,0.048024,0.047373,0.048676,Bloomberg
2025-10-14,ARS,COP,11.612996,11.532104,11.693888,Internal
2025-10-15,MXN,USD,0.058269,0.057782,0.058756,Bloomberg
2025-10-15,COP,USD,0.000253,0.00025,0.000256,Reuters
2025-10-15,ARS,USD,0.002894,0.002877,0.00291,Central Bank
2025-10-15,USD,MXN,16.674381,16.486246,16.862515,Internal
2025-10-15,USD,COP,3927.187301,3875.969159,3978.405444,Central Bank
2025-10-15,USD,ARS,352.548862,348.683782,356.413941,Central Bank
2025-10-15,MXN,COP,234.275202,230.815535,237.734868,Reuters
2025-10-15,MXN,ARS,20.663917,20.465237,20.862597,Internal
2025-10-15,COP,MXN,0.004199,0.00417,0.004229,Bloomberg
2025-10-15,COP,ARS,0.088771,0.088308,0.089234,Central Bank
2025-10-15,ARS,MXN,0.048112,0.047768,0.048456,Reuters
2025-10-15,ARS,COP,11.404428,11.272673,11.536184,Reuters
2025-10-16,MXN,USD,0.059308,0.058731,0.059885,Bloomberg
2025-10-16,COP,USD,0.000254,0.000252,0.000255,Reuters
2025-10-16,ARS,USD,0.002876,0.00284,0.002913,Bloomberg
2025-10-16,USD,MXN,16.938728,16.822574,17.054882,Internal
2025-10-16,USD,COP,3924.638931,3889.180302,3960.097561,Internal
2025-10-16,USD,ARS,347.677682,343.310095,352.045269,Central Bank
2025-10-16,MXN,COP,235.114215,232.442121,237.786309,Central Bank
2025-10-16,MXN,ARS,20.951774,20.721364,21.182183,Bloomberg
2025-10-16,COP,MXN,0.004315,0.004276,0.004354,Central Bank
2025-10-16,COP,ARS,0.088769,0.08782,0.089719,Bloomberg
2025-10-16,ARS,MXN,0.047964,0.047503,0.048426,Reuters
2025-10-16,ARS,COP,11.473473,11.348613,11.598333,Reuters
2025-10-17,MXN,USD,0.059906,0.059545,0.060267,Bloomberg
2025-10-17,COP,USD,0.000254,0.000252,0.000256,Internal
2025-10-17,ARS,USD,0.002907,0.002879,0.002934,Reuters
2025-10-17,USD,MXN,17.283333,17.109631,17.457035,Central Bank
2025-10-17,USD,COP,3998.284611,3975.648796,4020.920427,Central Bank
2025-10-17,USD,ARS,351.791559,347.380672,356.202447,Reuters
2025-10-17,MXN,COP,231.709229,230.481257,232.937201,Internal
2025-10-17,MXN,ARS,20.396623,20.193481,20.599765,Internal
2025-10-17,COP,MXN,0.004255,0.004201,0.004308,Reuters
2025-10-17,COP,ARS,0.087295,0.08622,0.088369,Bloomberg
2025-10-17,ARS,MXN,0.049165,0.048807,0.049523,Reuters
2025-10-17,ARS,COP,11.411401,11.304949,11.517854,Reuters
2025-10-18,MXN,USD,0.0592,0.058495,0.059904,Central Bank
2025-10-18,COP,USD,0.000254,0.00025,0.000257,Bloomberg
2025-10-18,ARS,USD,0.002855,0.002826,0.002884,Central Bank
2025-10-18,USD,MXN,16.788617,16.559138,17.018095,Bloomberg
2025-10-18,USD,COP,4046.697708,3994.662231,4098.733185,Reuters
2025-10-18,USD,ARS,346.439863,341.422641,351.457085,Internal
2025-10-18,MXN,COP,235.223039,232.825511,237.620567,Reuters
2025-10-18,MXN,ARS,20.957313,20.644242,21.270383,Central Bank
2025-10-18,COP,MXN,0.004259,0.004209,0.004308,Reuters
2025-10-18,COP,ARS,0.089238,0.088267,0.090208,Central Bank
2025-10-18,ARS,MXN,0.047988,0.047659,0.048318,Central Bank
2025-10-18,ARS,COP,11.410819,11.252498,11.569141,Internal
2025-10-19,MXN,USD,0.057659,0.056959,0.058359,Reuters
2025-10-19,COP,USD,0.000247,0.000244,0.000249,Central Bank
2025-10-19,ARS,USD,0.002814,0.00279,0.002838,Bloomberg
2025-10-19,USD,MXN,17.226715,17.028785,17.424646,Bloomberg
2025-10-19,USD,COP,4017.128273,3973.01552,4061.241026,Internal
2025-10-19,USD,ARS,348.335364,345.831024,350.839703,Bloomberg
2025-10-19,MXN,COP,239.155336,237.102866,241.207807,Internal
2025-10-19,MXN,ARS,20.466867,20.166198,20.767536,Bloomberg
2025-10-19,COP,MXN,0.00417,0.004124,0.004216,Central Bank
2025-10-19,COP,ARS,0.088561,0.087875,0.089248,Central Bank
2025-10-19,ARS,MXN,0.049163,0.048581,0.049744,Bloomberg
2025-10-19,ARS,COP,11.622579,11.561473,11.683685,Bloomberg
2025-10-20,MXN,USD,0.059686,0.059012,0.060359,Reuters
2025-10-20,COP,USD,0.000247,0.000245,0.00025,Reuters
2025-10-20,ARS,USD,0.002801,0.002778,0.002823,Bloomberg
2025-10-20,USD,MXN,16.713303,16.471399,16.955206,Bloomberg
2025-10-20,USD,COP,4031.96533,3981.240645,4082.690015,Internal
2025-10-20,USD,ARS,356.065925,353.83583,358.29602,Central Bank
2025-10-20,MXN,COP,233.420767,230.21243,236.629103,Central Bank
2025-10-20,MXN,ARS,20.643095,20.352018,20.934173,Central Bank
2025-10-20,COP,MXN,0.00432,0.004283,0.004356,Reuters
2025-10-20,COP,ARS,0.088231,0.087598,0.088864,Reuters
2025-10-20,ARS,MXN,0.048462,0.04782,0.049103,Internal
2025-10-20,ARS,COP,11.604561,11.478429,11.730692,Bloomberg
2025-10-21,MXN,USD,0.058284,0.057575,0.058994,Reuters
2025-10-21,COP,USD,0.000247,0.000244,0.000251,Reuters
2025-10-21,ARS,USD,0.002898,0.002868,0.002928,Internal
2025-10-21,USD,MXN,16.758831,16.56133,16.956332,Bloomberg
2025-10-21,USD,COP,3989.854526,3958.953589,4020.755464,Bloomberg
2025-10-21,USD,ARS,351.216342,346.411444,356.021239,Central Bank
2025-10-21,MXN,COP,235.335937,233.724672,236.947202,Reuters
2025-10-21,MXN,ARS,20.477166,20.279144,20.675188,Internal
2025-10-21,COP,MXN,0.004297,0.004241,0.004352,Central Bank
2025-10-21,COP,ARS,0.086928,0.086199,0.087657,Central Bank
2025-10-21,ARS,MXN,0.048073,0.047383,0.048764,Central Bank
2025-10-21,ARS,COP,11.462943,11.322186,11.6037,Reuters
2025-10-22,MXN,USD,0.059635,0.059181,0.06009,Internal
2025-10-22,COP,USD,0.000249,0.000246,0.000252,Reuters
2025-10-22,ARS,USD,0.002802,0.002768,0.002836,Reuters
2025-10-22,USD,MXN,17.008499,16.875539,17.141459,Central Bank
2025-10-22,USD,COP,4061.564033,4006.923538,4116.204528,Central Bank
2025-10-22,USD,ARS,350.145894,347.91816,352.373629,Reuters
2025-10-22,MXN,COP,233.299829,230.472596,236.127062,Central Bank
2025-10-22,MXN,ARS,20.371916,20.202333,20.5415,Internal
2025-10-22,COP,MXN,0.004324,0.004284,0.004363,Reuters
2025-10-22,COP,ARS,0.086963,0.086222,0.087705,Bloomberg
2025-10-22,ARS,MXN,0.048315,0.047913,0.048718,Central Bank
2025-10-22,ARS,COP,11.592596,11.475767,11.709425,Bloomberg
2025-10-23,MXN,USD,0.05921,0.058649,0.05977,Reuters
2025-10-23,COP,USD,0.000248,0.000245,0.000251,Internal
2025-10-23,ARS,USD,0.002872,0.002831,0.002913,Reuters
2025-10-23,USD,MXN,16.913031,16.680666,17.145395,Reuters
2025-10-23,USD,COP,3965.419495,3917.515666,4013.323324,Bloomberg
2025-10-23,USD,ARS,346.035552,342.757289,349.313814,Reuters
2025-10-23,MXN,COP,237.521513,234.404676,240.638351,Bloomberg
2025-10-23,MXN,ARS,20.573846,20.374293,20.7734,Central Bank
2025-10-23,COP,MXN,0.004168,0.004144,0.004191,Reuters
2025-10-23,COP,ARS,0.08881,0.087573,0.090046,Reuters
2025-10-23,ARS,MXN,0.048664,0.048269,0.049058,Internal
2025-10-23,ARS,COP,11.411129,11.323817,11.498442,Central Bank
2025-10-24,MXN,USD,0.058674,0.058303,0.059045,Reuters
2025-10-24,COP,USD,0.000253,0.00025,0.000256,Internal
2025-10-24,ARS,USD,0.002813,0.00279,0.002837,Bloomberg
2025-10-24,USD,MXN,16.893584,16.80407,16.983099,Bloomberg
2025-10-24,USD,COP,4044.243718,4006.59481,4081.892625,Reuters
2025-10-24,USD,ARS,351.736914,347.195164,356.278663,Internal
2025-10-24,MXN,COP,233.422361,230.42933,236.415392,Bloomberg
2025-10-24,MXN,ARS,20.580675,20.337917,20.823432,Internal
2025-10-24,COP,MXN,0.004226,0.004171,0.004281,Reuters
2025-10-24,COP,ARS,0.08861,0.087326,0.089893,Bloomberg
2025-10-24,ARS,MXN,0.048137,0.047657,0.048616,Central Bank
2025-10-24,ARS,COP,11.225546,11.137659,11.313433,Reuters
2025-10-25,MXN,USD,0.058439,0.058006,0.058871,Reuters
2025-10-25,COP,USD,0.000249,0.000246,0.000251,Reuters
2025-10-25,ARS,USD,0.002901,0.002876,0.002927,Internal
2025-10-25,USD,MXN,17.204966,16.95408,17.455852,Internal
2025-10-25,USD,COP,4078.736436,4019.33733,4138.135541,Bloomberg
2025-10-25,USD,ARS,345.849523,341.373082,350.325964,Internal
2025-10-25,MXN,COP,237.170404,233.943362,240.397447,Internal
2025-10-25,MXN,ARS,20.518039,20.404375,20.631702,Reuters
2025-10-25,COP,MXN,0.004294,0.00426,0.004328,Central Bank
2025-10-25,COP,ARS,0.085855,0.085067,0.086643,Central Bank
2025-10-25,ARS,MXN,0.048171,0.047891,0.04845,Central Bank
2025-10-25,ARS,COP,11.369397,11.275074,11.463721,Internal
2025-10-26,MXN,USD,0.058963,0.058216,0.059709,Central Bank
2025-10-26,COP,USD,0.000251,0.000249,0.000254,Bloomberg
2025-10-26,ARS,USD,0.002825,0.002796,0.002855,Central Bank
2025-10-26,USD,MXN,17.189337,16.997493,17.38118,Bloomberg
2025-10-26,USD,COP,4059.254474,4011.833059,4106.675888,Internal
2025-10-26,USD,ARS,343.504655,339.809391,347.19992,Reuters
2025-10-26,MXN,COP,236.670398,235.429195,237.911601,Central Bank
2025-10-26,MXN,ARS,20.203986,20.027847,20.380126,Bloomberg
2025-10-26,COP,MXN,0.004267,0.004241,0.004292,Reuters
2025-10-26,COP,ARS,0.088694,0.088097,0.089291,Bloomberg
2025-10-26,ARS,MXN,0.048389,0.048123,0.048654,Bloomberg
2025-10-26,ARS,COP,11.513587,11.371559,11.655615,Bloomberg
2025-10-27,MXN,USD,0.05986,0.059301,0.060419,Internal
2025-10-27,COP,USD,0.000251,0.000249,0.000253,Central Bank
2025-10-27,ARS,USD,0.002876,0.002836,0.002916,Internal
2025-10-27,USD,MXN,17.012757,16.767154,17.258359,Central Bank
2025-10-27,USD,COP,4009.535629,3964.831783,4054.239476,Reuters
2025-10-27,USD,ARS,346.966572,341.973278,351.959866,Central Bank
2025-10-27,MXN,COP,237.672382,235.504301,239.840463,Internal
2025-10-27,MXN,ARS,20.532463,20.378785,20.686142,Reuters
2025-10-27,COP,MXN,0.004315,0.004258,0.004371,Central Bank
2025-10-27,COP,ARS,0.087653,0.086953,0.088353,Central Bank
2025-10-27,ARS,MXN,0.047961,0.047631,0.04829,Internal
2025-10-27,ARS,COP,11.398841,11.287049,11.510633,Bloomberg
2025-10-28,MXN,USD,0.05936,0.058818,0.059902,Reuters
2025-10-28,COP,USD,0.000253,0.000252,0.000255,Bloomberg
2025-10-28,ARS,USD,0.002888,0.002851,0.002924,Internal
2025-10-28,USD,MXN,17.067504,16.908078,17.226931,Bloomberg
2025-10-28,USD,COP,3990.774928,3939.497637,4042.052219,Reuters
2025-10-28,USD,ARS,350.255964,346.112088,354.39984,Internal
2025-10-28,MXN,COP,234.763546,231.583117,237.943976,Reuters
2025-10-28,MXN,ARS,20.678316,20.540027,20.816605,Internal
2025-10-28,COP,MXN,0.004255,0.004205,0.004304,Reuters
2025-10-28,COP,ARS,0.089013,0.088339,0.089687,Bloomberg
2025-10-28,ARS,MXN,0.049509,0.04898,0.050039,Reuters
2025-10-28,ARS,COP,11.313975,11.16572,11.462231,Reuters
2025-10-29,MXN,USD,0.059548,0.05901,0.060086,Bloomberg
2025-10-29,COP,USD,0.000247,0.000245,0.000249,Bloomberg
2025-10-29,ARS,USD,0.002872,0.002835,0.002909,Central Bank
2025-10-29,USD,MXN,17.235886,16.987906,17.483866,Internal
2025-10-29,USD,COP,3962.923035,3905.256539,4020.589532,Internal
2025-10-29,USD,ARS,348.46662,344.397673,352.535567,Central Bank
2025-10-29,MXN,COP,239.611641,238.121891,241.10139,Bloomberg
2025-10-29,MXN,ARS,20.868056,20.643403,21.092709,Bloomberg
2025-10-29,COP,MXN,0.004206,0.004153,0.00426,Bloomberg
2025-10-29,COP,ARS,0.086682,0.085763,0.087601,Bloomberg
2025-10-29,ARS,MXN,0.047961,0.047696,0.048226,Internal
2025-10-29,ARS,COP,11.294989,11.183624,11.406354,Reuters
2025-10-30,MXN,USD,0.057772,0.05726,0.058285,Central Bank
2025-10-30,COP,USD,0.000247,0.000245,0.000249,Reuters
2025-10-30,ARS,USD,0.002881,0.002838,0.002924,Reuters
2025-10-30,USD,MXN,16.997125,16.870563,17.123687,Reuters
2025-10-30,USD,COP,4045.955774,4012.461006,4079.450542,Internal
2025-10-30,USD,ARS,352.610805,347.627133,357.594478,Reuters
2025-10-30,MXN,COP,236.948513,234.699029,239.197997,Internal
2025-10-30,MXN,ARS,20.713186,20.471653,20.95472,Reuters
2025-10-30,COP,MXN,0.004305,0.004264,0.004347,Internal
2025-10-30,COP,ARS,0.087716,0.087275,0.088156,Reuters
2025-10-30,ARS,MXN,0.048255,0.047604,0.048907,Bloomberg
2025-10-30,ARS,COP,11.619001,11.486869,11.751132,Internal
2025-10-31,MXN,USD,0.05918,0.05873,0.059631,Reuters
2025-10-31,COP,USD,0.000254,0.000252,0.000256,Internal
2025-10-31,ARS,USD,0.002905,0.002885,0.002924,Central Bank
2025-10-31,USD,MXN,16.909999,16.807292,17.012705,Internal
2025-10-31,USD,COP,3976.821066,3921.829174,4031.812959,Reuters
2025-10-31,USD,ARS,345.486002,343.546265,347.42574,Bloomberg
2025-10-31,MXN,COP,231.414401,228.672146,234.156656,Internal
2025-10-31,MXN,ARS,20.541357,20.345,20.737715,Central Bank
2025-10-31,COP,MXN,0.004312,0.004285,0.00434,Bloomberg
2025-10-31,COP,ARS,0.08689,0.085907,0.087874,Central Bank
2025-10-31,ARS,MXN,0.048711,0.04821,0.049211,Central Bank
2025-10-31,ARS,COP,11.567756,11.462623,11.672889,Central Bank
2025-11-01,MXN,USD,0.058201,0.057726,0.058676,Reuters
2025-11-01,COP,USD,0.000245,0.000244,0.000247,Reuters
2025-11-01,ARS,USD,0.002913,0.002872,0.002954,Bloomberg
2025-11-01,USD,MXN,17.142509,16.970963,17.314055,Internal
2025-11-01,USD,COP,4063.846845,4026.835092,4100.858598,Bloomberg
2025-11-01,USD,ARS,345.606335,342.184941,349.027729,Central Bank
2025-11-01,MXN,COP,237.92391,236.42771,239.42011,Bloomberg
2025-11-01,MXN,ARS,20.627738,20.524276,20.731199,Central Bank
2025-11-01,COP,MXN,0.004321,0.004268,0.004375,Central Bank
2025-11-01,COP,ARS,0.088328,0.087453,0.089204,Central Bank
2025-11-01,ARS,MXN,0.048306,0.048004,0.048609,Central Bank
2025-11-01,ARS,COP,11.441712,11.344506,11.538917,Reuters
2025-11-02,MXN,USD,0.059013,0.058265,0.05976,Reuters
2025-11-02,COP,USD,0.000251,0.00025,0.000252,Bloomberg
2025-11-02,ARS,USD,0.002854,0.00282,0.002888,Reuters
2025-11-02,USD,MXN,17.079167,16.920464,17.237869,Central Bank
2025-11-02,USD,COP,4048.283711,4019.315456,4077.251966,Bloomberg
2025-11-02,USD,ARS,343.626461,338.670762,348.582161,Central Bank
2025-11-02,MXN,COP,236.494223,234.178625,238.80982,Reuters
2025-11-02,MXN,ARS,20.278179,20.168646,20.387711,Central Bank
2025-11-02,COP,MXN,0.004167,0.004115,0.004219,Bloomberg
2025-11-02,COP,ARS,0.086131,0.085226,0.087035,Internal
2025-11-02,ARS,MXN,0.048159,0.047531,0.048786,Bloomberg
2025-11-02,ARS,COP,11.576277,11.505635,11.646919,Internal
2025-11-03,MXN,USD,0.05821,0.057433,0.058987,Central Bank
2025-11-03,COP,USD,0.000248,0.000246,0.000249,Bloomberg
2025-11-03,ARS,USD,0.002851,0.002829,0.002872,Central Bank
2025-11-03,USD,MXN,16.782138,16.626906,16.937371,Reuters
2025-11-03,USD,COP,3983.702951,3962.062053,4005.34385,Bloomberg
2025-11-03,USD,ARS,345.817448,343.789409,347.845488,Internal
2025-11-03,MXN,COP,239.699029,237.68615,241.711907,Central Bank
2025-11-03,MXN,ARS,20.521134,20.388661,20.653607,Internal
2025-11-03,COP,MXN,0.00422,0.004185,0.004256,Internal
2025-11-03,COP,ARS,0.087349,0.086791,0.087907,Central Bank
2025-11-03,ARS,MXN,0.04891,0.048468,0.049353,Internal
2025-11-03,ARS,COP,11.541664,11.467339,11.615989,Reuters
2025-11-04,MXN,USD,0.057912,0.057618,0.058206,Reuters
2025-11-04,COP,USD,0.000254,0.000251,0.000257,Internal
2025-11-04,ARS,USD,0.002863,0.002847,0.002878,Central Bank
2025-11-04,USD,MXN,16.877061,16.631173,17.122948,Central Bank
2025-11-04,USD,COP,4075.4354,4051.666275,4099.204525,Central Bank
2025-11-04,USD,ARS,354.891489,351.507102,358.275877,Bloomberg
2025-11-04,MXN,COP,238.21358,234.707461,241.7197,Reuters
2025-11-04,MXN,ARS,20.834831,20.691566,20.978097,Bloomberg
2025-11-04,COP,MXN,0.004294,0.004233,0.004355,Central Bank
2025-11-04,COP,ARS,0.087954,0.087188,0.088719,Reuters
2025-11-04,ARS,MXN,0.049026,0.048437,0.049615,Central Bank
2025-11-04,ARS,COP,11.598113,11.491573,11.704654,Internal
2025-11-05,MXN,USD,0.059571,0.058739,0.060403,Reuters
2025-11-05,COP,USD,0.000247,0.000244,0.00025,Bloomberg
2025-11-05,ARS,USD,0.002804,0.002782,0.002825,Internal
2025-11-05,USD,MXN,17.124715,16.968492,17.280938,Reuters
2025-11-05,USD,COP,4020.492806,3972.885796,4068.099817,Central Bank
2025-11-05,USD,ARS,351.029519,348.773506,353.285531,Central Bank
2025-11-05,MXN,COP,233.454938,230.288836,236.62104,Central Bank
2025-11-05,MXN,ARS,20.442465,20.277948,20.606983,Central Bank
2025-11-05,COP,MXN,0.004297,0.004272,0.004323,Bloomberg
2025-11-05,COP,ARS,0.086416,0.085646,0.087187,Reuters
2025-11-05,ARS,MXN,0.049005,0.048651,0.04936,Internal
2025-11-05,ARS,COP,11.292838,11.209484,11.376192,Reuters
2025-11-06,MXN,USD,0.058781,0.058033,0.059529,Reuters
2025-11-06,COP,USD,0.000247,0.000244,0.00025,Central Bank
2025-11-06,ARS,USD,0.0028,0.002763,0.002837,Reuters
2025-11-06,USD,MXN,16.741272,16.528479,16.954065,Reuters
2025-11-06,USD,COP,3957.32596,3900.772758,4013.879161,Central Bank
2025-11-06,USD,ARS,351.957025,349.68084,354.23321,Internal
2025-11-06,MXN,COP,230.689167,227.305748,234.072586,Reuters
2025-11-06,MXN,ARS,20.539512,20.41395,20.665074,Bloomberg
2025-11-06,COP,MXN,0.004223,0.004172,0.004274,Bloomberg
2025-11-06,COP,ARS,0.087681,0.086647,0.088716,Bloomberg
2025-11-06,ARS,MXN,0.049276,0.048576,0.049976,Internal
2025-11-06,ARS,COP,11.242302,11.113921,11.370682,Reuters
2025-11-07,MXN,USD,0.058543,0.058187,0.058899,Internal
2025-11-07,COP,USD,0.000251,0.000249,0.000253,Reuters
2025-11-07,ARS,USD,0.002869,0.002841,0.002898,Bloomberg
2025-11-07,USD,MXN,17.318153,17.09748,17.538826,Bloomberg
2025-11-07,USD,COP,3924.884257,3877.728935,3972.039579,Central Bank
2025-11-07,USD,ARS,352.598837,348.293222,356.904453,Central Bank
2025-11-07,MXN,COP,237.877195,235.244904,240.509486,Bloomberg
2025-11-07,MXN,ARS,20.38017,20.145704,20.614635,Internal
2025-11-07,COP,MXN,0.004265,0.004201,0.004329,Internal
2025-11-07,COP,ARS,0.086756,0.085889,0.087624,Reuters
2025-11-07,ARS,MXN,0.049004,0.048738,0.04927,Reuters
2025-11-07,ARS,COP,11.521923,11.371973,11.671874,Reuters
2025-11-08,MXN,USD,0.059831,0.059011,0.060651,Bloomberg
2025-11-08,COP,USD,0.000255,0.000253,0.000257,Bloomberg
2025-11-08,ARS,USD,0.002906,0.002881,0.002932,Central Bank
2025-11-08,USD,MXN,17.111484,16.880052,17.342915,Internal
2025-11-08,USD,COP,4058.400692,4037.836513,4078.964871,Reuters
2025-11-08,USD,ARS,348.487406,343.715399,353.259413,Internal
2025-11-08,MXN,COP,235.65162,232.946263,238.356978,Internal
2025-11-08,MXN,ARS,20.297698,20.005048,20.590349,Bloomberg
2025-11-08,COP,MXN,0.004242,0.004196,0.004287,Bloomberg
2025-11-08,COP,ARS,0.087187,0.086089,0.088286,Internal
2025-11-08,ARS,MXN,0.04913,0.048482,0.049778,Central Bank
2025-11-08,ARS,COP,11.255443,11.150079,11.360806,Central Bank
2025-11-09,MXN,USD,0.059387,0.059074,0.0597,Bloomberg
2025-11-09,COP,USD,0.000249,0.000248,0.000251,Central Bank
2025-11-09,ARS,USD,0.002867,0.002829,0.002906,Central Bank
2025-11-09,USD,MXN,17.213916,17.116271,17.31156,Internal
2025-11-09,USD,COP,3927.833382,3873.929473,3981.737291,Bloomberg
2025-11-09,USD,ARS,349.994318,346.822612,353.166024,Bloomberg
2025-11-09,MXN,COP,235.551827,233.56206,237.541594,Internal
2025-11-09,MXN,ARS,20.559362,20.355629,20.763094,Internal
2025-11-09,COP,MXN,0.004298,0.004273,0.004324,Internal
2025-11-09,COP,ARS,0.086219,0.085456,0.086983,Bloomberg
2025-11-09,ARS,MXN,0.049312,0.049015,0.049608,Reuters
2025-11-09,ARS,COP,11.39511,11.263378,11.526841,Internal
2025-11-10,MXN,USD,0.058367,0.058059,0.058675,Internal
2025-11-10,COP,USD,0.000249,0.000247,0.000252,Reuters
2025-11-10,ARS,USD,0.002845,0.002808,0.002882,Central Bank
2025-11-10,USD,MXN,17.333533,17.105175,17.561891,Bloomberg
2025-11-10,USD,COP,3925.907014,3872.305793,3979.508235,Central Bank
2025-11-10,USD,ARS,356.593081,353.496445,359.689717,Bloomberg
2025-11-10,MXN,COP,238.639838,235.70616,241.573516,Internal
2025-11-10,MXN,ARS,20.83289,20.576519,21.089261,Bloomberg
2025-11-10,COP,MXN,0.004225,0.004202,0.004248,Reuters
2025-11-10,COP,ARS,0.08612,0.085288,0.086953,Reuters
2025-11-10,ARS,MXN,0.049308,0.048706,0.049911,Internal
2025-11-10,ARS,COP,11.492097,11.412901,11.571293,Central Bank
2025-11-11,MXN,USD,0.058944,0.058218,0.059669,Internal
2025-11-11,COP,USD,0.000252,0.00025,0.000254,Internal
2025-11-11,ARS,USD,0.002908,0.002885,0.002931,Internal
2025-11-11,USD,MXN,17.072905,16.923719,17.22209,Reuters
2025-11-11,USD,COP,4024.736857,3992.261459,4057.212255,Bloomberg
2025-11-11,USD,ARS,348.219812,344.374036,352.065588,Internal
2025-11-11,MXN,COP,237.663303,236.053267,239.273338,Bloomberg
2025-11-11,MXN,ARS,20.813076,20.533691,21.092461,Bloomberg
2025-11-11,COP,MXN,0.004175,0.004139,0.004212,Reuters
2025-11-11,COP,ARS,0.08724,0.0863,0.088181,Bloomberg
2025-11-11,ARS,MXN,0.048341,0.047862,0.04882,Central Bank
2025-11-11,ARS,COP,11.45993,11.292367,11.627493,Bloomberg
2025-11-12,MXN,USD,0.058143,0.057713,0.058573,Central Bank
2025-11-12,COP,USD,0.000247,0.000246,0.000249,Internal
2025-11-12,ARS,USD,0.002864,0.002848,0.002879,Internal
2025-11-12,USD,MXN,17.020651,16.84779,17.193513,Internal
2025-11-12,USD,COP,3979.825768,3950.557264,4009.094271,Reuters
2025-11-12,USD,ARS,345.491104,341.381329,349.60088,Central Bank
2025-11-12,MXN,COP,231.865896,229.140227,234.591565,Internal
2025-11-12,MXN,ARS,20.385302,20.180597,20.590007,Central Bank
2025-11-12,COP,MXN,0.004197,0.004169,0.004224,Bloomberg
2025-11-12,COP,ARS,0.086766,0.086013,0.08752,Internal
2025-11-12,ARS,MXN,0.048048,0.04734,0.048756,Bloomberg
2025-11-12,ARS,COP,11.262832,11.181624,11.34404,Internal
2025-11-13,MXN,USD,0.059164,0.058566,0.059762,Reuters
2025-11-13,COP,USD,0.000254,0.000253,0.000255,Bloomberg
2025-11-13,ARS,USD,0.002865,0.002843,0.002887,Internal
2025-11-13,USD,MXN,16.913995,16.701211,17.126779,Central Bank
2025-11-13,USD,COP,3970.602531,3912.415887,4028.789174,Internal
2025-11-13,USD,ARS,353.146788,348.623067,357.670509,Central Bank
2025-11-13,MXN,COP,234.905225,233.251868,236.558582,Bloomberg
2025-11-13,MXN,ARS,20.727673,20.580158,20.875188,Reuters
2025-11-13,COP,MXN,0.0042,0.004169,0.004231,Central Bank
2025-11-13,COP,ARS,0.08599,0.085276,0.086705,Reuters
2025-11-13,ARS,MXN,0.047662,0.047143,0.04818,Internal
2025-11-13,ARS,COP,11.272193,11.146068,11.398317,Central Bank
2025-11-14,MXN,USD,0.059372,0.058963,0.05978,Reuters
2025-11-14,COP,USD,0.00025,0.000247,0.000252,Internal
2025-11-14,ARS,USD,0.002821,0.00279,0.002853,Bloomberg
2025-11-14,USD,MXN,16.795638,16.694793,16.896482,Internal
2025-11-14,USD,COP,4062.38595,4009.940891,4114.831009,Central Bank
2025-11-14,USD,ARS,354.292212,350.617823,357.966602,Reuters
2025-11-14,MXN,COP,230.744214,228.269182,233.219246,Reuters
2025-11-14,MXN,ARS,20.364095,20.074367,20.653823,Reuters
2025-11-14,COP,MXN,0.00421,0.004185,0.004236,Central Bank
2025-11-14,COP,ARS,0.085805,0.085251,0.086359,Internal
2025-11-14,ARS,MXN,0.049114,0.048578,0.049651,Reuters
2025-11-14,ARS,COP,11.48445,11.386969,11.581931,Bloomberg
2025-11-15,MXN,USD,0.057917,0.057073,0.058761,Central Bank
2025-11-15,COP,USD,0.000254,0.00025,0.000257,Internal
2025-11-15,ARS,USD,0.00287,0.002829,0.002911,Central Bank
2025-11-15,USD,MXN,16.805607,16.695425,16.915788,Bloomberg
2025-11-15,USD,COP,3979.153748,3920.615199,4037.692297,Reuters
2025-11-15,USD,ARS,345.941921,343.151255,348.732587,Central Bank
2025-11-15,MXN,COP,231.536428,229.626366,233.446489,Internal
2025-11-15,MXN,ARS,20.207422,20.068263,20.346581,Internal
2025-11-15,COP,MXN,0.004228,0.004204,0.004251,Central Bank
2025-11-15,COP,ARS,0.088797,0.08761,0.089985,Reuters
2025-11-15,ARS,MXN,0.049235,0.048556,0.049914,Bloomberg
2025-11-15,ARS,COP,11.375702,11.284482,11.466922,Reuters
2025-11-16,MXN,USD,0.059785,0.059316,0.060254,Bloomberg
2025-11-16,COP,USD,0.000245,0.000243,0.000247,Central Bank
2025-11-16,ARS,USD,0.002895,0.002871,0.002919,Reuters
2025-11-16,USD,MXN,17.199272,17.006127,17.392417,Bloomberg
2025-11-16,USD,COP,3943.053764,3913.482494,3972.625033,Reuters
2025-11-16,USD,ARS,343.055524,338.470472,347.640576,Central Bank
2025-11-16,MXN,COP,237.65411,235.880925,239.427295,Reuters
2025-11-16,MXN,ARS,20.36512,20.184904,20.545335,Central Bank
2025-11-16,COP,MXN,0.004321,0.004265,0.004377,Reuters
2025-11-16,COP,ARS,0.088666,0.087993,0.089339,Central Bank
2025-11-16,ARS,MXN,0.049,0.04873,0.04927,Central Bank
2025-11-16,ARS,COP,11.563934,11.477224,11.650645,Central Bank
2025-11-17,MXN,USD,0.057768,0.057145,0.058391,Reuters
2025-11-17,COP,USD,0.000246,0.000244,0.000248,Bloomberg
2025-11-17,ARS,USD,0.002809,0.002777,0.00284,Central Bank
2025-11-17,USD,MXN,17.163345,17.07745,17.249239,Bloomberg
2025-11-17,USD,COP,3946.473259,3901.755455,3991.191063,Internal
2025-11-17,USD,ARS,347.731354,345.758414,349.704295,Central Bank
2025-11-17,MXN,COP,239.110081,237.107689,241.112472,Reuters
2025-11-17,MXN,ARS,20.723671,20.602252,20.84509,Reuters
2025-11-17,COP,MXN,0.004211,0.004182,0.00424,Bloomberg
2025-11-17,COP,ARS,0.087272,0.086521,0.088022,Central Bank
2025-11-17,ARS,MXN,0.047873,0.047471,0.048275,Central Bank
2025-11-17,ARS,COP,11.350281,11.244599,11.455963,Reuters
2025-11-18,MXN,USD,0.058946,0.058392,0.059499,Central Bank
2025-11-18,COP,USD,0.000252,0.000249,0.000255,Bloomberg
2025-11-18,ARS,USD,0.002865,0.00283,0.002899,Bloomberg
2025-11-18,USD,MXN,17.161653,17.02367,17.299635,Bloomberg
2025-11-18,USD,COP,3947.229433,3895.345473,3999.113393,Central Bank
2025-11-18,USD,ARS,352.00375,349.882421,354.12508,Reuters
2025-11-18,MXN,COP,232.094422,229.581079,234.607766,Reuters
2025-11-18,MXN,ARS,20.591346,20.428634,20.754057,Reuters
2025-11-18,COP,MXN,0.004166,0.004142,0.00419,Reuters
2025-11-18,COP,ARS,0.088177,0.087386,0.088968,Bloomberg
2025-11-18,ARS,MXN,0.048728,0.048346,0.04911,Bloomberg
2025-11-18,ARS,COP,11.388429,11.313967,11.46289,Central Bank
2025-11-19,MXN,USD,0.059597,0.05881,0.060384,Central Bank
2025-11-19,COP,USD,0.000246,0.000244,0.000248,Central Bank
2025-11-19,ARS,USD,0.002817,0.002786,0.002849,Reuters
2025-11-19,USD,MXN,17.137252,16.976875,17.297629,Internal
2025-11-19,USD,COP,3984.519291,3939.723679,4029.314904,Central Bank
2025-11-19,USD,ARS,352.674444,350.393079,354.955809,Bloomberg
2025-11-19,MXN,COP,239.430547,236.797151,242.063942,Bloomberg
2025-11-19,MXN,ARS,20.721708,20.523389,20.920028,Reuters
2025-11-19,COP,MXN,0.004326,0.004264,0.004389,Internal
2025-11-19,COP,ARS,0.086843,0.086171,0.087514,Central Bank
2025-11-19,ARS,MXN,0.049535,0.048809,0.050262,Bloomberg
2025-11-19,ARS,COP,11.563839,11.422838,11.704839,Central Bank
2025-11-20,MXN,USD,0.059747,0.059389,0.060104,Central Bank
2025-11-20,COP,USD,0.00025,0.000247,0.000254,Bloomberg
2025-11-20,ARS,USD,0.002812,0.002786,0.002837,Bloomberg
2025-11-20,USD,MXN,17.263304,17.136276,17.390331,Bloomberg
2025-11-20,USD,COP,4006.903092,3949.440649,4064.365535,Central Bank
2025-11-20,USD,ARS,353.181725,350.894691,355.468758,Reuters
2025-11-20,MXN,COP,234.301515,230.921319,237.681712,Internal
2025-11-20,MXN,ARS,20.86299,20.627294,21.098686,Bloomberg
2025-11-20,COP,MXN,0.004167,0.00414,0.004193,Bloomberg
2025-11-20,COP,ARS,0.089031,0.087724,0.090337,Reuters
2025-11-20,ARS,MXN,0.047909,0.047412,0.048406,Internal
2025-11-20,ARS,COP,11.565642,11.413722,11.717561,Internal
2025-11-21,MXN,USD,0.058553,0.058078,0.059027,Bloomberg
2025-11-21,COP,USD,0.000251,0.000248,0.000254,Internal
2025-11-21,ARS,USD,0.002873,0.002833,0.002914,Internal
2025-11-21,USD,MXN,17.141663,16.899973,17.383353,Reuters
2025-11-21,USD,COP,3928.289438,3887.471342,3969.107535,Internal
2025-11-21,USD,ARS,349.815128,347.596973,352.033283,Central Bank
2025-11-21,MXN,COP,234.812436,232.844611,236.780261,Reuters
2025-11-21,MXN,ARS,20.870572,20.755417,20.985728,Bloomberg
2025-11-21,COP,MXN,0.004307,0.004255,0.004358,Reuters
2025-11-21,COP,ARS,0.088741,0.08828,0.089201,Internal
2025-11-21,ARS,MXN,0.049478,0.049159,0.049797,Internal
2025-11-21,ARS,COP,11.567692,11.49394,11.641444,Reuters
2025-11-22,MXN,USD,0.058077,0.057586,0.058569,Central Bank
2025-11-22,COP,USD,0.000249,0.000246,0.000253,Bloomberg
2025-11-22,ARS,USD,0.002868,0.00284,0.002896,Internal
2025-11-22,USD,MXN,17.17167,16.922079,17.421261,Bloomberg
2025-11-22,USD,COP,4012.948816,3980.080253,4045.81738,Bloomberg
2025-11-22,USD,ARS,346.073426,342.067404,350.079449,Bloomberg
2025-11-22,MXN,COP,238.070923,235.663337,240.478509,Bloomberg
2025-11-22,MXN,ARS,20.9241,20.683869,21.16433,Bloomberg
2025-11-22,COP,MXN,0.004297,0.004256,0.004338,Internal
2025-11-22,COP,ARS,0.087556,0.0867,0.088412,Central Bank
2025-11-22,ARS,MXN,0.048133,0.047579,0.048687,Bloomberg
2025-11-22,ARS,COP,11.361043,11.200388,11.521698,Bloomberg
2025-11-23,MXN,USD,0.057833,0.057189,0.058477,Reuters
2025-11-23,COP,USD,0.000251,0.000249,0.000252,Central Bank
2025-11-23,ARS,USD,0.002883,0.002849,0.002917,Bloomberg
2025-11-23,USD,MXN,17.118634,16.921633,17.315636,Reuters
2025-11-23,USD,COP,3959.911423,3912.11098,4007.711866,Central Bank
2025-11-23,USD,ARS,347.846533,343.272018,352.421048,Central Bank
2025-11-23,MXN,COP,235.252877,233.194518,237.311237,Reuters
2025-11-23,MXN,ARS,20.64287,20.403697,20.882043,Internal
2025-11-23,COP,MXN,0.004199,0.004163,0.004234,Internal
2025-11-23,COP,ARS,0.087516,0.086462,0.08857,Internal
2025-11-23,ARS,MXN,0.047843,0.04757,0.048116,Central Bank
2025-11-23,ARS,COP,11.571139,11.40776,11.734518,Reuters
2025-11-24,MXN,USD,0.057819,0.057078,0.058559,Reuters
2025-11-24,COP,USD,0.000251,0.000247,0.000254,Reuters
2025-11-24,ARS,USD,0.002886,0.002866,0.002905,Reuters
2025-11-24,USD,MXN,17.056235,16.913535,17.198936,Bloomberg
2025-11-24,USD,COP,4050.741072,3997.090313,4104.39183,Central Bank
2025-11-24,USD,ARS,353.394944,349.464013,357.325875,Reuters
2025-11-24,MXN,COP,233.356661,230.832127,235.881195,Bloomberg
2025-11-24,MXN,ARS,20.719545,20.54252,20.89657,Central Bank
2025-11-24,COP,MXN,0.004169,0.004131,0.004207,Reuters
2025-11-24,COP,ARS,0.086949,0.08593,0.087969,Internal
2025-11-24,ARS,MXN,0.048046,0.047442,0.048649,Central Bank
2025-11-24,ARS,COP,11.630986,11.533847,11.728125,Central Bank
2025-11-25,MXN,USD,0.05824,0.057662,0.058817,Internal
2025-11-25,COP,USD,0.000254,0.00025,0.000257,Bloomberg
2025-11-25,ARS,USD,0.002827,0.002809,0.002845,Internal
2025-11-25,USD,MXN,17.233429,17.011661,17.455197,Internal
2025-11-25,USD,COP,4058.940028,3999.769274,4118.110782,Bloomberg
2025-11-25,USD,ARS,355.369276,350.656869,360.081683,Bloomberg
2025-11-25,MXN,COP,232.625688,229.542149,235.709226,Central Bank
2025-11-25,MXN,ARS,20.291705,20.173977,20.409433,Central Bank
2025-11-25,COP,MXN,0.004316,0.004256,0.004375,Bloomberg
2025-11-25,COP,ARS,0.086987,0.085803,0.08817,Internal
2025-11-25,ARS,MXN,0.049041,0.048378,0.049704,Reuters
2025-11-25,ARS,COP,11.601063,11.432359,11.769768,Central Bank
2025-11-26,MXN,USD,0.057813,0.057431,0.058195,Reuters
2025-11-26,COP,USD,0.000254,0.000252,0.000257,Internal
2025-11-26,ARS,USD,0.002902,0.002881,0.002923,Central Bank
2025-11-26,USD,MXN,16.867953,16.641709,17.094197,Bloomberg
2025-11-26,USD,COP,3958.176885,3899.278234,4017.075535,Central Bank
2025-11-26,USD,ARS,356.948362,353.36507,360.531655,Bloomberg
2025-11-26,MXN,COP,239.755191,238.427335,241.083047,Internal
2025-11-26,MXN,ARS,20.779297,20.605929,20.952665,Reuters
2025-11-26,COP,MXN,0.004279,0.004257,0.004302,Bloomberg
2025-11-26,COP,ARS,0.088599,0.087684,0.089514,Central Bank
2025-11-26,ARS,MXN,0.048073,0.047632,0.048514,Reuters
2025-11-26,ARS,COP,11.526978,11.391246,11.662709,Central Bank
2025-11-27,MXN,USD,0.057951,0.057371,0.058531,Reuters
2025-11-27,COP,USD,0.000246,0.000244,0.000248,Central Bank
2025-11-27,ARS,USD,0.002851,0.002833,0.002869,Reuters
2025-11-27,USD,MXN,17.32131,17.223846,17.418774,Internal
2025-11-27,USD,COP,4005.273415,3959.552038,4050.994792,Bloomberg
2025-11-27,USD,ARS,345.572035,343.622211,347.521859,Internal
2025-11-27,MXN,COP,238.700038,235.467952,241.932123,Bloomberg
2025-11-27,MXN,ARS,20.723903,20.420786,21.027021,Reuters
2025-11-27,COP,MXN,0.004197,0.004163,0.004231,Internal
2025-11-27,COP,ARS,0.086645,0.085585,0.087706,Reuters
2025-11-27,ARS,MXN,0.048193,0.047902,0.048485,Internal
2025-11-27,ARS,COP,11.365131,11.209339,11.520923,Central Bank
2025-11-28,MXN,USD,0.058339,0.057817,0.058862,Central Bank
2025-11-28,COP,USD,0.000245,0.000243,0.000247,Bloomberg
2025-11-28,ARS,USD,0.002814,0.00279,0.002837,Reuters
2025-11-28,USD,MXN,17.312829,17.147454,17.478204,Reuters
2025-11-28,USD,COP,3941.305279,3893.191729,3989.418828,Bloomberg
2025-11-28,USD,ARS,352.584855,350.370964,354.798747,Bloomberg
2025-11-28,MXN,COP,236.205139,234.180056,238.230222,Internal
2025-11-28,MXN,ARS,20.283922,20.165244,20.402601,Internal
2025-11-28,COP,MXN,0.0043,0.004275,0.004325,Internal
2025-11-28,COP,ARS,0.088254,0.087013,0.089495,Internal
2025-11-28,ARS,MXN,0.048554,0.04808,0.049028,Internal
2025-11-28,ARS,COP,11.619577,11.460997,11.778157,Bloomberg
2025-11-29,MXN,USD,0.058824,0.058256,0.059391,Central Bank
2025-11-29,COP,USD,0.000246,0.000245,0.000248,Central Bank
2025-11-29,ARS,USD,0.002861,0.00283,0.002892,Internal
2025-11-29,USD,MXN,17.097392,16.875146,17.319637,Central Bank
2025-11-29,USD,COP,3964.4376,3925.722825,4003.152375,Central Bank
2025-11-29,USD,ARS,346.84875,344.709009,348.988492,Reuters
2025-11-29,MXN,COP,233.591389,230.696576,236.486203,Internal
2025-11-29,MXN,ARS,20.941853,20.667831,21.215874,Central Bank
2025-11-29,COP,MXN,0.004275,0.00422,0.00433,Bloomberg
2025-11-29,COP,ARS,0.086732,0.085831,0.087633,Central Bank
2025-11-29,ARS,MXN,0.048569,0.047853,0.049285,Internal
2025-11-29,ARS,COP,11.55605,11.414152,11.697948,Central Bank
2025-11-30,MXN,USD,0.058231,0.05757,0.058891,Central Bank
2025-11-30,COP,USD,0.000248,0.000246,0.000251,Reuters
2025-11-30,ARS,USD,0.002858,0.002826,0.00289,Central Bank
2025-11-30,USD,MXN,17.181717,17.003142,17.360293,Reuters
2025-11-30,USD,COP,3958.148156,3922.869276,3993.427036,Bloomberg
2025-11-30,USD,ARS,343.461555,338.651281,348.271828,Reuters
2025-11-30,MXN,COP,236.244242,233.250537,239.237946,Bloomberg
2025-11-30,MXN,ARS,20.54546,20.3042,20.786719,Reuters
2025-11-30,COP,MXN,0.004208,0.004147,0.004269,Bloomberg
2025-11-30,COP,ARS,0.087558,0.086378,0.088738,Internal
2025-11-30,ARS,MXN,0.047616,0.046913,0.04832,Internal
2025-11-30,ARS,COP,11.640473,11.573574,11.707371,Reuters
2025-12-01,MXN,USD,0.058111,0.057496,0.058726,Reuters
2025-12-01,COP,USD,0.000247,0.000244,0.00025,Reuters
2025-12-01,ARS,USD,0.002841,0.002808,0.002874,Reuters
2025-12-01,USD,MXN,17.173918,16.972336,17.3755,Reuters
2025-12-01,USD,COP,3965.186486,3915.252056,4015.120917,Central Bank
2025-12-01,USD,ARS,349.302458,344.27577,354.329146,Internal
2025-12-01,MXN,COP,234.880306,232.065163,237.695449,Bloomberg
2025-12-01,MXN,ARS,20.707107,20.417728,20.996487,Bloomberg
2025-12-01,COP,MXN,0.004331,0.004274,0.004387,Central Bank
2025-12-01,COP,ARS,0.088341,0.087497,0.089185,Bloomberg
2025-12-01,ARS,MXN,0.048919,0.04867,0.049169,Reuters
2025-12-01,ARS,COP,11.209904,11.069096,11.350711,Reuters
2025-12-02,MXN,USD,0.058811,0.057946,0.059675,Central Bank
2025-12-02,COP,USD,0.000253,0.000251,0.000255,Central Bank
2025-12-02,ARS,USD,0.002879,0.002854,0.002904,Internal
2025-12-02,USD,MXN,17.025442,16.937655,17.113229,Reuters
2025-12-02,USD,COP,3935.164537,3880.555346,3989.773729,Reuters
2025-12-02,USD,ARS,350.727325,347.539722,353.914927,Central Bank
2025-12-02,MXN,COP,235.499451,233.716456,237.282446,Reuters
2025-12-02,MXN,ARS,20.299123,20.10965,20.488596,Reuters
2025-12-02,COP,MXN,0.004216,0.004155,0.004277,Internal
2025-12-02,COP,ARS,0.085958,0.085305,0.08661,Internal
2025-12-02,ARS,MXN,0.048513,0.048215,0.048812,Central Bank
2025-12-02,ARS,COP,11.647846,11.531125,11.764566,Internal
2025-12-03,MXN,USD,0.059479,0.059044,0.059914,Bloomberg
2025-12-03,COP,USD,0.000248,0.000245,0.000251,Reuters
2025-12-03,ARS,USD,0.002875,0.002855,0.002896,Central Bank
2025-12-03,USD,MXN,16.975235,16.867509,17.08296,Internal
2025-12-03,USD,COP,4025.505124,3974.273413,4076.736834,Internal
2025-12-03,USD,ARS,352.201759,349.537821,354.865697,Central Bank
2025-12-03,MXN,COP,237.691884,234.984366,240.399402,Central Bank
2025-12-03,MXN,ARS,20.391232,20.093417,20.689048,Central Bank
2025-12-03,COP,MXN,0.004301,0.004261,0.004342,Bloomberg
2025-12-03,COP,ARS,0.086664,0.085501,0.087827,Bloomberg
2025-12-03,ARS,MXN,0.048151,0.0479,0.048403,Central Bank
2025-12-03,ARS,COP,11.248129,11.08673,11.409528,Bloomberg
2025-12-04,MXN,USD,0.057786,0.057202,0.058371,Reuters
2025-12-04,COP,USD,0.000247,0.000246,0.000249,Reuters
2025-12-04,ARS,USD,0.002905,0.002871,0.00294,Reuters
2025-12-04,USD,MXN,16.72589,16.510604,16.941176,Bloomberg
2025-12-04,USD,COP,3994.194627,3950.471083,4037.918172,Internal
2025-12-04,USD,ARS,343.796173,341.23238,346.359966,Bloomberg
2025-12-04,MXN,COP,239.092032,236.796045,241.388019,Bloomberg
2025-12-04,MXN,ARS,20.77669,20.640694,20.912685,Internal
2025-12-04,COP,MXN,0.004302,0.00426,0.004344,Central Bank
2025-12-04,COP,ARS,0.089154,0.088,0.090307,Reuters
2025-12-04,ARS,MXN,0.048008,0.047702,0.048314,Central Bank
2025-12-04,ARS,COP,11.600155,11.46423,11.73608,Bloomberg
2025-12-05,MXN,USD,0.057938,0.057172,0.058703,Reuters
2025-12-05,COP,USD,0.000246,0.000245,0.000247,Central Bank
2025-12-05,ARS,USD,0.002873,0.002858,0.002888,Central Bank
2025-12-05,USD,MXN,16.992384,16.865307,17.119461,Internal
2025-12-05,USD,COP,4023.938437,3995.613821,4052.263053,Central Bank
2025-12-05,USD,ARS,348.046732,345.858928,350.234535,Central Bank
2025-12-05,MXN,COP,239.790784,237.850176,241.731392,Bloomberg
2025-12-05,MXN,ARS,20.709071,20.517754,20.900388,Internal
2025-12-05,COP,MXN,0.004276,0.004214,0.004338,Reuters
2025-12-05,COP,ARS,0.088607,0.087667,0.089547,Bloomberg
2025-12-05,ARS,MXN,0.048214,0.047768,0.04866,Central Bank
2025-12-05,ARS,COP,11.58058,11.510093,11.651068,Reuters
2025-12-06,MXN,USD,0.059219,0.058555,0.059883,Reuters
2025-12-06,COP,USD,0.000248,0.000246,0.000249,Central Bank
2025-12-06,ARS,USD,0.002861,0.002822,0.0029,Reuters
2025-12-06,USD,MXN,16.873917,16.71554,17.032293,Reuters
2025-12-06,USD,COP,4005.65042,3979.444503,4031.856338,Bloomberg
2025-12-06,USD,ARS,353.077713,349.106062,357.049364,Central Bank
2025-12-06,MXN,COP,235.612777,233.799238,237.426316,Reuters
2025-12-06,MXN,ARS,20.973225,20.829983,21.116466,Bloomberg
2025-12-06,COP,MXN,0.004188,0.004152,0.004223,Reuters
2025-12-06,COP,ARS,0.087826,0.086662,0.08899,Central Bank
2025-12-06,ARS,MXN,0.048948,0.048238,0.049657,Reuters
2025-12-06,ARS,COP,11.600409,11.522525,11.678294,Central Bank
2025-12-07,MXN,USD,0.058438,0.057604,0.059271,Internal
2025-12-07,COP,USD,0.000248,0.000245,0.000252,Central Bank
2025-12-07,ARS,USD,0.002867,0.002827,0.002907,Internal
2025-12-07,USD,MXN,17.209641,17.061515,17.357766,Reuters
2025-12-07,USD,COP,4065.931021,4031.040107,4100.821935,Reuters
2025-12-07,USD,ARS,352.852418,349.417891,356.286946,Internal
2025-12-07,MXN,COP,235.128693,233.282288,236.975098,Reuters
2025-12-07,MXN,ARS,20.642171,20.484353,20.79999,Bloomberg
2025-12-07,COP,MXN,0.004171,0.004132,0.004209,Central Bank
2025-12-07,COP,ARS,0.085921,0.085484,0.086358,Bloomberg
2025-12-07,ARS,MXN,0.048358,0.047852,0.048864,Bloomberg
2025-12-07,ARS,COP,11.638986,11.502624,11.775348,Reuters
2025-12-08,MXN,USD,0.059544,0.058769,0.06032,Internal
2025-12-08,COP,USD,0.00025,0.000248,0.000251,Reuters
2025-12-08,ARS,USD,0.002903,0.002864,0.002943,Internal
2025-12-08,USD,MXN,16.674074,16.573917,16.774232,Central Bank
2025-12-08,USD,COP,3923.54229,3870.713992,3976.370587,Central Bank
2025-12-08,USD,ARS,349.549039,344.796192,354.301885,Reuters
2025-12-08,MXN,COP,238.210129,236.175272,240.244986,Bloomberg
2025-12-08,MXN,ARS,20.673102,20.560739,20.785465,Internal
2025-12-08,COP,MXN,0.004175,0.00412,0.004231,Bloomberg
2025-12-08,COP,ARS,0.086245,0.085268,0.087221,Reuters
2025-12-08,ARS,MXN,0.048511,0.048055,0.048967,Bloomberg
2025-12-08,ARS,COP,11.381549,11.309154,11.453945,Central Bank
2025-12-09,MXN,USD,0.05931,0.058837,0.059782,Central Bank
2025-12-09,COP,USD,0.000252,0.000249,0.000255,Bloomberg
2025-12-09,ARS,USD,0.002815,0.002799,0.002831,Bloomberg
2025-12-09,USD,MXN,17.169673,16.915815,17.423532,Reuters
2025-12-09,USD,COP,3959.444046,3914.519346,4004.368746,Reuters
2025-12-09,USD,ARS,356.268294,351.145759,361.39083,Internal
2025-12-09,MXN,COP,235.828807,233.806605,237.85101,Bloomberg
2025-12-09,MXN,ARS,20.52843,20.264361,20.7925,Internal
2025-12-09,COP,MXN,0.004266,0.004233,0.004298,Internal
2025-12-09,COP,ARS,0.088291,0.087552,0.089029,Reuters
2025-12-09,ARS,MXN,0.048774,0.048166,0.049383,Reuters
2025-12-09,ARS,COP,11.525145,11.426716,11.623574,Internal
2025-12-10,MXN,USD,0.059372,0.058555,0.060189,Bloomberg
2025-12-10,COP,USD,0.000249,0.000248,0.000251,Central Bank
2025-12-10,ARS,USD,0.002856,0.002817,0.002896,Bloomberg
2025-12-10,USD,MXN,16.958825,16.855975,17.061675,Bloomberg
2025-12-10,USD,COP,3941.235641,3915.81208,3966.659202,Reuters
2025-12-10,USD,ARS,355.63129,353.27914,357.98344,Bloomberg
2025-12-10,MXN,COP,234.297772,231.566656,237.028889,Bloomberg
2025-12-10,MXN,ARS,20.568303,20.444408,20.692199,Internal
2025-12-10,COP,MXN,0.004321,0.004288,0.004354,Central Bank
2025-12-10,COP,ARS,0.088433,0.087746,0.089119,Central Bank
2025-12-10,ARS,MXN,0.04814,0.047455,0.048825,Reuters
2025-12-10,ARS,COP,11.503442,11.434502,11.572382,Bloomberg
2025-12-11,MXN,USD,0.058947,0.058516,0.059378,Central Bank
2025-12-11,COP,USD,0.000255,0.000251,0.000258,Reuters
2025-12-11,ARS,USD,0.002801,0.002783,0.002819,Bloomberg
2025-12-11,USD,MXN,17.02169,16.833924,17.209456,Central Bank
2025-12-11,USD,COP,3996.292463,3950.341118,4042.243808,Reuters
2025-12-11,USD,ARS,351.227275,348.875078,353.579473,Bloomberg
2025-12-11,MXN,COP,234.751561,231.391673,238.111449,Internal
2025-12-11,MXN,ARS,20.580303,20.313873,20.846734,Bloomberg
2025-12-11,COP,MXN,0.0042,0.00417,0.00423,Reuters
2025-12-11,COP,ARS,0.08651,0.085426,0.087593,Internal
2025-12-11,ARS,MXN,0.047976,0.047358,0.048594,Internal
2025-12-11,ARS,COP,11.437728,11.35584,11.519616,Internal
2025-12-12,MXN,USD,0.059458,0.058817,0.060099,Central Bank
2025-12-12,COP,USD,0.000253,0.000251,0.000255,Central Bank
2025-12-12,ARS,USD,0.002801,0.002777,0.002826,Internal
2025-12-12,USD,MXN,16.959895,16.847089,17.072701,Reuters
2025-12-12,USD,COP,3950.993607,3906.425134,3995.56208,Reuters
2025-12-12,USD,ARS,356.352631,352.087417,360.617844,Internal
2025-12-12,MXN,COP,239.589772,237.027956,242.151588,Internal
2025-12-12,MXN,ARS,20.976324,20.677108,21.27554,Reuters
2025-12-12,COP,MXN,0.004202,0.00416,0.004244,Reuters
2025-12-12,COP,ARS,0.088909,0.088041,0.089777,Central Bank
2025-12-12,ARS,MXN,0.049484,0.04906,0.049907,Central Bank
2025-12-12,ARS,COP,11.456144,11.334774,11.577514,Central Bank
2025-12-13,MXN,USD,0.058956,0.05853,0.059381,Reuters
2025-12-13,COP,USD,0.000246,0.000243,0.000248,Bloomberg
2025-12-13,ARS,USD,0.002853,0.002815,0.002892,Bloomberg
2025-12-13,USD,MXN,16.731706,16.626267,16.837146,Internal
2025-12-13,USD,COP,4078.224647,4021.574507,4134.874788,Reuters
2025-12-13,USD,ARS,356.178781,351.754767,360.602795,Reuters
2025-12-13,MXN,COP,231.074553,227.657643,234.491464,Bloomberg
2025-12-13,MXN,ARS,20.740064,20.542231,20.937897,Reuters
2025-12-13,COP,MXN,0.004268,0.004211,0.004325,Central Bank
2025-12-13,COP,ARS,0.087589,0.08679,0.088388,Central Bank
2025-12-13,ARS,MXN,0.047601,0.047335,0.047866,Bloomberg
2025-12-13,ARS,COP,11.279004,11.159359,11.398649,Internal
2025-12-14,MXN,USD,0.057848,0.057468,0.058228,Central Bank
2025-12-14,COP,USD,0.00025,0.000247,0.000254,Reuters
2025-12-14,ARS,USD,0.00284,0.002819,0.002861,Reuters
2025-12-14,USD,MXN,17.04776,16.83084,17.26468,Bloomberg
2025-12-14,USD,COP,3957.532354,3934.761257,3980.303451,Reuters
2025-12-14,USD,ARS,354.349675,349.364212,359.335137,Internal
2025-12-14,MXN,COP,239.492482,238.019633,240.965332,Reuters
2025-12-14,MXN,ARS,20.543336,20.313034,20.773638,Bloomberg
2025-12-14,COP,MXN,0.004193,0.004172,0.004215,Central Bank
2025-12-14,COP,ARS,0.08853,0.087323,0.089738,Reuters
2025-12-14,ARS,MXN,0.049424,0.048947,0.049901,Central Bank
2025-12-14,ARS,COP,11.277394,11.131319,11.42347,Reuters
2025-12-15,MXN,USD,0.057934,0.057516,0.058351,Central Bank
2025-12-15,COP,USD,0.000245,0.000243,0.000248,Internal
2025-12-15,ARS,USD,0.002856,0.002832,0.002881,Internal
2025-12-15,USD,MXN,16.880688,16.681028,17.080349,Reuters
2025-12-15,USD,COP,4071.918881,4051.360332,4092.47743,Reuters
2025-12-15,USD,ARS,351.050565,348.954913,353.146218,Reuters
2025-12-15,MXN,COP,230.993827,228.4099,233.577754,Internal
2025-12-15,MXN,ARS,20.321392,20.169366,20.473417,Internal
2025-12-15,COP,MXN,0.004271,0.00422,0.004321,Bloomberg
2025-12-15,COP,ARS,0.087309,0.086434,0.088183,Reuters
2025-12-15,ARS,MXN,0.047803,0.047128,0.048477,Reuters
2025-12-15,ARS,COP,11.550707,11.477437,11.623977,Reuters
2025-12-16,MXN,USD,0.059513,0.058669,0.060358,Reuters
2025-12-16,COP,USD,0.000253,0.000251,0.000255,Central Bank
2025-12-16,ARS,USD,0.002878,0.002844,0.002912,Internal
2025-12-16,USD,MXN,16.759441,16.594026,16.924856,Internal
2025-12-16,USD,COP,3961.726453,3934.25668,3989.196225,Reuters
2025-12-16,USD,ARS,351.466838,349.002387,353.931288,Reuters
2025-12-16,MXN,COP,231.59171,228.617814,234.565606,Internal
2025-12-16,MXN,ARS,20.546344,20.24459,20.848099,Internal
2025-12-16,COP,MXN,0.00426,0.004209,0.00431,Internal
2025-12-16,COP,ARS,0.087723,0.086639,0.088807,Reuters
2025-12-16,ARS,MXN,0.048635,0.048175,0.049096,Central Bank
2025-12-16,ARS,COP,11.637822,11.56962,11.706025,Internal
2025-12-17,MXN,USD,0.059166,0.058316,0.060017,Internal
2025-12-17,COP,USD,0.000251,0.000248,0.000255,Reuters
2025-12-17,ARS,USD,0.002909,0.002879,0.002938,Bloomberg
2025-12-17,USD,MXN,17.104121,16.941629,17.266613,Reuters
2025-12-17,USD,COP,3954.660214,3916.192854,3993.127573,Central Bank
2025-12-17,USD,ARS,356.538214,353.76171,359.314718,Bloomberg
2025-12-17,MXN,COP,238.859431,237.403548,240.315315,Reuters
2025-12-17,MXN,ARS,20.469955,20.230458,20.709453,Bloomberg
2025-12-17,COP,MXN,0.004322,0.00429,0.004355,Bloomberg
2025-12-17,COP,ARS,0.089203,0.088366,0.09004,Central Bank
2025-12-17,ARS,MXN,0.048125,0.047883,0.048367,Central Bank
2025-12-17,ARS,COP,11.420559,11.296169,11.54495,Internal
2025-12-18,MXN,USD,0.058458,0.057697,0.059219,Internal
2025-12-18,COP,USD,0.000249,0.000246,0.000252,Bloomberg
2025-12-18,ARS,USD,0.002913,0.002872,0.002953,Bloomberg
2025-12-18,USD,MXN,17.174659,16.945604,17.403714,Bloomberg
2025-12-18,USD,COP,4026.916851,3968.584971,4085.248731,Bloomberg
2025-12-18,USD,ARS,349.574721,347.098534,352.050909,Reuters
2025-12-18,MXN,COP,237.894724,236.424987,239.364461,Reuters
2025-12-18,MXN,ARS,20.497146,20.295502,20.698791,Bloomberg
2025-12-18,COP,MXN,0.004333,0.004305,0.004361,Bloomberg
2025-12-18,COP,ARS,0.085767,0.084864,0.08667,Reuters
2025-12-18,ARS,MXN,0.04849,0.048002,0.048977,Reuters
2025-12-18,ARS,COP,11.560078,11.488968,11.631189,Bloomberg
2025-12-19,MXN,USD,0.057981,0.057514,0.058448,Reuters
2025-12-19,COP,USD,0.000253,0.000251,0.000255,Central Bank
2025-12-19,ARS,USD,0.002866,0.00283,0.002903,Central Bank
2025-12-19,USD,MXN,17.255314,17.111466,17.399162,Internal
2025-12-19,USD,COP,4049.791622,4020.922382,4078.660861,Central Bank
2025-12-19,USD,ARS,352.768969,350.280045,355.257893,Bloomberg
2025-12-19,MXN,COP,239.076463,237.238759,240.914166,Bloomberg
2025-12-19,MXN,ARS,20.853259,20.664399,21.042119,Bloomberg
2025-12-19,COP,MXN,0.004186,0.004144,0.004229,Internal
2025-12-19,COP,ARS,0.088313,0.087398,0.089228,Internal
2025-12-19,ARS,MXN,0.049282,0.04864,0.049924,Central Bank
2025-12-19,ARS,COP,11.536625,11.386503,11.686747,Internal
2025-12-20,MXN,USD,0.057751,0.057174,0.058327,Internal
2025-12-20,COP,USD,0.000246,0.000244,0.000248,Bloomberg
2025-12-20,ARS,USD,0.002828,0.002802,0.002855,Central Bank
2025-12-20,USD,MXN,17.193075,16.981041,17.40511,Central Bank
2025-12-20,USD,COP,4036.731498,3989.88619,4083.576807,Reuters
2025-12-20,USD,ARS,355.48432,352.698348,358.270293,Internal
2025-12-20,MXN,COP,235.857123,234.483378,237.230869,Internal
2025-12-20,MXN,ARS,20.372768,20.085426,20.660111,Internal
2025-12-20,COP,MXN,0.004239,0.004181,0.004298,Reuters
2025-12-20,COP,ARS,0.088872,0.087799,0.089946,Reuters
2025-12-20,ARS,MXN,0.049217,0.048608,0.049827,Reuters
2025-12-20,ARS,COP,11.644451,11.48919,11.799711,Internal
2025-12-21,MXN,USD,0.058657,0.058056,0.059257,Reuters
2025-12-21,COP,USD,0.000253,0.00025,0.000256,Reuters
2025-12-21,ARS,USD,0.002808,0.002789,0.002826,Reuters
2025-12-21,USD,MXN,17.260018,17.065365,17.45467,Reuters
2025-12-21,USD,COP,3937.41233,3888.824143,3986.000516,Internal
2025-12-21,USD,ARS,345.423693,342.980719,347.866668,Reuters
2025-12-21,MXN,COP,237.045171,235.452167,238.638174,Bloomberg
2025-12-21,MXN,ARS,20.288761,20.042505,20.535018,Bloomberg
2025-12-21,COP,MXN,0.004186,0.004141,0.00423,Central Bank
2025-12-21,COP,ARS,0.0858,0.084772,0.086829,Central Bank
2025-12-21,ARS,MXN,0.048011,0.047305,0.048717,Central Bank
2025-12-21,ARS,COP,11.332328,11.244718,11.419939,Reuters
2025-12-22,MXN,USD,0.059819,0.05931,0.060328,Internal
2025-12-22,COP,USD,0.000254,0.000252,0.000257,Reuters
2025-12-22,ARS,USD,0.002895,0.002861,0.002929,Central Bank
2025-12-22,USD,MXN,17.15918,16.993652,17.324708,Internal
2025-12-22,USD,COP,3982.494044,3950.765479,4014.22261,Internal
2025-12-22,USD,ARS,350.672788,345.9814,355.364176,Central Bank
2025-12-22,MXN,COP,238.982994,236.827679,241.138308,Reuters
2025-12-22,MXN,ARS,20.481657,20.245522,20.717791,Internal
2025-12-22,COP,MXN,0.004322,0.004264,0.004379,Internal
2025-12-22,COP,ARS,0.088381,0.087586,0.089176,Reuters
2025-12-22,ARS,MXN,0.049186,0.048586,0.049786,Internal
2025-12-22,ARS,COP,11.383255,11.297686,11.468824,Internal
2025-12-23,MXN,USD,0.057757,0.057265,0.05825,Central Bank
2025-12-23,COP,USD,0.00025,0.000247,0.000253,Reuters
2025-12-23,ARS,USD,0.002897,0.002879,0.002916,Internal
2025-12-23,USD,MXN,16.871379,16.638475,17.104282,Bloomberg
2025-12-23,USD,COP,3931.297542,3897.340694,3965.254391,Reuters
2025-12-23,USD,ARS,351.025169,347.384033,354.666305,Internal
2025-12-23,MXN,COP,235.569127,232.993686,238.144568,Internal
2025-12-23,MXN,ARS,20.996762,20.793509,21.200015,Reuters
2025-12-23,COP,MXN,0.004291,0.004263,0.004318,Central Bank
2025-12-23,COP,ARS,0.087259,0.086223,0.088295,Reuters
2025-12-23,ARS,MXN,0.048945,0.048498,0.049393,Bloomberg
2025-12-23,ARS,COP,11.47196,11.353086,11.590833,Bloomberg
2025-12-24,MXN,USD,0.059166,0.058614,0.059717,Reuters
2025-12-24,COP,USD,0.000245,0.000243,0.000248,Internal
2025-12-24,ARS,USD,0.002816,0.00279,0.002842,Internal
2025-12-24,USD,MXN,16.797475,16.707202,16.887749,Bloomberg
2025-12-24,USD,COP,4048.016064,4024.22506,4071.807068,Bloomberg
2025-12-24,USD,ARS,343.778536,341.753811,345.803261,Bloomberg
2025-12-24,MXN,COP,239.998349,236.828544,243.168154,Bloomberg
2025-12-24,MXN,ARS,20.375612,20.269696,20.481528,Central Bank
2025-12-24,COP,MXN,0.004183,0.004158,0.004209,Reuters
2025-12-24,COP,ARS,0.08809,0.087297,0.088883,Reuters
2025-12-24,ARS,MXN,0.048575,0.048175,0.048975,Internal
2025-12-24,ARS,COP,11.346186,11.274316,11.418056,Reuters
2025-12-25,MXN,USD,0.058483,0.057858,0.059109,Central Bank
2025-12-25,COP,USD,0.000248,0.000247,0.00025,Internal
2025-12-25,ARS,USD,0.00287,0.002828,0.002911,Reuters
2025-12-25,USD,MXN,16.969279,16.722597,17.215962,Bloomberg
2025-12-25,USD,COP,3970.780999,3913.702636,4027.859361,Bloomberg
2025-12-25,USD,ARS,352.102337,348.735265,355.469409,Central Bank
2025-12-25,MXN,COP,236.769231,234.808359,238.730103,Internal
2025-12-25,MXN,ARS,20.963139,20.666748,21.25953,Internal
2025-12-25,COP,MXN,0.00433,0.004298,0.004363,Bloomberg
2025-12-25,COP,ARS,0.088578,0.087654,0.089501,Reuters
2025-12-25,ARS,MXN,0.048981,0.048371,0.04959,Internal
2025-12-25,ARS,COP,11.503677,11.438303,11.569052,Bloomberg
2025-12-26,MXN,USD,0.058417,0.057726,0.059107,Central Bank
2025-12-26,COP,USD,0.000252,0.000249,0.000255,Central Bank
2025-12-26,ARS,USD,0.002889,0.002848,0.002929,Internal
2025-12-26,USD,MXN,16.747658,16.519771,16.975545,Reuters
2025-12-26,USD,COP,4021.411297,3984.377914,4058.444679,Bloomberg
2025-12-26,USD,ARS,351.286756,348.148591,354.424922,Reuters
2025-12-26,MXN,COP,231.8813,229.504029,234.258572,Reuters
2025-12-26,MXN,ARS,20.865361,20.659786,21.070936,Internal
2025-12-26,COP,MXN,0.004198,0.004156,0.004239,Central Bank
2025-12-26,COP,ARS,0.086067,0.084881,0.087252,Bloomberg
2025-12-26,ARS,MXN,0.048873,0.048173,0.049572,Internal
2025-12-26,ARS,COP,11.571744,11.443678,11.699811,Central Bank
2025-12-27,MXN,USD,0.059246,0.058359,0.060133,Reuters
2025-12-27,COP,USD,0.000254,0.00025,0.000257,Bloomberg
2025-12-27,ARS,USD,0.002896,0.002876,0.002916,Internal
2025-12-27,USD,MXN,16.768015,16.53073,17.0053,Central Bank
2025-12-27,USD,COP,4044.135289,3991.494745,4096.775833,Central Bank
2025-12-27,USD,ARS,351.009837,347.029695,354.989978,Reuters
2025-12-27,MXN,COP,237.468326,235.372215,239.564438,Reuters
2025-12-27,MXN,ARS,20.848067,20.593068,21.103065,Internal
2025-12-27,COP,MXN,0.004282,0.004254,0.00431,Central Bank
2025-12-27,COP,ARS,0.087117,0.086312,0.087923,Bloomberg
2025-12-27,ARS,MXN,0.048828,0.048469,0.049188,Bloomberg
2025-12-27,ARS,COP,11.650474,11.551118,11.74983,Bloomberg
2025-12-28,MXN,USD,0.058325,0.057606,0.059043,Internal
2025-12-28,COP,USD,0.000246,0.000244,0.000248,Central Bank
2025-12-28,ARS,USD,0.002909,0.002894,0.002924,Central Bank
2025-12-28,USD,MXN,17.097379,16.958227,17.236531,Reuters
2025-12-28,USD,COP,3930.487322,3900.078934,3960.895711,Bloomberg
2025-12-28,USD,ARS,343.858036,339.098541,348.617532,Reuters
2025-12-28,MXN,COP,232.372955,229.008041,235.737869,Central Bank
2025-12-28,MXN,ARS,20.578237,20.399397,20.757077,Bloomberg
2025-12-28,COP,MXN,0.00429,0.004258,0.004322,Bloomberg
2025-12-28,COP,ARS,0.087554,0.086368,0.088741,Internal
2025-12-28,ARS,MXN,0.047647,0.047283,0.048012,Central Bank
2025-12-28,ARS,COP,11.338185,11.192179,11.484191,Central Bank
2025-12-29,MXN,USD,0.057704,0.057058,0.05835,Internal
2025-12-29,COP,USD,0.00025,0.000247,0.000253,Bloomberg
2025-12-29,ARS,USD,0.002827,0.002804,0.00285,Bloomberg
2025-12-29,USD,MXN,17.298318,17.189474,17.407162,Internal
2025-12-29,USD,COP,3995.954419,3950.277889,4041.630949,Internal
2025-12-29,USD,ARS,349.106312,346.162831,352.049794,Internal
2025-12-29,MXN,COP,234.332583,232.135548,236.529617,Internal
2025-12-29,MXN,ARS,20.470444,20.174234,20.766654,Reuters
2025-12-29,COP,MXN,0.004219,0.004175,0.004264,Central Bank
2025-12-29,COP,ARS,0.086758,0.085511,0.088006,Bloomberg
2025-12-29,ARS,MXN,0.049366,0.048919,0.049814,Central Bank
2025-12-29,ARS,COP,11.355239,11.220868,11.48961,Bloomberg
2025-12-30,MXN,USD,0.059526,0.058885,0.060167,Bloomberg
2025-12-30,COP,USD,0.000251,0.000249,0.000253,Central Bank
2025-12-30,ARS,USD,0.002895,0.002853,0.002937,Reuters
2025-12-30,USD,MXN,16.700031,16.509372,16.89069,Bloomberg
2025-12-30,USD,COP,4061.55236,4007.513142,4115.591579,Bloomberg
2025-12-30,USD,ARS,351.912228,348.148899,355.675556,Internal
2025-12-30,MXN,COP,232.071506,229.475252,234.66776,Reuters
2025-12-30,MXN,ARS,20.591732,20.30517,20.878295,Internal
2025-12-30,COP,MXN,0.004245,0.004215,0.004276,Central Bank
2025-12-30,COP,ARS,0.08866,0.087682,0.089638,Central Bank
2025-12-30,ARS,MXN,0.048029,0.047348,0.048711,Central Bank
2025-12-30,ARS,COP,11.267675,11.161578,11.373772,Bloomberg
2025-12-31,MXN,USD,0.058982,0.058223,0.059741,Reuters
2025-12-31,COP,USD,0.00025,0.000246,0.000253,Reuters
2025-12-31,ARS,USD,0.002892,0.002875,0.002909,Central Bank
2025-12-31,USD,MXN,16.946567,16.747726,17.145408,Bloomberg
2025-12-31,USD,COP,3925.375429,3869.39412,3981.356739,Internal
2025-12-31,USD,ARS,354.989249,350.652542,359.325956,Reuters
2025-12-31,MXN,COP,236.216847,234.927438,237.506256,Reuters
2025-12-31,MXN,ARS,20.863426,20.719554,21.007298,Reuters
2025-12-31,COP,MXN,0.004314,0.004276,0.004353,Reuters
2025-12-31,COP,ARS,0.086628,0.085482,0.087775,Internal
2025-12-31,ARS,MXN,0.048743,0.048376,0.04911,Bloomberg
2025-12-31,ARS,COP,11.515437,11.344942,11.685932,Central Bank
2026-01-01,MXN,USD,0.059133,0.058563,0.059703,Bloomberg
2026-01-01,COP,USD,0.000247,0.000243,0.00025,Internal
2026-01-01,ARS,USD,0.002845,0.002817,0.002874,Reuters
2026-01-01,USD,MXN,16.766903,16.59779,16.936016,Internal
2026-01-01,USD,COP,4067.478514,4034.141149,4100.81588,Internal
2026-01-01,USD,ARS,344.48993,340.695081,348.284779,Bloomberg
2026-01-01,MXN,COP,232.360988,229.455059,235.266918,Bloomberg
2026-01-01,MXN,ARS,20.208994,20.099138,20.318849,Central Bank
2026-01-01,COP,MXN,0.004318,0.004268,0.004368,Bloomberg
2026-01-01,COP,ARS,0.087969,0.087406,0.088533,Internal
2026-01-01,ARS,MXN,0.048854,0.048377,0.049331,Internal
2026-01-01,ARS,COP,11.604438,11.513496,11.695381,Reuters
2026-01-02,MXN,USD,0.058945,0.058579,0.059311,Bloomberg
2026-01-02,COP,USD,0.000251,0.000249,0.000253,Internal
2026-01-02,ARS,USD,0.002875,0.002853,0.002896,Reuters
2026-01-02,USD,MXN,17.206329,17.010569,17.402089,Bloomberg
2026-01-02,USD,COP,3949.40968,3918.326165,3980.493195,Internal
2026-01-02,USD,ARS,347.951899,343.466964,352.436833,Internal
2026-01-02,MXN,COP,238.641606,236.187507,241.095706,Central Bank
2026-01-02,MXN,ARS,20.451682,20.196329,20.707034,Bloomberg
2026-01-02,COP,MXN,0.004222,0.004181,0.004262,Internal
2026-01-02,COP,ARS,0.086464,0.085191,0.087738,Central Bank
2026-01-02,ARS,MXN,0.049189,0.048689,0.049688,Central Bank
2026-01-02,ARS,COP,11.560049,11.404783,11.715316,Internal
2026-01-03,MXN,USD,0.058579,0.05789,0.059267,Reuters
2026-01-03,COP,USD,0.000252,0.000249,0.000255,Internal
2026-01-03,ARS,USD,0.002837,0.002812,0.002863,Central Bank
2026-01-03,USD,MXN,17.194236,16.998124,17.390347,Bloomberg
2026-01-03,USD,COP,4032.854257,3994.634763,4071.07375,Reuters
2026-01-03,USD,ARS,345.148247,341.457339,348.839155,Internal
2026-01-03,MXN,COP,237.52248,235.109638,239.935321,Bloomberg
2026-01-03,MXN,ARS,20.249168,20.033726,20.46461,Bloomberg
2026-01-03,COP,MXN,0.00433,0.004303,0.004357,Central Bank
2026-01-03,COP,ARS,0.088313,0.087573,0.089054,Internal
2026-01-03,ARS,MXN,0.049383,0.048823,0.049943,Bloomberg
2026-01-03,ARS,COP,11.407158,11.335241,11.479076,Internal
2026-01-04,MXN,USD,0.05858,0.058261,0.058899,Central Bank
2026-01-04,COP,USD,0.000248,0.000244,0.000251,Reuters
2026-01-04,ARS,USD,0.002824,0.002805,0.002844,Internal
2026-01-04,USD,MXN,16.691442,16.595053,16.787832,Internal
2026-01-04,USD,COP,3944.840889,3901.82881,3987.852968,Bloomberg
2026-01-04,USD,ARS,344.706037,340.845558,348.566515,Bloomberg
2026-01-04,MXN,COP,233.992505,231.050729,236.93428,Reuters
2026-01-04,MXN,ARS,20.911464,20.666555,21.156373,Bloomberg
2026-01-04,COP,MXN,0.004193,0.004146,0.004241,Central Bank
2026-01-04,COP,ARS,0.086054,0.084773,0.087336,Reuters
2026-01-04,ARS,MXN,0.048703,0.048022,0.049384,Reuters
2026-01-04,ARS,COP,11.211692,11.065351,11.358034,Reuters
2026-01-05,MXN,USD,0.058113,0.057791,0.058435,Internal
2026-01-05,COP,USD,0.00025,0.000249,0.000252,Reuters
2026-01-05,ARS,USD,0.002886,0.00286,0.002912,Central Bank
2026-01-05,USD,MXN,16.694202,16.447631,16.940774,Bloomberg
2026-01-05,USD,COP,3969.712618,3934.01543,4005.409806,Internal
2026-01-05,USD,ARS,348.282001,345.465766,351.098236,Bloomberg
2026-01-05,MXN,COP,234.648749,231.869842,237.427656,Central Bank
2026-01-05,MXN,ARS,20.736477,20.515619,20.957334,Reuters
2026-01-05,COP,MXN,0.004201,0.004163,0.004239,Bloomberg
2026-01-05,COP,ARS,0.088826,0.087721,0.08993,Central Bank
2026-01-05,ARS,MXN,0.048629,0.048222,0.049035,Bloomberg
2026-01-05,ARS,COP,11.352776,11.224125,11.481427,Bloomberg
2026-01-06,MXN,USD,0.05899,0.058228,0.059753,Internal
2026-01-06,COP,USD,0.000249,0.000246,0.000252,Bloomberg
2026-01-06,ARS,USD,0.002824,0.002784,0.002864,Bloomberg
2026-01-06,USD,MXN,16.882628,16.674228,17.091029,Bloomberg
2026-01-06,USD,COP,3998.05466,3952.796391,4043.312929,Reuters
2026-01-06,USD,ARS,353.049761,348.170722,357.9288,Bloomberg
2026-01-06,MXN,COP,235.045427,233.741272,236.349582,Reuters
2026-01-06,MXN,ARS,20.561491,20.419116,20.703866,Bloomberg
2026-01-06,COP,MXN,0.004208,0.004176,0.00424,Internal
2026-01-06,COP,ARS,0.087207,0.086679,0.087735,Reuters
2026-01-06,ARS,MXN,0.047795,0.047098,0.048491,Internal
2026-01-06,ARS,COP,11.239741,11.178125,11.301357,Internal
2026-01-07,MXN,USD,0.059694,0.05916,0.060229,Internal
2026-01-07,COP,USD,0.000253,0.000249,0.000256,Internal
2026-01-07,ARS,USD,0.002908,0.002875,0.00294,Bloomberg
2026-01-07,USD,MXN,16.844851,16.718417,16.971285,Reuters
2026-01-07,USD,COP,4062.319007,4011.38112,4113.256894,Reuters
2026-01-07,USD,ARS,344.167386,339.152605,349.182168,Reuters
2026-01-07,MXN,COP,234.513769,233.137929,235.889608,Reuters
2026-01-07,MXN,ARS,20.401354,20.125916,20.676792,Bloomberg
2026-01-07,COP,MXN,0.004283,0.004252,0.004315,Central Bank
2026-01-07,COP,ARS,0.087656,0.08674,0.088571,Central Bank
2026-01-07,ARS,MXN,0.048368,0.047767,0.048968,Reuters
2026-01-07,ARS,COP,11.414362,11.290445,11.538278,Bloomberg
2026-01-08,MXN,USD,0.059166,0.058402,0.059929,Bloomberg
2026-01-08,COP,USD,0.00025,0.000247,0.000252,Bloomberg
2026-01-08,ARS,USD,0.002872,0.00284,0.002904,Central Bank
2026-01-08,USD,MXN,16.72192,16.525697,16.918143,Bloomberg
2026-01-08,USD,COP,3945.590875,3894.306142,3996.875608,Central Bank
2026-01-08,USD,ARS,348.39778,346.322026,350.473535,Reuters
2026-01-08,MXN,COP,232.285935,231.110791,233.461078,Bloomberg
2026-01-08,MXN,ARS,20.374497,20.252371,20.496623,Bloomberg
2026-01-08,COP,MXN,0.004202,0.004142,0.004262,Bloomberg
2026-01-08,COP,ARS,0.088598,0.087805,0.089391,Bloomberg
2026-01-08,ARS,MXN,0.048919,0.048532,0.049306,Central Bank
2026-01-08,ARS,COP,11.471382,11.393671,11.549092,Bloomberg
2026-01-09,MXN,USD,0.058788,0.058386,0.05919,Central Bank
2026-01-09,COP,USD,0.00025,0.000247,0.000254,Internal
2026-01-09,ARS,USD,0.002821,0.002784,0.002859,Bloomberg
2026-01-09,USD,MXN,17.083249,16.894583,17.271916,Bloomberg
2026-01-09,USD,COP,3935.629313,3885.517603,3985.741022,Internal
2026-01-09,USD,ARS,351.898455,348.735405,355.061505,Central Bank
2026-01-09,MXN,COP,230.661671,229.495208,231.828134,Central Bank
2026-01-09,MXN,ARS,20.716836,20.480902,20.952771,Central Bank
2026-01-09,COP,MXN,0.004327,0.004289,0.004365,Reuters
2026-01-09,COP,ARS,0.0887,0.087473,0.089927,Bloomberg
2026-01-09,ARS,MXN,0.049424,0.048757,0.050092,Bloomberg
2026-01-09,ARS,COP,11.317567,11.236226,11.398909,Internal
2026-01-10,MXN,USD,0.057915,0.057096,0.058733,Reuters
2026-01-10,COP,USD,0.000248,0.000245,0.00025,Internal
2026-01-10,ARS,USD,0.002871,0.002853,0.002888,Central Bank
2026-01-10,USD,MXN,17.270578,17.065067,17.47609,Internal
2026-01-10,USD,COP,3921.72717,3883.190996,3960.263343,Bloomberg
2026-01-10,USD,ARS,355.68559,350.906008,360.465173,Central Bank
2026-01-10,MXN,COP,231.026701,229.323075,232.730328,Central Bank
2026-01-10,MXN,ARS,20.885569,20.667248,21.103889,Bloomberg
2026-01-10,COP,MXN,0.004213,0.004162,0.004264,Central Bank
2026-01-10,COP,ARS,0.086376,0.085767,0.086984,Central Bank
2026-01-10,ARS,MXN,0.048339,0.047768,0.04891,Central Bank
2026-01-10,ARS,COP,11.371272,11.246154,11.496391,Bloomberg
2026-01-11,MXN,USD,0.058066,0.05737,0.058761,Bloomberg
2026-01-11,COP,USD,0.000246,0.000243,0.000249,Reuters
2026-01-11,ARS,USD,0.002821,0.002795,0.002848,Bloomberg
2026-01-11,USD,MXN,16.905443,16.710094,17.100793,Central Bank
2026-01-11,USD,COP,4061.448927,4037.557136,4085.340718,Central Bank
2026-01-11,USD,ARS,344.382194,341.050908,347.713481,Reuters
2026-01-11,MXN,COP,237.41691,235.836605,238.997214,Bloomberg
2026-01-11,MXN,ARS,20.314383,20.134341,20.494425,Central Bank
2026-01-11,COP,MXN,0.004182,0.00413,0.004235,Internal
2026-01-11,COP,ARS,0.087311,0.086777,0.087844,Internal
2026-01-11,ARS,MXN,0.049518,0.049039,0.049997,Internal
2026-01-11,ARS,COP,11.536848,11.369208,11.704488,Central Bank
2026-01-12,MXN,USD,0.058069,0.057723,0.058415,Bloomberg
2026-01-12,COP,USD,0.00025,0.000247,0.000254,Bloomberg
2026-01-12,ARS,USD,0.002849,0.002828,0.00287,Central Bank
2026-01-12,USD,MXN,16.77603,16.685306,16.866754,Reuters
2026-01-12,USD,COP,3933.387098,3886.746194,3980.028001,Reuters
2026-01-12,USD,ARS,345.92202,341.227408,350.616632,Reuters
2026-01-12,MXN,COP,239.486342,238.26035,240.712334,Bloomberg
2026-01-12,MXN,ARS,20.24038,20.033542,20.447217,Central Bank
2026-01-12,COP,MXN,0.004175,0.00414,0.00421,Internal
2026-01-12,COP,ARS,0.086878,0.086166,0.08759,Reuters
2026-01-12,ARS,MXN,0.048575,0.048252,0.048897,Reuters
2026-01-12,ARS,COP,11.388736,11.276057,11.501415,Central Bank
2026-01-13,MXN,USD,0.058195,0.057615,0.058775,Reuters
2026-01-13,COP,USD,0.000249,0.000247,0.000252,Central Bank
2026-01-13,ARS,USD,0.002884,0.002853,0.002914,Bloomberg
2026-01-13,USD,MXN,17.337408,17.137957,17.53686,Internal
2026-01-13,USD,COP,3963.616269,3932.140583,3995.091956,Central Bank
2026-01-13,USD,ARS,347.756395,344.244275,351.268515,Reuters
2026-01-13,MXN,COP,233.672217,230.410625,236.933809,Central Bank
2026-01-13,MXN,ARS,20.586218,20.449645,20.722791,Bloomberg
2026-01-13,COP,MXN,0.004242,0.004196,0.004289,Internal
2026-01-13,COP,ARS,0.086598,0.085537,0.087659,Bloomberg
2026-01-13,ARS,MXN,0.048697,0.048396,0.048998,Bloomberg
2026-01-13,ARS,COP,11.259628,11.162682,11.356574,Central Bank
2026-01-14,MXN,USD,0.059415,0.05908,0.05975,Bloomberg
2026-01-14,COP,USD,0.000248,0.000245,0.00025,Bloomberg
2026-01-14,ARS,USD,0.002897,0.002867,0.002927,Central Bank
2026-01-14,USD,MXN,17.262341,17.073052,17.451629,Reuters
2026-01-14,USD,COP,3924.715233,3893.205702,3956.224765,Internal
2026-01-14,USD,ARS,347.407173,345.440351,349.373996,Internal
2026-01-14,MXN,COP,236.593288,233.442052,239.744524,Internal
2026-01-14,MXN,ARS,20.836918,20.582913,21.090923,Internal
2026-01-14,COP,MXN,0.004173,0.004136,0.004211,Reuters
2026-01-14,COP,ARS,0.089037,0.087828,0.090246,Internal
2026-01-14,ARS,MXN,0.049373,0.048851,0.049894,Bloomberg
2026-01-14,ARS,COP,11.488345,11.420614,11.556077,Reuters
2026-01-15,MXN,USD,0.059599,0.059034,0.060164,Central Bank
2026-01-15,COP,USD,0.000248,0.000246,0.00025,Central Bank
2026-01-15,ARS,USD,0.002907,0.002877,0.002938,Central Bank
2026-01-15,USD,MXN,17.052733,16.811623,17.293844,Central Bank
2026-01-15,USD,COP,4079.487098,4020.38223,4138.591967,Reuters
2026-01-15,USD,ARS,354.493245,351.532276,357.454215,Internal
2026-01-15,MXN,COP,235.292683,232.480459,238.104907,Internal
2026-01-15,MXN,ARS,20.537982,20.250015,20.825949,Reuters
2026-01-15,COP,MXN,0.004187,0.004142,0.004232,Central Bank
2026-01-15,COP,ARS,0.086088,0.085623,0.086552,Bloomberg
2026-01-15,ARS,MXN,0.049135,0.048668,0.049602,Reuters
2026-01-15,ARS,COP,11.351363,11.188813,11.513913,Internal
2026-01-16,MXN,USD,0.059694,0.059117,0.060271,Central Bank
2026-01-16,COP,USD,0.000246,0.000245,0.000248,Bloomberg
2026-01-16,ARS,USD,0.002863,0.002842,0.002885,Reuters
2026-01-16,USD,MXN,17.310931,17.171521,17.450342,Bloomberg
2026-01-16,USD,COP,3990.468458,3944.294008,4036.642909,Reuters
2026-01-16,USD,ARS,355.068528,350.706411,359.430646,Central Bank
2026-01-16,MXN,COP,236.397823,234.380609,238.415037,Bloomberg
2026-01-16,MXN,ARS,20.614683,20.403561,20.825805,Internal
2026-01-16,COP,MXN,0.004298,0.004261,0.004335,Internal
2026-01-16,COP,ARS,0.086361,0.085533,0.087189,Bloomberg
2026-01-16,ARS,MXN,0.048803,0.048132,0.049475,Bloomberg
2026-01-16,ARS,COP,11.298268,11.159892,11.436643,Internal
2026-01-17,MXN,USD,0.059745,0.059072,0.060419,Bloomberg
2026-01-17,COP,USD,0.000252,0.00025,0.000254,Bloomberg
2026-01-17,ARS,USD,0.002866,0.00284,0.002892,Internal
2026-01-17,USD,MXN,16.792905,16.607104,16.978706,Reuters
2026-01-17,USD,COP,4042.526522,4010.744914,4074.30813,Reuters
2026-01-17,USD,ARS,346.73194,342.649764,350.814116,Bloomberg
2026-01-17,MXN,COP,236.099164,234.369693,237.828634,Internal
2026-01-17,MXN,ARS,20.832053,20.655646,21.00846,Bloomberg
2026-01-17,COP,MXN,0.004267,0.004223,0.004312,Internal
2026-01-17,COP,ARS,0.088065,0.087268,0.088863,Bloomberg
2026-01-17,ARS,MXN,0.04852,0.048115,0.048924,Bloomberg
2026-01-17,ARS,COP,11.579628,11.422505,11.73675,Central Bank
2026-01-18,MXN,USD,0.059857,0.05918,0.060533,Central Bank
2026-01-18,COP,USD,0.000254,0.000251,0.000256,Bloomberg
2026-01-18,ARS,USD,0.002828,0.002792,0.002864,Central Bank
2026-01-18,USD,MXN,16.838026,16.606078,17.069975,Central Bank
2026-01-18,USD,COP,3979.90385,3932.554399,4027.253301,Reuters
2026-01-18,USD,ARS,355.351344,350.074557,360.62813,Bloomberg
2026-01-18,MXN,COP,239.739221,237.544163,241.934279,Internal
2026-01-18,MXN,ARS,20.317564,20.039469,20.595659,Internal
2026-01-18,COP,MXN,0.004196,0.004166,0.004226,Reuters
2026-01-18,COP,ARS,0.087358,0.086674,0.088042,Reuters
2026-01-18,ARS,MXN,0.048307,0.047679,0.048934,Central Bank
2026-01-18,ARS,COP,11.538376,11.378681,11.69807,Reuters
2026-01-19,MXN,USD,0.058126,0.057329,0.058923,Bloomberg
2026-01-19,COP,USD,0.000246,0.000244,0.000247,Reuters
2026-01-19,ARS,USD,0.00283,0.0028,0.002861,Reuters
2026-01-19,USD,MXN,17.334306,17.190007,17.478606,Reuters
2026-01-19,USD,COP,3946.672091,3894.854213,3998.48997,Reuters
2026-01-19,USD,ARS,345.514846,341.626214,349.403477,Reuters
2026-01-19,MXN,COP,234.151204,231.796422,236.505985,Reuters
2026-01-19,MXN,ARS,20.237901,20.010419,20.465383,Central Bank
2026-01-19,COP,MXN,0.004331,0.004292,0.004371,Internal
2026-01-19,COP,ARS,0.087996,0.087403,0.088589,Reuters
2026-01-19,ARS,MXN,0.048884,0.048498,0.049269,Internal
2026-01-19,ARS,COP,11.279328,11.173197,11.385458,Bloomberg
2026-01-20,MXN,USD,0.058408,0.057735,0.05908,Internal
2026-01-20,COP,USD,0.000249,0.000246,0.000252,Central Bank
2026-01-20,ARS,USD,0.002841,0.002803,0.00288,Central Bank
2026-01-20,USD,MXN,16.976008,16.753704,17.198312,Reuters
2026-01-20,USD,COP,3978.973428,3921.522234,4036.424622,Central Bank
2026-01-20,USD,ARS,354.157125,351.606339,356.707911,Reuters
2026-01-20,MXN,COP,235.106889,232.593982,237.619797,Bloomberg
2026-01-20,MXN,ARS,20.21659,19.92186,20.51132,Bloomberg
2026-01-20,COP,MXN,0.004209,0.004157,0.004261,Central Bank
2026-01-20,COP,ARS,0.08584,0.084979,0.086701,Bloomberg
2026-01-20,ARS,MXN,0.048088,0.047376,0.048799,Bloomberg
2026-01-20,ARS,COP,11.53956,11.420117,11.659002,Internal
2026-01-21,MXN,USD,0.059858,0.059374,0.060342,Central Bank
2026-01-21,COP,USD,0.000255,0.000252,0.000258,Reuters
2026-01-21,ARS,USD,0.002872,0.002857,0.002887,Internal
2026-01-21,USD,MXN,17.160739,16.973629,17.347849,Central Bank
2026-01-21,USD,COP,4036.063008,4000.641717,4071.4843,Internal
2026-01-21,USD,ARS,346.392838,343.116399,349.669277,Reuters
2026-01-21,MXN,COP,236.302456,233.039232,239.565679,Bloomberg
2026-01-21,MXN,ARS,20.834454,20.564481,21.104427,Internal
2026-01-21,COP,MXN,0.004267,0.004215,0.004318,Central Bank
2026-01-21,COP,ARS,0.0871,0.086657,0.087543,Central Bank
2026-01-21,ARS,MXN,0.04925,0.048873,0.049628,Central Bank
2026-01-21,ARS,COP,11.359998,11.302177,11.417819,Central Bank
2026-01-22,MXN,USD,0.059766,0.059276,0.060255,Bloomberg
2026-01-22,COP,USD,0.000252,0.000251,0.000254,Internal
2026-01-22,ARS,USD,0.002805,0.002765,0.002845,Central Bank
2026-01-22,USD,MXN,16.787328,16.538398,17.036258,Bloomberg
2026-01-22,USD,COP,4009.267495,3956.691754,4061.843235,Internal
2026-01-22,USD,ARS,354.048836,348.871791,359.22588,Bloomberg
2026-01-22,MXN,COP,236.601145,235.151206,238.051085,Bloomberg
2026-01-22,MXN,ARS,20.225947,20.045711,20.406182,Central Bank
2026-01-22,COP,MXN,0.00421,0.004159,0.004261,Reuters
2026-01-22,COP,ARS,0.086244,0.085781,0.086706,Internal
2026-01-22,ARS,MXN,0.048802,0.048185,0.049418,Internal
2026-01-22,ARS,COP,11.430974,11.343953,11.517994,Central Bank
2026-01-23,MXN,USD,0.059839,0.059152,0.060525,Reuters
2026-01-23,COP,USD,0.000246,0.000243,0.000249,Bloomberg
2026-01-23,ARS,USD,0.002829,0.002815,0.002844,Internal
2026-01-23,USD,MXN,16.81153,16.645375,16.977684,Bloomberg
2026-01-23,USD,COP,4032.889052,3991.218817,4074.559288,Internal
2026-01-23,USD,ARS,343.948216,338.858623,349.037809,Reuters
2026-01-23,MXN,COP,232.185009,229.388037,234.981981,Reuters
2026-01-23,MXN,ARS,20.785773,20.534538,21.037008,Reuters
2026-01-23,COP,MXN,0.004243,0.004208,0.004278,Internal
2026-01-23,COP,ARS,0.088191,0.087562,0.08882,Internal
2026-01-23,ARS,MXN,0.048965,0.048422,0.049507,Bloomberg
2026-01-23,ARS,COP,11.471101,11.410452,11.53175,Reuters
2026-01-24,MXN,USD,0.058821,0.058189,0.059453,Bloomberg
2026-01-24,COP,USD,0.000249,0.000247,0.000251,Internal
2026-01-24,ARS,USD,0.002836,0.002804,0.002868,Central Bank
2026-01-24,USD,MXN,16.910901,16.78941,17.032392,Reuters
2026-01-24,USD,COP,4036.762126,3994.962044,4078.562209,Reuters
2026-01-24,USD,ARS,343.062187,340.383758,345.740615,Bloomberg
2026-01-24,MXN,COP,235.951064,232.470218,239.43191,Reuters
2026-01-24,MXN,ARS,20.977834,20.781975,21.173694,Central Bank
2026-01-24,COP,MXN,0.004314,0.004269,0.004358,Internal
2026-01-24,COP,ARS,0.087916,0.086629,0.089203,Internal
2026-01-24,ARS,MXN,0.048992,0.048329,0.049656,Internal
2026-01-24,ARS,COP,11.296676,11.205483,11.387869,Internal
2026-01-25,MXN,USD,0.059782,0.059248,0.060315,Internal
2026-01-25,COP,USD,0.000248,0.000247,0.00025,Bloomberg
2026-01-25,ARS,USD,0.00281,0.002793,0.002826,Reuters
2026-01-25,USD,MXN,16.748081,16.636673,16.859488,Bloomberg
2026-01-25,USD,COP,3980.750335,3927.46957,4034.031099,Reuters
2026-01-25,USD,ARS,355.808268,352.156263,359.460274,Bloomberg
2026-01-25,MXN,COP,238.63158,236.614589,240.648572,Reuters
2026-01-25,MXN,ARS,20.226611,20.054879,20.398343,Bloomberg
2026-01-25,COP,MXN,0.00422,0.004183,0.004257,Reuters
2026-01-25,COP,ARS,0.086301,0.085631,0.086971,Bloomberg
2026-01-25,ARS,MXN,0.048514,0.048052,0.048977,Reuters
2026-01-25,ARS,COP,11.217402,11.111144,11.32366,Internal
2026-01-26,MXN,USD,0.059814,0.058961,0.060668,Reuters
2026-01-26,COP,USD,0.00025,0.000248,0.000251,Reuters
2026-01-26,ARS,USD,0.002864,0.002828,0.0029,Reuters
2026-01-26,USD,MXN,17.154646,16.940228,17.369064,Reuters
2026-01-26,USD,COP,3932.167765,3905.801303,3958.534227,Reuters
2026-01-26,USD,ARS,356.134959,351.702965,360.566953,Reuters
2026-01-26,MXN,COP,234.53467,231.50188,237.56746,Central Bank
2026-01-26,MXN,ARS,20.24424,20.043463,20.445017,Reuters
2026-01-26,COP,MXN,0.004296,0.004238,0.004354,Internal
2026-01-26,COP,ARS,0.087811,0.086815,0.088808,Bloomberg
2026-01-26,ARS,MXN,0.048807,0.048288,0.049325,Internal
2026-01-26,ARS,COP,11.349831,11.274683,11.424979,Internal
2026-01-27,MXN,USD,0.058815,0.058122,0.059508,Central Bank
2026-01-27,COP,USD,0.000246,0.000243,0.00025,Reuters
2026-01-27,ARS,USD,0.002831,0.002804,0.002857,Central Bank
2026-01-27,USD,MXN,17.040984,16.826334,17.255634,Reuters
2026-01-27,USD,COP,4011.256003,3987.90455,4034.607456,Bloomberg
2026-01-27,USD,ARS,346.960159,343.785992,350.134327,Reuters
2026-01-27,MXN,COP,235.009746,233.082282,236.937211,Reuters
2026-01-27,MXN,ARS,20.233451,19.931327,20.535575,Internal
2026-01-27,COP,MXN,0.004229,0.004197,0.00426,Bloomberg
2026-01-27,COP,ARS,0.087903,0.087096,0.088709,Reuters
2026-01-27,ARS,MXN,0.047854,0.047407,0.048301,Bloomberg
2026-01-27,ARS,COP,11.20995,11.147225,11.272675,Reuters
2026-01-28,MXN,USD,0.057978,0.057458,0.058499,Bloomberg
2026-01-28,COP,USD,0.000247,0.000244,0.00025,Central Bank
2026-01-28,ARS,USD,0.002808,0.002777,0.002839,Internal
2026-01-28,USD,MXN,16.788422,16.680317,16.896526,Bloomberg
2026-01-28,USD,COP,4024.113119,3967.697706,4080.528532,Bloomberg
2026-01-28,USD,ARS,352.226164,348.029235,356.423092,Central Bank
2026-01-28,MXN,COP,233.288051,230.460837,236.115265,Central Bank
2026-01-28,MXN,ARS,20.572558,20.304199,20.840916,Internal
2026-01-28,COP,MXN,0.004173,0.004142,0.004204,Bloomberg
2026-01-28,COP,ARS,0.085964,0.084833,0.087095,Reuters
2026-01-28,ARS,MXN,0.048147,0.047651,0.048642,Reuters
2026-01-28,ARS,COP,11.314195,11.183777,11.444613,Internal
2026-01-29,MXN,USD,0.057775,0.057381,0.058168,Central Bank
2026-01-29,COP,USD,0.000251,0.000248,0.000255,Central Bank
2026-01-29,ARS,USD,0.002825,0.002786,0.002865,Central Bank
2026-01-29,USD,MXN,17.15719,16.954022,17.360357,Central Bank
2026-01-29,USD,COP,3925.026416,3895.969627,3954.083205,Internal
2026-01-29,USD,ARS,349.79732,344.63277,354.961871,Internal
2026-01-29,MXN,COP,235.281607,233.02835,237.534864,Internal
2026-01-29,MXN,ARS,20.55111,20.27299,20.829231,Reuters
2026-01-29,COP,MXN,0.004295,0.004254,0.004336,Reuters
2026-01-29,COP,ARS,0.087,0.086305,0.087695,Central Bank
2026-01-29,ARS,MXN,0.048004,0.047332,0.048676,Central Bank
2026-01-29,ARS,COP,11.480403,11.330477,11.630328,Reuters
2026-01-30,MXN,USD,0.058122,0.057383,0.058861,Central Bank
2026-01-30,COP,USD,0.000246,0.000245,0.000247,Internal
2026-01-30,ARS,USD,0.002871,0.002841,0.002902,Reuters
2026-01-30,USD,MXN,16.799688,16.577498,17.021878,Bloomberg
2026-01-30,USD,COP,3950.74251,3921.13213,3980.35289,Central Bank
2026-01-30,USD,ARS,345.88085,341.803901,349.957799,Central Bank
2026-01-30,MXN,COP,233.518363,230.821634,236.215092,Reuters
2026-01-30,MXN,ARS,20.453474,20.190551,20.716396,Internal
2026-01-30,COP,MXN,0.004169,0.004132,0.004205,Central Bank
2026-01-30,COP,ARS,0.087263,0.086128,0.088397,Internal
2026-01-30,ARS,MXN,0.047628,0.04718,0.048075,Central Bank
2026-01-30,ARS,COP,11.346206,11.176118,11.516294,Reuters
2026-01-31,MXN,USD,0.058366,0.057779,0.058954,Internal
2026-01-31,COP,USD,0.000247,0.000243,0.00025,Internal
2026-01-31,ARS,USD,0.00291,0.002879,0.002941,Bloomberg
2026-01-31,USD,MXN,17.159637,17.030086,17.289188,Bloomberg
2026-01-31,USD,COP,3992.506547,3937.459852,4047.553241,Internal
2026-01-31,USD,ARS,346.489475,344.153218,348.825731,Reuters
2026-01-31,MXN,COP,231.09346,228.628188,233.558731,Internal
2026-01-31,MXN,ARS,20.932657,20.755802,21.109512,Central Bank
2026-01-31,COP,MXN,0.004192,0.00414,0.004244,Reuters
2026-01-31,COP,ARS,0.087525,0.086907,0.088144,Internal
2026-01-31,ARS,MXN,0.049093,0.048769,0.049417,Bloomberg
2026-01-31,ARS,COP,11.445492,11.32752,11.563463,Central Bank
2026-02-01,MXN,USD,0.059039,0.058219,0.05986,Reuters
2026-02-01,COP,USD,0.000253,0.000251,0.000255,Central Bank
2026-02-01,ARS,USD,0.002844,0.002809,0.002879,Central Bank
2026-02-01,USD,MXN,17.169415,16.963315,17.375515,Reuters
2026-02-01,USD,COP,3970.170769,3917.903484,4022.438055,Reuters
2026-02-01,USD,ARS,356.978115,353.649083,360.307146,Reuters
2026-02-01,MXN,COP,231.947102,228.874577,235.019628,Central Bank
2026-02-01,MXN,ARS,20.201318,20.085656,20.316981,Reuters
2026-02-01,COP,MXN,0.004194,0.004136,0.004251,Internal
2026-02-01,COP,ARS,0.087484,0.086727,0.088241,Reuters
2026-02-01,ARS,MXN,0.048559,0.048312,0.048807,Central Bank
2026-02-01,ARS,COP,11.429534,11.318676,11.540392,Internal
2026-02-02,MXN,USD,0.059057,0.058557,0.059557,Central Bank
2026-02-02,COP,USD,0.000246,0.000243,0.000249,Internal
2026-02-02,ARS,USD,0.002852,0.002836,0.002867,Bloomberg
2026-02-02,USD,MXN,16.947993,16.838975,17.057011,Reuters
2026-02-02,USD,COP,4064.591624,4014.072663,4115.110585,Central Bank
2026-02-02,USD,ARS,343.80214,339.706796,347.897485,Central Bank
2026-02-02,MXN,COP,234.93107,231.641309,238.220831,Central Bank
2026-02-02,MXN,ARS,20.858893,20.651287,21.066499,Reuters
2026-02-02,COP,MXN,0.004284,0.004245,0.004324,Bloomberg
2026-02-02,COP,ARS,0.08612,0.085606,0.086635,Reuters
2026-02-02,ARS,MXN,0.047624,0.047154,0.048095,Bloomberg
2026-02-02,ARS,COP,11.566579,11.422488,11.71067,Internal
2026-02-03,MXN,USD,0.05973,0.059222,0.060238,Reuters
2026-02-03,COP,USD,0.000253,0.000251,0.000256,Reuters
2026-02-03,ARS,USD,0.002874,0.002839,0.002909,Bloomberg
2026-02-03,USD,MXN,17.251059,17.033647,17.468471,Internal
2026-02-03,USD,COP,3998.381742,3942.439861,4054.323623,Reuters
2026-02-03,USD,ARS,355.885966,350.69191,361.080022,Central Bank
2026-02-03,MXN,COP,234.568517,231.320888,237.816147,Central Bank
2026-02-03,MXN,ARS,20.462669,20.208376,20.716961,Central Bank
2026-02-03,COP,MXN,0.004283,0.004246,0.00432,Internal
2026-02-03,COP,ARS,0.088121,0.087609,0.088633,Internal
2026-02-03,ARS,MXN,0.048405,0.047686,0.049125,Reuters
2026-02-03,ARS,COP,11.648162,11.52403,11.772293,Internal
2026-02-04,MXN,USD,0.059845,0.059403,0.060287,Reuters
2026-02-04,COP,USD,0.000249,0.000248,0.00025,Reuters
2026-02-04,ARS,USD,0.002836,0.002802,0.00287,Central Bank
2026-02-04,USD,MXN,17.247261,17.148649,17.345872,Bloomberg
2026-02-04,USD,COP,4013.921982,3977.181506,4050.662458,Bloomberg
2026-02-04,USD,ARS,345.623118,342.99362,348.252615,Reuters
2026-02-04,MXN,COP,239.351589,236.932319,241.770858,Reuters
2026-02-04,MXN,ARS,20.501704,20.31635,20.687058,Bloomberg
2026-02-04,COP,MXN,0.004179,0.004152,0.004206,Internal
2026-02-04,COP,ARS,0.088912,0.088067,0.089758,Reuters
2026-02-04,ARS,MXN,0.048684,0.048071,0.049298,Internal
2026-02-04,ARS,COP,11.465021,11.344243,11.585799,Internal
2026-02-05,MXN,USD,0.058991,0.058208,0.059774,Internal
2026-02-05,COP,USD,0.000252,0.000251,0.000254,Internal
2026-02-05,ARS,USD,0.002906,0.00289,0.002922,Bloomberg
2026-02-05,USD,MXN,16.996369,16.902728,17.090011,Bloomberg
2026-02-05,USD,COP,3982.188987,3927.431759,4036.946215,Bloomberg
2026-02-05,USD,ARS,345.526033,342.597546,348.45452,Central Bank
2026-02-05,MXN,COP,234.559588,233.074481,236.044696,Central Bank
2026-02-05,MXN,ARS,20.951652,20.818788,21.084515,Reuters
2026-02-05,COP,MXN,0.004234,0.004174,0.004294,Central Bank
2026-02-05,COP,ARS,0.086137,0.08537,0.086904,Central Bank
2026-02-05,ARS,MXN,0.049063,0.048774,0.049353,Internal
2026-02-05,ARS,COP,11.311413,11.142173,11.480654,Central Bank
2026-02-06,MXN,USD,0.059616,0.059102,0.060131,Reuters
2026-02-06,COP,USD,0.000247,0.000245,0.000249,Internal
2026-02-06,ARS,USD,0.00289,0.002871,0.00291,Central Bank
2026-02-06,USD,MXN,16.940995,16.797285,17.084705,Internal
2026-02-06,USD,COP,3952.973616,3904.07899,4001.868241,Internal
2026-02-06,USD,ARS,349.366833,346.251903,352.481763,Reuters
2026-02-06,MXN,COP,232.152483,229.580266,234.724699,Reuters
2026-02-06,MXN,ARS,20.835613,20.731046,20.94018,Reuters
2026-02-06,COP,MXN,0.004315,0.004257,0.004372,Central Bank
2026-02-06,COP,ARS,0.08651,0.085433,0.087586,Internal
2026-02-06,ARS,MXN,0.047995,0.04765,0.048339,Bloomberg
2026-02-06,ARS,COP,11.341046,11.224941,11.457151,Internal
2026-02-07,MXN,USD,0.058364,0.057666,0.059061,Internal
2026-02-07,COP,USD,0.000247,0.000244,0.00025,Bloomberg
2026-02-07,ARS,USD,0.002878,0.002857,0.002899,Reuters
2026-02-07,USD,MXN,17.230556,17.13047,17.330642,Bloomberg
2026-02-07,USD,COP,3922.05867,3892.924253,3951.193088,Central Bank
2026-02-07,USD,ARS,352.614253,349.337523,355.890982,Reuters
2026-02-07,MXN,COP,235.346596,231.851774,238.841418,Bloomberg
2026-02-07,MXN,ARS,20.721084,20.500988,20.94118,Bloomberg
2026-02-07,COP,MXN,0.004321,0.004258,0.004385,Central Bank
2026-02-07,COP,ARS,0.088236,0.087712,0.08876,Bloomberg
2026-02-07,ARS,MXN,0.048576,0.048295,0.048857,Internal
2026-02-07,ARS,COP,11.563506,11.502217,11.624795,Bloomberg
2026-02-08,MXN,USD,0.059147,0.058601,0.059694,Internal
2026-02-08,COP,USD,0.000247,0.000244,0.00025,Reuters
2026-02-08,ARS,USD,0.002855,0.002826,0.002884,Bloomberg
2026-02-08,USD,MXN,16.767688,16.524279,17.011098,Reuters
2026-02-08,USD,COP,4013.041999,3981.745043,4044.338954,Central Bank
2026-02-08,USD,ARS,345.694925,340.588397,350.801454,Internal
2026-02-08,MXN,COP,236.339864,233.463311,239.216416,Reuters
2026-02-08,MXN,ARS,20.990026,20.878597,21.101455,Bloomberg
2026-02-08,COP,MXN,0.004248,0.004218,0.004279,Bloomberg
2026-02-08,COP,ARS,0.088082,0.087547,0.088617,Bloomberg
2026-02-08,ARS,MXN,0.047902,0.047542,0.048261,Reuters
2026-02-08,ARS,COP,11.257666,11.123782,11.39155,Reuters
2026-02-09,MXN,USD,0.058622,0.057843,0.059402,Reuters
2026-02-09,COP,USD,0.000245,0.000242,0.000249,Bloomberg
2026-02-09,ARS,USD,0.002806,0.002781,0.002832,Internal
2026-02-09,USD,MXN,17.037705,16.874811,17.2006,Central Bank
2026-02-09,USD,COP,3940.128266,3886.616457,3993.640076,Internal
2026-02-09,USD,ARS,347.616678,344.891229,350.342128,Reuters
2026-02-09,MXN,COP,238.075136,235.447661,240.70261,Reuters
2026-02-09,MXN,ARS,20.308214,20.059798,20.556629,Bloomberg
2026-02-09,COP,MXN,0.004251,0.004192,0.004311,Central Bank
2026-02-09,COP,ARS,0.088924,0.088414,0.089435,Central Bank
2026-02-09,ARS,MXN,0.048137,0.047672,0.048603,Internal
2026-02-09,ARS,COP,11.3891,11.266742,11.511458,Bloomberg
2026-02-10,MXN,USD,0.058588,0.058245,0.058931,Reuters
2026-02-10,COP,USD,0.000249,0.000246,0.000253,Bloomberg
2026-02-10,ARS,USD,0.002858,0.002815,0.002901,Bloomberg
2026-02-10,USD,MXN,17.138134,16.914489,17.361779,Internal
2026-02-10,USD,COP,3937.363334,3895.332105,3979.394562,Reuters
2026-02-10,USD,ARS,352.191684,347.935678,356.447691,Central Bank
2026-02-10,MXN,COP,238.95878,235.477172,242.440387,Reuters
2026-02-10,MXN,ARS,20.639211,20.481622,20.7968,Reuters
2026-02-10,COP,MXN,0.004197,0.00414,0.004254,Reuters
2026-02-10,COP,ARS,0.088341,0.087617,0.089065,Internal
2026-02-10,ARS,MXN,0.04922,0.048488,0.049951,Internal
2026-02-10,ARS,COP,11.23512,11.079917,11.390323,Internal
2026-02-11,MXN,USD,0.058455,0.057964,0.058946,Central Bank
2026-02-11,COP,USD,0.000252,0.000249,0.000255,Central Bank
2026-02-11,ARS,USD,0.00288,0.002848,0.002911,Internal
2026-02-11,USD,MXN,17.166474,16.992136,17.340811,Bloomberg
2026-02-11,USD,COP,4071.374349,4028.041863,4114.706834,Reuters
2026-02-11,USD,ARS,356.429834,351.95025,360.909418,Bloomberg
2026-02-11,MXN,COP,234.198807,232.992062,235.405551,Central Bank
2026-02-11,MXN,ARS,20.653437,20.491354,20.81552,Bloomberg
2026-02-11,COP,MXN,0.004273,0.004251,0.004296,Internal
2026-02-11,COP,ARS,0.086121,0.085023,0.087219,Bloomberg
2026-02-11,ARS,MXN,0.048396,0.047813,0.04898,Internal
2026-02-11,ARS,COP,11.444529,11.273406,11.615653,Internal
2026-02-12,MXN,USD,0.057967,0.057289,0.058644,Central Bank
2026-02-12,COP,USD,0.000254,0.00025,0.000258,Bloomberg
2026-02-12,ARS,USD,0.002863,0.002833,0.002893,Central Bank
2026-02-12,USD,MXN,16.767401,16.556409,16.978394,Internal
2026-02-12,USD,COP,3983.362884,3944.455954,4022.269814,Bloomberg
2026-02-12,USD,ARS,349.200255,344.156902,354.243608,Bloomberg
2026-02-12,MXN,COP,236.676405,234.963945,238.388866,Reuters
2026-02-12,MXN,ARS,20.590942,20.28477,20.897115,Internal
2026-02-12,COP,MXN,0.004226,0.004185,0.004268,Internal
2026-02-12,COP,ARS,0.087992,0.087042,0.088942,Central Bank
2026-02-12,ARS,MXN,0.048275,0.047715,0.048835,Reuters
2026-02-12,ARS,COP,11.424175,11.334267,11.514084,Bloomberg
2026-02-13,MXN,USD,0.059033,0.058449,0.059617,Central Bank
2026-02-13,COP,USD,0.000248,0.000246,0.00025,Internal
2026-02-13,ARS,USD,0.002823,0.002802,0.002844,Internal
2026-02-13,USD,MXN,16.830855,16.646222,17.015488,Reuters
2026-02-13,USD,COP,3963.287368,3926.598936,3999.9758,Internal
2026-02-13,USD,ARS,353.447693,350.828339,356.067047,Central Bank
2026-02-13,MXN,COP,237.694619,235.276114,240.113124,Internal
2026-02-13,MXN,ARS,20.61607,20.501005,20.731136,Bloomberg
2026-02-13,COP,MXN,0.004221,0.004159,0.004284,Bloomberg
2026-02-13,COP,ARS,0.089137,0.087977,0.090296,Internal
2026-02-13,ARS,MXN,0.04923,0.048778,0.049683,Reuters
2026-02-13,ARS,COP,11.324399,11.211683,11.437115,Central Bank
2026-02-14,MXN,USD,0.059262,0.058632,0.059892,Central Bank
2026-02-14,COP,USD,0.000248,0.000245,0.000251,Reuters
2026-02-14,ARS,USD,0.002844,0.002806,0.002882,Internal
2026-02-14,USD,MXN,17.182625,17.094479,17.270771,Central Bank
2026-02-14,USD,COP,3931.254331,3888.800441,3973.708221,Central Bank
2026-02-14,USD,ARS,356.526465,351.445191,361.607738,Internal
2026-02-14,MXN,COP,232.56127,230.220615,234.901924,Reuters
2026-02-14,MXN,ARS,20.388639,20.196776,20.580502,Bloomberg
2026-02-14,COP,MXN,0.004272,0.00422,0.004325,Reuters
2026-02-14,COP,ARS,0.086604,0.085823,0.087385,Bloomberg
2026-02-14,ARS,MXN,0.049194,0.048635,0.049753,Central Bank
2026-02-14,ARS,COP,11.453473,11.36456,11.542386,Bloomberg
2026-02-15,MXN,USD,0.0579,0.057303,0.058497,Internal
2026-02-15,COP,USD,0.00025,0.000247,0.000253,Bloomberg
2026-02-15,ARS,USD,0.002812,0.002771,0.002854,Reuters
2026-02-15,USD,MXN,16.859779,16.61826,17.101298,Reuters
2026-02-15,USD,COP,4024.759369,3976.070777,4073.44796,Reuters
2026-02-15,USD,ARS,351.823622,349.700139,353.947105,Central Bank
2026-02-15,MXN,COP,232.435943,230.452398,234.419488,Reuters
2026-02-15,MXN,ARS,20.884557,20.777126,20.991987,Reuters
2026-02-15,COP,MXN,0.004193,0.004148,0.004238,Central Bank
2026-02-15,COP,ARS,0.08864,0.087919,0.089361,Internal
2026-02-15,ARS,MXN,0.048807,0.048203,0.049412,Central Bank
2026-02-15,ARS,COP,11.533119,11.449127,11.617111,Bloomberg
2026-02-16,MXN,USD,0.058228,0.057621,0.058835,Internal
2026-02-16,COP,USD,0.000252,0.000248,0.000256,Internal
2026-02-16,ARS,USD,0.002897,0.002882,0.002913,Internal
2026-02-16,USD,MXN,17.225346,16.99426,17.456431,Reuters
2026-02-16,USD,COP,4063.40364,4009.054379,4117.752901,Bloomberg
2026-02-16,USD,ARS,353.935395,349.222929,358.647861,Central Bank
2026-02-16,MXN,COP,236.683912,234.165181,239.202644,Internal
2026-02-16,MXN,ARS,20.629505,20.416247,20.842763,Reuters
2026-02-16,COP,MXN,0.004214,0.004164,0.004265,Bloomberg
2026-02-16,COP,ARS,0.085825,0.08531,0.08634,Bloomberg
2026-02-16,ARS,MXN,0.048392,0.048072,0.048712,Bloomberg
2026-02-16,ARS,COP,11.489664,11.331957,11.64737,Internal
2026-02-17,MXN,USD,0.059307,0.058904,0.059711,Internal
2026-02-17,COP,USD,0.000247,0.000246,0.000249,Central Bank
2026-02-17,ARS,USD,0.002854,0.00283,0.002878,Reuters
2026-02-17,USD,MXN,17.040284,16.861202,17.219365,Central Bank
2026-02-17,USD,COP,3955.593918,3903.186128,4008.001708,Central Bank
2026-02-17,USD,ARS,344.087507,340.750188,347.424825,Internal
2026-02-17,MXN,COP,231.119815,228.952573,233.287057,Internal
2026-02-17,MXN,ARS,20.510817,20.315488,20.706145,Central Bank
2026-02-17,COP,MXN,0.004266,0.004202,0.004329,Bloomberg
2026-02-17,COP,ARS,0.088421,0.087206,0.089637,Central Bank
2026-02-17,ARS,MXN,0.049391,0.048882,0.0499,Internal
2026-02-17,ARS,COP,11.346098,11.239688,11.452508,Central Bank
2026-02-18,MXN,USD,0.058488,0.057831,0.059146,Bloomberg
2026-02-18,COP,USD,0.000247,0.000244,0.000251,Bloomberg
2026-02-18,ARS,USD,0.002848,0.002823,0.002873,Internal
2026-02-18,USD,MXN,17.020308,16.916354,17.124262,Bloomberg
2026-02-18,USD,COP,3962.606146,3919.13244,4006.079852,Bloomberg
2026-02-18,USD,ARS,348.292071,345.360832,351.22331,Internal
2026-02-18,MXN,COP,231.191947,227.901095,234.482799,Reuters
2026-02-18,MXN,ARS,20.650978,20.462185,20.839771,Reuters
2026-02-18,COP,MXN,0.004284,0.004258,0.004309,Reuters
2026-02-18,COP,ARS,0.086857,0.08603,0.087685,Bloomberg
2026-02-18,ARS,MXN,0.048291,0.047702,0.048879,Reuters
2026-02-18,ARS,COP,11.509908,11.343114,11.676702,Bloomberg
2026-02-19,MXN,USD,0.05996,0.059467,0.060454,Internal
2026-02-19,COP,USD,0.000252,0.000248,0.000255,Central Bank
2026-02-19,ARS,USD,0.002881,0.002843,0.002919,Reuters
2026-02-19,USD,MXN,17.30483,17.08646,17.523199,Central Bank
2026-02-19,USD,COP,4051.029534,4018.026837,4084.032232,Internal
2026-02-19,USD,ARS,349.668525,347.047215,352.289836,Bloomberg
2026-02-19,MXN,COP,235.703022,233.712937,237.693107,Reuters
2026-02-19,MXN,ARS,20.55525,20.393512,20.716989,Internal
2026-02-19,COP,MXN,0.004249,0.004226,0.004272,Reuters
2026-02-19,COP,ARS,0.085961,0.085176,0.086746,Central Bank
2026-02-19,ARS,MXN,0.049486,0.048969,0.050003,Bloomberg
2026-02-19,ARS,COP,11.653709,11.495279,11.812139,Bloomberg
2026-02-20,MXN,USD,0.058257,0.057777,0.058737,Central Bank
2026-02-20,COP,USD,0.000247,0.000244,0.000249,Internal
2026-02-20,ARS,USD,0.002806,0.002766,0.002846,Reuters
2026-02-20,USD,MXN,17.167657,16.927318,17.407995,Internal
2026-02-20,USD,COP,3952.440084,3923.150729,3981.729439,Bloomberg
2026-02-20,USD,ARS,353.88396,350.068794,357.699125,Bloomberg
2026-02-20,MXN,COP,233.417914,229.983008,236.852819,Reuters
2026-02-20,MXN,ARS,20.290453,20.032904,20.548001,Internal
2026-02-20,COP,MXN,0.004174,0.00415,0.004198,Reuters
2026-02-20,COP,ARS,0.088279,0.087084,0.089473,Bloomberg
2026-02-20,ARS,MXN,0.048382,0.047881,0.048883,Central Bank
2026-02-20,ARS,COP,11.576634,11.495305,11.657964,Bloomberg
2026-02-21,MXN,USD,0.059909,0.059014,0.060805,Bloomberg
2026-02-21,COP,USD,0.00025,0.000247,0.000252,Internal
2026-02-21,ARS,USD,0.002888,0.002853,0.002923,Internal
2026-02-21,USD,MXN,17.054404,16.890222,17.218585,Reuters
2026-02-21,USD,COP,3997.024243,3948.127085,4045.921402,Bloomberg
2026-02-21,USD,ARS,356.337445,351.000733,361.674157,Internal
2026-02-21,MXN,COP,230.819628,228.0855,233.553755,Reuters
2026-02-21,MXN,ARS,20.712961,20.551584,20.874337,Internal
2026-02-21,COP,MXN,0.004293,0.004242,0.004344,Internal
2026-02-21,COP,ARS,0.087593,0.086655,0.088531,Bloomberg
2026-02-21,ARS,MXN,0.049384,0.048743,0.050024,Bloomberg
2026-02-21,ARS,COP,11.281761,11.160831,11.402692,Reuters
2026-02-22,MXN,USD,0.057859,0.057111,0.058608,Bloomberg
2026-02-22,COP,USD,0.000254,0.000251,0.000257,Bloomberg
2026-02-22,ARS,USD,0.002858,0.002824,0.002893,Internal
2026-02-22,USD,MXN,16.786092,16.661766,16.910419,Reuters
2026-02-22,USD,COP,4058.806629,4034.665125,4082.948133,Reuters
2026-02-22,USD,ARS,346.844045,343.833241,349.854849,Central Bank
2026-02-22,MXN,COP,238.525293,235.870707,241.17988,Reuters
2026-02-22,MXN,ARS,20.620165,20.407811,20.832519,Bloomberg
2026-02-22,COP,MXN,0.00418,0.004127,0.004232,Central Bank
2026-02-22,COP,ARS,0.088867,0.088114,0.08962,Bloomberg
2026-02-22,ARS,MXN,0.047654,0.046985,0.048324,Bloomberg
2026-02-22,ARS,COP,11.430897,11.324464,11.537329,Bloomberg
2026-02-23,MXN,USD,0.058415,0.057946,0.058884,Central Bank
2026-02-23,COP,USD,0.000248,0.000246,0.00025,Internal
2026-02-23,ARS,USD,0.002841,0.002824,0.002858,Internal
2026-02-23,USD,MXN,17.104886,17.003561,17.206212,Bloomberg
2026-02-23,USD,COP,4044.713708,3992.384974,4097.042442,Central Bank
2026-02-23,USD,ARS,350.343127,347.986652,352.699601,Internal
2026-02-23,MXN,COP,239.126805,237.180961,241.072649,Reuters
2026-02-23,MXN,ARS,20.967401,20.818464,21.116338,Internal
2026-02-23,COP,MXN,0.004231,0.004181,0.004281,Bloomberg
2026-02-23,COP,ARS,0.086488,0.085557,0.087419,Reuters
2026-02-23,ARS,MXN,0.048658,0.048328,0.048987,Reuters
2026-02-23,ARS,COP,11.380599,11.217525,11.543673,Bloomberg
2026-02-24,MXN,USD,0.058572,0.058233,0.05891,Bloomberg
2026-02-24,COP,USD,0.000247,0.000244,0.000251,Reuters
2026-02-24,ARS,USD,0.002844,0.002827,0.002861,Bloomberg
2026-02-24,USD,MXN,17.166069,16.914166,17.417972,Bloomberg
2026-02-24,USD,COP,4002.263922,3981.68102,4022.846825,Bloomberg
2026-02-24,USD,ARS,352.813982,349.62022,356.007745,Central Bank
2026-02-24,MXN,COP,235.440628,232.356494,238.524761,Internal
2026-02-24,MXN,ARS,20.408119,20.289602,20.526637,Central Bank
2026-02-24,COP,MXN,0.004239,0.004175,0.004302,Reuters
2026-02-24,COP,ARS,0.088736,0.087665,0.089808,Central Bank
2026-02-24,ARS,MXN,0.048044,0.047759,0.04833,Central Bank
2026-02-24,ARS,COP,11.377458,11.293849,11.461067,Internal
2026-02-25,MXN,USD,0.058662,0.057791,0.059533,Bloomberg
2026-02-25,COP,USD,0.00025,0.000248,0.000252,Reuters
2026-02-25,ARS,USD,0.002835,0.002813,0.002857,Central Bank
2026-02-25,USD,MXN,17.022727,16.881219,17.164235,Internal
2026-02-25,USD,COP,3944.362167,3889.33577,3999.388564,Reuters
2026-02-25,USD,ARS,344.063336,339.461369,348.665302,Central Bank
2026-02-25,MXN,COP,235.401883,232.984191,237.819575,Central Bank
2026-02-25,MXN,ARS,20.206435,19.95767,20.455199,Internal
2026-02-25,COP,MXN,0.004292,0.004239,0.004345,Central Bank
2026-02-25,COP,ARS,0.086389,0.085621,0.087158,Central Bank
2026-02-25,ARS,MXN,0.048175,0.04765,0.048701,Central Bank
2026-02-25,ARS,COP,11.402147,11.2753,11.528994,Reuters
2026-02-26,MXN,USD,0.058116,0.057343,0.058888,Central Bank
2026-02-26,COP,USD,0.000254,0.000251,0.000257,Bloomberg
2026-02-26,ARS,USD,0.002903,0.00288,0.002926,Central Bank
2026-02-26,USD,MXN,16.943161,16.752299,17.134023,Reuters
2026-02-26,USD,COP,3971.111926,3932.566792,4009.65706,Bloomberg
2026-02-26,USD,ARS,354.87718,352.579345,357.175014,Central Bank
2026-02-26,MXN,COP,234.640692,233.33614,235.945243,Bloomberg
2026-02-26,MXN,ARS,20.92685,20.764917,21.088783,Bloomberg
2026-02-26,COP,MXN,0.004297,0.004251,0.004343,Reuters
2026-02-26,COP,ARS,0.086681,0.086027,0.087335,Central Bank
2026-02-26,ARS,MXN,0.048495,0.047865,0.049126,Central Bank
2026-02-26,ARS,COP,11.514065,11.369454,11.658676,Reuters
2026-02-27,MXN,USD,0.057703,0.057274,0.058133,Central Bank
2026-02-27,COP,USD,0.000255,0.000252,0.000258,Central Bank
2026-02-27,ARS,USD,0.002896,0.002869,0.002923,Central Bank
2026-02-27,USD,MXN,16.831755,16.690399,16.973112,Bloomberg
2026-02-27,USD,COP,4025.129304,3973.760474,4076.498134,Internal
2026-02-27,USD,ARS,353.695431,351.026005,356.364857,Reuters
2026-02-27,MXN,COP,233.946652,231.056142,236.837162,Central Bank
2026-02-27,MXN,ARS,20.317051,20.02873,20.605372,Bloomberg
2026-02-27,COP,MXN,0.004215,0.004162,0.004268,Bloomberg
2026-02-27,COP,ARS,0.086298,0.085158,0.087438,Bloomberg
2026-02-27,ARS,MXN,0.048586,0.048017,0.049155,Central Bank
2026-02-27,ARS,COP,11.362989,11.231908,11.494069,Central Bank
2026-02-28,MXN,USD,0.058845,0.058045,0.059645,Reuters
2026-02-28,COP,USD,0.000246,0.000243,0.00025,Internal
2026-02-28,ARS,USD,0.002863,0.002845,0.00288,Bloomberg
2026-02-28,USD,MXN,16.943598,16.786003,17.101192,Reuters
2026-02-28,USD,COP,4074.377686,4019.331314,4129.424058,Central Bank
2026-02-28,USD,ARS,349.681171,347.135586,352.226755,Bloomberg
2026-02-28,MXN,COP,233.209953,229.902945,236.51696,Central Bank
2026-02-28,MXN,ARS,20.367269,20.143069,20.591469,Bloomberg
2026-02-28,COP,MXN,0.004174,0.004119,0.004229,Bloomberg
2026-02-28,COP,ARS,0.087029,0.085948,0.08811,Bloomberg
2026-02-28,ARS,MXN,0.048545,0.048011,0.049079,Bloomberg
2026-02-28,ARS,COP,11.560378,11.474865,11.645891,Bloomberg
2026-03-01,MXN,USD,0.058837,0.058377,0.059297,Central Bank
2026-03-01,COP,USD,0.000253,0.000249,0.000256,Bloomberg
2026-03-01,ARS,USD,0.002855,0.00283,0.002881,Reuters
2026-03-01,USD,MXN,16.803131,16.62098,16.985282,Reuters
2026-03-01,USD,COP,3944.697575,3896.124847,3993.270304,Reuters
2026-03-01,USD,ARS,353.323283,351.488978,355.157588,Bloomberg
2026-03-01,MXN,COP,239.862021,237.408864,242.315179,Reuters
2026-03-01,MXN,ARS,20.852696,20.688485,21.016907,Internal
2026-03-01,COP,MXN,0.004276,0.00422,0.004333,Central Bank
2026-03-01,COP,ARS,0.087554,0.086405,0.088703,Reuters
2026-03-01,ARS,MXN,0.049494,0.048873,0.050114,Reuters
2026-03-01,ARS,COP,11.628505,11.510922,11.746087,Internal
2026-03-02,MXN,USD,0.059202,0.058708,0.059696,Central Bank
2026-03-02,COP,USD,0.000253,0.000252,0.000255,Bloomberg
2026-03-02,ARS,USD,0.002904,0.002876,0.002932,Bloomberg
2026-03-02,USD,MXN,16.731245,16.544811,16.91768,Internal
2026-03-02,USD,COP,3960.501558,3930.514399,3990.488717,Bloomberg
2026-03-02,USD,ARS,350.952001,346.769303,355.1347,Internal
2026-03-02,MXN,COP,231.763522,228.426926,235.100117,Central Bank
2026-03-02,MXN,ARS,20.200816,19.956381,20.445251,Reuters
2026-03-02,COP,MXN,0.004232,0.004182,0.004282,Reuters
2026-03-02,COP,ARS,0.088954,0.088038,0.08987,Reuters
2026-03-02,ARS,MXN,0.04891,0.048427,0.049393,Bloomberg
2026-03-02,ARS,COP,11.418909,11.272663,11.565154,Internal
2026-03-03,MXN,USD,0.0586,0.057753,0.059447,Internal
2026-03-03,COP,USD,0.000246,0.000244,0.000249,Central Bank
2026-03-03,ARS,USD,0.002888,0.002849,0.002927,Internal
2026-03-03,USD,MXN,16.839055,16.729942,16.948169,Central Bank
2026-03-03,USD,COP,4006.916994,3979.150637,4034.68335,Bloomberg
2026-03-03,USD,ARS,350.01499,347.726415,352.303564,Bloomberg
2026-03-03,MXN,COP,238.028396,235.223515,240.833276,Reuters
2026-03-03,MXN,ARS,20.18038,20.0359,20.32486,Bloomberg
2026-03-03,COP,MXN,0.004297,0.00427,0.004323,Central Bank
2026-03-03,COP,ARS,0.086229,0.085273,0.087184,Reuters
2026-03-03,ARS,MXN,0.048539,0.048082,0.048996,Bloomberg
2026-03-03,ARS,COP,11.515402,11.408244,11.622559,Reuters
2026-03-04,MXN,USD,0.059876,0.059016,0.060735,Bloomberg
2026-03-04,COP,USD,0.000252,0.00025,0.000253,Bloomberg
2026-03-04,ARS,USD,0.002846,0.002817,0.002875,Internal
2026-03-04,USD,MXN,16.874267,16.745749,17.002786,Central Bank
2026-03-04,USD,COP,3959.758962,3930.294212,3989.223712,Internal
2026-03-04,USD,ARS,355.409685,353.075595,357.743774,Bloomberg
2026-03-04,MXN,COP,237.702267,235.990303,239.414231,Bloomberg
2026-03-04,MXN,ARS,20.964027,20.699278,21.228776,Reuters
2026-03-04,COP,MXN,0.004206,0.004169,0.004242,Internal
2026-03-04,COP,ARS,0.085896,0.084905,0.086887,Reuters
2026-03-04,ARS,MXN,0.047966,0.047438,0.048493,Internal
2026-03-04,ARS,COP,11.602132,11.510443,11.693821,Central Bank
2026-03-05,MXN,USD,0.057866,0.05743,0.058302,Internal
2026-03-05,COP,USD,0.000253,0.000251,0.000255,Reuters
2026-03-05,ARS,USD,0.002831,0.002803,0.002859,Internal
2026-03-05,USD,MXN,17.242225,17.149645,17.334806,Central Bank
2026-03-05,USD,COP,4012.147769,3975.355932,4048.939606,Central Bank
2026-03-05,USD,ARS,351.444165,348.4056,354.48273,Internal
2026-03-05,MXN,COP,239.780352,237.774848,241.785856,Internal
2026-03-05,MXN,ARS,20.955371,20.801765,21.108977,Internal
2026-03-05,COP,MXN,0.004181,0.004121,0.004241,Bloomberg
2026-03-05,COP,ARS,0.088457,0.087792,0.089121,Reuters
2026-03-05,ARS,MXN,0.048513,0.04783,0.049197,Internal
2026-03-05,ARS,COP,11.447513,11.293095,11.601931,Central Bank
2026-03-06,MXN,USD,0.059818,0.059208,0.060427,Central Bank
2026-03-06,COP,USD,0.000248,0.000246,0.000249,Internal
2026-03-06,ARS,USD,0.00291,0.002887,0.002934,Reuters
2026-03-06,USD,MXN,17.265477,17.173677,17.357277,Bloomberg
2026-03-06,USD,COP,4048.818693,3992.222579,4105.414808,Internal
2026-03-06,USD,ARS,352.264578,347.678528,356.850628,Internal
2026-03-06,MXN,COP,239.556589,236.978545,242.134633,Central Bank
2026-03-06,MXN,ARS,20.495346,20.289101,20.701591,Bloomberg
2026-03-06,COP,MXN,0.004204,0.004173,0.004236,Central Bank
2026-03-06,COP,ARS,0.086166,0.085507,0.086824,Reuters
2026-03-06,ARS,MXN,0.048454,0.047943,0.048966,Internal
2026-03-06,ARS,COP,11.405373,11.244225,11.566521,Bloomberg
2026-03-07,MXN,USD,0.058553,0.057786,0.05932,Bloomberg
2026-03-07,COP,USD,0.00025,0.000249,0.000252,Bloomberg
2026-03-07,ARS,USD,0.002896,0.002865,0.002928,Central Bank
2026-03-07,USD,MXN,16.773048,16.606903,16.939192,Reuters
2026-03-07,USD,COP,4065.887394,4038.865307,4092.90948,Central Bank
2026-03-07,USD,ARS,351.743289,348.562352,354.924225,Reuters
2026-03-07,MXN,COP,231.528664,228.760303,234.297026,Reuters
2026-03-07,MXN,ARS,20.897609,20.752725,21.042492,Bloomberg
2026-03-07,COP,MXN,0.004175,0.004121,0.00423,Bloomberg
2026-03-07,COP,ARS,0.087345,0.086545,0.088145,Central Bank
2026-03-07,ARS,MXN,0.048629,0.048207,0.049051,Internal
2026-03-07,ARS,COP,11.64386,11.583102,11.704617,Central Bank
2026-03-08,MXN,USD,0.058671,0.058013,0.05933,Reuters
2026-03-08,COP,USD,0.000248,0.000245,0.000251,Central Bank
2026-03-08,ARS,USD,0.002831,0.002808,0.002854,Central Bank
2026-03-08,USD,MXN,16.700195,16.494075,16.906314,Central Bank
2026-03-08,USD,COP,4045.495017,4010.315734,4080.674301,Central Bank
2026-03-08,USD,ARS,345.085961,340.688788,349.483134,Central Bank
2026-03-08,MXN,COP,231.067446,228.935136,233.199757,Central Bank
2026-03-08,MXN,ARS,20.542557,20.236092,20.849021,Internal
2026-03-08,COP,MXN,0.004192,0.004154,0.00423,Bloomberg
2026-03-08,COP,ARS,0.086368,0.085451,0.087285,Reuters
2026-03-08,ARS,MXN,0.049056,0.04866,0.049451,Internal
2026-03-08,ARS,COP,11.622368,11.477944,11.766793,Reuters
2026-03-09,MXN,USD,0.059988,0.059261,0.060715,Bloomberg
2026-03-09,COP,USD,0.000254,0.000252,0.000256,Internal
2026-03-09,ARS,USD,0.002879,0.002841,0.002917,Internal
2026-03-09,USD,MXN,17.089127,16.853803,17.324452,Reuters
2026-03-09,USD,COP,3991.256871,3933.7968,4048.716941,Internal
2026-03-09,USD,ARS,354.708414,350.443945,358.972883,Bloomberg
2026-03-09,MXN,COP,239.574114,237.21595,241.932278,Central Bank
2026-03-09,MXN,ARS,20.926095,20.645789,21.206402,Reuters
2026-03-09,COP,MXN,0.004197,0.004151,0.004242,Bloomberg
2026-03-09,COP,ARS,0.086991,0.085935,0.088047,Central Bank
2026-03-09,ARS,MXN,0.049147,0.04856,0.049733,Internal
2026-03-09,ARS,COP,11.410099,11.289352,11.530845,Bloomberg
2026-03-10,MXN,USD,0.059329,0.059031,0.059627,Central Bank
2026-03-10,COP,USD,0.00025,0.000246,0.000253,Central Bank
2026-03-10,ARS,USD,0.002829,0.002788,0.002871,Bloomberg
2026-03-10,USD,MXN,16.898132,16.652418,17.143846,Central Bank
2026-03-10,USD,COP,3927.47862,3903.092217,3951.865023,Central Bank
2026-03-10,USD,ARS,348.726123,345.598587,351.853658,Internal
2026-03-10,MXN,COP,234.963277,233.441516,236.485039,Central Bank
2026-03-10,MXN,ARS,20.537027,20.2309,20.843155,Internal
2026-03-10,COP,MXN,0.004263,0.004211,0.004314,Internal
2026-03-10,COP,ARS,0.086109,0.085308,0.08691,Reuters
2026-03-10,ARS,MXN,0.047618,0.046964,0.048272,Reuters
2026-03-10,ARS,COP,11.281576,11.146615,11.416538,Bloomberg
2026-03-11,MXN,USD,0.058987,0.058334,0.05964,Central Bank
2026-03-11,COP,USD,0.000252,0.00025,0.000254,Central Bank
2026-03-11,ARS,USD,0.002856,0.002821,0.00289,Internal
2026-03-11,USD,MXN,16.930395,16.687795,17.172994,Bloomberg
2026-03-11,USD,COP,4055.709783,4017.650874,4093.768691,Bloomberg
2026-03-11,USD,ARS,353.335396,350.466274,356.204518,Central Bank
2026-03-11,MXN,COP,234.317804,230.840484,237.795125,Bloomberg
2026-03-11,MXN,ARS,20.649633,20.480601,20.818664,Reuters
2026-03-11,COP,MXN,0.004334,0.004301,0.004368,Internal
2026-03-11,COP,ARS,0.086191,0.0854,0.086983,Reuters
2026-03-11,ARS,MXN,0.048346,0.047878,0.048814,Bloomberg
2026-03-11,ARS,COP,11.648495,11.585034,11.711956,Bloomberg
2026-03-12,MXN,USD,0.058673,0.058367,0.058979,Central Bank
2026-03-12,COP,USD,0.000248,0.000245,0.000251,Reuters
2026-03-12,ARS,USD,0.002804,0.002767,0.002841,Internal
2026-03-12,USD,MXN,17.278995,17.151552,17.406437,Central Bank
2026-03-12,USD,COP,4032.25146,3976.975433,4087.527487,Internal
2026-03-12,USD,ARS,346.170091,341.444393,350.895789,Bloomberg
2026-03-12,MXN,COP,238.051417,235.261419,240.841415,Internal
2026-03-12,MXN,ARS,20.492605,20.300912,20.684299,Reuters
2026-03-12,COP,MXN,0.004214,0.004192,0.004235,Bloomberg
2026-03-12,COP,ARS,0.088326,0.087726,0.088925,Bloomberg
2026-03-12,ARS,MXN,0.048819,0.048256,0.049381,Internal
2026-03-12,ARS,COP,11.647011,11.556451,11.737571,Reuters
2026-03-13,MXN,USD,0.058173,0.057786,0.058561,Internal
2026-03-13,COP,USD,0.000254,0.000252,0.000257,Central Bank
2026-03-13,ARS,USD,0.002842,0.002802,0.002881,Bloomberg
2026-03-13,USD,MXN,17.323678,17.147099,17.500258,Reuters
2026-03-13,USD,COP,3992.493443,3965.07336,4019.913525,Bloomberg
2026-03-13,USD,ARS,348.294296,343.743986,352.844605,Internal
2026-03-13,MXN,COP,233.379882,231.437582,235.322183,Reuters
2026-03-13,MXN,ARS,20.286315,20.162526,20.410105,Central Bank
2026-03-13,COP,MXN,0.00417,0.004149,0.004191,Reuters
2026-03-13,COP,ARS,0.08808,0.086774,0.089385,Central Bank
2026-03-13,ARS,MXN,0.048308,0.047604,0.049011,Reuters
2026-03-13,ARS,COP,11.216511,11.115733,11.317289,Internal
2026-03-14,MXN,USD,0.05974,0.059282,0.060198,Central Bank
2026-03-14,COP,USD,0.000246,0.000245,0.000248,Internal
2026-03-14,ARS,USD,0.002875,0.002834,0.002916,Reuters
2026-03-14,USD,MXN,17.041695,16.854799,17.228592,Internal
2026-03-14,USD,COP,3959.441468,3922.583598,3996.299338,Central Bank
2026-03-14,USD,ARS,348.360259,345.966724,350.753795,Reuters
2026-03-14,MXN,COP,231.180316,229.82238,232.538252,Internal
2026-03-14,MXN,ARS,20.748648,20.569539,20.927757,Bloomberg
2026-03-14,COP,MXN,0.004246,0.004202,0.004289,Reuters
2026-03-14,COP,ARS,0.086513,0.085358,0.087668,Bloomberg
2026-03-14,ARS,MXN,0.048483,0.048144,0.048821,Reuters
2026-03-14,ARS,COP,11.569022,11.472509,11.665534,Central Bank
2026-03-15,MXN,USD,0.059221,0.058555,0.059887,Internal
2026-03-15,COP,USD,0.000249,0.000248,0.000251,Bloomberg
2026-03-15,ARS,USD,0.002907,0.002881,0.002934,Central Bank
2026-03-15,USD,MXN,16.929764,16.729443,17.130084,Central Bank
2026-03-15,USD,COP,3971.174979,3914.049293,4028.300666,Internal
2026-03-15,USD,ARS,353.780299,351.133098,356.427499,Bloomberg
2026-03-15,MXN,COP,231.788296,229.06444,234.512151,Reuters
2026-03-15,MXN,ARS,20.920075,20.653599,21.18655,Central Bank
2026-03-15,COP,MXN,0.004291,0.004248,0.004334,Central Bank
2026-03-15,COP,ARS,0.086125,0.08524,0.087011,Central Bank
2026-03-15,ARS,MXN,0.047926,0.047341,0.048511,Central Bank
2026-03-15,ARS,COP,11.481336,11.362477,11.600196,Central Bank
2026-03-16,MXN,USD,0.059469,0.058841,0.060097,Reuters
2026-03-16,COP,USD,0.000247,0.000244,0.000251,Reuters
2026-03-16,ARS,USD,0.002863,0.002827,0.002899,Central Bank
2026-03-16,USD,MXN,17.210458,16.970503,17.450414,Central Bank
2026-03-16,USD,COP,3998.005365,3940.995697,4055.015032,Bloomberg
2026-03-16,USD,ARS,343.116004,341.351684,344.880323,Central Bank
2026-03-16,MXN,COP,233.63417,231.200076,236.068263,Central Bank
2026-03-16,MXN,ARS,20.447989,20.21194,20.684037,Central Bank
2026-03-16,COP,MXN,0.004258,0.004225,0.004291,Bloomberg
2026-03-16,COP,ARS,0.086508,0.085459,0.087557,Central Bank
2026-03-16,ARS,MXN,0.04826,0.048003,0.048518,Central Bank
2026-03-16,ARS,COP,11.517659,11.357196,11.678121,Reuters
2026-03-17,MXN,USD,0.058533,0.057685,0.059381,Bloomberg
2026-03-17,COP,USD,0.000248,0.000246,0.000251,Internal
2026-03-17,ARS,USD,0.002893,0.002861,0.002924,Central Bank
2026-03-17,USD,MXN,17.091639,16.841857,17.341422,Bloomberg
2026-03-17,USD,COP,4079.944006,4055.578036,4104.309976,Internal
2026-03-17,USD,ARS,350.957539,347.73568,354.179398,Bloomberg
2026-03-17,MXN,COP,239.631077,238.252992,241.009163,Reuters
2026-03-17,MXN,ARS,20.922356,20.616305,21.228406,Internal
2026-03-17,COP,MXN,0.004297,0.004269,0.004325,Central Bank
2026-03-17,COP,ARS,0.086272,0.085249,0.087294,Reuters
2026-03-17,ARS,MXN,0.0487,0.048035,0.049364,Internal
2026-03-17,ARS,COP,11.555349,11.491613,11.619085,Reuters
2026-03-18,MXN,USD,0.05911,0.058328,0.059893,Reuters
2026-03-18,COP,USD,0.000251,0.000248,0.000254,Reuters
2026-03-18,ARS,USD,0.002868,0.00283,0.002907,Internal
2026-03-18,USD,MXN,16.66306,16.483311,16.842808,Central Bank
2026-03-18,USD,COP,3959.150632,3936.225766,3982.075498,Reuters
2026-03-18,USD,ARS,353.431219,350.358332,356.504106,Reuters
2026-03-18,MXN,COP,235.251165,231.954104,238.548225,Central Bank
2026-03-18,MXN,ARS,20.80154,20.616251,20.986828,Internal
2026-03-18,COP,MXN,0.00431,0.004248,0.004371,Central Bank
2026-03-18,COP,ARS,0.086489,0.085809,0.087168,Reuters
2026-03-18,ARS,MXN,0.04925,0.048855,0.049646,Internal
2026-03-18,ARS,COP,11.332892,11.264846,11.400938,Reuters
2026-03-19,MXN,USD,0.058475,0.057873,0.059076,Bloomberg
2026-03-19,COP,USD,0.000254,0.000251,0.000257,Reuters
2026-03-19,ARS,USD,0.002822,0.002783,0.002861,Bloomberg
2026-03-19,USD,MXN,17.235974,17.145835,17.326112,Bloomberg
2026-03-19,USD,COP,4078.914813,4022.081435,4135.748192,Internal
2026-03-19,USD,ARS,348.397674,346.328104,350.467244,Bloomberg
2026-03-19,MXN,COP,234.477373,231.21204,237.742706,Reuters
2026-03-19,MXN,ARS,20.847436,20.548809,21.146062,Reuters
2026-03-19,COP,MXN,0.004248,0.004213,0.004283,Internal
2026-03-19,COP,ARS,0.086165,0.085091,0.087238,Reuters
2026-03-19,ARS,MXN,0.049262,0.048917,0.049606,Bloomberg
2026-03-19,ARS,COP,11.342762,11.176663,11.508861,Bloomberg
2026-03-20,MXN,USD,0.058515,0.057852,0.059179,Reuters
2026-03-20,COP,USD,0.000253,0.00025,0.000256,Internal
2026-03-20,ARS,USD,0.002859,0.002834,0.002883,Central Bank
2026-03-20,USD,MXN,17.060868,16.972974,17.148761,Internal
2026-03-20,USD,COP,3979.662377,3935.359792,4023.964962,Bloomberg
2026-03-20,USD,ARS,348.186383,343.258267,353.114498,Internal
2026-03-20,MXN,COP,238.21398,234.755416,241.672543,Internal
2026-03-20,MXN,ARS,20.743338,20.610818,20.875858,Internal
2026-03-20,COP,MXN,0.004257,0.004232,0.004281,Bloomberg
2026-03-20,COP,ARS,0.087395,0.086756,0.088034,Reuters
2026-03-20,ARS,MXN,0.047839,0.047501,0.048176,Reuters
2026-03-20,ARS,COP,11.641258,11.509155,11.773361,Internal
2026-03-21,MXN,USD,0.059612,0.058824,0.060399,Central Bank
2026-03-21,COP,USD,0.000247,0.000243,0.00025,Bloomberg
2026-03-21,ARS,USD,0.002902,0.002887,0.002917,Internal
2026-03-21,USD,MXN,16.998051,16.797823,17.198278,Central Bank
2026-03-21,USD,COP,3987.279164,3944.853381,4029.704946,Reuters
2026-03-21,USD,ARS,355.145657,353.306961,356.984353,Internal
2026-03-21,MXN,COP,236.805084,234.267974,239.342195,Reuters
2026-03-21,MXN,ARS,20.551038,20.288612,20.813463,Bloomberg
2026-03-21,COP,MXN,0.004212,0.004149,0.004275,Reuters
2026-03-21,COP,ARS,0.088188,0.087199,0.089177,Central Bank
2026-03-21,ARS,MXN,0.049044,0.048707,0.04938,Bloomberg
2026-03-21,ARS,COP,11.536437,11.464485,11.608389,Internal
2026-03-22,MXN,USD,0.059619,0.058874,0.060363,Internal
2026-03-22,COP,USD,0.000254,0.000251,0.000256,Internal
2026-03-22,ARS,USD,0.002848,0.00282,0.002876,Reuters
2026-03-22,USD,MXN,16.980072,16.785498,17.174647,Bloomberg
2026-03-22,USD,COP,4040.184935,3991.200504,4089.169367,Central Bank
2026-03-22,USD,ARS,344.112623,339.389737,348.835509,Reuters
2026-03-22,MXN,COP,230.602699,228.918236,232.287162,Reuters
2026-03-22,MXN,ARS,20.3798,20.182467,20.577132,Bloomberg
2026-03-22,COP,MXN,0.004232,0.004177,0.004287,Internal
2026-03-22,COP,ARS,0.087391,0.086538,0.088243,Reuters
2026-03-22,ARS,MXN,0.048852,0.048516,0.049188,Reuters
2026-03-22,ARS,COP,11.265128,11.172247,11.358009,Bloomberg
2026-03-23,MXN,USD,0.059862,0.059485,0.060239,Reuters
2026-03-23,COP,USD,0.000246,0.000243,0.00025,Internal
2026-03-23,ARS,USD,0.002855,0.002818,0.002891,Internal
2026-03-23,USD,MXN,16.970208,16.823905,17.11651,Reuters
2026-03-23,USD,COP,3927.664236,3868.9408,3986.387672,Reuters
2026-03-23,USD,ARS,345.613818,343.540801,347.686836,Reuters
2026-03-23,MXN,COP,235.541945,233.34675,237.737139,Central Bank
2026-03-23,MXN,ARS,20.363638,20.184751,20.542524,Bloomberg
2026-03-23,COP,MXN,0.004264,0.004226,0.004302,Internal
2026-03-23,COP,ARS,0.087647,0.086766,0.088528,Reuters
2026-03-23,ARS,MXN,0.047943,0.047327,0.048558,Reuters
2026-03-23,ARS,COP,11.411255,11.251473,11.571038,Bloomberg
2026-03-24,MXN,USD,0.058514,0.057927,0.059101,Reuters
2026-03-24,COP,USD,0.000249,0.000247,0.000252,Internal
2026-03-24,ARS,USD,0.002866,0.002824,0.002907,Bloomberg
2026-03-24,USD,MXN,17.124079,17.008036,17.240122,Reuters
2026-03-24,USD,COP,3958.615525,3913.280905,4003.950145,Central Bank
2026-03-24,USD,ARS,345.102988,340.018417,350.18756,Reuters
2026-03-24,MXN,COP,233.510462,232.153267,234.867657,Internal
2026-03-24,MXN,ARS,20.76339,20.513383,21.013398,Internal
2026-03-24,COP,MXN,0.004266,0.004232,0.004299,Internal
2026-03-24,COP,ARS,0.088007,0.087105,0.088909,Central Bank
2026-03-24,ARS,MXN,0.04861,0.047997,0.049223,Internal
2026-03-24,ARS,COP,11.2984,11.195102,11.401697,Central Bank
2026-03-25,MXN,USD,0.059701,0.058884,0.060519,Reuters
2026-03-25,COP,USD,0.000251,0.000249,0.000253,Reuters
2026-03-25,ARS,USD,0.002912,0.00288,0.002943,Central Bank
2026-03-25,USD,MXN,16.738041,16.560572,16.91551,Internal
2026-03-25,USD,COP,3947.666647,3890.312806,4005.020487,Reuters
2026-03-25,USD,ARS,356.457264,354.490836,358.423693,Reuters
2026-03-25,MXN,COP,234.923541,232.587628,237.259455,Internal
2026-03-25,MXN,ARS,20.289821,20.051479,20.528162,Internal
2026-03-25,COP,MXN,0.004315,0.004278,0.004352,Internal
2026-03-25,COP,ARS,0.088126,0.087183,0.08907,Internal
2026-03-25,ARS,MXN,0.048676,0.048125,0.049227,Bloomberg
2026-03-25,ARS,COP,11.209292,11.091578,11.327005,Central Bank
2026-03-26,MXN,USD,0.057702,0.057396,0.058008,Reuters
2026-03-26,COP,USD,0.000247,0.000244,0.00025,Internal
2026-03-26,ARS,USD,0.002868,0.002842,0.002894,Reuters
2026-03-26,USD,MXN,16.718349,16.553097,16.8836,Reuters
2026-03-26,USD,COP,3937.228821,3883.405297,3991.052344,Central Bank
2026-03-26,USD,ARS,350.910873,347.761313,354.060434,Central Bank
2026-03-26,MXN,COP,236.540861,233.502488,239.579234,Central Bank
2026-03-26,MXN,ARS,20.723129,20.617872,20.828387,Reuters
2026-03-26,COP,MXN,0.004272,0.004236,0.004309,Internal
2026-03-26,COP,ARS,0.088901,0.088214,0.089588,Bloomberg
2026-03-26,ARS,MXN,0.04854,0.04797,0.049109,Reuters
2026-03-26,ARS,COP,11.600718,11.459108,11.742327,Internal
2026-03-27,MXN,USD,0.058644,0.057938,0.05935,Bloomberg
2026-03-27,COP,USD,0.000251,0.000248,0.000254,Bloomberg
2026-03-27,ARS,USD,0.002898,0.002856,0.00294,Reuters
2026-03-27,USD,MXN,16.738178,16.633682,16.842674,Internal
2026-03-27,USD,COP,3944.846162,3912.029485,3977.66284,Bloomberg
2026-03-27,USD,ARS,352.135488,347.330088,356.940888,Reuters
2026-03-27,MXN,COP,232.523971,229.168633,235.879309,Reuters
2026-03-27,MXN,ARS,20.367541,20.177711,20.55737,Reuters
2026-03-27,COP,MXN,0.00428,0.004229,0.00433,Internal
2026-03-27,COP,ARS,0.087305,0.08665,0.08796,Bloomberg
2026-03-27,ARS,MXN,0.048354,0.047709,0.048998,Reuters
2026-03-27,ARS,COP,11.443215,11.33083,11.555599,Central Bank
2026-03-28,MXN,USD,0.058134,0.057803,0.058465,Reuters
2026-03-28,COP,USD,0.000252,0.000249,0.000255,Central Bank
2026-03-28,ARS,USD,0.002829,0.002802,0.002857,Internal
2026-03-28,USD,MXN,16.711008,16.477816,16.9442,Bloomberg
2026-03-28,USD,COP,4058.792222,4037.28687,4080.297574,Internal
2026-03-28,USD,ARS,344.194747,340.200842,348.188652,Central Bank
2026-03-28,MXN,COP,235.11877,233.321991,236.915548,Internal
2026-03-28,MXN,ARS,20.500148,20.25251,20.747786,Internal
2026-03-28,COP,MXN,0.004268,0.004225,0.00431,Reuters
2026-03-28,COP,ARS,0.087411,0.08628,0.088542,Central Bank
2026-03-28,ARS,MXN,0.048493,0.047886,0.049099,Bloomberg
2026-03-28,ARS,COP,11.332494,11.249737,11.415251,Internal
2026-03-29,MXN,USD,0.058643,0.057965,0.059321,Bloomberg
2026-03-29,COP,USD,0.000253,0.00025,0.000256,Bloomberg
2026-03-29,ARS,USD,0.002818,0.002782,0.002853,Internal
2026-03-29,USD,MXN,17.29256,17.059531,17.525589,Reuters
2026-03-29,USD,COP,4034.420571,3978.601248,4090.239895,Reuters
2026-03-29,USD,ARS,350.448265,346.145998,354.750532,Internal
2026-03-29,MXN,COP,235.196426,233.267401,237.12545,Central Bank
2026-03-29,MXN,ARS,20.567275,20.349214,20.785337,Central Bank
2026-03-29,COP,MXN,0.004292,0.004242,0.004342,Bloomberg
2026-03-29,COP,ARS,0.087579,0.086945,0.088213,Reuters
2026-03-29,ARS,MXN,0.049177,0.048517,0.049837,Reuters
2026-03-29,ARS,COP,11.633046,11.52658,11.739511,Central Bank
2026-03-30,MXN,USD,0.058079,0.057568,0.058589,Reuters
2026-03-30,COP,USD,0.000251,0.000248,0.000254,Bloomberg
2026-03-30,ARS,USD,0.002875,0.002841,0.002909,Bloomberg
2026-03-30,USD,MXN,16.732975,16.553412,16.912539,Bloomberg
2026-03-30,USD,COP,4057.701315,4000.22282,4115.179809,Reuters
2026-03-30,USD,ARS,348.522479,345.740875,351.304083,Bloomberg
2026-03-30,MXN,COP,236.047946,233.068895,239.026998,Reuters
2026-03-30,MXN,ARS,20.228874,20.005314,20.452435,Reuters
2026-03-30,COP,MXN,0.004232,0.004169,0.004295,Bloomberg
2026-03-30,COP,ARS,0.089246,0.088745,0.089747,Internal
2026-03-30,ARS,MXN,0.04799,0.047681,0.0483,Central Bank
2026-03-30,ARS,COP,11.562305,11.498271,11.626339,Central Bank
2026-03-31,MXN,USD,0.058562,0.058236,0.058888,Internal
2026-03-31,COP,USD,0.000254,0.00025,0.000257,Central Bank
2026-03-31,ARS,USD,0.0029,0.002861,0.002938,Central Bank
2026-03-31,USD,MXN,16.721476,16.51398,16.928972,Reuters
2026-03-31,USD,COP,4042.423645,3986.153305,4098.693986,Bloomberg
2026-03-31,USD,ARS,355.23103,351.011501,359.450558,Internal
2026-03-31,MXN,COP,237.634115,234.084806,241.183423,Bloomberg
2026-03-31,MXN,ARS,20.674172,20.495363,20.852981,Bloomberg
2026-03-31,COP,MXN,0.004247,0.004199,0.004295,Bloomberg
2026-03-31,COP,ARS,0.088429,0.08746,0.089398,Internal
2026-03-31,ARS,MXN,0.048456,0.047987,0.048926,Central Bank
2026-03-31,ARS,COP,11.352978,11.262358,11.443597,Central Bank
2026-04-01,MXN,USD,0.058763,0.05789,0.059636,Internal
2026-04-01,COP,USD,0.000251,0.000248,0.000254,Central Bank
2026-04-01,ARS,USD,0.002837,0.002803,0.002871,Bloomberg
2026-04-01,USD,MXN,17.322289,17.072713,17.571865,Central Bank
2026-04-01,USD,COP,3927.940157,3903.300484,3952.579831,Bloomberg
2026-04-01,USD,ARS,346.036473,341.899904,350.173042,Central Bank
2026-04-01,MXN,COP,232.584892,231.122652,234.047132,Bloomberg
2026-04-01,MXN,ARS,20.564324,20.407661,20.720987,Central Bank
2026-04-01,COP,MXN,0.004192,0.00416,0.004223,Reuters
2026-04-01,COP,ARS,0.086015,0.085155,0.086875,Central Bank
2026-04-01,ARS,MXN,0.048947,0.048339,0.049555,Central Bank
2026-04-01,ARS,COP,11.440595,11.363624,11.517565,Reuters
2026-04-02,MXN,USD,0.057796,0.057165,0.058426,Internal
2026-04-02,COP,USD,0.000253,0.00025,0.000255,Reuters
2026-04-02,ARS,USD,0.002838,0.002807,0.00287,Bloomberg
2026-04-02,USD,MXN,16.809678,16.663669,16.955687,Bloomberg
2026-04-02,USD,COP,4030.528536,3997.350697,4063.706376,Internal
2026-04-02,USD,ARS,352.354533,347.528592,357.180473,Internal
2026-04-02,MXN,COP,232.423147,229.439217,235.407076,Bloomberg
2026-04-02,MXN,ARS,20.808759,20.590904,21.026614,Bloomberg
2026-04-02,COP,MXN,0.004268,0.004238,0.004299,Bloomberg
2026-04-02,COP,ARS,0.086999,0.086439,0.087559,Internal
2026-04-02,ARS,MXN,0.048624,0.048139,0.049109,Reuters
2026-04-02,ARS,COP,11.531977,11.451958,11.611996,Internal
2026-04-03,MXN,USD,0.058354,0.057512,0.059196,Internal
2026-04-03,COP,USD,0.00025,0.000248,0.000252,Internal
2026-04-03,ARS,USD,0.00283,0.002808,0.002852,Reuters
2026-04-03,USD,MXN,16.878252,16.717089,17.039415,Bloomberg
2026-04-03,USD,COP,4063.498601,4033.209707,4093.787495,Central Bank
2026-04-03,USD,ARS,355.926218,353.70914,358.143296,Reuters
2026-04-03,MXN,COP,237.420935,236.116829,238.725042,Central Bank
2026-04-03,MXN,ARS,20.946166,20.740855,21.151477,Internal
2026-04-03,COP,MXN,0.004291,0.004234,0.004347,Reuters
2026-04-03,COP,ARS,0.088376,0.087273,0.089478,Reuters
2026-04-03,ARS,MXN,0.048655,0.048095,0.049215,Reuters
2026-04-03,ARS,COP,11.442185,11.372517,11.511853,Internal
2026-04-04,MXN,USD,0.058792,0.058209,0.059375,Reuters
2026-04-04,COP,USD,0.000248,0.000245,0.00025,Bloomberg
2026-04-04,ARS,USD,0.002851,0.002814,0.002888,Internal
2026-04-04,USD,MXN,16.916311,16.691311,17.141311,Reuters
2026-04-04,USD,COP,3982.185923,3949.114097,4015.257748,Bloomberg
2026-04-04,USD,ARS,346.275584,341.714309,350.83686,Internal
2026-04-04,MXN,COP,233.190609,230.685965,235.695252,Bloomberg
2026-04-04,MXN,ARS,20.34005,20.140817,20.539284,Bloomberg
2026-04-04,COP,MXN,0.004192,0.004134,0.004249,Internal
2026-04-04,COP,ARS,0.08897,0.088373,0.089566,Central Bank
2026-04-04,ARS,MXN,0.048797,0.048517,0.049077,Central Bank
2026-04-04,ARS,COP,11.282888,11.171761,11.394016,Bloomberg
2026-04-05,MXN,USD,0.05894,0.058269,0.059611,Bloomberg
2026-04-05,COP,USD,0.000248,0.000246,0.00025,Reuters
2026-04-05,ARS,USD,0.00291,0.002892,0.002928,Reuters
2026-04-05,USD,MXN,16.665898,16.431195,16.900601,Central Bank
2026-04-05,USD,COP,3960.399757,3935.426891,3985.372623,Internal
2026-04-05,USD,ARS,343.369889,340.011041,346.728736,Internal
2026-04-05,MXN,COP,232.130311,230.793158,233.467463,Reuters
2026-04-05,MXN,ARS,20.958391,20.751572,21.165211,Bloomberg
2026-04-05,COP,MXN,0.004331,0.004292,0.00437,Central Bank
2026-04-05,COP,ARS,0.087752,0.086655,0.08885,Reuters
2026-04-05,ARS,MXN,0.048728,0.048189,0.049267,Central Bank
2026-04-05,ARS,COP,11.400724,11.309742,11.491706,Bloomberg
2026-04-06,MXN,USD,0.058562,0.058056,0.059069,Internal
2026-04-06,COP,USD,0.000251,0.000249,0.000254,Internal
2026-04-06,ARS,USD,0.002892,0.002863,0.002921,Reuters
2026-04-06,USD,MXN,17.274147,17.03713,17.511165,Internal
2026-04-06,USD,COP,3938.634957,3914.482008,3962.787907,Reuters
2026-04-06,USD,ARS,356.428656,353.705734,359.151579,Internal
2026-04-06,MXN,COP,231.195484,229.03348,233.357487,Reuters
2026-04-06,MXN,ARS,20.325604,20.126638,20.52457,Internal
2026-04-06,COP,MXN,0.004246,0.004213,0.004279,Internal
2026-04-06,COP,ARS,0.087991,0.087481,0.088501,Bloomberg
2026-04-06,ARS,MXN,0.048586,0.048093,0.049079,Internal
2026-04-06,ARS,COP,11.368773,11.20933,11.528216,Central Bank
2026-04-07,MXN,USD,0.059495,0.058652,0.060338,Central Bank
2026-04-07,COP,USD,0.000254,0.000251,0.000257,Internal
2026-04-07,ARS,USD,0.002838,0.00281,0.002866,Bloomberg
2026-04-07,USD,MXN,16.746246,16.631133,16.86136,Central Bank
2026-04-07,USD,COP,4022.280079,4001.023617,4043.536541,Central Bank
2026-04-07,USD,ARS,347.531623,345.751235,349.312011,Reuters
2026-04-07,MXN,COP,233.888753,232.45429,235.323216,Bloomberg
2026-04-07,MXN,ARS,20.489234,20.273989,20.704479,Reuters
2026-04-07,COP,MXN,0.004171,0.004119,0.004222,Central Bank
2026-04-07,COP,ARS,0.087751,0.087069,0.088433,Bloomberg
2026-04-07,ARS,MXN,0.048164,0.047863,0.048466,Internal
2026-04-07,ARS,COP,11.247154,11.175765,11.318543,Bloomberg
2026-04-08,MXN,USD,0.058228,0.057423,0.059034,Central Bank
2026-04-08,COP,USD,0.000253,0.00025,0.000256,Reuters
2026-04-08,ARS,USD,0.002827,0.002802,0.002852,Bloomberg
2026-04-08,USD,MXN,17.256212,17.106354,17.40607,Internal
2026-04-08,USD,COP,3970.202959,3914.348316,4026.057601,Central Bank
2026-04-08,USD,ARS,350.984504,345.728398,356.24061,Bloomberg
2026-04-08,MXN,COP,235.329592,232.434482,238.224701,Central Bank
2026-04-08,MXN,ARS,20.665986,20.373308,20.958663,Internal
2026-04-08,COP,MXN,0.00426,0.004206,0.004314,Reuters
2026-04-08,COP,ARS,0.087965,0.087082,0.088849,Bloomberg
2026-04-08,ARS,MXN,0.049112,0.04848,0.049744,Bloomberg
2026-04-08,ARS,COP,11.412603,11.248325,11.576882,Bloomberg
2026-04-09,MXN,USD,0.057759,0.056932,0.058586,Internal
2026-04-09,COP,USD,0.000247,0.000244,0.00025,Bloomberg
2026-04-09,ARS,USD,0.002899,0.00286,0.002938,Internal
2026-04-09,USD,MXN,16.678513,16.511808,16.845218,Internal
2026-04-09,USD,COP,4000.519169,3967.478753,4033.559586,Reuters
2026-04-09,USD,ARS,356.66515,352.060734,361.269566,Central Bank
2026-04-09,MXN,COP,237.045816,235.167616,238.924016,Reuters
2026-04-09,MXN,ARS,20.721449,20.525903,20.916995,Bloomberg
2026-04-09,COP,MXN,0.004267,0.004239,0.004295,Central Bank
2026-04-09,COP,ARS,0.088152,0.087696,0.088608,Internal
2026-04-09,ARS,MXN,0.048789,0.048199,0.04938,Bloomberg
2026-04-09,ARS,COP,11.385034,11.311291,11.458777,Bloomberg
2026-04-10,MXN,USD,0.05846,0.057942,0.058978,Central Bank
2026-04-10,COP,USD,0.000248,0.000246,0.00025,Central Bank
2026-04-10,ARS,USD,0.002884,0.002858,0.002911,Central Bank
2026-04-10,USD,MXN,16.706028,16.548644,16.863411,Bloomberg
2026-04-10,USD,COP,4013.44859,3959.661706,4067.235473,Internal
2026-04-10,USD,ARS,345.304266,340.80997,349.798563,Reuters
2026-04-10,MXN,COP,235.798737,232.929826,238.667648,Internal
2026-04-10,MXN,ARS,20.728726,20.421481,21.035971,Reuters
2026-04-10,COP,MXN,0.004166,0.004132,0.004201,Reuters
2026-04-10,COP,ARS,0.088427,0.087374,0.08948,Central Bank
2026-04-10,ARS,MXN,0.048308,0.047708,0.048908,Reuters
2026-04-10,ARS,COP,11.482783,11.370571,11.594995,Internal
2026-04-11,MXN,USD,0.058874,0.058067,0.059681,Reuters
2026-04-11,COP,USD,0.000245,0.000243,0.000248,Central Bank
2026-04-11,ARS,USD,0.00284,0.002803,0.002877,Central Bank
2026-04-11,USD,MXN,16.937947,16.782896,17.092999,Bloomberg
2026-04-11,USD,COP,3930.372138,3905.670074,3955.074201,Central Bank
2026-04-11,USD,ARS,347.446009,343.806479,351.085539,Internal
2026-04-11,MXN,COP,237.94247,234.782728,241.102213,Bloomberg
2026-04-11,MXN,ARS,20.574651,20.277483,20.871819,Reuters
2026-04-11,COP,MXN,0.004203,0.004158,0.004248,Bloomberg
2026-04-11,COP,ARS,0.086141,0.084867,0.087414,Bloomberg
2026-04-11,ARS,MXN,0.048203,0.047854,0.048551,Central Bank
2026-04-11,ARS,COP,11.419174,11.36179,11.476558,Internal
2026-04-12,MXN,USD,0.059267,0.058635,0.059899,Reuters
2026-04-12,COP,USD,0.00025,0.000249,0.000252,Reuters
2026-04-12,ARS,USD,0.002878,0.002849,0.002907,Internal
2026-04-12,USD,MXN,17.189287,16.972194,17.406381,Central Bank
2026-04-12,USD,COP,3987.741564,3961.347372,4014.135756,Internal
2026-04-12,USD,ARS,348.957935,344.886614,353.029257,Central Bank
2026-04-12,MXN,COP,239.381717,237.048216,241.715218,Reuters
2026-04-12,MXN,ARS,20.996444,20.817996,21.174892,Reuters
2026-04-12,COP,MXN,0.004241,0.00421,0.004273,Reuters
2026-04-12,COP,ARS,0.086767,0.08563,0.087905,Reuters
2026-04-12,ARS,MXN,0.049433,0.048811,0.050054,Internal
2026-04-12,ARS,COP,11.420064,11.287713,11.552416,Reuters
2026-04-13,MXN,USD,0.059946,0.059471,0.060422,Bloomberg
2026-04-13,COP,USD,0.000248,0.000245,0.000252,Central Bank
2026-04-13,ARS,USD,0.002803,0.002774,0.002832,Reuters
2026-04-13,USD,MXN,17.208029,17.031027,17.38503,Bloomberg
2026-04-13,USD,COP,3953.796835,3914.87444,3992.719231,Reuters
2026-04-13,USD,ARS,353.585006,349.044314,358.125698,Bloomberg
2026-04-13,MXN,COP,231.025553,229.821263,232.229844,Reuters
2026-04-13,MXN,ARS,20.951576,20.843379,21.059773,Reuters
2026-04-13,COP,MXN,0.00418,0.004156,0.004203,Internal
2026-04-13,COP,ARS,0.088323,0.087054,0.089592,Reuters
2026-04-13,ARS,MXN,0.048727,0.048426,0.049027,Internal
2026-04-13,ARS,COP,11.206298,11.075059,11.337537,Internal
2026-04-14,MXN,USD,0.059451,0.058665,0.060237,Central Bank
2026-04-14,COP,USD,0.000248,0.000246,0.000251,Internal
2026-04-14,ARS,USD,0.002911,0.002894,0.002928,Reuters
2026-04-14,USD,MXN,16.671319,16.542034,16.800604,Reuters
2026-04-14,USD,COP,3927.206208,3905.943086,3948.469329,Reuters
2026-04-14,USD,ARS,347.700012,344.91539,350.484634,Bloomberg
2026-04-14,MXN,COP,231.812923,229.546818,234.079028,Internal
2026-04-14,MXN,ARS,20.896351,20.672618,21.120084,Central Bank
2026-04-14,COP,MXN,0.004323,0.004284,0.004361,Reuters
2026-04-14,COP,ARS,0.087933,0.087202,0.088665,Reuters
2026-04-14,ARS,MXN,0.049036,0.048373,0.049699,Central Bank
2026-04-14,ARS,COP,11.620715,11.536434,11.704996,Internal
2026-04-15,MXN,USD,0.058144,0.057727,0.058561,Reuters
2026-04-15,COP,USD,0.00025,0.000246,0.000253,Reuters
2026-04-15,ARS,USD,0.002841,0.002805,0.002878,Central Bank
2026-04-15,USD,MXN,16.989469,16.815501,17.163437,Bloomberg
2026-04-15,USD,COP,3957.713997,3935.367894,3980.060099,Reuters
2026-04-15,USD,ARS,355.196491,351.048213,359.34477,Reuters
2026-04-15,MXN,COP,233.149618,230.500919,235.798318,Internal
2026-04-15,MXN,ARS,20.507017,20.353669,20.660365,Central Bank
2026-04-15,COP,MXN,0.004296,0.004243,0.004349,Reuters
2026-04-15,COP,ARS,0.086999,0.08605,0.087949,Central Bank
2026-04-15,ARS,MXN,0.048131,0.047422,0.04884,Internal
2026-04-15,ARS,COP,11.426658,11.350589,11.502728,Reuters
2026-04-16,MXN,USD,0.057893,0.057598,0.058188,Internal
2026-04-16,COP,USD,0.000246,0.000244,0.000248,Internal
2026-04-16,ARS,USD,0.002824,0.002796,0.002852,Central Bank
2026-04-16,USD,MXN,17.307638,17.134373,17.480902,Central Bank
2026-04-16,USD,COP,4062.006385,4002.309792,4121.702978,Central Bank
2026-04-16,USD,ARS,346.120296,344.328022,347.91257,Reuters
2026-04-16,MXN,COP,234.162144,232.737076,235.587213,Bloomberg
2026-04-16,MXN,ARS,20.629013,20.450606,20.80742,Central Bank
2026-04-16,COP,MXN,0.00423,0.004195,0.004265,Internal
2026-04-16,COP,ARS,0.087098,0.086529,0.087667,Internal
2026-04-16,ARS,MXN,0.04805,0.047735,0.048365,Reuters
2026-04-16,ARS,COP,11.300131,11.231425,11.368836,Internal
2026-04-17,MXN,USD,0.058594,0.058008,0.05918,Internal
2026-04-17,COP,USD,0.000247,0.000243,0.00025,Reuters
2026-04-17,ARS,USD,0.002906,0.002869,0.002944,Reuters
2026-04-17,USD,MXN,16.992032,16.845245,17.138819,Central Bank
2026-04-17,USD,COP,4020.939204,3974.796415,4067.081993,Internal
2026-04-17,USD,ARS,344.676262,339.837893,349.514631,Bloomberg
2026-04-17,MXN,COP,231.431073,229.494338,233.367807,Internal
2026-04-17,MXN,ARS,20.253922,20.066714,20.441129,Reuters
2026-04-17,COP,MXN,0.004194,0.004134,0.004255,Central Bank
2026-04-17,COP,ARS,0.086678,0.085457,0.087898,Reuters
2026-04-17,ARS,MXN,0.04847,0.047793,0.049147,Reuters
2026-04-17,ARS,COP,11.216865,11.131066,11.302664,Central Bank
2026-04-18,MXN,USD,0.058518,0.057973,0.059062,Reuters
2026-04-18,COP,USD,0.000255,0.000252,0.000258,Bloomberg
2026-04-18,ARS,USD,0.002869,0.002831,0.002906,Reuters
2026-04-18,USD,MXN,17.155312,17.006214,17.304411,Central Bank
2026-04-18,USD,COP,4025.577547,3971.663805,4079.491289,Central Bank
2026-04-18,USD,ARS,354.693138,349.613837,359.772439,Internal
2026-04-18,MXN,COP,235.837223,234.058325,237.616121,Internal
2026-04-18,MXN,ARS,20.858757,20.726297,20.991218,Bloomberg
2026-04-18,COP,MXN,0.004303,0.004247,0.004359,Internal
2026-04-18,COP,ARS,0.086613,0.08584,0.087386,Reuters
2026-04-18,ARS,MXN,0.04903,0.048631,0.049428,Bloomberg
2026-04-18,ARS,COP,11.573372,11.43795,11.708794,Central Bank
2026-04-19,MXN,USD,0.059306,0.058721,0.059891,Central Bank
2026-04-19,COP,USD,0.000248,0.000246,0.00025,Reuters
2026-04-19,ARS,USD,0.0028,0.002782,0.002819,Central Bank
2026-04-19,USD,MXN,16.789428,16.673366,16.90549,Bloomberg
2026-04-19,USD,COP,3972.088001,3938.663414,4005.512589,Central Bank
2026-04-19,USD,ARS,350.797812,348.540855,353.054769,Internal
2026-04-19,MXN,COP,237.363505,234.203908,240.523103,Bloomberg
2026-04-19,MXN,ARS,20.61571,20.31908,20.91234,Reuters
2026-04-19,COP,MXN,0.004224,0.004167,0.00428,Reuters
2026-04-19,COP,ARS,0.086706,0.086158,0.087255,Reuters
2026-04-19,ARS,MXN,0.049101,0.04843,0.049772,Reuters
2026-04-19,ARS,COP,11.20303,11.101983,11.304077,Central Bank
2026-04-20,MXN,USD,0.058848,0.058393,0.059304,Bloomberg
2026-04-20,COP,USD,0.000252,0.00025,0.000254,Internal
2026-04-20,ARS,USD,0.002808,0.002783,0.002833,Bloomberg
2026-04-20,USD,MXN,16.86866,16.667541,17.069779,Bloomberg
2026-04-20,USD,COP,4025.052025,3996.398027,4053.706023,Central Bank
2026-04-20,USD,ARS,353.266244,350.622998,355.909491,Internal
2026-04-20,MXN,COP,235.010468,232.774809,237.246128,Bloomberg
2026-04-20,MXN,ARS,20.30383,20.119182,20.488479,Internal
2026-04-20,COP,MXN,0.004241,0.004189,0.004293,Internal
2026-04-20,COP,ARS,0.08677,0.085571,0.087969,Reuters
2026-04-20,ARS,MXN,0.049371,0.048732,0.05001,Central Bank
2026-04-20,ARS,COP,11.465433,11.311277,11.619588,Internal
2026-04-21,MXN,USD,0.058912,0.058354,0.059469,Internal
2026-04-21,COP,USD,0.000253,0.00025,0.000255,Bloomberg
2026-04-21,ARS,USD,0.002912,0.002889,0.002934,Bloomberg
2026-04-21,USD,MXN,17.195408,17.074825,17.315992,Internal
2026-04-21,USD,COP,3975.452481,3920.399393,4030.505569,Bloomberg
2026-04-21,USD,ARS,356.834656,352.091419,361.577893,Internal
2026-04-21,MXN,COP,234.436419,232.653215,236.219623,Central Bank
2026-04-21,MXN,ARS,20.925738,20.751985,21.099492,Internal
2026-04-21,COP,MXN,0.004275,0.004216,0.004335,Bloomberg
2026-04-21,COP,ARS,0.088421,0.087951,0.088892,Central Bank
2026-04-21,ARS,MXN,0.048371,0.047693,0.049049,Bloomberg
2026-04-21,ARS,COP,11.599678,11.485576,11.71378,Central Bank
2026-04-22,MXN,USD,0.058451,0.057982,0.05892,Bloomberg
2026-04-22,COP,USD,0.000251,0.000248,0.000253,Bloomberg
2026-04-22,ARS,USD,0.002823,0.00279,0.002855,Central Bank
2026-04-22,USD,MXN,17.008222,16.905254,17.11119,Internal
2026-04-22,USD,COP,3964.727611,3912.480251,4016.974971,Bloomberg
2026-04-22,USD,ARS,346.493432,344.292603,348.694261,Central Bank
2026-04-22,MXN,COP,238.764377,235.490192,242.038563,Bloomberg
2026-04-22,MXN,ARS,20.588839,20.313659,20.864019,Reuters
2026-04-22,COP,MXN,0.004327,0.004303,0.004352,Reuters
2026-04-22,COP,ARS,0.086716,0.085515,0.087917,Bloomberg
2026-04-22,ARS,MXN,0.048695,0.048186,0.049203,Central Bank
2026-04-22,ARS,COP,11.364333,11.279548,11.449119,Central Bank
2026-04-23,MXN,USD,0.059671,0.059027,0.060316,Central Bank
2026-04-23,COP,USD,0.000245,0.000243,0.000247,Internal
2026-04-23,ARS,USD,0.002801,0.002776,0.002827,Bloomberg
2026-04-23,USD,MXN,16.820263,16.672235,16.96829,Central Bank
2026-04-23,USD,COP,3966.3526,3945.018643,3987.686558,Bloomberg
2026-04-23,USD,ARS,348.745572,343.553238,353.937906,Bloomberg
2026-04-23,MXN,COP,238.209309,236.277576,240.141042,Internal
2026-04-23,MXN,ARS,20.631219,20.403219,20.85922,Bloomberg
2026-04-23,COP,MXN,0.004324,0.004261,0.004387,Central Bank
2026-04-23,COP,ARS,0.087984,0.08706,0.088908,Bloomberg
2026-04-23,ARS,MXN,0.049288,0.048601,0.049975,Central Bank
2026-04-23,ARS,COP,11.630978,11.482526,11.77943,Reuters
2026-04-24,MXN,USD,0.057748,0.05722,0.058277,Central Bank
2026-04-24,COP,USD,0.000246,0.000244,0.000248,Central Bank
2026-04-24,ARS,USD,0.002837,0.002809,0.002865,Internal
2026-04-24,USD,MXN,17.287796,17.198304,17.377288,Bloomberg
2026-04-24,USD,COP,4033.455487,3977.621377,4089.289597,Central Bank
2026-04-24,USD,ARS,343.520384,338.371589,348.669178,Internal
2026-04-24,MXN,COP,236.635927,235.01749,238.254364,Internal
2026-04-24,MXN,ARS,20.613744,20.424427,20.80306,Reuters
2026-04-24,COP,MXN,0.004173,0.00413,0.004217,Internal
2026-04-24,COP,ARS,0.087683,0.086576,0.08879,Bloomberg
2026-04-24,ARS,MXN,0.047821,0.047562,0.04808,Bloomberg
2026-04-24,ARS,COP,11.415335,11.335888,11.494781,Internal
2026-04-25,MXN,USD,0.057842,0.05739,0.058293,Bloomberg
2026-04-25,COP,USD,0.000251,0.000249,0.000253,Central Bank
2026-04-25,ARS,USD,0.002869,0.002827,0.002911,Central Bank
2026-04-25,USD,MXN,17.281119,17.135735,17.426504,Internal
2026-04-25,USD,COP,3948.33318,3897.159174,3999.507187,Internal
2026-04-25,USD,ARS,343.101808,340.778078,345.425538,Reuters
2026-04-25,MXN,COP,235.222943,232.838568,237.607318,Reuters
2026-04-25,MXN,ARS,20.911728,20.7133,21.110156,Bloomberg
2026-04-25,COP,MXN,0.004176,0.004148,0.004204,Bloomberg
2026-04-25,COP,ARS,0.087615,0.086398,0.088833,Bloomberg
2026-04-25,ARS,MXN,0.047897,0.047281,0.048512,Bloomberg
2026-04-25,ARS,COP,11.279049,11.157811,11.400288,Bloomberg
2026-04-26,MXN,USD,0.059915,0.059419,0.060412,Central Bank
2026-04-26,COP,USD,0.000246,0.000243,0.000249,Bloomberg
2026-04-26,ARS,USD,0.002863,0.002821,0.002904,Reuters
2026-04-26,USD,MXN,16.992726,16.75766,17.227792,Reuters
2026-04-26,USD,COP,3957.555913,3934.391644,3980.720183,Internal
2026-04-26,USD,ARS,354.023763,350.975592,357.071935,Reuters
2026-04-26,MXN,COP,234.866087,233.569363,236.162811,Internal
2026-04-26,MXN,ARS,20.846816,20.569312,21.124319,Bloomberg
2026-04-26,COP,MXN,0.00429,0.004257,0.004323,Internal
2026-04-26,COP,ARS,0.086508,0.08572,0.087297,Bloomberg
2026-04-26,ARS,MXN,0.048529,0.048116,0.048941,Reuters
2026-04-26,ARS,COP,11.496377,11.406689,11.586065,Reuters
2026-04-27,MXN,USD,0.058927,0.058315,0.05954,Reuters
2026-04-27,COP,USD,0.000245,0.000242,0.000249,Internal
2026-04-27,ARS,USD,0.002885,0.002843,0.002928,Central Bank
2026-04-27,USD,MXN,17.157587,17.05197,17.263204,Bloomberg
2026-04-27,USD,COP,3935.19837,3880.939317,3989.457423,Bloomberg
2026-04-27,USD,ARS,353.722383,348.447049,358.997716,Central Bank
2026-04-27,MXN,COP,233.24944,231.594587,234.904293,Central Bank
2026-04-27,MXN,ARS,20.840388,20.658084,21.022691,Internal
2026-04-27,COP,MXN,0.004264,0.004231,0.004296,Central Bank
2026-04-27,COP,ARS,0.085921,0.085223,0.086619,Central Bank
2026-04-27,ARS,MXN,0.047776,0.047242,0.04831,Bloomberg
2026-04-27,ARS,COP,11.652107,11.48681,11.817403,Reuters
2026-04-28,MXN,USD,0.058084,0.0573,0.058867,Internal
2026-04-28,COP,USD,0.000247,0.000245,0.000248,Internal
2026-04-28,ARS,USD,0.002806,0.002776,0.002836,Central Bank
2026-04-28,USD,MXN,17.332991,17.1175,17.548482,Bloomberg
2026-04-28,USD,COP,4041.685267,4005.366367,4078.004167,Bloomberg
2026-04-28,USD,ARS,346.235439,343.191544,349.279334,Reuters
2026-04-28,MXN,COP,231.082211,228.656461,233.50796,Bloomberg
2026-04-28,MXN,ARS,20.333189,20.229937,20.436442,Internal
2026-04-28,COP,MXN,0.00418,0.00414,0.004219,Reuters
2026-04-28,COP,ARS,0.086858,0.085623,0.088092,Reuters
2026-04-28,ARS,MXN,0.04769,0.047088,0.048292,Reuters
2026-04-28,ARS,COP,11.213185,11.148865,11.277504,Central Bank
2026-04-29,MXN,USD,0.05766,0.056894,0.058427,Reuters
2026-04-29,COP,USD,0.000249,0.000247,0.000251,Bloomberg
2026-04-29,ARS,USD,0.002873,0.002854,0.002892,Internal
2026-04-29,USD,MXN,17.338466,17.188523,17.48841,Reuters
2026-04-29,USD,COP,3933.924525,3882.792369,3985.056682,Bloomberg
2026-04-29,USD,ARS,348.061156,345.402899,350.719414,Bloomberg
2026-04-29,MXN,COP,236.726213,235.475989,237.976437,Bloomberg
2026-04-29,MXN,ARS,20.840471,20.533565,21.147376,Internal
2026-04-29,COP,MXN,0.004246,0.004221,0.004272,Internal
2026-04-29,COP,ARS,0.0872,0.086116,0.088283,Central Bank
2026-04-29,ARS,MXN,0.047927,0.047409,0.048446,Bloomberg
2026-04-29,ARS,COP,11.367466,11.259958,11.474974,Internal
2026-04-30,MXN,USD,0.058324,0.057645,0.059003,Central Bank
2026-04-30,COP,USD,0.000249,0.000247,0.00025,Reuters
2026-04-30,ARS,USD,0.002822,0.002804,0.00284,Internal
2026-04-30,USD,MXN,17.247345,17.053477,17.441213,Internal
2026-04-30,USD,COP,4031.055712,3983.582388,4078.529036,Reuters
2026-04-30,USD,ARS,345.285005,340.157422,350.412588,Reuters
2026-04-30,MXN,COP,235.547515,232.146496,238.948534,Central Bank
2026-04-30,MXN,ARS,20.506742,20.254777,20.758708,Bloomberg
2026-04-30,COP,MXN,0.004182,0.00412,0.004243,Reuters
2026-04-30,COP,ARS,0.08878,0.088236,0.089325,Central Bank
2026-04-30,ARS,MXN,0.048101,0.047513,0.04869,Central Bank
2026-04-30,ARS,COP,11.271869,11.136413,11.407325,Reuters
2026-05-01,MXN,USD,0.059986,0.059154,0.060818,Internal
2026-05-01,COP,USD,0.000249,0.000248,0.000251,Bloomberg
2026-05-01,ARS,USD,0.002851,0.00281,0.002891,Internal
2026-05-01,USD,MXN,17.269077,17.029939,17.508216,Reuters
2026-05-01,USD,COP,3934.785302,3880.038461,3989.532143,Central Bank
2026-05-01,USD,ARS,352.553505,349.372459,355.73455,Reuters
2026-05-01,MXN,COP,233.50838,230.13668,236.88008,Central Bank
2026-05-01,MXN,ARS,20.62344,20.422241,20.824639,Central Bank
2026-05-01,COP,MXN,0.004198,0.004176,0.004219,Central Bank
2026-05-01,COP,ARS,0.088023,0.086883,0.089163,Internal
2026-05-01,ARS,MXN,0.048384,0.047703,0.049064,Internal
2026-05-01,ARS,COP,11.213224,11.145466,11.280982,Central Bank
2026-05-02,MXN,USD,0.057914,0.057235,0.058593,Internal
2026-05-02,COP,USD,0.000247,0.000245,0.000249,Central Bank
2026-05-02,ARS,USD,0.002876,0.002847,0.002905,Central Bank
2026-05-02,USD,MXN,16.969452,16.87958,17.059325,Bloomberg
2026-05-02,USD,COP,4074.369561,4034.842936,4113.896186,Internal
2026-05-02,USD,ARS,348.007185,343.348824,352.665546,Reuters
2026-05-02,MXN,COP,230.703204,229.402842,232.003565,Central Bank
2026-05-02,MXN,ARS,20.724697,20.444482,21.004913,Reuters
2026-05-02,COP,MXN,0.004214,0.004188,0.004241,Internal
2026-05-02,COP,ARS,0.08828,0.087212,0.089348,Internal
2026-05-02,ARS,MXN,0.048674,0.047964,0.049385,Reuters
2026-05-02,ARS,COP,11.234341,11.130856,11.337826,Reuters
2026-05-03,MXN,USD,0.058131,0.057397,0.058865,Bloomberg
2026-05-03,COP,USD,0.000248,0.000245,0.000251,Central Bank
2026-05-03,ARS,USD,0.002896,0.002874,0.002917,Internal
2026-05-03,USD,MXN,16.87563,16.742036,17.009225,Internal
2026-05-03,USD,COP,4070.820618,4044.584429,4097.056807,Bloomberg
2026-05-03,USD,ARS,344.777013,339.769707,349.784319,Central Bank
2026-05-03,MXN,COP,236.65149,233.351253,239.951727,Reuters
2026-05-03,MXN,ARS,20.280479,20.164214,20.396744,Central Bank
2026-05-03,COP,MXN,0.004237,0.004194,0.00428,Internal
2026-05-03,COP,ARS,0.085942,0.085067,0.086817,Reuters
2026-05-03,ARS,MXN,0.04779,0.047216,0.048364,Bloomberg
2026-05-03,ARS,COP,11.30883,11.148318,11.469342,Internal
2026-05-04,MXN,USD,0.058567,0.058188,0.058946,Internal
2026-05-04,COP,USD,0.000248,0.000246,0.00025,Bloomberg
2026-05-04,ARS,USD,0.002887,0.002866,0.002908,Internal
2026-05-04,USD,MXN,17.171403,17.039125,17.30368,Reuters
2026-05-04,USD,COP,3921.527877,3900.5974,3942.458355,Reuters
2026-05-04,USD,ARS,352.038039,349.264006,354.812073,Central Bank
2026-05-04,MXN,COP,237.09205,235.401122,238.782978,Central Bank
2026-05-04,MXN,ARS,20.943463,20.704318,21.182609,Reuters
2026-05-04,COP,MXN,0.004274,0.004221,0.004327,Bloomberg
2026-05-04,COP,ARS,0.087965,0.086859,0.08907,Central Bank
2026-05-04,ARS,MXN,0.049439,0.048923,0.049955,Central Bank
2026-05-04,ARS,COP,11.492103,11.373099,11.611107,Reuters
2026-05-05,MXN,USD,0.058713,0.058198,0.059227,Central Bank
2026-05-05,COP,USD,0.000251,0.000247,0.000254,Bloomberg
2026-05-05,ARS,USD,0.002912,0.00289,0.002935,Reuters
2026-05-05,USD,MXN,17.091119,16.840408,17.34183,Reuters
2026-05-05,USD,COP,3998.152596,3944.664762,4051.64043,Bloomberg
2026-05-05,USD,ARS,346.333651,342.170255,350.497047,Reuters
2026-05-05,MXN,COP,239.86569,236.676003,243.055376,Internal
2026-05-05,MXN,ARS,20.381208,20.124597,20.637819,Internal
2026-05-05,COP,MXN,0.004171,0.004122,0.004219,Reuters
2026-05-05,COP,ARS,0.086297,0.085045,0.087549,Bloomberg
2026-05-05,ARS,MXN,0.047749,0.047124,0.048373,Internal
2026-05-05,ARS,COP,11.564351,11.46955,11.659152,Reuters
2026-05-06,MXN,USD,0.059961,0.059185,0.060738,Bloomberg
2026-05-06,COP,USD,0.00025,0.000248,0.000251,Central Bank
2026-05-06,ARS,USD,0.002859,0.002827,0.002891,Internal
2026-05-06,USD,MXN,16.842693,16.755473,16.929912,Reuters
2026-05-06,USD,COP,3947.064318,3926.490398,3967.638238,Reuters
2026-05-06,USD,ARS,343.45513,340.535416,346.374844,Bloomberg
2026-05-06,MXN,COP,235.314731,232.889489,237.739973,Internal
2026-05-06,MXN,ARS,20.777582,20.592543,20.962622,Central Bank
2026-05-06,COP,MXN,0.004232,0.004203,0.004262,Bloomberg
2026-05-06,COP,ARS,0.086758,0.085955,0.087561,Central Bank
2026-05-06,ARS,MXN,0.047776,0.047371,0.04818,Reuters
2026-05-06,ARS,COP,11.216107,11.082635,11.349578,Internal
2026-05-07,MXN,USD,0.058065,0.057491,0.058638,Central Bank
2026-05-07,COP,USD,0.00025,0.000248,0.000253,Central Bank
2026-05-07,ARS,USD,0.002845,0.002808,0.002882,Central Bank
2026-05-07,USD,MXN,17.178254,17.066579,17.289929,Central Bank
2026-05-07,USD,COP,3993.65599,3950.421951,4036.89003,Bloomberg
2026-05-07,USD,ARS,355.294758,352.9906,357.598915,Bloomberg
2026-05-07,MXN,COP,232.561574,229.176476,235.946673,Bloomberg
2026-05-07,MXN,ARS,20.447678,20.246055,20.649302,Bloomberg
2026-05-07,COP,MXN,0.004224,0.004168,0.00428,Bloomberg
2026-05-07,COP,ARS,0.087567,0.086828,0.088306,Internal
2026-05-07,ARS,MXN,0.04784,0.047517,0.048162,Internal
2026-05-07,ARS,COP,11.519682,11.351728,11.687636,Reuters
2026-05-08,MXN,USD,0.057863,0.057412,0.058314,Bloomberg
2026-05-08,COP,USD,0.00025,0.000247,0.000253,Bloomberg
2026-05-08,ARS,USD,0.002816,0.002793,0.002839,Internal
2026-05-08,USD,MXN,16.818116,16.651604,16.984628,Reuters
2026-05-08,USD,COP,3948.783708,3898.067146,3999.500269,Reuters
2026-05-08,USD,ARS,353.11401,351.306542,354.921479,Reuters
2026-05-08,MXN,COP,232.33069,230.148438,234.512942,Bloomberg
2026-05-08,MXN,ARS,20.914668,20.755528,21.073809,Reuters
2026-05-08,COP,MXN,0.004275,0.004235,0.004316,Reuters
2026-05-08,COP,ARS,0.086252,0.085777,0.086727,Reuters
2026-05-08,ARS,MXN,0.049536,0.049221,0.049851,Reuters
2026-05-08,ARS,COP,11.303417,11.148571,11.458263,Central Bank
2026-05-09,MXN,USD,0.059679,0.059038,0.06032,Reuters
2026-05-09,COP,USD,0.000252,0.000249,0.000255,Internal
2026-05-09,ARS,USD,0.002856,0.002819,0.002894,Bloomberg
2026-05-09,USD,MXN,16.928859,16.730554,17.127165,Bloomberg
2026-05-09,USD,COP,3998.170153,3959.774436,4036.56587,Reuters
2026-05-09,USD,ARS,349.353641,346.829467,351.877816,Central Bank
2026-05-09,MXN,COP,234.562593,231.792373,237.332813,Central Bank
2026-05-09,MXN,ARS,20.281602,20.150058,20.413146,Bloomberg
2026-05-09,COP,MXN,0.00422,0.004194,0.004245,Central Bank
2026-05-09,COP,ARS,0.086588,0.085975,0.0872,Central Bank
2026-05-09,ARS,MXN,0.047657,0.047262,0.048052,Reuters
2026-05-09,ARS,COP,11.632246,11.495405,11.769088,Bloomberg
2026-05-10,MXN,USD,0.05969,0.05915,0.060231,Reuters
2026-05-10,COP,USD,0.000255,0.000251,0.000258,Reuters
2026-05-10,ARS,USD,0.002881,0.002842,0.002921,Bloomberg
2026-05-10,USD,MXN,16.803568,16.581294,17.025841,Bloomberg
2026-05-10,USD,COP,3949.01758,3895.46487,4002.570289,Central Bank
2026-05-10,USD,ARS,350.808023,346.298904,355.317141,Reuters
2026-05-10,MXN,COP,238.931619,235.681894,242.181343,Internal
2026-05-10,MXN,ARS,20.225252,19.968768,20.481736,Reuters
2026-05-10,COP,MXN,0.0042,0.004144,0.004256,Central Bank
2026-05-10,COP,ARS,0.08662,0.086176,0.087063,Reuters
2026-05-10,ARS,MXN,0.048692,0.048234,0.049149,Bloomberg
2026-05-10,ARS,COP,11.419303,11.342856,11.49575,Bloomberg
2026-05-11,MXN,USD,0.059882,0.059516,0.060248,Bloomberg
2026-05-11,COP,USD,0.000246,0.000244,0.000249,Central Bank
2026-05-11,ARS,USD,0.002871,0.002833,0.002908,Bloomberg
2026-05-11,USD,MXN,16.963534,16.815548,17.11152,Bloomberg
2026-05-11,USD,COP,3931.922086,3894.602672,3969.241501,Reuters
2026-05-11,USD,ARS,346.779396,342.969789,350.589003,Bloomberg
2026-05-11,MXN,COP,235.673527,234.030076,237.316979,Reuters
2026-05-11,MXN,ARS,20.987323,20.790531,21.184115,Bloomberg
2026-05-11,COP,MXN,0.004257,0.004232,0.004283,Bloomberg
2026-05-11,COP,ARS,0.087309,0.086286,0.088331,Reuters
2026-05-11,ARS,MXN,0.048369,0.047979,0.048759,Reuters
2026-05-11,ARS,COP,11.343159,11.282907,11.403411,Internal
2026-05-12,MXN,USD,0.059723,0.059415,0.060031,Reuters
2026-05-12,COP,USD,0.000254,0.000251,0.000258,Reuters
2026-05-12,ARS,USD,0.002874,0.002845,0.002903,Bloomberg
2026-05-12,USD,MXN,17.240758,16.996419,17.485098,Central Bank
2026-05-12,USD,COP,4026.741775,3975.237547,4078.246004,Central Bank
2026-05-12,USD,ARS,352.348493,347.728762,356.968225,Bloomberg
2026-05-12,MXN,COP,235.458583,233.523087,237.394079,Bloomberg
2026-05-12,MXN,ARS,20.776955,20.561926,20.991985,Internal
2026-05-12,COP,MXN,0.004247,0.004184,0.004309,Bloomberg
2026-05-12,COP,ARS,0.089115,0.08821,0.09002,Reuters
2026-05-12,ARS,MXN,0.048026,0.047752,0.0483,Reuters
2026-05-12,ARS,COP,11.39482,11.304255,11.485384,Reuters
2026-05-13,MXN,USD,0.059728,0.058947,0.060508,Bloomberg
2026-05-13,COP,USD,0.000247,0.000246,0.000248,Central Bank
2026-05-13,ARS,USD,0.002844,0.002818,0.00287,Internal
2026-05-13,USD,MXN,16.701381,16.469204,16.933558,Internal
2026-05-13,USD,COP,3954.106307,3898.534449,4009.678164,Central Bank
2026-05-13,USD,ARS,344.398169,339.959679,348.836659,Central Bank
2026-05-13,MXN,COP,237.351846,234.510835,240.192857,Central Bank
2026-05-13,MXN,ARS,20.991113,20.76225,21.219975,Reuters
2026-05-13,COP,MXN,0.004291,0.004269,0.004314,Bloomberg
2026-05-13,COP,ARS,0.087465,0.086393,0.088538,Bloomberg
2026-05-13,ARS,MXN,0.048097,0.047829,0.048365,Internal
2026-05-13,ARS,COP,11.425323,11.359379,11.491267,Internal
2026-05-14,MXN,USD,0.057667,0.056832,0.058502,Internal
2026-05-14,COP,USD,0.000251,0.000248,0.000254,Central Bank
2026-05-14,ARS,USD,0.002847,0.00281,0.002885,Bloomberg
2026-05-14,USD,MXN,17.257801,17.016855,17.498747,Reuters
2026-05-14,USD,COP,4077.594465,4042.075817,4113.113112,Bloomberg
2026-05-14,USD,ARS,343.631173,341.418599,345.843747,Central Bank
2026-05-14,MXN,COP,234.269683,231.158287,237.381078,Internal
2026-05-14,MXN,ARS,20.978402,20.810875,21.145929,Reuters
2026-05-14,COP,MXN,0.004238,0.004206,0.004271,Internal
2026-05-14,COP,ARS,0.086603,0.085858,0.087348,Reuters
2026-05-14,ARS,MXN,0.047718,0.047277,0.048159,Reuters
2026-05-14,ARS,COP,11.581476,11.456913,11.706038,Central Bank
2026-05-15,MXN,USD,0.058436,0.057623,0.059249,Internal
2026-05-15,COP,USD,0.000253,0.000249,0.000257,Central Bank
2026-05-15,ARS,USD,0.002815,0.002778,0.002852,Bloomberg
2026-05-15,USD,MXN,17.276437,17.060821,17.492054,Central Bank
2026-05-15,USD,COP,4019.423731,3980.166585,4058.680877,Central Bank
2026-05-15,USD,ARS,354.859485,351.971723,357.747248,Reuters
2026-05-15,MXN,COP,230.693403,227.282584,234.104222,Central Bank
2026-05-15,MXN,ARS,20.64454,20.385755,20.903326,Internal
2026-05-15,COP,MXN,0.004257,0.004201,0.004312,Reuters
2026-05-15,COP,ARS,0.086722,0.085911,0.087533,Internal
2026-05-15,ARS,MXN,0.049541,0.048924,0.050157,Central Bank
2026-05-15,ARS,COP,11.576856,11.467192,11.686519,Reuters
2026-05-16,MXN,USD,0.059991,0.059671,0.060311,Reuters
2026-05-16,COP,USD,0.000248,0.000244,0.000251,Reuters
2026-05-16,ARS,USD,0.002903,0.002861,0.002946,Reuters
2026-05-16,USD,MXN,17.287804,17.086231,17.489376,Internal
2026-05-16,USD,COP,3997.495266,3938.054911,4056.935621,Central Bank
2026-05-16,USD,ARS,350.895672,348.529619,353.261724,Central Bank
2026-05-16,MXN,COP,237.452661,234.731481,240.173842,Reuters
2026-05-16,MXN,ARS,20.671756,20.445038,20.898474,Bloomberg
2026-05-16,COP,MXN,0.004171,0.004109,0.004233,Central Bank
2026-05-16,COP,ARS,0.086534,0.085879,0.08719,Central Bank
2026-05-16,ARS,MXN,0.048189,0.047932,0.048446,Central Bank
2026-05-16,ARS,COP,11.377188,11.265833,11.488543,Central Bank
2026-05-17,MXN,USD,0.05963,0.058865,0.060396,Reuters
2026-05-17,COP,USD,0.000255,0.000252,0.000257,Reuters
2026-05-17,ARS,USD,0.002801,0.002785,0.002816,Central Bank
2026-05-17,USD,MXN,17.264833,17.17205,17.357616,Reuters
2026-05-17,USD,COP,4034.113671,4003.661356,4064.565986,Reuters
2026-05-17,USD,ARS,346.52687,343.193414,349.860327,Bloomberg
2026-05-17,MXN,COP,233.371208,229.945856,236.796559,Internal
2026-05-17,MXN,ARS,20.465535,20.289269,20.641801,Central Bank
2026-05-17,COP,MXN,0.004213,0.004154,0.004272,Bloomberg
2026-05-17,COP,ARS,0.088759,0.087963,0.089554,Bloomberg
2026-05-17,ARS,MXN,0.048214,0.04777,0.048659,Central Bank
2026-05-17,ARS,COP,11.641687,11.521737,11.761636,Internal
2026-05-18,MXN,USD,0.059065,0.058333,0.059796,Central Bank
2026-05-18,COP,USD,0.000255,0.000253,0.000256,Central Bank
2026-05-18,ARS,USD,0.002891,0.002865,0.002916,Bloomberg
2026-05-18,USD,MXN,17.123259,16.973796,17.272723,Central Bank
2026-05-18,USD,COP,3978.901691,3945.880742,4011.92264,Central Bank
2026-05-18,USD,ARS,347.315858,345.201227,349.430488,Central Bank
2026-05-18,MXN,COP,234.721811,231.580808,237.862814,Central Bank
2026-05-18,MXN,ARS,20.815433,20.657918,20.972948,Internal
2026-05-18,COP,MXN,0.004281,0.004239,0.004323,Internal
2026-05-18,COP,ARS,0.088749,0.087443,0.090054,Internal
2026-05-18,ARS,MXN,0.049306,0.048656,0.049956,Central Bank
2026-05-18,ARS,COP,11.4861,11.349326,11.622874,Bloomberg
2026-05-19,MXN,USD,0.059475,0.059085,0.059865,Bloomberg
2026-05-19,COP,USD,0.000246,0.000244,0.000249,Internal
2026-05-19,ARS,USD,0.002807,0.002782,0.002831,Internal
2026-05-19,USD,MXN,16.727755,16.558822,16.896688,Reuters
2026-05-19,USD,COP,3964.490189,3921.129991,4007.850387,Reuters
2026-05-19,USD,ARS,348.116632,343.074671,353.158593,Bloomberg
2026-05-19,MXN,COP,232.953367,231.07038,234.836354,Bloomberg
2026-05-19,MXN,ARS,20.329005,20.04547,20.61254,Central Bank
2026-05-19,COP,MXN,0.004312,0.004254,0.004371,Bloomberg
2026-05-19,COP,ARS,0.088774,0.087768,0.089779,Reuters
2026-05-19,ARS,MXN,0.04943,0.048845,0.050014,Reuters
2026-05-19,ARS,COP,11.550822,11.385237,11.716408,Bloomberg
2026-05-20,MXN,USD,0.059485,0.058915,0.060055,Reuters
2026-05-20,COP,USD,0.000255,0.000253,0.000256,Reuters
2026-05-20,ARS,USD,0.002905,0.002881,0.002928,Reuters
2026-05-20,USD,MXN,16.67361,16.589414,16.757806,Reuters
2026-05-20,USD,COP,3981.518244,3927.738457,4035.298031,Reuters
2026-05-20,USD,ARS,355.558567,352.946536,358.170599,Bloomberg
2026-05-20,MXN,COP,236.652807,234.785152,238.520462,Internal
2026-05-20,MXN,ARS,20.63777,20.40167,20.873871,Internal
2026-05-20,COP,MXN,0.004293,0.004251,0.004335,Internal
2026-05-20,COP,ARS,0.087213,0.086555,0.087871,Internal
2026-05-20,ARS,MXN,0.049398,0.048927,0.049868,Central Bank
2026-05-20,ARS,COP,11.34703,11.259183,11.434878,Bloomberg
2026-05-21,MXN,USD,0.058472,0.057851,0.059094,Internal
2026-05-21,COP,USD,0.000246,0.000245,0.000248,Internal
2026-05-21,ARS,USD,0.002835,0.002809,0.002862,Internal
2026-05-21,USD,MXN,16.954121,16.751655,17.156587,Internal
2026-05-21,USD,COP,4040.567924,3992.401435,4088.734412,Central Bank
2026-05-21,USD,ARS,351.236584,347.368106,355.105063,Reuters
2026-05-21,MXN,COP,232.12877,229.021486,235.236055,Bloomberg
2026-05-21,MXN,ARS,20.458539,20.221666,20.695412,Bloomberg
2026-05-21,COP,MXN,0.004184,0.004145,0.004223,Internal
2026-05-21,COP,ARS,0.088709,0.087514,0.089904,Reuters
2026-05-21,ARS,MXN,0.048417,0.04776,0.049074,Reuters
2026-05-21,ARS,COP,11.462931,11.402618,11.523244,Reuters
2026-05-22,MXN,USD,0.059637,0.059079,0.060195,Bloomberg
2026-05-22,COP,USD,0.000253,0.00025,0.000256,Internal
2026-05-22,ARS,USD,0.002855,0.002822,0.002889,Reuters
2026-05-22,USD,MXN,17.193866,17.025801,17.361931,Internal
2026-05-22,USD,COP,4066.672331,4005.901696,4127.442966,Reuters
2026-05-22,USD,ARS,343.476697,338.994467,347.958926,Internal
2026-05-22,MXN,COP,239.478966,238.148887,240.809044,Reuters
2026-05-22,MXN,ARS,20.996724,20.734293,21.259155,Central Bank
2026-05-22,COP,MXN,0.004226,0.004164,0.004288,Reuters
2026-05-22,COP,ARS,0.087912,0.087441,0.088383,Reuters
2026-05-22,ARS,MXN,0.04849,0.048091,0.04889,Reuters
2026-05-22,ARS,COP,11.378031,11.249467,11.506595,Internal
2026-05-23,MXN,USD,0.058255,0.057436,0.059074,Reuters
2026-05-23,COP,USD,0.000249,0.000246,0.000252,Internal
2026-05-23,ARS,USD,0.002845,0.002807,0.002883,Internal
2026-05-23,USD,MXN,16.803155,16.579996,17.026313,Reuters
2026-05-23,USD,COP,4075.449491,4054.940848,4095.958134,Reuters
2026-05-23,USD,ARS,343.369385,339.711496,347.027274,Reuters
2026-05-23,MXN,COP,239.54837,236.481319,242.61542,Internal
2026-05-23,MXN,ARS,20.308687,20.01857,20.598804,Internal
2026-05-23,COP,MXN,0.004187,0.00414,0.004234,Bloomberg
2026-05-23,COP,ARS,0.087412,0.086475,0.088349,Internal
2026-05-23,ARS,MXN,0.047717,0.047136,0.048298,Reuters
2026-05-23,ARS,COP,11.584684,11.426744,11.742624,Internal
2026-05-24,MXN,USD,0.059569,0.059258,0.059881,Internal
2026-05-24,COP,USD,0.000254,0.000251,0.000258,Central Bank
2026-05-24,ARS,USD,0.00289,0.00287,0.00291,Internal
2026-05-24,USD,MXN,16.955922,16.722754,17.189089,Reuters
2026-05-24,USD,COP,4006.553183,3960.821388,4052.284977,Reuters
2026-05-24,USD,ARS,345.751644,342.776939,348.726348,Central Bank
2026-05-24,MXN,COP,239.628288,236.984811,242.271765,Internal
2026-05-24,MXN,ARS,20.836915,20.642641,21.031188,Bloomberg
2026-05-24,COP,MXN,0.004246,0.004188,0.004304,Internal
2026-05-24,COP,ARS,0.088133,0.087466,0.088799,Reuters
2026-05-24,ARS,MXN,0.048554,0.048107,0.049001,Reuters
2026-05-24,ARS,COP,11.457943,11.393249,11.522638,Central Bank
2026-05-25,MXN,USD,0.058564,0.057718,0.05941,Internal
2026-05-25,COP,USD,0.000251,0.00025,0.000252,Internal
2026-05-25,ARS,USD,0.002892,0.002867,0.002916,Bloomberg
2026-05-25,USD,MXN,16.894103,16.792889,16.995317,Central Bank
2026-05-25,USD,COP,3975.789305,3931.53682,4020.041791,Central Bank
2026-05-25,USD,ARS,349.725016,346.194105,353.255926,Bloomberg
2026-05-25,MXN,COP,231.09149,228.387972,233.795008,Central Bank
2026-05-25,MXN,ARS,20.607906,20.464336,20.751476,Reuters
2026-05-25,COP,MXN,0.004305,0.004259,0.004352,Bloomberg
2026-05-25,COP,ARS,0.08648,0.085381,0.087579,Reuters
2026-05-25,ARS,MXN,0.04805,0.047411,0.04869,Internal
2026-05-25,ARS,COP,11.4625,11.323103,11.601896,Reuters
2026-05-26,MXN,USD,0.059114,0.058761,0.059467,Central Bank
2026-05-26,COP,USD,0.000246,0.000244,0.000248,Reuters
2026-05-26,ARS,USD,0.002904,0.002871,0.002936,Central Bank
2026-05-26,USD,MXN,17.098506,16.983169,17.213843,Reuters
2026-05-26,USD,COP,3987.284794,3956.868094,4017.701494,Bloomberg
2026-05-26,USD,ARS,343.954398,341.866668,346.042129,Bloomberg
2026-05-26,MXN,COP,235.795745,232.274144,239.317346,Central Bank
2026-05-26,MXN,ARS,20.393197,20.104665,20.681729,Reuters
2026-05-26,COP,MXN,0.004181,0.004157,0.004206,Bloomberg
2026-05-26,COP,ARS,0.085846,0.085255,0.086437,Bloomberg
2026-05-26,ARS,MXN,0.048694,0.048009,0.049378,Central Bank
2026-05-26,ARS,COP,11.653842,11.52533,11.782353,Internal
2026-05-27,MXN,USD,0.059962,0.059254,0.06067,Reuters
2026-05-27,COP,USD,0.000247,0.000244,0.000249,Reuters
2026-05-27,ARS,USD,0.002895,0.002864,0.002925,Bloomberg
2026-05-27,USD,MXN,17.150287,17.003267,17.297308,Reuters
2026-05-27,USD,COP,4061.858378,4020.025251,4103.691504,Reuters
2026-05-27,USD,ARS,348.388702,344.99524,351.782164,Internal
2026-05-27,MXN,COP,232.859494,230.233286,235.485703,Reuters
2026-05-27,MXN,ARS,20.220703,20.070334,20.371072,Bloomberg
2026-05-27,COP,MXN,0.004314,0.004272,0.004356,Bloomberg
2026-05-27,COP,ARS,0.088143,0.087633,0.088654,Internal
2026-05-27,ARS,MXN,0.048718,0.048078,0.049358,Internal
2026-05-27,ARS,COP,11.272404,11.210791,11.334017,Reuters
2026-05-28,MXN,USD,0.058476,0.058092,0.058861,Internal
2026-05-28,COP,USD,0.000251,0.00025,0.000253,Reuters
2026-05-28,ARS,USD,0.002877,0.002843,0.002912,Bloomberg
2026-05-28,USD,MXN,17.129862,17.019617,17.240107,Internal
2026-05-28,USD,COP,4041.967392,4002.056352,4081.878431,Bloomberg
2026-05-28,USD,ARS,353.273225,348.399161,358.14729,Reuters
2026-05-28,MXN,COP,238.688137,237.305517,240.070758,Bloomberg
2026-05-28,MXN,ARS,20.880613,20.574185,21.187041,Internal
2026-05-28,COP,MXN,0.004193,0.004152,0.004235,Reuters
2026-05-28,COP,ARS,0.087493,0.086584,0.088401,Central Bank
2026-05-28,ARS,MXN,0.047701,0.047454,0.047948,Internal
2026-05-28,ARS,COP,11.522267,11.365918,11.678616,Bloomberg
2026-05-29,MXN,USD,0.059051,0.058245,0.059858,Internal
2026-05-29,COP,USD,0.000248,0.000245,0.000251,Reuters
2026-05-29,ARS,USD,0.002811,0.002789,0.002834,Bloomberg
2026-05-29,USD,MXN,16.71053,16.54112,16.87994,Bloomberg
2026-05-29,USD,COP,3922.919932,3902.513384,3943.326479,Central Bank
2026-05-29,USD,ARS,352.861114,351.068751,354.653477,Central Bank
2026-05-29,MXN,COP,235.922624,234.425339,237.41991,Reuters
2026-05-29,MXN,ARS,20.381819,20.139586,20.624053,Internal
2026-05-29,COP,MXN,0.004175,0.004115,0.004234,Internal
2026-05-29,COP,ARS,0.087025,0.08613,0.087921,Central Bank
2026-05-29,ARS,MXN,0.048166,0.047734,0.048597,Reuters
2026-05-29,ARS,COP,11.345303,11.27962,11.410986,Bloomberg
2026-05-30,MXN,USD,0.058518,0.057697,0.059339,Central Bank
2026-05-30,COP,USD,0.000245,0.000244,0.000247,Reuters
2026-05-30,ARS,USD,0.002858,0.002834,0.002883,Internal
2026-05-30,USD,MXN,17.233474,16.982832,17.484116,Central Bank
2026-05-30,USD,COP,4050.018,4010.443267,4089.592732,Central Bank
2026-05-30,USD,ARS,353.134592,348.841085,357.4281,Internal
2026-05-30,MXN,COP,233.178654,231.56842,234.788888,Internal
2026-05-30,MXN,ARS,20.472497,20.175323,20.769671,Internal
2026-05-30,COP,MXN,0.004335,0.004313,0.004357,Central Bank
2026-05-30,COP,ARS,0.08822,0.087161,0.089279,Internal
2026-05-30,ARS,MXN,0.048014,0.047672,0.048356,Internal
2026-05-30,ARS,COP,11.570873,11.436771,11.704975,Central Bank
2026-05-31,MXN,USD,0.059627,0.058807,0.060447,Central Bank
2026-05-31,COP,USD,0.000252,0.000248,0.000255,Bloomberg
2026-05-31,ARS,USD,0.002847,0.002831,0.002864,Bloomberg
2026-05-31,USD,MXN,17.285151,17.171191,17.39911,Reuters
2026-05-31,USD,COP,3922.48808,3902.872255,3942.103906,Central Bank
2026-05-31,USD,ARS,345.922025,342.873525,348.970525,Reuters
2026-05-31,MXN,COP,238.555067,235.946321,241.163814,Internal
2026-05-31,MXN,ARS,20.22012,19.933894,20.506345,Reuters
2026-05-31,COP,MXN,0.00431,0.004247,0.004374,Reuters
2026-05-31,COP,ARS,0.086623,0.08572,0.087526,Central Bank
2026-05-31,ARS,MXN,0.049221,0.048567,0.049875,Central Bank
2026-05-31,ARS,COP,11.229323,11.110617,11.34803,Central Bank
2026-06-01,MXN,USD,0.059986,0.059666,0.060305,Reuters
2026-06-01,COP,USD,0.000248,0.000247,0.00025,Reuters
2026-06-01,ARS,USD,0.002885,0.002844,0.002926,Central Bank
2026-06-01,USD,MXN,17.049079,16.907916,17.190241,Internal
2026-06-01,USD,COP,3929.298898,3871.769051,3986.828745,Internal
2026-06-01,USD,ARS,348.687283,344.222485,353.152082,Reuters
2026-06-01,MXN,COP,238.086505,234.560043,241.612967,Internal
2026-06-01,MXN,ARS,20.997274,20.764844,21.229704,Internal
2026-06-01,COP,MXN,0.004173,0.004139,0.004208,Reuters
2026-06-01,COP,ARS,0.087066,0.086355,0.087777,Reuters
2026-06-01,ARS,MXN,0.047616,0.047248,0.047984,Bloomberg
2026-06-01,ARS,COP,11.341538,11.186736,11.496341,Central Bank
2026-06-02,MXN,USD,0.058557,0.057751,0.059363,Internal
2026-06-02,COP,USD,0.000253,0.000249,0.000256,Internal
2026-06-02,ARS,USD,0.002839,0.002817,0.00286,Central Bank
2026-06-02,USD,MXN,17.162336,17.049175,17.275498,Internal
2026-06-02,USD,COP,3937.499232,3913.25176,3961.746704,Central Bank
2026-06-02,USD,ARS,348.357554,345.33,351.385109,Central Bank
2026-06-02,MXN,COP,239.503532,236.946778,242.060286,Reuters
2026-06-02,MXN,ARS,20.4681,20.265443,20.670756,Bloomberg
2026-06-02,COP,MXN,0.004233,0.004181,0.004286,Internal
2026-06-02,COP,ARS,0.088726,0.087993,0.089459,Central Bank
2026-06-02,ARS,MXN,0.04811,0.047517,0.048704,Central Bank
2026-06-02,ARS,COP,11.612484,11.449196,11.775771,Reuters
2026-06-03,MXN,USD,0.059404,0.058736,0.060072,Reuters
2026-06-03,COP,USD,0.000253,0.00025,0.000256,Internal
2026-06-03,ARS,USD,0.00289,0.002875,0.002905,Central Bank
2026-06-03,USD,MXN,17.135985,16.904983,17.366986,Central Bank
2026-06-03,USD,COP,3972.544985,3947.761906,3997.328064,Internal
2026-06-03,USD,ARS,352.367143,348.286992,356.447294,Bloomberg
2026-06-03,MXN,COP,234.453713,232.690466,236.216961,Internal
2026-06-03,MXN,ARS,20.211883,20.081924,20.341841,Central Bank
2026-06-03,COP,MXN,0.004235,0.00419,0.00428,Central Bank
2026-06-03,COP,ARS,0.086782,0.085589,0.087974,Central Bank
2026-06-03,ARS,MXN,0.048465,0.048038,0.048893,Central Bank
2026-06-03,ARS,COP,11.400749,11.342536,11.458962,Internal
2026-06-04,MXN,USD,0.058906,0.05808,0.059731,Bloomberg
2026-06-04,COP,USD,0.000249,0.000247,0.000252,Bloomberg
2026-06-04,ARS,USD,0.002877,0.002856,0.002898,Internal
2026-06-04,USD,MXN,16.926175,16.716765,17.135585,Central Bank
2026-06-04,USD,COP,3970.062236,3945.388342,3994.73613,Internal
2026-06-04,USD,ARS,353.967994,351.056798,356.87919,Central Bank
2026-06-04,MXN,COP,238.085024,235.865072,240.304975,Central Bank
2026-06-04,MXN,ARS,20.742904,20.458579,21.027229,Reuters
2026-06-04,COP,MXN,0.004294,0.004268,0.00432,Central Bank
2026-06-04,COP,ARS,0.085769,0.084955,0.086583,Internal
2026-06-04,ARS,MXN,0.048676,0.048345,0.049006,Reuters
2026-06-04,ARS,COP,11.64522,11.544769,11.74567,Internal
2026-06-05,MXN,USD,0.057889,0.057237,0.05854,Internal
2026-06-05,COP,USD,0.00025,0.000248,0.000251,Internal
2026-06-05,ARS,USD,0.002856,0.002822,0.00289,Bloomberg
2026-06-05,USD,MXN,17.202899,17.086456,17.319341,Bloomberg
2026-06-05,USD,COP,3967.902864,3913.775322,4022.030406,Reuters
2026-06-05,USD,ARS,345.874223,340.856694,350.891752,Bloomberg
2026-06-05,MXN,COP,231.63054,230.105391,233.155689,Bloomberg
2026-06-05,MXN,ARS,20.790265,20.556965,21.023565,Bloomberg
2026-06-05,COP,MXN,0.004198,0.004137,0.004259,Internal
2026-06-05,COP,ARS,0.088941,0.088246,0.089635,Central Bank
2026-06-05,ARS,MXN,0.049339,0.048758,0.049921,Central Bank
2026-06-05,ARS,COP,11.277979,11.134708,11.421249,Reuters
2026-06-06,MXN,USD,0.059042,0.05827,0.059815,Reuters
2026-06-06,COP,USD,0.000252,0.000249,0.000255,Internal
2026-06-06,ARS,USD,0.002868,0.002829,0.002906,Central Bank
2026-06-06,USD,MXN,16.721611,16.525772,16.91745,Bloomberg
2026-06-06,USD,COP,3974.75873,3938.786979,4010.73048,Bloomberg
2026-06-06,USD,ARS,343.851594,341.389003,346.314185,Central Bank
2026-06-06,MXN,COP,237.581065,234.350683,240.811447,Central Bank
2026-06-06,MXN,ARS,20.298947,20.097807,20.500088,Central Bank
2026-06-06,COP,MXN,0.0043,0.004242,0.004358,Bloomberg
2026-06-06,COP,ARS,0.088262,0.087172,0.089352,Internal
2026-06-06,ARS,MXN,0.048995,0.048526,0.049465,Bloomberg
2026-06-06,ARS,COP,11.612127,11.446413,11.777841,Reuters
2026-06-07,MXN,USD,0.059729,0.059059,0.0604,Reuters
2026-06-07,COP,USD,0.000246,0.000244,0.000249,Internal
2026-06-07,ARS,USD,0.002886,0.002859,0.002913,Internal
2026-06-07,USD,MXN,16.763138,16.583346,16.942929,Reuters
2026-06-07,USD,COP,4006.67001,3970.747506,4042.592513,Bloomberg
2026-06-07,USD,ARS,348.400645,343.220363,353.580928,Bloomberg
2026-06-07,MXN,COP,237.934573,236.165602,239.703543,Internal
2026-06-07,MXN,ARS,20.599297,20.457572,20.741022,Bloomberg
2026-06-07,COP,MXN,0.004303,0.004254,0.004351,Bloomberg
2026-06-07,COP,ARS,0.086892,0.086218,0.087566,Central Bank
2026-06-07,ARS,MXN,0.049164,0.04843,0.049899,Central Bank
2026-06-07,ARS,COP,11.37701,11.289609,11.464412,Internal
2026-06-08,MXN,USD,0.058963,0.058119,0.059807,Bloomberg
2026-06-08,COP,USD,0.000253,0.00025,0.000257,Internal
2026-06-08,ARS,USD,0.002904,0.002866,0.002942,Bloomberg
2026-06-08,USD,MXN,17.09248,16.957875,17.227084,Central Bank
2026-06-08,USD,COP,4040.747073,3980.853451,4100.640695,Central Bank
2026-06-08,USD,ARS,349.118247,346.246354,351.99014,Reuters
2026-06-08,MXN,COP,235.437875,231.924431,238.951318,Bloomberg
2026-06-08,MXN,ARS,20.877829,20.615761,21.139898,Bloomberg
2026-06-08,COP,MXN,0.004327,0.004273,0.004382,Reuters
2026-06-08,COP,ARS,0.087257,0.086624,0.08789,Reuters
2026-06-08,ARS,MXN,0.049225,0.048627,0.049823,Central Bank
2026-06-08,ARS,COP,11.524078,11.39625,11.651905,Internal
2026-06-09,MXN,USD,0.059735,0.059208,0.060263,Bloomberg
2026-06-09,COP,USD,0.00025,0.000247,0.000253,Central Bank
2026-06-09,ARS,USD,0.002833,0.002805,0.00286,Central Bank
2026-06-09,USD,MXN,17.092108,16.844749,17.339467,Bloomberg
2026-06-09,USD,COP,3929.229615,3891.120414,3967.338816,Bloomberg
2026-06-09,USD,ARS,349.840027,346.237487,353.442567,Central Bank
2026-06-09,MXN,COP,232.09229,229.874776,234.309805,Reuters
2026-06-09,MXN,ARS,20.4798,20.173056,20.786544,Central Bank
2026-06-09,COP,MXN,0.004282,0.004227,0.004336,Reuters
2026-06-09,COP,ARS,0.088974,0.087822,0.090126,Central Bank
2026-06-09,ARS,MXN,0.049339,0.048823,0.049855,Reuters
2026-06-09,ARS,COP,11.61854,11.522292,11.714789,Internal
2026-06-10,MXN,USD,0.058141,0.057535,0.058746,Central Bank
2026-06-10,COP,USD,0.00025,0.000249,0.000252,Reuters
2026-06-10,ARS,USD,0.002803,0.002784,0.002821,Bloomberg
2026-06-10,USD,MXN,17.000934,16.782632,17.219236,Internal
2026-06-10,USD,COP,3946.20744,3914.056355,3978.358525,Bloomberg
2026-06-10,USD,ARS,343.184067,339.088274,347.27986,Reuters
2026-06-10,MXN,COP,231.274975,228.170775,234.379175,Central Bank
2026-06-10,MXN,ARS,20.272878,20.104719,20.441037,Reuters
2026-06-10,COP,MXN,0.004245,0.004219,0.00427,Internal
2026-06-10,COP,ARS,0.087685,0.086831,0.088539,Reuters
2026-06-10,ARS,MXN,0.047626,0.047216,0.048036,Bloomberg
2026-06-10,ARS,COP,11.649548,11.518798,11.780298,Central Bank
2026-06-11,MXN,USD,0.059711,0.059033,0.060389,Central Bank
2026-06-11,COP,USD,0.00025,0.000248,0.000252,Central Bank
2026-06-11,ARS,USD,0.002894,0.002876,0.002911,Central Bank
2026-06-11,USD,MXN,17.318086,17.069343,17.566829,Central Bank
2026-06-11,USD,COP,3998.818144,3953.55351,4044.082778,Central Bank
2026-06-11,USD,ARS,356.68549,352.280509,361.090472,Reuters
2026-06-11,MXN,COP,231.22584,229.080479,233.371201,Bloomberg
2026-06-11,MXN,ARS,20.354575,20.095728,20.613421,Internal
2026-06-11,COP,MXN,0.004234,0.004187,0.004282,Internal
2026-06-11,COP,ARS,0.087716,0.086494,0.088938,Reuters
2026-06-11,ARS,MXN,0.048471,0.047981,0.048961,Bloomberg
2026-06-11,ARS,COP,11.219219,11.058148,11.380291,Reuters
2026-06-12,MXN,USD,0.058066,0.057658,0.058475,Central Bank
2026-06-12,COP,USD,0.000249,0.000247,0.00025,Internal
2026-06-12,ARS,USD,0.002823,0.002786,0.00286,Internal
2026-06-12,USD,MXN,16.715048,16.581049,16.849048,Central Bank
2026-06-12,USD,COP,3952.573702,3924.700817,3980.446586,Reuters
2026-06-12,USD,ARS,351.6191,349.379625,353.858574,Reuters
2026-06-12,MXN,COP,235.625433,232.529076,238.72179,Bloomberg
2026-06-12,MXN,ARS,20.912365,20.726377,21.098354,Reuters
2026-06-12,COP,MXN,0.004313,0.004273,0.004353,Bloomberg
2026-06-12,COP,ARS,0.089138,0.08838,0.089895,Bloomberg
2026-06-12,ARS,MXN,0.047763,0.047378,0.048148,Reuters
2026-06-12,ARS,COP,11.516793,11.390548,11.643037,Reuters
2026-06-13,MXN,USD,0.058524,0.057985,0.059063,Central Bank
2026-06-13,COP,USD,0.000249,0.000246,0.000252,Reuters
2026-06-13,ARS,USD,0.002913,0.002872,0.002955,Internal
2026-06-13,USD,MXN,17.136843,16.915817,17.35787,Central Bank
2026-06-13,USD,COP,4005.457559,3960.701805,4050.213313,Internal
2026-06-13,USD,ARS,355.283706,350.732324,359.835088,Bloomberg
2026-06-13,MXN,COP,239.771586,236.751291,242.79188,Bloomberg
2026-06-13,MXN,ARS,20.339921,20.181027,20.498815,Bloomberg
2026-06-13,COP,MXN,0.004206,0.004176,0.004236,Bloomberg
2026-06-13,COP,ARS,0.086113,0.085191,0.087034,Central Bank
2026-06-13,ARS,MXN,0.049093,0.048688,0.049498,Bloomberg
2026-06-13,ARS,COP,11.426587,11.339916,11.513258,Central Bank
2026-06-14,MXN,USD,0.059478,0.059035,0.059921,Internal
2026-06-14,COP,USD,0.000254,0.000252,0.000257,Reuters
2026-06-14,ARS,USD,0.002853,0.002816,0.002891,Bloomberg
2026-06-14,USD,MXN,16.924315,16.714754,17.133875,Internal
2026-06-14,USD,COP,3970.316506,3921.335046,4019.297966,Internal
2026-06-14,USD,ARS,356.333092,353.829719,358.836464,Central Bank
2026-06-14,MXN,COP,233.947513,230.506209,237.388818,Internal
2026-06-14,MXN,ARS,20.33585,20.222399,20.4493,Bloomberg
2026-06-14,COP,MXN,0.004199,0.004141,0.004257,Central Bank
2026-06-14,COP,ARS,0.087725,0.08726,0.088189,Bloomberg
2026-06-14,ARS,MXN,0.048172,0.047691,0.048654,Internal
2026-06-14,ARS,COP,11.365457,11.249116,11.481798,Internal
2026-06-15,MXN,USD,0.057973,0.057681,0.058265,Internal
2026-06-15,COP,USD,0.000253,0.000251,0.000256,Bloomberg
2026-06-15,ARS,USD,0.002858,0.002825,0.002891,Internal
2026-06-15,USD,MXN,17.030221,16.84732,17.213122,Central Bank
2026-06-15,USD,COP,3922.20346,3872.194017,3972.212903,Internal
2026-06-15,USD,ARS,354.949271,351.384875,358.513667,Central Bank
2026-06-15,MXN,COP,238.825823,237.250458,240.401187,Central Bank
2026-06-15,MXN,ARS,20.433064,20.154033,20.712096,Reuters
2026-06-15,COP,MXN,0.004194,0.004145,0.004243,Internal
2026-06-15,COP,ARS,0.086879,0.085637,0.08812,Internal
2026-06-15,ARS,MXN,0.048661,0.048381,0.048941,Internal
2026-06-15,ARS,COP,11.472815,11.397464,11.548166,Reuters
2026-06-16,MXN,USD,0.057884,0.057241,0.058528,Internal
2026-06-16,COP,USD,0.000255,0.000253,0.000257,Bloomberg
2026-06-16,ARS,USD,0.002814,0.002784,0.002844,Bloomberg
2026-06-16,USD,MXN,16.839795,16.633527,17.046062,Reuters
2026-06-16,USD,COP,4061.604982,4030.798581,4092.411384,Internal
2026-06-16,USD,ARS,350.713725,348.803998,352.623453,Reuters
2026-06-16,MXN,COP,239.034174,236.562598,241.505749,Bloomberg
2026-06-16,MXN,ARS,20.386452,20.101027,20.671877,Reuters
2026-06-16,COP,MXN,0.004257,0.004196,0.004317,Internal
2026-06-16,COP,ARS,0.088956,0.087947,0.089965,Internal
2026-06-16,ARS,MXN,0.047716,0.04743,0.048003,Central Bank
2026-06-16,ARS,COP,11.50627,11.390707,11.621834,Central Bank
2026-06-17,MXN,USD,0.058641,0.0581,0.059182,Internal
2026-06-17,COP,USD,0.000248,0.000246,0.00025,Internal
2026-06-17,ARS,USD,0.002873,0.00285,0.002896,Central Bank
2026-06-17,USD,MXN,17.021219,16.812743,17.229695,Central Bank
2026-06-17,USD,COP,4054.698259,4025.843108,4083.553411,Bloomberg
2026-06-17,USD,ARS,355.912847,351.846845,359.978849,Reuters
2026-06-17,MXN,COP,237.233306,234.052116,240.414496,Internal
2026-06-17,MXN,ARS,20.264519,20.078436,20.450601,Internal
2026-06-17,COP,MXN,0.004169,0.004107,0.004231,Central Bank
2026-06-17,COP,ARS,0.086918,0.085653,0.088182,Internal
2026-06-17,ARS,MXN,0.04865,0.048097,0.049203,Bloomberg
2026-06-17,ARS,COP,11.488795,11.380846,11.596745,Central Bank
