send_id,send_date,process_date,campaign_id,customer_id,send_channel,template_used,subject,send_status,was_delivered,was_opened,open_date,was_clicked,click_date,click_count,had_conversion,conversion_date,conversion_value,open_device,open_country,failure_reason,send_cost
SND-F315HPDAP0C9FO1GIVVE,2025-03-16 04:23:09,2025-03-15,CMP-LMRDWALFK2Y3,CLI-NQZLKP9JM91C,SMS,template_CMP-LMRDWALFK2Y3_5,,Sent,True,True,2025-03-17 12:10:41,True,2025-03-17 12:22:28,1.0,False,,,,,,0.1298
SND-BMPV9294YOPLDGXAL7C8,2025-03-15 14:02:50,2025-03-15,CMP-85H27OFZKCO6,CLI-GSDQD4IS12LH,SMS,template_CMP-85H27OFZKCO6_3,,Sent,True,True,2025-03-16 09:35:47,False,,,False,,,Desktop,Colombia,,0.12
SND-3YOZEPT6ILY0LJ01LQHS,2025-03-15 22:22:55,2025-03-15,CMP-5CYPELXBDSTO,CLI-5542Y4E2K2OB,WhatsApp,template_CMP-5CYPELXBDSTO_1,,Sent,True,,,False,,,False,,,,,,0.0367
SND-B0XML4RMXXLI7KXNSN2N,2025-03-15 22:59:21,2025-03-15,CMP-5CYPELXBDSTO,CLI-7NXWAXW7E6MY,WhatsApp,template_CMP-5CYPELXBDSTO_5,,Sent,True,,,False,,,False,,,,,,0.028
SND-543F7ODX8TSIRDVX0DOZ,2025-03-16 01:07:22,2025-03-15,CMP-GQRJ44RTDT1P,CLI-UCY5BCAUDGWM,WhatsApp,template_CMP-GQRJ44RTDT1P_5,,Sent,True,,,False,,,False,,,,,,0.0204
SND-QG1U2PMWJCKLP6XGPZM9,2025-03-15 18:39:19,2025-03-15,CMP-85H27OFZKCO6,CLI-1WXTZWI689YU,SMS,template_CMP-85H27OFZKCO6_3,,Sent,True,False,,False,,,False,,,,,,0.0787
SND-KEEOKLMZRRH93QLTR2SH,2025-03-15 13:17:17,2025-03-15,CMP-5CYPELXBDSTO,CLI-4SIXBSLHLE7H,WhatsApp,template_CMP-5CYPELXBDSTO_1,,Sent,True,,,False,,,False,,,,,,0.0308
SND-3IETU8LWS9LDMEKT2KSP,2025-03-16 00:39:12,2025-03-15,CMP-B9NYN6I82UTE,CLI-K4JSQK0WM8OF,Push,template_CMP-B9NYN6I82UTE_3,,Sent,True,False,,False,,,False,,,,,,0.0008
SND-Q5ZNBQU4NMTXV9SMPXD0,2025-03-16 05:17:27,2025-03-15,CMP-GQRJ44RTDT1P,CLI-QM4SWUT2MZCL,WhatsApp,template_CMP-GQRJ44RTDT1P_5,,Sent,True,,,False,,,False,,,,,,0.0439
SND-V2UN5F5D8EQYE2DGOR66,2025-03-16 02:21:27,2025-03-15,CMP-LMRDWALFK2Y3,CLI-5PUEKS686KN7,SMS,template_CMP-LMRDWALFK2Y3_2,,Blocked,False,,,False,,,False,,,,,User blocked sender,0.0894
SND-CFBCD04Y28J737CQ5TIE,2025-03-16 05:42:22,2025-03-15,CMP-8OG5OXVROMXD,CLI-ULOI7PCQF8LC,Email,template_CMP-8OG5OXVROMXD_4,¡Oferta especial en Tarjeta Crédito!,Bounced,False,,,False,,,False,,,,,Invalid email address,0.0088
SND-4PS0497V8IS2LYYK7ORX,2025-03-15 19:52:28,2025-03-15,CMP-LMRDWALFK2Y3,CLI-S17IU6G3L3DE,SMS,,,Sent,True,False,,False,,,False,,,,,,0.1068
SND-BJ3197S2IKJA0JGXBP2V,2025-03-15 18:00:52,2025-03-15,CMP-NHBPKWMCNTDQ,CLI-SI3DFWSPO9ZL,SMS,,,Sent,True,False,,False,,,False,,,,,,
SND-S52UYLMFN85I03L4DRYK,2025-03-15 11:43:09,2025-03-15,CMP-NHBPKWMCNTDQ,CLI-08OF5PSDB7C3,SMS,template_CMP-NHBPKWMCNTDQ_4,,Sent,True,True,2025-03-17 17:50:23,True,2025-03-17 18:12:21,5.0,False,,,Mobile,México,,0.0775
SND-O15RYD9SURPS14RDET1Z,2025-03-15 06:37:44,2025-03-15,CMP-85H27OFZKCO6,CLI-4OTD8HPZJ6GD,SMS,template_CMP-85H27OFZKCO6_1,,Sent,True,True,2025-03-19 03:53:02,False,,,False,,,Mobile,Colombia,,0.0528
SND-XJNK1CV0QXYFVEUHZZYP,2025-03-15 18:51:11,2025-03-15,CMP-8OG5OXVROMXD,CLI-KMOBJYRFOBAR,Email,template_CMP-8OG5OXVROMXD_5,¡Oferta especial en Tarjeta Crédito!,Sent,True,False,,False,,,False,,,,,,0.0035
SND-A1IY41TQ3WQLACO8EZRQ,2025-03-15 07:08:11,2025-03-15,CMP-GQRJ44RTDT1P,CLI-D2JAR1BKX5QI,WhatsApp,template_CMP-GQRJ44RTDT1P_3,,Sent,True,,,False,,,False,,,,,,
SND-7TVWBFJCH8KVFPXR1E5C,2025-03-16 04:23:18,2025-03-15,CMP-8OG5OXVROMXD,CLI-2E5CEA9NRPYY,Email,template_CMP-8OG5OXVROMXD_4,¡Oferta especial en Tarjeta Crédito!,Sent,True,False,,False,,,False,,,,,,0.0081
SND-CAMND5QY1L6MQ8LN75HJ,2025-03-15 08:05:14,2025-03-15,CMP-3RQ0RM77AJRO,CLI-1W67H0C86LZ4,Email,template_CMP-3RQ0RM77AJRO_1,,Bounced,False,,,False,,,False,,,,,Invalid email address,
SND-RG499HMUNHCB4JYDBYX6,2025-03-15 12:04:00,2025-03-15,CMP-5CYPELXBDSTO,CLI-9FDMZ26WZEDM,WhatsApp,,,Sent,True,,,False,,,False,,,,,,0.0311
SND-FB1K03GRAAFUJ9TAZ4S5,2025-03-15 06:13:50,2025-03-15,CMP-B9NYN6I82UTE,CLI-FZETQZ1E54QS,Push,template_CMP-B9NYN6I82UTE_5,,Sent,True,False,,False,,,False,,,,,,0.0005
SND-1MMWHWF4FC9UTFNSBLUA,2025-03-15 17:05:03,2025-03-15,CMP-8OG5OXVROMXD,CLI-XCHK7GL6HDI9,Email,,¡Oferta especial en Tarjeta Crédito!,Sent,True,False,,False,,,False,,,,,,0.0042
SND-S2RRBCSB07JACYAW4XVD,2025-03-15 19:24:05,2025-03-15,CMP-8OG5OXVROMXD,CLI-YJNMTXHRMRKZ,Email,template_CMP-8OG5OXVROMXD_3,¡Oferta especial en Tarjeta Crédito!,Sent,True,False,,False,,,False,,,,,,0.0042
SND-WKPUGFZL0WHMTC72KGAJ,2025-03-16 05:09:33,2025-03-15,CMP-8OG5OXVROMXD,CLI-QW5AH49Q6AJP,Email,template_CMP-8OG5OXVROMXD_5,¡Oferta especial en Tarjeta Crédito!,Sent,True,False,,False,,,False,,,,,,0.002
SND-51VPD1DATAKI7LKN39MK,2025-03-16 01:19:57,2025-03-15,CMP-NHBPKWMCNTDQ,CLI-VAYUFEP9PMLU,SMS,template_CMP-NHBPKWMCNTDQ_1,,Sent,True,False,,False,,,False,,,,,,
SND-1LWWBPEC9D09U9WEP85Z,2025-03-16 02:19:46,2025-03-15,CMP-GQRJ44RTDT1P,CLI-48JIR8NGZO8J,WhatsApp,template_CMP-GQRJ44RTDT1P_3,,Sent,True,,,False,,,False,,,,,,
SND-IXXIRKLUGCSE6ZZF5U6X,2025-03-15 11:11:06,2025-03-15,CMP-GQRJ44RTDT1P,CLI-TQ19CSS75GU8,WhatsApp,template_CMP-GQRJ44RTDT1P_1,,Sent,True,,,False,,,False,,,,,,0.0497
SND-KFNHOCGW5EPSQDMFMQQM,2025-03-15 22:09:40,2025-03-15,CMP-NHBPKWMCNTDQ,CLI-5PIKJ4IT3W2Z,SMS,template_CMP-NHBPKWMCNTDQ_5,,Sent,True,True,2025-03-21 22:06:00,False,,,False,,,Desktop,México,,0.1315
SND-W2ZJPITVC9WAC171YH09,2025-03-15 14:57:19,2025-03-15,CMP-B9NYN6I82UTE,CLI-MW9FZW3Z3Z12,Push,template_CMP-B9NYN6I82UTE_5,,Sent,True,True,2025-03-17 17:13:41,False,,,False,,,,Argentina,,0.0008
SND-YFSYN9X3H4I4BTCWN9II,2025-03-15 14:18:12,2025-03-15,CMP-LMRDWALFK2Y3,CLI-55ZTCFXDNFL4,SMS,template_CMP-LMRDWALFK2Y3_3,,Sent,True,False,,False,,,False,,,,,,0.0788
SND-JWCYL4X2QJ3WJYFVJWKP,2025-03-16 03:32:00,2025-03-15,CMP-5CYPELXBDSTO,CLI-VY5JLOCWITVR,WhatsApp,,,Sent,True,,,False,,,False,,,,,,0.0661
SND-TNUY2CZIEWVH1BZARQUT,2025-03-15 23:01:22,2025-03-15,CMP-5CYPELXBDSTO,CLI-EVZZGF47K1BT,WhatsApp,,,Sent,True,,,False,,,False,,,,,,0.0749
SND-CX3IVZHVGRB5L4SK5TTY,2025-03-15 23:26:28,2025-03-15,CMP-3RQ0RM77AJRO,CLI-CFUJ8ZSM8B3J,Email,template_CMP-3RQ0RM77AJRO_4,¡Oferta especial en Cuenta Corriente!,Sent,True,False,,False,,,False,,,,,,
SND-VU867ZJEF1NUOZ5GZ6QE,2025-03-15 20:51:48,2025-03-15,CMP-85H27OFZKCO6,CLI-67NW9ZTATO1X,SMS,template_CMP-85H27OFZKCO6_5,,Sent,True,True,2025-03-17 07:57:47,False,,,False,,,Desktop,México,,0.0658
SND-5IZ6N0AGPEWW4W252LQ4,2025-03-15 18:05:08,2025-03-15,CMP-B9NYN6I82UTE,CLI-3HHG4EW7061P,Push,template_CMP-B9NYN6I82UTE_1,,Sent,True,False,,False,,,False,,,,,,0.0002
SND-Q3849YDKJMZ970JC7VG4,2025-03-15 12:54:47,2025-03-15,CMP-3RQ0RM77AJRO,CLI-57TXABOBCUNA,Email,template_CMP-3RQ0RM77AJRO_2,,Sent,True,False,,False,,,False,,,,,,0.0079
SND-TDXORMT3WNDU4Q71OMAN,2025-03-15 18:03:18,2025-03-15,CMP-3RQ0RM77AJRO,CLI-7LGMZWG5WIN5,Email,template_CMP-3RQ0RM77AJRO_4,¡Oferta especial en Cuenta Corriente!,Sent,True,True,2025-03-17 20:34:26,False,,,False,,,Desktop,México,,0.0092
SND-5RJDPIQNB4N7ALUTTYE1,2025-03-15 15:19:40,2025-03-15,CMP-B9NYN6I82UTE,CLI-BTIJY3KQVR6M,Push,template_CMP-B9NYN6I82UTE_2,,Sent,True,True,2025-03-21 10:35:54,True,2025-03-21 10:59:41,3.0,False,,,Mobile,México,,0.0007
SND-V41XBG8IBAP1MX0RXVK0,2025-03-15 12:59:41,2025-03-15,CMP-85H27OFZKCO6,CLI-KFRBAZEJYO56,SMS,template_CMP-85H27OFZKCO6_5,,Sent,True,False,,False,,,False,,,,,,0.1065
SND-EPNS4WOTZYDABPJGC0ZH,2025-03-16 03:57:34,2025-03-15,CMP-8OG5OXVROMXD,CLI-YENYBYBW7Z9U,Email,template_CMP-8OG5OXVROMXD_4,¡Oferta especial en Tarjeta Crédito!,Sent,True,True,2025-03-19 21:33:32,True,2025-03-19 22:03:03,1.0,False,,,Mobile,México,,0.0043
SND-K3B1JY8I05BMQW8HNIO4,2025-03-15 13:25:33,2025-03-15,CMP-GQRJ44RTDT1P,CLI-Q1SHX16HRJC6,WhatsApp,template_CMP-GQRJ44RTDT1P_2,,Sent,True,,,False,,,False,,,,,,
SND-6DRY1ZAY13Z1FH9L3D64,2025-03-15 06:08:46,2025-03-15,CMP-85H27OFZKCO6,CLI-52JGKLJ5AIA4,SMS,template_CMP-85H27OFZKCO6_1,,Sent,True,True,2025-03-17 17:20:43,False,,,False,,,Desktop,México,,0.053
SND-AL28MJGNH6T4BEKFIID1,2025-03-15 07:08:57,2025-03-15,CMP-3RQ0RM77AJRO,CLI-WPX7UPA9FDN1,Email,template_CMP-3RQ0RM77AJRO_4,¡Oferta especial en Cuenta Corriente!,Sent,True,False,,False,,,False,,,,,,0.0092
SND-NT0FMBYLC355R6EY4DHQ,2025-03-16 00:05:03,2025-03-15,CMP-5CYPELXBDSTO,CLI-Z8I32O3EQSMD,WhatsApp,template_CMP-5CYPELXBDSTO_3,,Sent,True,,,False,,,False,,,,,,0.0612
SND-UR5N5Z1ZAYKBWBA9BWLS,2025-03-15 22:35:30,2025-03-15,CMP-5CYPELXBDSTO,CLI-D1D2L1MAUSID,WhatsApp,template_CMP-5CYPELXBDSTO_2,,Sent,True,,,False,,,False,,,,,,0.0285
SND-ZN27DC1Y18W80S5D6ZI8,2025-03-15 21:14:26,2025-03-15,CMP-GQRJ44RTDT1P,CLI-9PJOWIEJJQM8,WhatsApp,template_CMP-GQRJ44RTDT1P_1,,Sent,True,,,False,,,False,,,,,,0.0703
SND-QPSYJ3XUVX9JSTEO9MDS,2025-03-15 14:15:54,2025-03-15,CMP-B9NYN6I82UTE,CLI-K3WX5IX9OO8A,Push,template_CMP-B9NYN6I82UTE_3,,Sent,True,False,,False,,,False,,,,,,0.0006
SND-AVFYP63U75PMAEEAGPM2,2025-03-15 21:31:05,2025-03-15,CMP-8OG5OXVROMXD,CLI-67FF9M7702LM,Email,template_CMP-8OG5OXVROMXD_2,¡Oferta especial en Tarjeta Crédito!,Sent,True,True,2025-03-21 12:41:44,True,2025-03-21 13:03:34,3.0,False,,,,México,,0.0029
SND-DT601LZGZ4LPDS6ASBJ0,2025-03-16 04:13:37,2025-03-15,CMP-5CYPELXBDSTO,CLI-39DL3SKJ7Y1K,WhatsApp,template_CMP-5CYPELXBDSTO_2,,Sent,True,,,False,,,False,,,,,,0.0271
SND-4M399R9VM664NS6O35J3,2025-03-15 11:00:20,2025-03-15,CMP-GQRJ44RTDT1P,CLI-PCIOWNTPR5JQ,WhatsApp,template_CMP-GQRJ44RTDT1P_1,,Sent,True,,,False,,,False,,,,,,0.0498
SND-CER239E2F47DQXO4ENEQ,2025-03-15 19:44:48,2025-03-15,CMP-B9NYN6I82UTE,CLI-V3FBVZY8FWBG,Push,template_CMP-B9NYN6I82UTE_4,,Sent,True,False,,False,,,False,,,,,,0.0003
SND-QAX7P2J5MYW1KQK3HVNZ,2025-03-15 15:32:37,2025-03-15,CMP-LMRDWALFK2Y3,CLI-XKRG5IUISJ5A,SMS,template_CMP-LMRDWALFK2Y3_3,,Sent,True,True,2025-03-21 16:23:44,False,,,False,,,,México,,0.0857
SND-Q8CP8KG9F8JHML2H4YNX,2025-03-15 21:18:48,2025-03-15,CMP-8OG5OXVROMXD,CLI-K09066DK271C,Email,template_CMP-8OG5OXVROMXD_1,¡Oferta especial en Tarjeta Crédito!,Sent,True,False,,False,,,False,,,,,,
SND-K2JNH1CA52KSV058I5Q7,2025-03-16 05:24:28,2025-03-15,CMP-8OG5OXVROMXD,CLI-9ULYB6HTD7SE,Email,template_CMP-8OG5OXVROMXD_2,¡Oferta especial en Tarjeta Crédito!,Sent,True,False,,False,,,False,,,,,,0.0062
SND-HKSNLQTEIE9396H506U0,2025-03-15 15:01:09,2025-03-15,CMP-8OG5OXVROMXD,CLI-Z8T87PI41PPR,Email,template_CMP-8OG5OXVROMXD_3,,Sent,True,False,,False,,,False,,,,,,0.0063
SND-AJ0UO03QOQKKO2POMTA1,2025-03-15 23:54:46,2025-03-15,CMP-LMRDWALFK2Y3,CLI-GK6QL1RSTM58,SMS,template_CMP-LMRDWALFK2Y3_3,,Sent,True,True,2025-03-18 18:30:19,False,,,False,,,Mobile,México,,0.084
SND-H3NDOGP4G4UJ1XDZEFXU,2025-03-16 04:54:51,2025-03-15,CMP-8OG5OXVROMXD,CLI-KN2MK5YC2LJT,Email,template_CMP-8OG5OXVROMXD_1,¡Oferta especial en Tarjeta Crédito!,Sent,True,True,2025-03-20 05:36:57,False,,,False,,,Desktop,Colombia,,0.0093
SND-VZN0SHHUEFC8EUWP3J3P,2025-03-15 23:15:08,2025-03-15,CMP-3RQ0RM77AJRO,CLI-QE8YP1C1898K,Email,template_CMP-3RQ0RM77AJRO_2,,Sent,True,True,2025-03-19 07:36:43,False,,,False,,,Mobile,México,,0.0019
SND-WUNGPQ4ZSYD6BJFOA2GA,2025-03-15 07:29:20,2025-03-15,CMP-B9NYN6I82UTE,CLI-TZ8RS16KCJU5,Push,template_CMP-B9NYN6I82UTE_2,,Sent,True,False,,False,,,False,,,,,,0.0004
SND-686YC0N9Q5Q3281EQCOL,2025-03-15 19:53:35,2025-03-15,CMP-8OG5OXVROMXD,CLI-0D7YWSUPBIDG,Email,template_CMP-8OG5OXVROMXD_5,¡Oferta especial en Tarjeta Crédito!,Sent,True,False,,False,,,False,,,,,,0.0026
SND-WY18M3GJC9SX0YO5T5ZY,2025-03-15 08:41:33,2025-03-15,CMP-NHBPKWMCNTDQ,CLI-TOUL1LOWHG0J,SMS,template_CMP-NHBPKWMCNTDQ_1,,Sent,True,True,2025-03-18 00:13:03,False,,,False,,,Desktop,Argentina,,0.1253
SND-VDIHFMCF1HE0WTAF8LC0,2025-03-16 03:44:49,2025-03-15,CMP-B9NYN6I82UTE,CLI-6J32QGBDDUD3,Push,template_CMP-B9NYN6I82UTE_5,,Sent,True,False,,False,,,False,,,,,,0.0009
SND-W4NYCZXVFNJEOEBIYFZN,2025-03-15 21:00:45,2025-03-15,CMP-NHBPKWMCNTDQ,CLI-BB3SDQY4CHSA,SMS,,,Sent,True,False,,False,,,False,,,,,,0.0742
SND-DOTJ74HWMC4ORJW39E4E,2025-03-16 05:42:46,2025-03-15,CMP-GQRJ44RTDT1P,CLI-AGGORGN90QJI,WhatsApp,template_CMP-GQRJ44RTDT1P_3,,Sent,True,,,False,,,False,,,,,,0.0636
SND-YGFYFQN8DQ8ESS2C6K6T,2025-03-16 02:50:05,2025-03-15,CMP-5CYPELXBDSTO,CLI-TXFUWVCBVTZ4,WhatsApp,template_CMP-5CYPELXBDSTO_3,,Sent,True,,,False,,,False,,,,,,0.0619
SND-C2RLY0SG10GL1Y8NCBAK,2025-03-15 20:25:37,2025-03-15,CMP-B9NYN6I82UTE,CLI-SB5UHIL27BA1,Push,template_CMP-B9NYN6I82UTE_3,,Sent,True,False,,False,,,False,,,,,,0.0005
SND-20ULIYFRPOR0D1YI636W,2025-03-16 01:37:14,2025-03-15,CMP-5CYPELXBDSTO,CLI-QTBSJ5ASONUM,WhatsApp,template_CMP-5CYPELXBDSTO_5,,Sent,True,,,False,,,False,,,,,,0.0751
SND-HI3KY317LNSUVHWV9OOG,2025-03-15 06:55:09,2025-03-15,CMP-5CYPELXBDSTO,CLI-1MNMCGBY02YH,WhatsApp,template_CMP-5CYPELXBDSTO_2,,Sent,True,,,False,,,False,,,,,,0.0242
SND-FQZ5WMVHFINYURFPSJFL,2025-03-15 20:53:20,2025-03-15,CMP-B9NYN6I82UTE,CLI-5Z5AEHOINTP4,Push,template_CMP-B9NYN6I82UTE_3,,Sent,True,True,2025-03-20 22:26:55,False,,,False,,,Tablet,Colombia,,
SND-NDZSSRR3NXS8IK3V68EB,2025-03-15 07:31:04,2025-03-15,CMP-NHBPKWMCNTDQ,CLI-B471FZRCX2VA,SMS,template_CMP-NHBPKWMCNTDQ_1,,Sent,True,True,2025-03-18 15:43:04,False,,,False,,,Desktop,México,,0.0601
SND-UZ54KVNCC9LBUSBYT8XY,2025-03-15 23:11:34,2025-03-15,CMP-GQRJ44RTDT1P,CLI-ILW417WXPBER,WhatsApp,template_CMP-GQRJ44RTDT1P_5,,Sent,True,,,False,,,False,,,,,,0.0793
SND-JS6AGHIHGIZ5O8WV3TJX,2025-03-16 05:54:12,2025-03-15,CMP-8OG5OXVROMXD,CLI-VV2KQON2TNXV,Email,template_CMP-8OG5OXVROMXD_1,¡Oferta especial en Tarjeta Crédito!,Sent,True,False,,False,,,False,,,,,,0.0034
SND-OLM7OY01UVS6VABSE6YG,2025-03-16 01:45:03,2025-03-15,CMP-8OG5OXVROMXD,CLI-YFLJLPHL3Y1Y,Email,template_CMP-8OG5OXVROMXD_4,¡Oferta especial en Tarjeta Crédito!,Sent,True,True,2025-03-19 10:20:23,True,2025-03-19 10:39:18,2.0,False,,,Tablet,México,,
SND-HYAE1AYTVJYDE7TNKHFB,2025-03-15 11:19:08,2025-03-15,CMP-85H27OFZKCO6,CLI-MCDEYIBWFF57,SMS,template_CMP-85H27OFZKCO6_2,,Bounced,False,,,False,,,False,,,,,Invalid email address,0.1215
SND-8FTS69FVFMCTUZ7A6WDO,2025-03-15 11:38:51,2025-03-15,CMP-NHBPKWMCNTDQ,CLI-PRDP08GCRKVG,SMS,template_CMP-NHBPKWMCNTDQ_4,,Sent,True,True,2025-03-16 02:46:20,True,2025-03-16 03:05:59,2.0,False,,,Desktop,México,,0.0831
SND-ECD59TOOM9IJB81QGQHP,2025-03-15 17:18:42,2025-03-15,CMP-5CYPELXBDSTO,CLI-3MJC8CJ6HGEP,WhatsApp,template_CMP-5CYPELXBDSTO_4,,Sent,True,,,False,,,False,,,,,,0.04
SND-LSXHZ5J9BRJG245QKBJ7,2025-03-16 04:30:35,2025-03-15,CMP-3RQ0RM77AJRO,CLI-5CW5W7AWC8C9,Email,template_CMP-3RQ0RM77AJRO_4,¡Oferta especial en Cuenta Corriente!,Sent,True,False,,False,,,False,,,,,,0.0093
SND-S14SFVM66Z8APY3XHFAQ,2025-03-16 02:16:28,2025-03-15,CMP-B9NYN6I82UTE,CLI-ERC1NJYE2QGI,Push,template_CMP-B9NYN6I82UTE_3,,Sent,True,False,,False,,,False,,,,,,0.0009
SND-B1TD7D9QG5PZJB1WEP4M,2025-03-15 14:57:33,2025-03-15,CMP-LMRDWALFK2Y3,CLI-QSGDH9LG1DLL,SMS,template_CMP-LMRDWALFK2Y3_3,,Sent,True,False,,False,,,False,,,,,,0.1231
SND-G61KIOJZOUJ2IL3SPM5P,2025-03-15 21:29:03,2025-03-15,CMP-NHBPKWMCNTDQ,CLI-CT9QHQY6DK45,SMS,template_CMP-NHBPKWMCNTDQ_2,,Sent,True,False,,False,,,False,,,,,,0.1077
SND-4E325B4PTJPHWU2CBB96,2025-03-16 00:47:48,2025-03-15,CMP-3RQ0RM77AJRO,CLI-B56BYQZ36507,Email,template_CMP-3RQ0RM77AJRO_5,¡Oferta especial en Cuenta Corriente!,Failed,False,,,False,,,False,,,,,SMTP error,0.0034
SND-G5TVPVOS38L3L63T8FK7,2025-03-15 16:37:07,2025-03-15,CMP-8OG5OXVROMXD,CLI-YJR2GSVSKQSH,Email,template_CMP-8OG5OXVROMXD_3,¡Oferta especial en Tarjeta Crédito!,Sent,True,False,,False,,,False,,,,,,0.0039
SND-7UX1QKDHZHGXH6UYLBEK,2025-03-16 00:41:26,2025-03-15,CMP-3RQ0RM77AJRO,CLI-W50WV7GU9J36,Email,template_CMP-3RQ0RM77AJRO_4,¡Oferta especial en Cuenta Corriente!,Sent,True,False,,False,,,False,,,,,,
SND-F3WH0FBHO26385T8Y2ZE,2025-03-16 05:31:52,2025-03-15,CMP-85H27OFZKCO6,CLI-HLHQ5MDIKQBL,SMS,template_CMP-85H27OFZKCO6_1,,Sent,True,True,2025-03-17 15:42:00,False,,,False,,,Tablet,México,,0.094
SND-TU7G5Y3M84T1GAFPPK4Z,2025-03-15 17:10:03,2025-03-15,CMP-5CYPELXBDSTO,CLI-AYDMLE4B82XQ,WhatsApp,template_CMP-5CYPELXBDSTO_5,,Sent,True,,,False,,,False,,,,,,0.0335
SND-NT062X2GY7D6H8CK0EVN,2025-03-15 10:48:01,2025-03-15,CMP-3RQ0RM77AJRO,CLI-9KFWCBC9Q3WJ,Email,,¡Oferta especial en Cuenta Corriente!,Sent,True,False,,False,,,False,,,,,,
SND-ZAB8T2PGB8PN9Z28273N,2025-03-16 04:27:56,2025-03-15,CMP-5CYPELXBDSTO,CLI-V7ATAE9WRSFH,WhatsApp,template_CMP-5CYPELXBDSTO_3,,Sent,True,,,False,,,False,,,,,,0.0726
SND-VE3EA7NW13A4833T4LIX,2025-03-16 00:55:15,2025-03-15,CMP-8OG5OXVROMXD,CLI-SW5S93C5QQEB,Email,template_CMP-8OG5OXVROMXD_4,¡Oferta especial en Tarjeta Crédito!,Sent,True,True,2025-03-19 11:20:08,False,,,False,,,Tablet,México,,0.0022
SND-MTG74O5FVWLBLUZ4FNGS,2025-03-15 07:32:26,2025-03-15,CMP-LMRDWALFK2Y3,CLI-7X9J9NP0XBB8,SMS,template_CMP-LMRDWALFK2Y3_5,,Bounced,False,,,False,,,False,,,,,,0.1279
SND-XGPDVLGR25WIARTS9DYV,2025-03-15 15:38:18,2025-03-15,CMP-85H27OFZKCO6,CLI-FETGXGFGMZQ0,SMS,template_CMP-85H27OFZKCO6_3,,Sent,True,False,,False,,,False,,,,,,0.0952
SND-Q7LDDAY5I8GPM8F206CT,2025-03-15 19:41:53,2025-03-15,CMP-B9NYN6I82UTE,CLI-JG3WOXW3PD5Q,Push,template_CMP-B9NYN6I82UTE_5,,Sent,True,True,2025-03-20 14:20:09,True,2025-03-20 14:32:35,3.0,True,2025-03-21 06:40:09,1394.07,Desktop,Argentina,,0.0008
SND-654YQJ9ER8LNLLSB9HR2,2025-03-16 02:19:21,2025-03-15,CMP-5CYPELXBDSTO,CLI-D29UTD2ZZ59N,WhatsApp,template_CMP-5CYPELXBDSTO_5,,Sent,True,,,False,,,False,,,,,,0.029
SND-PLIR9N1ALQUAPSUK6WNQ,2025-03-15 12:06:39,2025-03-15,CMP-85H27OFZKCO6,CLI-S6W2PABDUG0U,SMS,,,Sent,True,False,,False,,,False,,,,,,0.0738
SND-ERVGEHCCCWKPEABM9GJG,2025-03-16 03:38:57,2025-03-15,CMP-NHBPKWMCNTDQ,CLI-HS96XGRNB533,SMS,template_CMP-NHBPKWMCNTDQ_4,,Sent,True,False,,False,,,False,,,,,,
SND-QY232PKD1N1B6TNISJHY,2025-03-15 09:25:07,2025-03-15,CMP-5CYPELXBDSTO,CLI-OZK6X0GCYXDZ,WhatsApp,template_CMP-5CYPELXBDSTO_1,,Sent,True,,,False,,,False,,,,,,0.0332
SND-FYNIN5OT92M1QCSQT0UC,2025-03-15 06:31:26,2025-03-15,CMP-NHBPKWMCNTDQ,CLI-YKIZX4G4WLA8,SMS,template_CMP-NHBPKWMCNTDQ_4,,Sent,True,True,2025-03-20 11:24:58,False,,,False,,,Mobile,México,,0.1007
SND-1NCNSVNQO2NNV7CX1HK5,2025-03-16 03:36:12,2025-03-15,CMP-5CYPELXBDSTO,CLI-7YWVNAPNZI3J,WhatsApp,template_CMP-5CYPELXBDSTO_1,,Sent,True,,,False,,,False,,,,,,
SND-ZY0R3Q95F0COUAFHQP6R,2025-03-15 22:10:00,2025-03-15,CMP-5CYPELXBDSTO,CLI-8Z904F11IS5K,WhatsApp,template_CMP-5CYPELXBDSTO_5,,Sent,True,,,False,,,False,,,,,,
SND-PSRXEL25ZQHOX1RPW6M9,2025-03-15 11:31:23,2025-03-15,CMP-B9NYN6I82UTE,CLI-W996LB47BMZO,Push,template_CMP-B9NYN6I82UTE_4,,Sent,True,True,2025-03-16 17:52:15,False,,,False,,,Tablet,Colombia,,0.0008
SND-5M3R8DI2WQJIABP3VSJG,2025-03-16 00:54:48,2025-03-15,CMP-GQRJ44RTDT1P,CLI-1MFVXY4GAVAH,WhatsApp,,,Sent,True,,,False,,,False,,,,,,0.0645
SND-J7H5SGSFKWLBFIU4VI6V,2025-03-15 12:24:32,2025-03-15,CMP-8OG5OXVROMXD,CLI-PP6UQ01IT2RJ,Email,,¡Oferta especial en Tarjeta Crédito!,Sent,True,True,2025-03-16 20:00:39,False,,,False,,,Desktop,México,,0.0047
SND-R5PAC9LN1KD57YAGRV7K,2025-03-15 17:02:23,2025-03-15,CMP-3RQ0RM77AJRO,CLI-2ZZM8OE9686V,Email,template_CMP-3RQ0RM77AJRO_1,¡Oferta especial en Cuenta Corriente!,Sent,True,False,,False,,,False,,,,,,0.0072
SND-3TRE5GK9ZM7285V53NKK,2025-03-15 12:16:15,2025-03-15,CMP-85H27OFZKCO6,CLI-RUUD4FP2U77T,SMS,template_CMP-85H27OFZKCO6_5,,Sent,True,True,2025-03-15 21:38:35,False,,,False,,,Mobile,,,0.1169
SND-N6HY365O2PPLUTTFOHSX,2025-03-15 18:20:04,2025-03-15,CMP-5CYPELXBDSTO,CLI-H4P2L3TS8Y9X,WhatsApp,,,Sent,True,,,False,,,False,,,,,,0.0229
SND-FODEUN34L7448CRN5MGX,2025-03-15 18:05:55,2025-03-15,CMP-3RQ0RM77AJRO,CLI-XCJJRP5GR7SP,Email,template_CMP-3RQ0RM77AJRO_4,¡Oferta especial en Cuenta Corriente!,Sent,True,False,,False,,,False,,,,,,0.0062
SND-RXH362CUQ78T3DLVKFBW,2025-03-15 10:54:16,2025-03-15,CMP-5CYPELXBDSTO,CLI-763R3QVXD5NH,WhatsApp,template_CMP-5CYPELXBDSTO_3,,Sent,True,,,False,,,False,,,,,,0.053
SND-CTUW39BM5DMJO07S6UQ9,2025-03-15 06:43:47,2025-03-15,CMP-5CYPELXBDSTO,CLI-2THJ61IXBY8W,WhatsApp,template_CMP-5CYPELXBDSTO_3,,Sent,True,,,False,,,False,,,,,,0.0742
SND-T4H24MPMV83IZK8MTTDM,2025-03-15 22:05:38,2025-03-15,CMP-8OG5OXVROMXD,CLI-13A8VTSH1LAF,Email,template_CMP-8OG5OXVROMXD_2,¡Oferta especial en Tarjeta Crédito!,Sent,True,False,,False,,,False,,,,,,0.0055
SND-UZOJ3UBO60J5ISEDLBEC,2025-03-15 07:17:36,2025-03-15,CMP-85H27OFZKCO6,CLI-1SH31BYBC0Y9,SMS,template_CMP-85H27OFZKCO6_1,,Sent,True,False,,False,,,False,,,,,,
SND-E4ZMV8KT9GEF7DHVWQVX,2025-03-15 19:43:37,2025-03-15,CMP-B9NYN6I82UTE,CLI-B4L1GTIB7NBY,Push,template_CMP-B9NYN6I82UTE_1,,Failed,False,,,False,,,False,,,,,SMTP error,0.0008
SND-PUIWTJ4R5XFSCG0ICPRN,2025-03-15 18:56:53,2025-03-15,CMP-85H27OFZKCO6,CLI-VW3TQ5HPRA3M,SMS,template_CMP-85H27OFZKCO6_2,,Sent,True,True,2025-03-16 09:56:20,False,,,False,,,Tablet,México,,0.1217
SND-WYPFABQOSCYF81SI9T15,2025-03-15 18:51:36,2025-03-15,CMP-LMRDWALFK2Y3,CLI-6VCTAWO1Z9VO,SMS,template_CMP-LMRDWALFK2Y3_5,,Sent,True,True,2025-03-16 20:29:42,False,,,False,,,Mobile,México,,0.1282
SND-UJHSCDC0K85VH6OB8ZM0,2025-03-16 02:02:37,2025-03-15,CMP-GQRJ44RTDT1P,CLI-4ZWVU095LWPM,WhatsApp,,,Sent,True,,,False,,,False,,,,,,0.0278
SND-N4JQOIJVVEXAIFMRE23U,2025-03-15 12:53:00,2025-03-15,CMP-LMRDWALFK2Y3,CLI-RPTSSRT5G992,SMS,template_CMP-LMRDWALFK2Y3_1,,Sent,True,False,,False,,,False,,,,,,0.118
SND-C67OEH3IWQVIVM8TOLR3,2025-03-15 12:14:19,2025-03-15,CMP-NHBPKWMCNTDQ,CLI-GN0YCPLG33W8,SMS,template_CMP-NHBPKWMCNTDQ_2,,Sent,True,False,,False,,,False,,,,,,0.1287
SND-AV8CCIAVNY8LIDPV6N6B,2025-03-16 00:32:34,2025-03-15,CMP-NHBPKWMCNTDQ,CLI-19SB7MQY3TA5,SMS,template_CMP-NHBPKWMCNTDQ_3,,Sent,True,False,,False,,,False,,,,,,0.0805
SND-CC04YGP39O179PWAA1IK,2025-03-15 20:09:23,2025-03-15,CMP-B9NYN6I82UTE,CLI-8GMW5TLDTAX3,Push,template_CMP-B9NYN6I82UTE_2,,Sent,True,False,,False,,,False,,,,,,0.0001
SND-QSRQZL3GHZWQWPPFFR9P,2025-03-15 22:52:38,2025-03-15,CMP-8OG5OXVROMXD,CLI-JNVKSGE1ODLI,Email,template_CMP-8OG5OXVROMXD_4,¡Oferta especial en Tarjeta Crédito!,Sent,True,False,,False,,,False,,,,,,0.0054
SND-B0VTXKUWDQQCBGASOE83,2025-03-15 06:34:10,2025-03-15,CMP-NHBPKWMCNTDQ,CLI-QUC3KOZM2W8P,SMS,template_CMP-NHBPKWMCNTDQ_5,,Sent,True,True,2025-03-16 12:20:22,False,,,False,,,Desktop,México,,0.1039
SND-RI75SQYM2N6LDW189A4O,2025-03-15 11:29:06,2025-03-15,CMP-3RQ0RM77AJRO,CLI-WC7EN0YCYA78,Email,template_CMP-3RQ0RM77AJRO_2,¡Oferta especial en Cuenta Corriente!,Sent,True,True,2025-03-20 15:33:30,False,,,False,,,,Colombia,,0.0065
SND-P19M6XIW50037OCHWRIF,2025-03-16 05:56:49,2025-03-15,CMP-5CYPELXBDSTO,CLI-RQIAGYAZ3HQX,WhatsApp,template_CMP-5CYPELXBDSTO_5,,Sent,True,,,False,,,False,,,,,,0.0483
SND-JX6I7TGL3I65HYBDRS86,2025-03-15 07:26:58,2025-03-15,CMP-LMRDWALFK2Y3,CLI-RA1YV7RJPEMA,SMS,template_CMP-LMRDWALFK2Y3_1,,Sent,True,False,,False,,,False,,,,,,
SND-OQVBHF4HWKJ3FJDBQK7H,2025-03-16 05:39:29,2025-03-15,CMP-LMRDWALFK2Y3,CLI-AMCUDKPCPJIO,SMS,template_CMP-LMRDWALFK2Y3_5,,Sent,True,False,,False,,,False,,,,,,
SND-KO7BHROAGLEG3RUPTMH1,2025-03-15 11:08:20,2025-03-15,CMP-LMRDWALFK2Y3,CLI-F3LHO06BJMIQ,SMS,template_CMP-LMRDWALFK2Y3_5,,Sent,True,True,2025-03-22 06:01:30,False,,,False,,,Mobile,,,0.1083
SND-WPT4M3SWJV9F1HT89ABU,2025-03-16 05:10:59,2025-03-15,CMP-5CYPELXBDSTO,CLI-II0PGX302CT3,WhatsApp,template_CMP-5CYPELXBDSTO_3,,Sent,True,,,False,,,False,,,,,,0.0553
SND-VLO6X1X0V4SEAMJ5522K,2025-03-15 13:15:53,2025-03-15,CMP-LMRDWALFK2Y3,CLI-CZM730R9E6KC,SMS,,,Sent,True,True,2025-03-17 08:14:13,False,,,False,,,Tablet,México,,0.1178
SND-R6NCDEZ3CZ99IVJXHFWF,2025-03-15 10:46:22,2025-03-15,CMP-GQRJ44RTDT1P,CLI-4C9FLAU0G03P,WhatsApp,template_CMP-GQRJ44RTDT1P_2,,Sent,True,,,False,,,False,,,,,,0.0389
SND-6Z9IY71DR8N6RZT16P7Y,2025-03-16 00:55:43,2025-03-15,CMP-B9NYN6I82UTE,CLI-4HU7ALF1PMLA,Push,template_CMP-B9NYN6I82UTE_2,,Sent,True,False,,False,,,False,,,,,,0.0008
SND-HZDU0UTPAJC9EQVT6WI6,2025-03-16 00:08:52,2025-03-15,CMP-5CYPELXBDSTO,CLI-75L9GK01XSDG,WhatsApp,template_CMP-5CYPELXBDSTO_1,,Sent,True,,,False,,,False,,,,,,0.0727
SND-9GT8U8H88ND7CMAU6NFG,2025-03-15 23:49:40,2025-03-15,CMP-B9NYN6I82UTE,CLI-52IRXZCKG819,Push,template_CMP-B9NYN6I82UTE_5,,Sent,True,False,,False,,,False,,,,,,0.0009
SND-IDXNBY0LFE3WUX6OWIEA,2025-03-16 03:45:50,2025-03-15,CMP-LMRDWALFK2Y3,CLI-BOP3SZ6YOX2G,SMS,template_CMP-LMRDWALFK2Y3_4,,Sent,True,False,,False,,,False,,,,,,0.1381
SND-LCC6242GIRLBL22SRW3K,2025-03-15 13:46:55,2025-03-15,CMP-5CYPELXBDSTO,CLI-7BIQY6YSQKWN,WhatsApp,template_CMP-5CYPELXBDSTO_5,,Sent,True,,,False,,,False,,,,,,0.0581
SND-83O973G7OGMZF2GHKZ44,2025-03-16 00:21:37,2025-03-15,CMP-5CYPELXBDSTO,CLI-BHVTKKTZZUOK,WhatsApp,template_CMP-5CYPELXBDSTO_3,,Sent,True,,,False,,,False,,,,,,0.0475
SND-8N9VA183YV0S7ZQ7SO93,2025-03-16 05:02:42,2025-03-15,CMP-5CYPELXBDSTO,CLI-4YMASELVASDV,WhatsApp,template_CMP-5CYPELXBDSTO_4,,Sent,True,,,False,,,False,,,,,,0.0494
SND-LS5TFEPR995EGS6RHT5H,2025-03-15 11:56:25,2025-03-15,CMP-LMRDWALFK2Y3,CLI-P05ABVU9JZDX,SMS,template_CMP-LMRDWALFK2Y3_2,,Sent,True,False,,False,,,False,,,,,,0.1337
SND-LDODLTYZQLOD4Y2EDQ3O,2025-03-15 23:00:24,2025-03-15,CMP-LMRDWALFK2Y3,CLI-03O3KREC9WX2,SMS,template_CMP-LMRDWALFK2Y3_5,,Sent,True,True,2025-03-22 10:01:17,True,2025-03-22 10:06:06,1.0,False,,,Mobile,,,0.135
SND-C5DAVLABUG9079KHLCTQ,2025-03-15 06:19:20,2025-03-15,CMP-8OG5OXVROMXD,CLI-AG0KCUE8I8F6,Email,template_CMP-8OG5OXVROMXD_2,¡Oferta especial en Tarjeta Crédito!,Sent,True,False,,False,,,False,,,,,,0.0091
SND-9EKGH1O7AL0CDM26DEI4,2025-03-15 17:53:17,2025-03-15,CMP-LMRDWALFK2Y3,CLI-UGC3M6ZMOSJU,SMS,template_CMP-LMRDWALFK2Y3_3,,Sent,True,False,,False,,,False,,,,,,
SND-NWIWCJ3XYNHICWSXZRFT,2025-03-15 08:58:29,2025-03-15,CMP-LMRDWALFK2Y3,CLI-90I6LAQQ67MC,SMS,template_CMP-LMRDWALFK2Y3_4,,Sent,True,True,2025-03-16 21:37:44,True,2025-03-16 21:38:47,1.0,False,,,Mobile,México,,0.1068
SND-FOAL0OEU2T6U5E0F47AZ,2025-03-16 02:10:38,2025-03-15,CMP-NHBPKWMCNTDQ,CLI-6TN5OEBJOG0P,SMS,template_CMP-NHBPKWMCNTDQ_3,,Sent,True,False,,False,,,False,,,,,,
SND-Q1W8X4BA7YE5IRAWNDN1,2025-03-15 16:11:49,2025-03-15,CMP-GQRJ44RTDT1P,CLI-ROPMO5NB0OOO,WhatsApp,,,Sent,True,,,False,,,False,,,,,,0.0773
SND-CW239X7NWETLVLRQEXYF,2025-03-16 02:27:34,2025-03-15,CMP-GQRJ44RTDT1P,CLI-HIM8S19VZHKC,WhatsApp,template_CMP-GQRJ44RTDT1P_2,,Sent,True,,,False,,,False,,,,,,
SND-TMQQRUYM8PEWCPPCS42F,2025-03-15 07:56:03,2025-03-15,CMP-3RQ0RM77AJRO,CLI-V4VLZU6VJNC3,Email,template_CMP-3RQ0RM77AJRO_2,¡Oferta especial en Cuenta Corriente!,Sent,True,False,,False,,,False,,,,,,0.0031
SND-1U9QLJFAP8GW8PK4LMVV,2025-03-15 19:54:12,2025-03-15,CMP-85H27OFZKCO6,CLI-ARYEJ651LTT7,SMS,template_CMP-85H27OFZKCO6_5,,Sent,True,False,,False,,,False,,,,,,
SND-EXTPEZRU995FYXGQGNR8,2025-03-15 16:39:04,2025-03-15,CMP-GQRJ44RTDT1P,CLI-NLEGMO2X26RC,WhatsApp,template_CMP-GQRJ44RTDT1P_3,,Sent,True,,,False,,,False,,,,,,0.0519
SND-XEFWTDRN43O7SBHVBVGU,2025-03-16 03:05:35,2025-03-15,CMP-3RQ0RM77AJRO,CLI-1IPLQH503JO3,Email,template_CMP-3RQ0RM77AJRO_3,¡Oferta especial en Cuenta Corriente!,Sent,True,False,,False,,,False,,,,,,0.0073
SND-RI4LNDWYX3WPYTSQ5NZQ,2025-03-15 10:56:00,2025-03-15,CMP-LMRDWALFK2Y3,CLI-YQD4H2Z4K2UC,SMS,template_CMP-LMRDWALFK2Y3_2,,Sent,True,False,,False,,,False,,,,,,0.1063
SND-79CG3ZHDGF7IBDFYYHER,2025-03-15 15:05:50,2025-03-15,CMP-3RQ0RM77AJRO,CLI-9QQEB8TAHH51,Email,template_CMP-3RQ0RM77AJRO_5,¡Oferta especial en Cuenta Corriente!,Sent,True,False,,False,,,False,,,,,,0.0066
SND-CVTKUZAQNKTQQHIKQ5ZI,2025-03-16 02:46:57,2025-03-15,CMP-85H27OFZKCO6,CLI-ZJJ4QL10208P,SMS,template_CMP-85H27OFZKCO6_5,,Sent,True,True,2025-03-16 14:11:43,True,2025-03-16 14:29:15,2.0,False,,,Tablet,México,,0.0665
SND-8O48ZKUO3OXIRS90Q0PN,2025-03-15 10:56:48,2025-03-15,CMP-85H27OFZKCO6,CLI-MLUPVKNFYZOZ,SMS,template_CMP-85H27OFZKCO6_3,,Bounced,False,,,False,,,False,,,,,Invalid email address,0.0681
SND-JXHLLXELRSQVTU5JXTLG,2025-03-16 01:10:28,2025-03-15,CMP-8OG5OXVROMXD,CLI-3K1W0JIZ4BBW,Email,template_CMP-8OG5OXVROMXD_1,¡Oferta especial en Tarjeta Crédito!,Sent,True,False,,False,,,False,,,,,,0.0023
SND-YB6BIAEDLFQ4832K8B3M,2025-03-15 09:56:56,2025-03-15,CMP-NHBPKWMCNTDQ,CLI-N4FSXWTO3RQ3,SMS,template_CMP-NHBPKWMCNTDQ_5,,Sent,True,True,2025-03-19 11:47:41,False,,,False,,,Tablet,Argentina,,0.1328
SND-UVRNWLZIMLPC5J76NFL7,2025-03-15 23:11:05,2025-03-15,CMP-GQRJ44RTDT1P,CLI-BD2P2E5840GK,WhatsApp,template_CMP-GQRJ44RTDT1P_4,,Sent,True,,,False,,,False,,,,,,
SND-DI40M66NTJ0A5X3XWFTZ,2025-03-15 21:40:32,2025-03-15,CMP-B9NYN6I82UTE,CLI-ZRAPMN338MNJ,Push,template_CMP-B9NYN6I82UTE_4,,Sent,True,False,,False,,,False,,,,,,0.0008
SND-YSB0NM83QYSF04YZUN8G,2025-03-16 04:38:48,2025-03-15,CMP-B9NYN6I82UTE,CLI-F625CS8X140N,Push,template_CMP-B9NYN6I82UTE_3,,Sent,True,False,,False,,,False,,,,,,0.0004
SND-F7ODKICCKVG4UECBTBQQ,2025-03-15 08:49:51,2025-03-15,CMP-3RQ0RM77AJRO,CLI-GNJB5C79BZNY,Email,template_CMP-3RQ0RM77AJRO_4,¡Oferta especial en Cuenta Corriente!,Sent,True,False,,False,,,False,,,,,,0.0036
SND-DU0EH9Y6CM1K0O0U8QMX,2025-03-15 12:03:21,2025-03-15,CMP-NHBPKWMCNTDQ,CLI-52JWGOA95DTG,SMS,template_CMP-NHBPKWMCNTDQ_4,,Sent,True,True,2025-03-17 16:39:54,False,,,False,,,Mobile,México,,0.074
SND-QYKPAIRI2QD6J7JM2ZXX,2025-03-15 16:23:24,2025-03-15,CMP-LMRDWALFK2Y3,CLI-LUFAZ0PYQ42J,SMS,,,Sent,True,False,,False,,,False,,,,,,0.0705
SND-KATSV8RXK66Z5IYJ43BG,2025-03-15 19:23:59,2025-03-15,CMP-5CYPELXBDSTO,CLI-XFD5II5F2EO8,WhatsApp,template_CMP-5CYPELXBDSTO_1,,Sent,True,,,False,,,False,,,,,,0.06
SND-Y2SGUXVVXM5WUCC4ACN6,2025-03-15 20:25:48,2025-03-15,CMP-B9NYN6I82UTE,CLI-WWUEYY62J5F8,Push,template_CMP-B9NYN6I82UTE_1,,Sent,True,False,,False,,,False,,,,,,0.0009
SND-TF57A59VUC5ZSQMDE3KQ,2025-03-15 11:30:05,2025-03-15,CMP-8OG5OXVROMXD,CLI-GSOT93DPMKNY,Email,template_CMP-8OG5OXVROMXD_3,¡Oferta especial en Tarjeta Crédito!,Sent,True,True,2025-03-17 07:47:01,False,,,False,,,Tablet,,,0.0053
SND-TS1S8342MX4K6NATTPAZ,2025-03-15 11:32:50,2025-03-15,CMP-GQRJ44RTDT1P,CLI-8N6YJLMO8PFW,WhatsApp,template_CMP-GQRJ44RTDT1P_3,,Sent,True,,,False,,,False,,,,,,0.0508
SND-BC6O4BOQ1TLBR4UONWPD,2025-03-16 02:11:49,2025-03-15,CMP-GQRJ44RTDT1P,CLI-WPZBPYBKO188,WhatsApp,template_CMP-GQRJ44RTDT1P_3,,Sent,True,,,False,,,False,,,,,,0.0584
SND-0V0WVJ9G6N0T1SZWYWAL,2025-03-15 14:35:16,2025-03-15,CMP-85H27OFZKCO6,CLI-K1BL7LS4VG2V,SMS,template_CMP-85H27OFZKCO6_2,,Sent,True,True,2025-03-17 23:54:18,False,,,False,,,Desktop,México,,0.13
SND-D5PMF8TKFJXXHPZG1A3U,2025-03-15 10:10:46,2025-03-15,CMP-8OG5OXVROMXD,CLI-QNH9QUYTFBRO,Email,template_CMP-8OG5OXVROMXD_1,¡Oferta especial en Tarjeta Crédito!,Failed,False,,,False,,,False,,,,,SMTP error,0.0022
SND-77CGSJ1LB30O6G4YOZ1J,2025-03-15 07:55:49,2025-03-15,CMP-3RQ0RM77AJRO,CLI-90H1589QT2DY,Email,,¡Oferta especial en Cuenta Corriente!,Sent,True,False,,False,,,False,,,,,,0.0081
SND-UMKOS01G5L8V7T06IJAB,2025-03-15 15:12:19,2025-03-15,CMP-5CYPELXBDSTO,CLI-19HOXJTWYALA,WhatsApp,template_CMP-5CYPELXBDSTO_3,,Blocked,False,,,False,,,False,,,,,User blocked sender,0.0629
SND-GEB6ZZPF3STXLEP449RL,2025-03-16 02:11:01,2025-03-15,CMP-NHBPKWMCNTDQ,CLI-94H9LWG1BB0F,SMS,template_CMP-NHBPKWMCNTDQ_3,,Sent,True,True,2025-03-18 22:26:05,False,,,False,,,,México,,
SND-4C7QN1GNDPUQYD1SYFKE,2025-03-15 15:19:08,2025-03-15,CMP-3RQ0RM77AJRO,CLI-R4KDY5IJ3YCW,Email,template_CMP-3RQ0RM77AJRO_1,¡Oferta especial en Cuenta Corriente!,Sent,True,True,2025-03-19 02:50:09,False,,,False,,,Desktop,Argentina,,0.0074
SND-26AILFPDPZOLFAGR45FI,2025-03-15 09:14:17,2025-03-15,CMP-B9NYN6I82UTE,CLI-B1ZWGQG959M1,Push,template_CMP-B9NYN6I82UTE_1,,Sent,True,False,,False,,,False,,,,,,0.0008
SND-RHM3K71UEN8SKA6LOLW9,2025-03-15 11:05:47,2025-03-15,CMP-8OG5OXVROMXD,CLI-PAOLVBTMCLCR,Email,,¡Oferta especial en Tarjeta Crédito!,Sent,True,True,2025-03-16 16:19:23,False,,,False,,,Tablet,Colombia,,0.0033
SND-HX8XOSSQ5C62GP3G5RJQ,2025-03-16 02:03:14,2025-03-15,CMP-5CYPELXBDSTO,CLI-KPB1O2NZY3Y3,WhatsApp,template_CMP-5CYPELXBDSTO_4,,Sent,True,,,False,,,False,,,,,,0.0244
SND-Q1KRBUMQQ7X1X4DCH2EF,2025-03-15 09:38:23,2025-03-15,CMP-3RQ0RM77AJRO,CLI-FBDHETU7PBL8,Email,template_CMP-3RQ0RM77AJRO_2,¡Oferta especial en Cuenta Corriente!,Sent,True,True,2025-03-17 04:17:34,True,2025-03-17 04:27:14,2.0,False,,,Mobile,Colombia,,0.0057
SND-4SQECXIR4B4Z4R5SCTOG,2025-03-15 22:31:17,2025-03-15,CMP-GQRJ44RTDT1P,CLI-DC4ZE521TVOF,WhatsApp,template_CMP-GQRJ44RTDT1P_3,,Sent,True,,,False,,,False,,,,,,0.0781
SND-6M16BYYU33V2TTBK8DPL,2025-03-15 13:23:03,2025-03-15,CMP-5CYPELXBDSTO,CLI-5O8SQ6KO167J,WhatsApp,template_CMP-5CYPELXBDSTO_3,,Sent,True,,,False,,,False,,,,,,0.0508
SND-F4VS0Y070X1VTKA5FKU1,2025-03-15 06:50:57,2025-03-15,CMP-3RQ0RM77AJRO,CLI-M8PDK6UMXVFZ,Email,template_CMP-3RQ0RM77AJRO_1,¡Oferta especial en Cuenta Corriente!,Sent,True,False,,False,,,False,,,,,,0.003
SND-I4CW97O1S5FCT4IHV2S8,2025-03-15 06:47:20,2025-03-15,CMP-LMRDWALFK2Y3,CLI-XF92P3VSSHSY,SMS,template_CMP-LMRDWALFK2Y3_5,,Sent,True,False,,False,,,False,,,,,,
SND-XHS4BM7JJYDO5ATXBP2Z,2025-03-16 05:54:05,2025-03-15,CMP-85H27OFZKCO6,CLI-QHH3P0HY2I6T,SMS,template_CMP-85H27OFZKCO6_4,,Sent,True,False,,False,,,False,,,,,,0.0517
SND-L1QPGTG8R8VBW98K519W,2025-03-15 20:55:26,2025-03-15,CMP-8OG5OXVROMXD,CLI-LMAHNSYSDU4Q,Email,template_CMP-8OG5OXVROMXD_4,¡Oferta especial en Tarjeta Crédito!,Sent,True,False,,False,,,False,,,,,,0.0043
SND-9CARRWG4XBS1YLNUTICZ,2025-03-15 15:26:39,2025-03-15,CMP-5CYPELXBDSTO,CLI-0O6D9I0EO0AE,WhatsApp,template_CMP-5CYPELXBDSTO_5,,Sent,True,,,False,,,False,,,,,,
SND-H25BAWW5W0NFME0TJZO2,2025-03-15 08:54:28,2025-03-15,CMP-NHBPKWMCNTDQ,CLI-MILM2S48B8NI,SMS,template_CMP-NHBPKWMCNTDQ_5,,Sent,True,True,2025-03-20 00:01:36,False,,,False,,,Tablet,Colombia,,0.0871
SND-ITPWPST227XZSDUL2L08,2025-03-16 00:30:29,2025-03-15,CMP-NHBPKWMCNTDQ,CLI-IMIRNUM1WZVR,SMS,template_CMP-NHBPKWMCNTDQ_1,,Sent,True,True,2025-03-20 00:59:31,False,,,False,,,Tablet,México,,0.0856
SND-S54WKZ12C3KENO4Y61NS,2025-03-15 08:33:06,2025-03-15,CMP-8OG5OXVROMXD,CLI-VRJUIJ355FZZ,Email,template_CMP-8OG5OXVROMXD_3,¡Oferta especial en Tarjeta Crédito!,Sent,True,False,,False,,,False,,,,,,0.0063
SND-FDNCK6RHMA7QW5LGJ825,2025-03-15 19:56:03,2025-03-15,CMP-5CYPELXBDSTO,CLI-G30DNV35PU0C,WhatsApp,template_CMP-5CYPELXBDSTO_3,,Sent,True,,,False,,,False,,,,,,0.0775
SND-GRTFW1KCA4KLQSVEBJE9,2025-03-15 18:14:43,2025-03-15,CMP-NHBPKWMCNTDQ,CLI-5XOBVTQ7YMXF,SMS,template_CMP-NHBPKWMCNTDQ_4,,Sent,True,True,2025-03-20 02:16:55,False,,,False,,,Mobile,México,,0.0755
SND-YWSY96WY7FD0WXMELRVS,2025-03-15 06:56:22,2025-03-15,CMP-8OG5OXVROMXD,CLI-ERCHAYWYODYL,Email,template_CMP-8OG5OXVROMXD_5,¡Oferta especial en Tarjeta Crédito!,Sent,True,True,2025-03-20 08:58:04,False,,,False,,,Desktop,,,0.0037
SND-7PXHQXZYAL5XKKPIRIHU,2025-03-15 11:55:52,2025-03-15,CMP-B9NYN6I82UTE,CLI-IKDG0U9SW20A,Push,template_CMP-B9NYN6I82UTE_1,,Sent,True,True,2025-03-15 21:18:19,False,,,False,,,Desktop,México,,0.0001
SND-FR7WS14F825E8332BIS0,2025-03-15 07:30:52,2025-03-15,CMP-85H27OFZKCO6,CLI-9S9YXN4KCRWQ,SMS,template_CMP-85H27OFZKCO6_3,,Sent,True,False,,False,,,False,,,,,,0.0854
SND-0BHJPB3FGSKW4L68K4TI,2025-03-15 20:45:12,2025-03-15,CMP-5CYPELXBDSTO,CLI-F58BJRJJY0VE,WhatsApp,template_CMP-5CYPELXBDSTO_1,,Sent,True,,,False,,,False,,,,,,0.0223
SND-JN8KQX10PMTOYVKU5WVX,2025-03-16 00:48:10,2025-03-15,CMP-GQRJ44RTDT1P,CLI-SOM02PD8C9ZA,WhatsApp,template_CMP-GQRJ44RTDT1P_5,,Sent,True,,,False,,,False,,,,,,
SND-NOP0AXBIU6YKOTU3XNJI,2025-03-15 10:38:19,2025-03-15,CMP-B9NYN6I82UTE,CLI-T4LW0NZORXAY,Push,template_CMP-B9NYN6I82UTE_4,,Sent,True,False,,False,,,False,,,,,,0.0006
SND-LGRCLU15OMI1HHITXJH7,2025-03-16 02:49:55,2025-03-15,CMP-LMRDWALFK2Y3,CLI-ZKMUSEI3NKP9,SMS,,,Sent,True,True,2025-03-22 01:58:40,True,2025-03-22 02:26:50,1.0,False,,,,Argentina,,0.1493
SND-Y07YUGVB86RU2VQ1MUCG,2025-03-16 02:21:39,2025-03-15,CMP-LMRDWALFK2Y3,CLI-WB2F93T5M80B,SMS,template_CMP-LMRDWALFK2Y3_2,,Sent,True,False,,False,,,False,,,,,,0.1173
SND-N8MXUYJ2Q79NVA172P0W,2025-03-15 16:19:19,2025-03-15,CMP-NHBPKWMCNTDQ,CLI-HMMLTZ3NDSB1,SMS,template_CMP-NHBPKWMCNTDQ_1,,Sent,True,False,,False,,,False,,,,,,0.0866
SND-GBGH2G6U9E3SHLQZ119I,2025-03-15 09:41:25,2025-03-15,CMP-GQRJ44RTDT1P,CLI-771H2VOFDEM2,WhatsApp,template_CMP-GQRJ44RTDT1P_2,,Sent,True,,,False,,,False,,,,,,0.0332
SND-UO391KF4T1WTQRYRP9FB,2025-03-15 18:43:13,2025-03-15,CMP-85H27OFZKCO6,CLI-KF60VKS76QDK,SMS,template_CMP-85H27OFZKCO6_2,,Sent,True,False,,False,,,False,,,,,,0.0666
SND-FHYR2AH8LTSISUZFO40Q,2025-03-15 20:09:27,2025-03-15,CMP-3RQ0RM77AJRO,CLI-ESY49OUPSTXH,Email,template_CMP-3RQ0RM77AJRO_4,,Sent,True,True,2025-03-21 15:49:19,True,2025-03-21 16:14:50,1.0,False,,,Tablet,México,,0.0088
SND-MK1UUHZ85SUWY63BCC66,2025-03-16 05:08:38,2025-03-15,CMP-8OG5OXVROMXD,CLI-VW6MZ1490CUH,Email,template_CMP-8OG5OXVROMXD_4,¡Oferta especial en Tarjeta Crédito!,Failed,False,,,False,,,False,,,,,SMTP error,
SND-PCPT368W9XA44B0O78V2,2025-03-15 15:01:37,2025-03-15,CMP-LMRDWALFK2Y3,CLI-6FWV8HEDARZP,SMS,template_CMP-LMRDWALFK2Y3_2,,Sent,True,True,2025-03-19 23:19:59,False,,,False,,,Mobile,Colombia,,
SND-TGSURREUDKX4WB60E051,2025-03-15 21:17:06,2025-03-15,CMP-NHBPKWMCNTDQ,CLI-RKU5EFLAC5L6,SMS,template_CMP-NHBPKWMCNTDQ_3,,Sent,True,False,,False,,,False,,,,,,
SND-WBEGWPYKXXQEJIQL31GG,2025-03-15 14:17:52,2025-03-15,CMP-3RQ0RM77AJRO,CLI-F3ZBYDYY15KF,Email,template_CMP-3RQ0RM77AJRO_1,¡Oferta especial en Cuenta Corriente!,Sent,True,True,2025-03-21 05:54:28,False,,,False,,,Tablet,Argentina,,0.0075
SND-J19YF1DOXTTKF1WRHHRN,2025-03-15 22:12:49,2025-03-15,CMP-LMRDWALFK2Y3,CLI-9X7WL8DNRIE0,SMS,template_CMP-LMRDWALFK2Y3_3,,Sent,True,True,2025-03-20 07:17:01,False,,,False,,,Mobile,Colombia,,0.0992
SND-S1I2N7X2PSO2SFUTQBMQ,2025-03-16 03:09:11,2025-03-15,CMP-3RQ0RM77AJRO,CLI-1D7A43SRAMHF,Email,template_CMP-3RQ0RM77AJRO_1,¡Oferta especial en Cuenta Corriente!,Sent,True,True,2025-03-18 04:52:23,False,,,False,,,Desktop,Colombia,,0.0052
SND-8W0GXYNUP6VQCWSQ1SBA,2025-03-15 17:51:05,2025-03-15,CMP-NHBPKWMCNTDQ,CLI-RSJBZS3LZ4NA,SMS,template_CMP-NHBPKWMCNTDQ_4,,Sent,True,False,,False,,,False,,,,,,0.0525
SND-0NF7OB5HQ12A8L8N3WH1,2025-03-15 19:44:04,2025-03-15,CMP-3RQ0RM77AJRO,CLI-IGO2V2YWKT6A,Email,template_CMP-3RQ0RM77AJRO_2,¡Oferta especial en Cuenta Corriente!,Sent,True,False,,False,,,False,,,,,,0.0068
SND-JM3HGGL9RNT8X0WK7S95,2025-03-15 23:09:31,2025-03-15,CMP-85H27OFZKCO6,CLI-2X9OV45ROVUY,SMS,,,Sent,True,False,,False,,,False,,,,,,0.0669
SND-97U2ZYWB5LE49T5TOS7T,2025-03-15 14:00:16,2025-03-15,CMP-5CYPELXBDSTO,CLI-W347C93A8W8U,WhatsApp,template_CMP-5CYPELXBDSTO_1,,Failed,False,,,False,,,False,,,,,SMTP error,0.0691
SND-A7Q0W0WNA36EKHUTXHRQ,2025-03-15 21:54:59,2025-03-15,CMP-GQRJ44RTDT1P,CLI-QSWGLEV5A2JC,WhatsApp,,,Sent,True,,,False,,,False,,,,,,0.0514
SND-Y4YATXFX7AQEMFCS1IG7,2025-03-15 15:40:35,2025-03-15,CMP-NHBPKWMCNTDQ,CLI-KFU98EP7EAMS,SMS,template_CMP-NHBPKWMCNTDQ_5,,Sent,True,False,,False,,,False,,,,,,0.1297
SND-L4NIKVSVSRNXG35UP6XK,2025-03-16 00:50:16,2025-03-15,CMP-B9NYN6I82UTE,CLI-0YBANMQ5I9FT,Push,template_CMP-B9NYN6I82UTE_1,,Sent,True,True,2025-03-18 09:19:18,False,,,False,,,Mobile,,,0.0009
SND-TNOZKI7ORHY8L2Z6DQU6,2025-03-16 04:24:17,2025-03-15,CMP-GQRJ44RTDT1P,CLI-L2NBRYOE4K9Q,WhatsApp,template_CMP-GQRJ44RTDT1P_4,,Sent,True,,,False,,,False,,,,,,
SND-J0Z0D9O41YPC8F8UJ21L,2025-03-16 02:51:57,2025-03-15,CMP-NHBPKWMCNTDQ,CLI-Z58JMUECIN0B,SMS,template_CMP-NHBPKWMCNTDQ_4,,Sent,True,False,,False,,,False,,,,,,0.1326
SND-A3DFQ0MQSQLYJBZ8HQB4,2025-03-15 15:29:59,2025-03-15,CMP-GQRJ44RTDT1P,CLI-XL45TILBDRMC,WhatsApp,template_CMP-GQRJ44RTDT1P_2,,Sent,True,,,False,,,False,,,,,,
SND-184ZEEGRRZGEMCBLDH40,2025-03-16 00:00:02,2025-03-15,CMP-3RQ0RM77AJRO,CLI-RXTFHKZGN0JR,Email,template_CMP-3RQ0RM77AJRO_2,¡Oferta especial en Cuenta Corriente!,Sent,True,True,2025-03-19 10:14:31,False,,,False,,,Desktop,Colombia,,0.0054
SND-65TWV5ZU5BLG5E48QKPC,2025-03-15 21:02:36,2025-03-15,CMP-NHBPKWMCNTDQ,CLI-4JWQO062RHE7,SMS,template_CMP-NHBPKWMCNTDQ_4,,Sent,True,False,,False,,,False,,,,,,0.0862
SND-IYDRC4A5Z0YHQSCEY6CV,2025-03-15 22:10:15,2025-03-15,CMP-GQRJ44RTDT1P,CLI-1O21C0K92YTR,WhatsApp,template_CMP-GQRJ44RTDT1P_4,,Sent,True,,,False,,,False,,,,,,0.0769
SND-EPR86QZHAWAQ838K4Q0Z,2025-03-15 12:04:14,2025-03-15,CMP-LMRDWALFK2Y3,CLI-S1OMSGV8DU9W,SMS,template_CMP-LMRDWALFK2Y3_3,,Sent,True,True,2025-03-16 06:16:06,False,,,False,,,Mobile,Argentina,,0.1459
SND-Q7IWWFWHMUECGFPRPNWW,2025-03-15 23:44:15,2025-03-15,CMP-GQRJ44RTDT1P,CLI-17H1FZ54P8AK,WhatsApp,template_CMP-GQRJ44RTDT1P_5,,Sent,True,,,False,,,False,,,,,,0.0513
SND-DEOXBKGTOOLCE2LQRYUH,2025-03-15 22:05:07,2025-03-15,CMP-B9NYN6I82UTE,CLI-X191F0VIJZV9,Push,template_CMP-B9NYN6I82UTE_4,,Sent,True,True,2025-03-18 06:26:35,False,,,False,,,Desktop,Argentina,,0.0002
SND-MWRZ0NDAK2HGNRGQHLUV,2025-03-15 14:26:40,2025-03-15,CMP-5CYPELXBDSTO,CLI-RF0XBYT9VFWT,WhatsApp,template_CMP-5CYPELXBDSTO_3,,Sent,True,,,False,,,False,,,,,,0.0527
SND-RAZF5NTSPC8W1YCXYIA2,2025-03-15 07:30:26,2025-03-15,CMP-3RQ0RM77AJRO,CLI-BBMJJ3HM7PP5,Email,template_CMP-3RQ0RM77AJRO_2,,Sent,True,False,,False,,,False,,,,,,0.0096
SND-PXDULIEP1SH77EXY6LM0,2025-03-15 16:15:04,2025-03-15,CMP-8OG5OXVROMXD,CLI-U6MDXNFTA73R,Email,template_CMP-8OG5OXVROMXD_5,¡Oferta especial en Tarjeta Crédito!,Sent,True,True,2025-03-16 11:09:53,True,2025-03-16 11:20:19,3.0,False,,,Tablet,México,,0.0046
SND-5ETCG2YZKCF5ZDDMCO39,2025-03-15 06:14:10,2025-03-15,CMP-85H27OFZKCO6,CLI-HQCPI2SSHOLU,SMS,template_CMP-85H27OFZKCO6_5,,Sent,True,True,2025-03-18 23:45:17,False,,,False,,,Mobile,Argentina,,0.0906
SND-L9RJAVPH3S8ONM06H7AX,2025-03-16 01:42:18,2025-03-15,CMP-85H27OFZKCO6,CLI-2QA9OU6KPZB8,SMS,template_CMP-85H27OFZKCO6_4,,Sent,True,True,2025-03-20 04:19:35,False,,,False,,,Tablet,México,,0.1051
SND-NQ2KWDSIRYKMWEC339TK,2025-03-15 06:06:20,2025-03-15,CMP-5CYPELXBDSTO,CLI-I08YASVI0OFJ,WhatsApp,template_CMP-5CYPELXBDSTO_4,,Sent,True,,,False,,,False,,,,,,0.0462
SND-DQ50JVLYM20D9SKEG1HB,2025-03-15 14:05:51,2025-03-15,CMP-NHBPKWMCNTDQ,CLI-13VLSA9ELNWZ,SMS,template_CMP-NHBPKWMCNTDQ_2,,Sent,True,True,2025-03-22 07:15:31,False,,,False,,,Tablet,Argentina,,0.0742
SND-DCZF162A85R48EBX4H43,2025-03-15 22:59:14,2025-03-15,CMP-NHBPKWMCNTDQ,CLI-QH8ZU1OTIDHH,SMS,template_CMP-NHBPKWMCNTDQ_2,,Sent,True,True,2025-03-19 17:38:19,False,,,False,,,Desktop,Colombia,,0.0936
SND-KMKNBLORM41CN3WQNL89,2025-03-15 21:28:03,2025-03-15,CMP-NHBPKWMCNTDQ,CLI-JA5B0PHTWM5R,SMS,template_CMP-NHBPKWMCNTDQ_1,,Sent,True,True,2025-03-20 18:44:38,False,,,False,,,Mobile,Colombia,,0.1129
SND-7O0P145UJJJKBH78AS19,2025-03-15 12:36:46,2025-03-15,CMP-LMRDWALFK2Y3,CLI-BWQTO6QM297J,SMS,template_CMP-LMRDWALFK2Y3_5,,Sent,True,False,,False,,,False,,,,,,0.0578
SND-1JWNFAN7QW8V4MASF65T,2025-03-15 08:34:29,2025-03-15,CMP-B9NYN6I82UTE,CLI-BOZ55OP9YHPN,Push,,,Sent,True,False,,False,,,False,,,,,,0.0005
SND-OC3E7JBD4S66VC966B5D,2025-03-15 20:20:23,2025-03-15,CMP-5CYPELXBDSTO,CLI-VHM914SDBNID,WhatsApp,template_CMP-5CYPELXBDSTO_2,,Sent,True,,,False,,,False,,,,,,0.0783
SND-D7JL4428QRCVQN6LKFOJ,2025-03-15 17:54:58,2025-03-15,CMP-B9NYN6I82UTE,CLI-ZAUDNSKRJZIN,Push,template_CMP-B9NYN6I82UTE_3,,Sent,True,False,,False,,,False,,,,,,0.0003
SND-X05QM2DWPF9GT1KE09GL,2025-03-15 08:53:04,2025-03-15,CMP-3RQ0RM77AJRO,CLI-POWQMZQR50EX,Email,,¡Oferta especial en Cuenta Corriente!,Sent,True,True,2025-03-18 19:54:03,False,,,False,,,Tablet,México,,0.0029
SND-U1V3AU01Q4GZ0IB969I1,2025-03-15 07:43:29,2025-03-15,CMP-85H27OFZKCO6,CLI-48NAZFN8FYWT,SMS,template_CMP-85H27OFZKCO6_5,,Sent,True,False,,False,,,False,,,,,,0.1348
SND-JCNF7R4CA2WBUK4OUC4Z,2025-03-15 18:57:11,2025-03-15,CMP-5CYPELXBDSTO,CLI-KV0RDPGFJQCW,WhatsApp,template_CMP-5CYPELXBDSTO_4,,Sent,True,,,False,,,False,,,,,,0.0289
SND-C7XYPPS7EZ0GKILBNGRC,2025-03-16 02:32:53,2025-03-15,CMP-8OG5OXVROMXD,CLI-SELA4MUZ6R54,Email,,¡Oferta especial en Tarjeta Crédito!,Sent,True,False,,False,,,False,,,,,,0.006
SND-IGLTIE1C4UYOP9GHWRHF,2025-03-16 04:12:15,2025-03-15,CMP-LMRDWALFK2Y3,CLI-EEVAUTV1EK3B,SMS,template_CMP-LMRDWALFK2Y3_1,,Sent,True,True,2025-03-16 20:36:16,False,,,False,,,Mobile,Colombia,,0.0887
SND-VBE9OYZXK2EBNTONHV28,2025-03-15 16:40:27,2025-03-15,CMP-B9NYN6I82UTE,CLI-VFPBH3GQ7JBC,Push,template_CMP-B9NYN6I82UTE_1,,Sent,True,False,,False,,,False,,,,,,0.0007
SND-VRUH1IH23HGZC0C9AU86,2025-03-16 00:01:24,2025-03-15,CMP-85H27OFZKCO6,CLI-PMH1A3ST80YF,SMS,template_CMP-85H27OFZKCO6_3,,Sent,True,True,2025-03-17 05:44:39,False,,,False,,,Desktop,México,,
SND-031MXFAQTJG130N7MIS4,2025-03-15 09:39:00,2025-03-15,CMP-5CYPELXBDSTO,CLI-8UR3T56D12C5,WhatsApp,template_CMP-5CYPELXBDSTO_1,,Sent,True,,,False,,,False,,,,,,0.0622
SND-YD6V8XACWOX5WEA0NFWU,2025-03-15 21:39:23,2025-03-15,CMP-B9NYN6I82UTE,CLI-B1L5CGW7S1HO,Push,template_CMP-B9NYN6I82UTE_4,,Sent,True,True,2025-03-22 03:54:50,False,,,False,,,Mobile,México,,0.0002
SND-JBSWHDW9U142RUV78R3I,2025-03-15 07:27:33,2025-03-15,CMP-8OG5OXVROMXD,CLI-5C0CJH3KFQKM,Email,template_CMP-8OG5OXVROMXD_5,¡Oferta especial en Tarjeta Crédito!,Sent,True,True,2025-03-18 10:50:11,False,,,False,,,Desktop,México,,0.0039
SND-7B1HC5NOLY254PZ4UGN2,2025-03-16 01:31:57,2025-03-15,CMP-5CYPELXBDSTO,CLI-GRJKIGSDTA9O,WhatsApp,template_CMP-5CYPELXBDSTO_4,,Sent,True,,,False,,,False,,,,,,
SND-QCJJDPHZRMZIQALLEMCU,2025-03-15 07:46:50,2025-03-15,CMP-LMRDWALFK2Y3,CLI-2V9OZVV2CMBL,SMS,template_CMP-LMRDWALFK2Y3_4,,Sent,True,False,,False,,,False,,,,,,0.0945
SND-N315NM81URB5V8GUTREG,2025-03-16 05:35:43,2025-03-15,CMP-LMRDWALFK2Y3,CLI-Q0JC4LLNSQHV,SMS,template_CMP-LMRDWALFK2Y3_2,,Sent,True,False,,False,,,False,,,,,,
SND-JYWKKPKUWWIPUHMS4YYJ,2025-03-16 02:24:52,2025-03-15,CMP-85H27OFZKCO6,CLI-8H7TZOQUQM9E,SMS,template_CMP-85H27OFZKCO6_2,,Sent,True,True,2025-03-16 23:05:10,False,,,False,,,Mobile,México,,0.1036
SND-P4KK9IP1WHLGD2AODPN6,2025-03-16 02:40:16,2025-03-15,CMP-5CYPELXBDSTO,CLI-A8B2SUDGHIJ3,WhatsApp,template_CMP-5CYPELXBDSTO_5,,Sent,True,,,False,,,False,,,,,,0.0725
SND-MQ8OVRLLSDVMCDPMVXTL,2025-03-15 13:30:06,2025-03-15,CMP-3RQ0RM77AJRO,CLI-795550VPUGQQ,Email,template_CMP-3RQ0RM77AJRO_3,¡Oferta especial en Cuenta Corriente!,Sent,True,False,,False,,,False,,,,,,0.0063
SND-NMRIEKXS1ZV88K5E4JYS,2025-03-15 09:49:29,2025-03-15,CMP-8OG5OXVROMXD,CLI-ZSH6SW73YWW5,Email,template_CMP-8OG5OXVROMXD_2,¡Oferta especial en Tarjeta Crédito!,Sent,True,False,,False,,,False,,,,,,0.0079
SND-7GFZCRZ7WNEUTAXEE6VO,2025-03-15 11:01:58,2025-03-15,CMP-B9NYN6I82UTE,CLI-UMAH8S0F2H7B,Push,template_CMP-B9NYN6I82UTE_4,,Sent,True,False,,False,,,False,,,,,,
SND-EU5I8YQYTF2S38PRIUU8,2025-03-15 23:07:26,2025-03-15,CMP-3RQ0RM77AJRO,CLI-EHWHDIKO06V0,Email,template_CMP-3RQ0RM77AJRO_2,¡Oferta especial en Cuenta Corriente!,Sent,True,False,,False,,,False,,,,,,0.0084
SND-TP8J6JW1RIK14MT6B2JQ,2025-03-15 22:32:30,2025-03-15,CMP-85H27OFZKCO6,CLI-5LTJE4W3Z4UO,SMS,template_CMP-85H27OFZKCO6_2,,Sent,True,True,2025-03-18 22:55:07,True,2025-03-18 23:21:15,5.0,False,,,Tablet,México,,0.1089
SND-OU5CAXVWHRLMALF8W1P8,2025-03-16 05:12:53,2025-03-15,CMP-B9NYN6I82UTE,CLI-CYMY7QT1AJWY,Push,template_CMP-B9NYN6I82UTE_3,,Sent,True,False,,False,,,False,,,,,,0.0006
SND-HXABBRXM983SZFJKYTN3,2025-03-16 05:08:21,2025-03-15,CMP-GQRJ44RTDT1P,CLI-VBN86VF18WYX,WhatsApp,template_CMP-GQRJ44RTDT1P_5,,Sent,True,,,False,,,False,,,,,,0.0788
SND-L8KWPSOP56MA07UNY4XK,2025-03-15 16:51:48,2025-03-15,CMP-5CYPELXBDSTO,CLI-796F147UX18G,WhatsApp,template_CMP-5CYPELXBDSTO_5,,Sent,True,,,False,,,False,,,,,,0.0391
SND-GW1V8UUQN9KJGKD1J1ZA,2025-03-15 11:27:45,2025-03-15,CMP-85H27OFZKCO6,CLI-KV1GUYSVCVDQ,SMS,,,Bounced,False,,,False,,,False,,,,,Invalid email address,0.0745
SND-N5K09E2SBGLDTGMVT8B5,2025-03-15 13:12:16,2025-03-15,CMP-3RQ0RM77AJRO,CLI-GPKH25BETZ6I,Email,template_CMP-3RQ0RM77AJRO_4,¡Oferta especial en Cuenta Corriente!,Sent,True,False,,False,,,False,,,,,,0.0058
SND-OVACH8ZK4WYXWZ17KX4E,2025-03-16 03:25:16,2025-03-15,CMP-3RQ0RM77AJRO,CLI-A788OQ4SJV5O,Email,template_CMP-3RQ0RM77AJRO_2,¡Oferta especial en Cuenta Corriente!,Sent,True,False,,False,,,False,,,,,,0.0025
SND-SINIV6HNYS2GVKQFSSXG,2025-03-16 03:05:08,2025-03-15,CMP-5CYPELXBDSTO,CLI-K9ZESOIW7BM6,WhatsApp,template_CMP-5CYPELXBDSTO_3,,Sent,True,,,False,,,False,,,,,,0.0436
SND-JJ4F72K0CY702UH6M3UE,2025-03-15 19:59:44,2025-03-15,CMP-GQRJ44RTDT1P,CLI-WFYS5IF6Y209,WhatsApp,template_CMP-GQRJ44RTDT1P_4,,Sent,True,,,False,,,False,,,,,,0.0443
SND-C7GSXI7W8P4QTYDM3YK2,2025-03-16 05:10:20,2025-03-15,CMP-5CYPELXBDSTO,CLI-YII48W53EARH,WhatsApp,template_CMP-5CYPELXBDSTO_3,,Sent,True,,,False,,,False,,,,,,0.07
SND-TY5EW1O8MYWRXOKT5EJU,2025-03-15 08:01:07,2025-03-15,CMP-3RQ0RM77AJRO,CLI-M3E5T3JUOSMN,Email,template_CMP-3RQ0RM77AJRO_5,¡Oferta especial en Cuenta Corriente!,Sent,True,False,,False,,,False,,,,,,0.0069
SND-XQPFX2UN4XNVVQGA6WCF,2025-03-16 02:24:56,2025-03-15,CMP-B9NYN6I82UTE,CLI-17AJAK7M16VW,Push,template_CMP-B9NYN6I82UTE_5,,Sent,True,False,,False,,,False,,,,,,0.0009
SND-DKFF7FROBT9DBKYCQW7K,2025-03-15 10:53:12,2025-03-15,CMP-GQRJ44RTDT1P,CLI-KHYJU32C0FEG,WhatsApp,template_CMP-GQRJ44RTDT1P_1,,Sent,True,,,False,,,False,,,,,,0.068
SND-V6DC2J56UPOK8IIUI6X6,2025-03-15 13:33:15,2025-03-15,CMP-GQRJ44RTDT1P,CLI-SXM76AF77MG0,WhatsApp,template_CMP-GQRJ44RTDT1P_2,,Sent,True,,,False,,,False,,,,,,0.039
SND-BW8BCRFUK1ZXD7ZUHUPZ,2025-03-15 11:13:47,2025-03-15,CMP-85H27OFZKCO6,CLI-WRBDVXKXRD5R,SMS,template_CMP-85H27OFZKCO6_2,,Sent,True,False,,False,,,False,,,,,,0.0635
SND-FNJZK0MHFMPEOM4G25V4,2025-03-15 16:42:58,2025-03-15,CMP-LMRDWALFK2Y3,CLI-GLJ72GDNN8QJ,SMS,template_CMP-LMRDWALFK2Y3_1,,Sent,True,False,,False,,,False,,,,,,0.1277
SND-6LARHYVY1H6YTHCQKAIO,2025-03-15 08:53:19,2025-03-15,CMP-B9NYN6I82UTE,CLI-F58W98K5X09W,Push,template_CMP-B9NYN6I82UTE_1,,Sent,True,True,2025-03-20 03:38:38,False,,,False,,,Mobile,México,,0.0007
SND-MHAU801OPBZ0HB7W3R3E,2025-03-15 18:54:19,2025-03-15,CMP-NHBPKWMCNTDQ,CLI-0HFV7W62QI3C,SMS,template_CMP-NHBPKWMCNTDQ_5,,Sent,True,False,,False,,,False,,,,,,0.0857
SND-UBVQ39G6LYPQSIRT54KK,2025-03-15 22:28:49,2025-03-15,CMP-85H27OFZKCO6,CLI-57ISLWVY9JVU,SMS,template_CMP-85H27OFZKCO6_5,,Bounced,False,,,False,,,False,,,,,Invalid email address,0.1307
SND-1EPPN7UM4SYN5YNA82HP,2025-03-15 11:01:22,2025-03-15,CMP-B9NYN6I82UTE,CLI-0I9EBFAI1B6D,Push,template_CMP-B9NYN6I82UTE_5,,Sent,True,False,,False,,,False,,,,,,0.0001
SND-LZ6KGL5FKM4F2MIRE366,2025-03-16 00:05:58,2025-03-15,CMP-85H27OFZKCO6,CLI-WDJZL35G8IY6,SMS,,,Sent,True,True,2025-03-21 22:35:33,False,,,False,,,Mobile,México,,0.0624
SND-LQ6UYSLB5GY87MLZ01NZ,2025-03-15 18:00:24,2025-03-15,CMP-GQRJ44RTDT1P,CLI-GEP0DVLZKRRD,WhatsApp,template_CMP-GQRJ44RTDT1P_3,,Sent,True,,,False,,,False,,,,,,0.0436
SND-HEBDRCE092JK4COWI2OU,2025-03-15 08:56:21,2025-03-15,CMP-85H27OFZKCO6,CLI-6CWMLVILTJQU,SMS,template_CMP-85H27OFZKCO6_4,,Sent,True,True,2025-03-18 07:32:48,False,,,False,,,Desktop,Argentina,,0.114
SND-F00VIS67U437W2Q7XGXC,2025-03-15 14:32:06,2025-03-15,CMP-B9NYN6I82UTE,CLI-VDXPJYX26LFN,Push,template_CMP-B9NYN6I82UTE_1,,Sent,True,False,,False,,,False,,,,,,
SND-MXEWFX3F0FUCHF0G63VE,2025-03-16 01:01:46,2025-03-15,CMP-LMRDWALFK2Y3,CLI-S0OR2QX7FEVM,SMS,template_CMP-LMRDWALFK2Y3_4,,Sent,True,True,2025-03-22 09:56:11,False,,,False,,,Tablet,México,,0.1267
SND-EL246YK2259N0QYWA4SR,2025-03-16 02:17:42,2025-03-15,CMP-LMRDWALFK2Y3,CLI-7CYXNKMBKAQ4,SMS,template_CMP-LMRDWALFK2Y3_1,,Sent,True,False,,False,,,False,,,,,,0.1314
SND-054NUJB6ANCUL9A1O30I,2025-03-15 09:28:04,2025-03-15,CMP-5CYPELXBDSTO,CLI-URHZWF0PP7FH,WhatsApp,template_CMP-5CYPELXBDSTO_3,,Sent,True,,,False,,,False,,,,,,0.0319
SND-FPXKXR20UAQJYAMZUQQ7,2025-03-16 02:42:33,2025-03-15,CMP-NHBPKWMCNTDQ,CLI-AB3525TXU0YR,SMS,,,Sent,True,False,,False,,,False,,,,,,0.1475
SND-M2248R091OVYHMEKBVC2,2025-03-16 02:17:23,2025-03-15,CMP-3RQ0RM77AJRO,CLI-5E6K5OFUVEBS,Email,template_CMP-3RQ0RM77AJRO_5,¡Oferta especial en Cuenta Corriente!,Sent,True,True,2025-03-22 04:20:02,True,2025-03-22 04:32:29,2.0,False,,,Mobile,México,,0.0061
SND-LLBKDJQBD151CHO1RSRP,2025-03-15 20:28:45,2025-03-15,CMP-5CYPELXBDSTO,CLI-E2DGMF14340U,WhatsApp,template_CMP-5CYPELXBDSTO_5,,Sent,True,,,False,,,False,,,,,,
SND-AT8RI8GYGWJMOHBL3TCT,2025-03-16 02:23:34,2025-03-15,CMP-B9NYN6I82UTE,CLI-SHGAYXS6DRBR,Push,template_CMP-B9NYN6I82UTE_3,,Sent,True,True,2025-03-16 19:07:30,False,,,False,,,Desktop,,,0.0005
SND-LQYT4Q8RVTROID7N9AD3,2025-03-15 09:13:49,2025-03-15,CMP-3RQ0RM77AJRO,CLI-1JV88IEKHASO,Email,template_CMP-3RQ0RM77AJRO_2,,Sent,True,False,,False,,,False,,,,,,0.0014
SND-36BORKHO5B8I9H41M528,2025-03-15 21:52:18,2025-03-15,CMP-B9NYN6I82UTE,CLI-YHCVDE6VB3HX,Push,,,Sent,True,True,2025-03-18 02:12:02,False,,,False,,,Desktop,,,0.0003
SND-B2OXUR76COEFI9WH48GJ,2025-03-15 08:36:30,2025-03-15,CMP-GQRJ44RTDT1P,CLI-5SXZLLVAUO6S,WhatsApp,template_CMP-GQRJ44RTDT1P_3,,Sent,True,,,False,,,False,,,,,,0.0522
SND-NA347TUWVN7VEDUF0L63,2025-03-15 20:58:54,2025-03-15,CMP-85H27OFZKCO6,CLI-X6QUK9JOVQWH,SMS,,,Sent,True,True,2025-03-16 09:53:49,False,,,False,,,Mobile,México,,0.1105
SND-BQ3TO1H7UEDZA3F1CI7A,2025-03-15 13:36:33,2025-03-15,CMP-5CYPELXBDSTO,CLI-ZJNVD92QOUMS,WhatsApp,template_CMP-5CYPELXBDSTO_3,,Sent,True,,,False,,,False,,,,,,0.0545
SND-6HVSA1URXDLB3TSL4O9D,2025-03-16 04:25:20,2025-03-15,CMP-GQRJ44RTDT1P,CLI-Z9QFRSGU1KR1,WhatsApp,template_CMP-GQRJ44RTDT1P_5,,Sent,True,,,False,,,False,,,,,,0.0768
SND-THLXD6J6MH7MIBES8MAD,2025-03-15 15:21:46,2025-03-15,CMP-LMRDWALFK2Y3,CLI-QQR8MJ4CMSJ0,SMS,,,Sent,True,True,2025-03-21 10:21:50,False,,,False,,,Mobile,Colombia,,0.0818
SND-GS00NXHGTOPRYIPA7EXN,2025-03-16 00:39:13,2025-03-15,CMP-B9NYN6I82UTE,CLI-H65II178Z8CJ,Push,template_CMP-B9NYN6I82UTE_4,,Sent,True,False,,False,,,False,,,,,,0.0001
SND-28QQB8C693SX8WPHFVDA,2025-03-15 13:01:02,2025-03-15,CMP-8OG5OXVROMXD,CLI-BDMS2UDX964U,Email,template_CMP-8OG5OXVROMXD_4,¡Oferta especial en Tarjeta Crédito!,Sent,True,False,,False,,,False,,,,,,0.0073
SND-IVLCN4UG06GOLFQ1QZDY,2025-03-15 15:01:23,2025-03-15,CMP-3RQ0RM77AJRO,CLI-6DPS29B75KPB,Email,template_CMP-3RQ0RM77AJRO_1,¡Oferta especial en Cuenta Corriente!,Sent,True,True,2025-03-20 02:55:57,True,2025-03-20 03:01:19,2.0,False,,,Desktop,Argentina,,
SND-EYDYW12ODD3OM3U2BCI0,2025-03-15 18:05:26,2025-03-15,CMP-85H27OFZKCO6,CLI-Q6AZGUN9NNJ4,SMS,template_CMP-85H27OFZKCO6_1,,Sent,True,False,,False,,,False,,,,,,0.0632
SND-RJLQ7B4IM4WL69P403TJ,2025-03-15 08:46:39,2025-03-15,CMP-8OG5OXVROMXD,CLI-AM0NQA6K596D,Email,,¡Oferta especial en Tarjeta Crédito!,Sent,True,True,2025-03-15 17:24:14,False,,,False,,,Mobile,México,,0.0099
SND-0O7C6LJOFI150JRXO3SC,2025-03-15 18:13:49,2025-03-15,CMP-3RQ0RM77AJRO,CLI-G2EGZC7IJAQF,Email,,,Sent,True,False,,False,,,False,,,,,,0.004
SND-NADIXFY4SLMYMC3ZIVOQ,2025-03-15 10:39:21,2025-03-15,CMP-B9NYN6I82UTE,CLI-UOFAMVOONQT4,Push,template_CMP-B9NYN6I82UTE_1,,Sent,True,True,2025-03-17 17:11:33,True,2025-03-17 17:19:14,5.0,False,,,Tablet,Argentina,,0.0008
SND-7WIIKT3CMMQ8HNFR4RGS,2025-03-15 15:31:33,2025-03-15,CMP-3RQ0RM77AJRO,CLI-14NK8PTJFN8E,Email,template_CMP-3RQ0RM77AJRO_5,¡Oferta especial en Cuenta Corriente!,Sent,True,False,,False,,,False,,,,,,0.0013
SND-Q6K0M8YQV8IM1NWQQ9L7,2025-03-16 01:38:30,2025-03-15,CMP-GQRJ44RTDT1P,CLI-JBD205UJ4DQ5,WhatsApp,template_CMP-GQRJ44RTDT1P_1,,Sent,True,,,False,,,False,,,,,,0.0379
SND-0LREM79V69CJ4Q7PMKLY,2025-03-16 03:05:31,2025-03-15,CMP-3RQ0RM77AJRO,CLI-3YQF86WOHEP6,Email,template_CMP-3RQ0RM77AJRO_2,¡Oferta especial en Cuenta Corriente!,Sent,True,True,2025-03-22 20:37:17,False,,,False,,,Desktop,Colombia,,0.001
SND-6XAN2DVD9ND8YRPWA2ZN,2025-03-15 20:53:08,2025-03-15,CMP-NHBPKWMCNTDQ,CLI-1H6F35WEQ7AL,SMS,template_CMP-NHBPKWMCNTDQ_1,,Sent,True,False,,False,,,False,,,,,,0.0608
SND-ROQCCRHBS0J22ROU82XR,2025-03-15 23:50:09,2025-03-15,CMP-B9NYN6I82UTE,CLI-GTR8HA4299BN,Push,,,Sent,True,False,,False,,,False,,,,,,0.0002
SND-HGYVPI9UFJ567Y31O1S2,2025-03-16 02:11:23,2025-03-15,CMP-B9NYN6I82UTE,CLI-J26Z4YQIZFBN,Push,template_CMP-B9NYN6I82UTE_5,,Sent,True,False,,False,,,False,,,,,,0.0009
SND-Y2RSCD11GKGCAGUSDP2G,2025-03-15 23:26:01,2025-03-15,CMP-5CYPELXBDSTO,CLI-Q4N8GGGYYOIM,WhatsApp,template_CMP-5CYPELXBDSTO_1,,Sent,True,,,False,,,False,,,,,,0.0676
SND-4RJVGELOBJBM626DXUKG,2025-03-15 14:05:43,2025-03-15,CMP-GQRJ44RTDT1P,CLI-U9W9N7PV1UH0,WhatsApp,template_CMP-GQRJ44RTDT1P_3,,Sent,True,,,False,,,False,,,,,,0.053
SND-63OH73N0IKYYMZ30XHG9,2025-03-15 14:20:51,2025-03-15,CMP-LMRDWALFK2Y3,CLI-GAW6UCV79FTE,SMS,template_CMP-LMRDWALFK2Y3_2,,Sent,True,True,2025-03-22 07:23:57,False,,,False,,,Desktop,México,,0.0902
SND-4SMUR92B8TQI1BZXNHY6,2025-03-16 01:51:32,2025-03-15,CMP-NHBPKWMCNTDQ,CLI-TQR1OU4FTL74,SMS,,,Sent,True,True,2025-03-22 04:27:14,False,,,False,,,Tablet,,,0.089
SND-9XYOK4BMJEQXDMRG46NL,2025-03-15 23:05:18,2025-03-15,CMP-85H27OFZKCO6,CLI-RG7JYY7QVN4S,SMS,,,Sent,True,False,,False,,,False,,,,,,0.1473
SND-319S93WZ73S16844JYU1,2025-03-15 16:20:47,2025-03-15,CMP-85H27OFZKCO6,CLI-4HY2MZYY1L1Z,SMS,template_CMP-85H27OFZKCO6_3,,Sent,True,True,2025-03-21 15:13:56,False,,,False,,,Desktop,Colombia,,0.0854
SND-LM94QZDGJDVDG4POW6QZ,2025-03-16 02:04:41,2025-03-15,CMP-3RQ0RM77AJRO,CLI-7RVZ5MJGFIS6,Email,,¡Oferta especial en Cuenta Corriente!,Failed,False,,,False,,,False,,,,,SMTP error,0.0016
SND-N4AZO6EF7Z6TPGU4F88G,2025-03-15 18:04:05,2025-03-15,CMP-B9NYN6I82UTE,CLI-WE7BDQWGB2Q6,Push,template_CMP-B9NYN6I82UTE_1,,Sent,True,False,,False,,,False,,,,,,0.0006
SND-O4W8DJVVULXWT5PVOGWQ,2025-03-15 14:04:47,2025-03-15,CMP-85H27OFZKCO6,CLI-9RRQIWIOFYQY,SMS,template_CMP-85H27OFZKCO6_2,,Sent,True,False,,False,,,False,,,,,,0.0766
SND-ZULCGHT88E16ZIKJGA0U,2025-03-15 19:56:49,2025-03-15,CMP-B9NYN6I82UTE,CLI-GYFW05J0R1K6,Push,template_CMP-B9NYN6I82UTE_1,,Sent,True,False,,False,,,False,,,,,,0.0009
SND-O1VHYGXIDQT5R9HMLU47,2025-03-16 00:18:29,2025-03-15,CMP-3RQ0RM77AJRO,CLI-BFTCNE77Y7SU,Email,template_CMP-3RQ0RM77AJRO_1,¡Oferta especial en Cuenta Corriente!,Sent,True,True,2025-03-16 13:37:59,False,,,False,,,Mobile,México,,0.0049
SND-TSK3998S0W69P1SA15SC,2025-03-15 16:53:45,2025-03-15,CMP-LMRDWALFK2Y3,CLI-CGVP8WZKCKBZ,SMS,template_CMP-LMRDWALFK2Y3_5,,Sent,True,True,2025-03-21 19:40:48,False,,,False,,,Mobile,México,,0.1209
SND-3G2LP72HFFMB0TS9NK1D,2025-03-15 19:41:47,2025-03-15,CMP-NHBPKWMCNTDQ,CLI-OFMAQD5VU7D1,SMS,,,Sent,True,False,,False,,,False,,,,,,0.0807
SND-D5F3KQH80JTSHHGCJLW3,2025-03-15 15:06:39,2025-03-15,CMP-NHBPKWMCNTDQ,CLI-DCREC95A3WNS,SMS,template_CMP-NHBPKWMCNTDQ_5,,Sent,True,False,,False,,,False,,,,,,0.1109
SND-F9AUKPZNYOXZPUE00VDR,2025-03-15 21:38:59,2025-03-15,CMP-8OG5OXVROMXD,CLI-XCZXZ4XIAGNX,Email,template_CMP-8OG5OXVROMXD_2,¡Oferta especial en Tarjeta Crédito!,Sent,True,False,,False,,,False,,,,,,0.0098
SND-HW2OX95PJRIQ0HNAQAXR,2025-03-15 23:34:33,2025-03-15,CMP-B9NYN6I82UTE,CLI-5C43XG0JOYFP,Push,template_CMP-B9NYN6I82UTE_3,,Sent,True,False,,False,,,False,,,,,,0.0005
SND-MWSTO6FKNCR0LM1OU4QZ,2025-03-15 15:30:32,2025-03-15,CMP-GQRJ44RTDT1P,CLI-S245ICHRF70A,WhatsApp,template_CMP-GQRJ44RTDT1P_2,,Sent,True,,,False,,,False,,,,,,
SND-1KPMN47T2663PZDV3IZV,2025-03-15 11:43:29,2025-03-15,CMP-GQRJ44RTDT1P,CLI-GSU17PP2TZ1N,WhatsApp,template_CMP-GQRJ44RTDT1P_3,,Sent,True,,,False,,,False,,,,,,
SND-2VI6AI34M67T7X4YJ0P5,2025-03-15 18:22:50,2025-03-15,CMP-NHBPKWMCNTDQ,CLI-SPU5JU5J8V99,SMS,template_CMP-NHBPKWMCNTDQ_1,,Sent,True,True,2025-03-18 19:56:20,True,2025-03-18 20:12:11,5.0,False,,,Tablet,México,,0.13
SND-XHBNTMP0N6UOSI43FSF0,2025-03-15 07:38:29,2025-03-15,CMP-GQRJ44RTDT1P,CLI-YKZ12MJPBLU3,WhatsApp,template_CMP-GQRJ44RTDT1P_3,,Sent,True,,,False,,,False,,,,,,0.0301
SND-V66SGRKU38UMH6UFSHE7,2025-03-15 21:34:34,2025-03-15,CMP-B9NYN6I82UTE,CLI-PIILFEYO0HAZ,Push,template_CMP-B9NYN6I82UTE_4,,Sent,True,True,2025-03-18 08:35:58,False,,,False,,,,México,,0.0006
SND-Q754PGTSB7A3R3GI62Q2,2025-03-15 06:50:27,2025-03-15,CMP-LMRDWALFK2Y3,CLI-9R6UC3NJNCV2,SMS,template_CMP-LMRDWALFK2Y3_5,,Sent,True,True,2025-03-18 12:42:09,False,,,False,,,Tablet,Colombia,,0.053
SND-BCP3MTIB592CJOWKT6I3,2025-03-15 09:38:03,2025-03-15,CMP-85H27OFZKCO6,CLI-KLBLDHS1698O,SMS,template_CMP-85H27OFZKCO6_5,,Sent,True,True,2025-03-19 17:48:31,False,,,False,,,Tablet,México,,0.1499
SND-336KJQSRXBEG81KFVVEY,2025-03-15 22:58:30,2025-03-15,CMP-LMRDWALFK2Y3,CLI-OAD8WZH84WI4,SMS,template_CMP-LMRDWALFK2Y3_1,,Sent,True,True,2025-03-17 19:57:32,True,2025-03-17 20:14:33,2.0,False,,,Desktop,México,,0.1073
SND-KM2X2B1JIDNWP65WVV5B,2025-03-15 11:01:56,2025-03-15,CMP-GQRJ44RTDT1P,CLI-RAZOVFXYKOD2,WhatsApp,,,Sent,True,,,False,,,False,,,,,,
SND-WT7AJZV5C8RVGLQWIH9B,2025-03-15 22:48:39,2025-03-15,CMP-8OG5OXVROMXD,CLI-LVPD5VKZHXGO,Email,template_CMP-8OG5OXVROMXD_2,¡Oferta especial en Tarjeta Crédito!,Sent,True,True,2025-03-19 11:25:53,True,2025-03-19 11:45:57,4.0,False,,,Tablet,México,,
SND-RAHJVBKD6X0UX7S5R10G,2025-03-15 21:49:37,2025-03-15,CMP-8OG5OXVROMXD,CLI-F38ONJPXSV3O,Email,template_CMP-8OG5OXVROMXD_5,¡Oferta especial en Tarjeta Crédito!,Sent,True,False,,False,,,False,,,,,,0.0029
SND-2VT854C1E4E39H9N7SIX,2025-03-16 05:56:37,2025-03-15,CMP-85H27OFZKCO6,CLI-ZDEKXU8YVQRK,SMS,template_CMP-85H27OFZKCO6_1,,Sent,True,True,2025-03-17 05:08:46,False,,,False,,,Tablet,Argentina,,
SND-LVGYI1UDF22QVMZPHBKJ,2025-03-15 17:09:38,2025-03-15,CMP-B9NYN6I82UTE,CLI-02CUZODN2ELC,Push,template_CMP-B9NYN6I82UTE_4,,Sent,True,False,,False,,,False,,,,,,
SND-I8E6QRVL2R3GMEFBQONI,2025-03-15 23:52:37,2025-03-15,CMP-5CYPELXBDSTO,CLI-FRHV6APMX7Q0,WhatsApp,template_CMP-5CYPELXBDSTO_1,,Sent,True,,,False,,,False,,,,,,0.0515
SND-EPFTJK9LSXH8016WIGYV,2025-03-15 12:08:47,2025-03-15,CMP-8OG5OXVROMXD,CLI-L3WPYTU40XNB,Email,,¡Oferta especial en Tarjeta Crédito!,Sent,True,True,2025-03-16 12:29:22,False,,,False,,,Tablet,Colombia,,
SND-PYQPJOW2Y4Y3MM4CPU17,2025-03-15 17:43:35,2025-03-15,CMP-5CYPELXBDSTO,CLI-JZC4OY1M5P81,WhatsApp,template_CMP-5CYPELXBDSTO_1,,Sent,True,,,False,,,False,,,,,,0.0295
SND-OT82EA83QB2YF810OQ63,2025-03-15 17:13:20,2025-03-15,CMP-3RQ0RM77AJRO,CLI-VUBE4DRNYNU5,Email,,¡Oferta especial en Cuenta Corriente!,Sent,True,False,,False,,,False,,,,,,0.0012
SND-F9UF0QD9IGWTECOHLBYQ,2025-03-15 09:03:19,2025-03-15,CMP-5CYPELXBDSTO,CLI-722A2BCMSALK,WhatsApp,template_CMP-5CYPELXBDSTO_4,,Sent,True,,,False,,,False,,,,,,0.0792
SND-51H8HFEEMYJSFREAF1FT,2025-03-15 07:08:22,2025-03-15,CMP-LMRDWALFK2Y3,CLI-KARUAQP4NMP5,SMS,template_CMP-LMRDWALFK2Y3_1,,Sent,True,True,2025-03-19 05:19:47,False,,,False,,,Mobile,Argentina,,0.0861
SND-ETATTE9IIWP8Z20H79WP,2025-03-15 12:15:19,2025-03-15,CMP-85H27OFZKCO6,CLI-RYO1M83MFWMY,SMS,template_CMP-85H27OFZKCO6_5,,Sent,True,False,,False,,,False,,,,,,0.0773
SND-G3QH5XN8E513XKAFO3EO,2025-03-15 20:02:28,2025-03-15,CMP-LMRDWALFK2Y3,CLI-TAHQEI7FCBKY,SMS,,,Sent,True,True,2025-03-18 18:49:43,False,,,False,,,Mobile,,,0.0625
SND-VS5R6EJO8PYHEGPX33E0,2025-03-15 17:13:48,2025-03-15,CMP-5CYPELXBDSTO,CLI-VO95BLP3J9TE,WhatsApp,template_CMP-5CYPELXBDSTO_5,,Blocked,False,,,False,,,False,,,,,User blocked sender,0.0305
SND-3FY1LRP3BDAJ2TTR643Q,2025-03-15 12:57:30,2025-03-15,CMP-5CYPELXBDSTO,CLI-8T7DTAAB16LY,WhatsApp,template_CMP-5CYPELXBDSTO_3,,Sent,True,,,False,,,False,,,,,,0.0209
SND-KD8MZJNSA8RE57Y8CINM,2025-03-15 14:08:40,2025-03-15,CMP-NHBPKWMCNTDQ,CLI-WM67EZANFC8A,SMS,template_CMP-NHBPKWMCNTDQ_2,,Sent,True,True,2025-03-21 20:49:39,False,,,False,,,,Colombia,,0.0708
SND-6KXGKJPLHT6D60N8II7N,2025-03-15 14:13:00,2025-03-15,CMP-B9NYN6I82UTE,CLI-PO8CR9HY3YWQ,Push,template_CMP-B9NYN6I82UTE_1,,Sent,True,True,2025-03-18 11:59:23,True,2025-03-18 12:24:16,3.0,False,,,,Colombia,,0.0008
SND-PPUVHNT6I2GR1FBAJFW7,2025-03-16 01:29:10,2025-03-15,CMP-5CYPELXBDSTO,CLI-5MY5WNYRK2PK,WhatsApp,template_CMP-5CYPELXBDSTO_4,,Sent,True,,,False,,,False,,,,,,0.0581
SND-5HOQ7UHJMU4P4572VAKS,2025-03-15 23:32:04,2025-03-15,CMP-85H27OFZKCO6,CLI-MKZXYAQ8GGHC,SMS,template_CMP-85H27OFZKCO6_4,,Sent,True,True,2025-03-16 22:56:49,True,2025-03-16 23:06:07,2.0,False,,,Mobile,,,0.0964
SND-W6W1C2H9PR5J6QCOV7L8,2025-03-16 04:51:15,2025-03-15,CMP-GQRJ44RTDT1P,CLI-O272FBALSF53,WhatsApp,template_CMP-GQRJ44RTDT1P_4,,Sent,True,,,False,,,False,,,,,,0.0465
SND-BJCW7SBQZ601C4BU515B,2025-03-16 03:00:27,2025-03-15,CMP-3RQ0RM77AJRO,CLI-RLB74SZAL7L9,Email,template_CMP-3RQ0RM77AJRO_4,¡Oferta especial en Cuenta Corriente!,Bounced,False,,,False,,,False,,,,,,
SND-H6CSI0M7ZWCOQ4TKL01M,2025-03-16 01:15:51,2025-03-15,CMP-5CYPELXBDSTO,CLI-5JB70FM1MH91,WhatsApp,,,Sent,True,,,False,,,False,,,,,,0.039
SND-2PT97PL4XX8JJQNKCFTN,2025-03-15 23:53:51,2025-03-15,CMP-GQRJ44RTDT1P,CLI-ALKQQSHU5XMX,WhatsApp,template_CMP-GQRJ44RTDT1P_1,,Sent,True,,,False,,,False,,,,,,0.0745
SND-M5RSEGU7AMU995DT4FH7,2025-03-16 04:22:36,2025-03-15,CMP-85H27OFZKCO6,CLI-V120GHZ6SH93,SMS,template_CMP-85H27OFZKCO6_5,,Sent,True,False,,False,,,False,,,,,,
SND-287FXIOQ4T1BF5HD75LM,2025-03-15 06:57:28,2025-03-15,CMP-B9NYN6I82UTE,CLI-Z6F88833BKGA,Push,template_CMP-B9NYN6I82UTE_5,,Bounced,False,,,False,,,False,,,,,Invalid email address,0.0005
SND-AIMV2EXJN08H3P581D19,2025-03-15 18:26:05,2025-03-15,CMP-3RQ0RM77AJRO,CLI-UN9U3OXJCQ7I,Email,template_CMP-3RQ0RM77AJRO_5,¡Oferta especial en Cuenta Corriente!,Sent,True,False,,False,,,False,,,,,,0.0033
SND-14J9ERY820FAJJ1XQRY1,2025-03-16 04:13:12,2025-03-15,CMP-B9NYN6I82UTE,CLI-3DJL8UQ0ZMW9,Push,template_CMP-B9NYN6I82UTE_5,,Sent,True,False,,False,,,False,,,,,,0.0007
SND-79ZGVT1CT6APM9ZZUY0Z,2025-03-15 09:50:39,2025-03-15,CMP-LMRDWALFK2Y3,CLI-YPF2XG3IP5J0,SMS,,,Sent,True,False,,False,,,False,,,,,,0.0812
SND-N4YTIISUIE9BOQUHH1CP,2025-03-16 05:00:38,2025-03-15,CMP-GQRJ44RTDT1P,CLI-LD4ZVW6FBBK2,WhatsApp,template_CMP-GQRJ44RTDT1P_3,,Sent,True,,,False,,,False,,,,,,0.0504
SND-46G0I0BC19BOWA2M6G75,2025-03-15 15:34:57,2025-03-15,CMP-LMRDWALFK2Y3,CLI-W5XBEMULIIHK,SMS,template_CMP-LMRDWALFK2Y3_2,,Sent,True,False,,False,,,False,,,,,,0.1389
SND-W85D0HMSAPPPOWIOXOLC,2025-03-16 00:27:14,2025-03-15,CMP-5CYPELXBDSTO,CLI-RIS2P8LMDIM5,WhatsApp,template_CMP-5CYPELXBDSTO_4,,Sent,True,,,False,,,False,,,,,,0.0266
SND-T2Z45IS913BPNFV9903O,2025-03-15 18:56:33,2025-03-15,CMP-NHBPKWMCNTDQ,CLI-3K81ITZHPG0Q,SMS,template_CMP-NHBPKWMCNTDQ_5,,Sent,True,False,,False,,,False,,,,,,0.133
SND-Y8LAT54WTMXGHZ4WC8SZ,2025-03-15 16:24:31,2025-03-15,CMP-B9NYN6I82UTE,CLI-O8KPH18XEG9H,Push,template_CMP-B9NYN6I82UTE_3,,Sent,True,True,2025-03-18 01:15:40,False,,,False,,,Tablet,Colombia,,0.001
SND-CRD17ZCWT7QJXUXI3SUL,2025-03-15 17:03:09,2025-03-15,CMP-GQRJ44RTDT1P,CLI-5PTHL4KD0ND1,WhatsApp,,,Sent,True,,,False,,,False,,,,,,
SND-40THAGC5VOM3N0792DWJ,2025-03-15 17:54:28,2025-03-15,CMP-LMRDWALFK2Y3,CLI-85SO978OBNWU,SMS,,,Sent,True,True,2025-03-18 17:44:20,False,,,False,,,Desktop,,,0.0858
SND-P8WXQRQB418U4KJNB1R7,2025-03-16 03:57:07,2025-03-15,CMP-NHBPKWMCNTDQ,CLI-GMFEJPB1284M,SMS,template_CMP-NHBPKWMCNTDQ_3,,Sent,True,True,2025-03-17 14:31:22,False,,,False,,,Tablet,México,,0.0752
SND-1ALRD8KK3CL8HN4VJFG1,2025-03-15 10:06:14,2025-03-15,CMP-LMRDWALFK2Y3,CLI-QE43JUH4OAFW,SMS,,,Sent,True,False,,False,,,False,,,,,,0.0919
SND-OZJJ5649U52C6ZHWM0EB,2025-03-15 07:46:15,2025-03-15,CMP-NHBPKWMCNTDQ,CLI-9OFNYHHZDOAT,SMS,template_CMP-NHBPKWMCNTDQ_4,,Sent,True,False,,False,,,False,,,,,,
SND-I5LQM6DEAKRJURZCH1S7,2025-03-15 13:24:46,2025-03-15,CMP-3RQ0RM77AJRO,CLI-ESKDFOYJEJSN,Email,,¡Oferta especial en Cuenta Corriente!,Sent,True,False,,False,,,False,,,,,,
SND-QOLGGA5V1IMQU9PU2AVG,2025-03-15 09:12:58,2025-03-15,CMP-GQRJ44RTDT1P,CLI-J8W5ZLN82O4I,WhatsApp,template_CMP-GQRJ44RTDT1P_2,,Sent,True,,,False,,,False,,,,,,0.0382
SND-9M1H94W8WD0BDVHU8OFR,2025-03-16 05:52:41,2025-03-15,CMP-5CYPELXBDSTO,CLI-2ZYQNU9BPGPF,WhatsApp,template_CMP-5CYPELXBDSTO_2,,Sent,True,,,False,,,False,,,,,,0.0379
SND-6VGZQ7GW5SDY6SZXMCZ1,2025-03-15 16:38:49,2025-03-15,CMP-8OG5OXVROMXD,CLI-ZT0MLOLCXTS0,Email,template_CMP-8OG5OXVROMXD_2,¡Oferta especial en Tarjeta Crédito!,Sent,True,False,,False,,,False,,,,,,0.0081
SND-K6CHOY82TNPF8T3VPJ9B,2025-03-16 01:51:08,2025-03-15,CMP-NHBPKWMCNTDQ,CLI-D2441IW8B5WC,SMS,template_CMP-NHBPKWMCNTDQ_1,,Sent,True,True,2025-03-19 00:37:48,False,,,False,,,Desktop,México,,0.1285
SND-PLJ4VE9T0IZHWG04053M,2025-03-15 21:51:59,2025-03-15,CMP-8OG5OXVROMXD,CLI-YA0CMIYC3XOV,Email,template_CMP-8OG5OXVROMXD_2,¡Oferta especial en Tarjeta Crédito!,Sent,True,False,,False,,,False,,,,,,0.0056
SND-BJCZID8ZUOE0E8HH4O50,2025-03-15 08:15:27,2025-03-15,CMP-5CYPELXBDSTO,CLI-32N5Y0PTA0KW,WhatsApp,template_CMP-5CYPELXBDSTO_4,,Sent,True,,,False,,,False,,,,,,0.0616
SND-MR78Q1RSMJP5WV4LXQXK,2025-03-15 13:10:11,2025-03-15,CMP-LMRDWALFK2Y3,CLI-VRX8J1YR8XUC,SMS,template_CMP-LMRDWALFK2Y3_2,,Sent,True,False,,False,,,False,,,,,,0.0996
SND-DMBG5W9J8YZRLMU90OAN,2025-03-15 20:59:01,2025-03-15,CMP-85H27OFZKCO6,CLI-Z2DSF9S5V7NT,SMS,,,Sent,True,False,,False,,,False,,,,,,0.1058
SND-WL05HJDNCQ2CDGLT03SP,2025-03-16 02:13:07,2025-03-15,CMP-8OG5OXVROMXD,CLI-7LFF0ZHEOCCX,Email,template_CMP-8OG5OXVROMXD_1,,Sent,True,False,,False,,,False,,,,,,0.004
SND-UE1GEMJ0SXMRJS12OUGG,2025-03-15 20:09:02,2025-03-15,CMP-5CYPELXBDSTO,CLI-K59MQ347M8J1,WhatsApp,template_CMP-5CYPELXBDSTO_1,,Sent,True,,,False,,,False,,,,,,0.0498
SND-N1YQ05SZGLIX5O5UPPHV,2025-03-16 05:52:45,2025-03-15,CMP-NHBPKWMCNTDQ,CLI-ELZW1FIR5RVA,SMS,template_CMP-NHBPKWMCNTDQ_4,,Sent,True,True,2025-03-21 10:50:43,True,2025-03-21 11:18:07,1.0,False,,,Desktop,Argentina,,
SND-U0GVL4VU9V2RK4RG0KFK,2025-03-16 01:54:33,2025-03-15,CMP-8OG5OXVROMXD,CLI-0U2YWZRAY0ZZ,Email,template_CMP-8OG5OXVROMXD_5,¡Oferta especial en Tarjeta Crédito!,Sent,True,False,,False,,,False,,,,,,0.0041
SND-11TQUSKIG0JWLDJ47WEL,2025-03-15 14:20:23,2025-03-15,CMP-8OG5OXVROMXD,CLI-KNDUCGWTC5ZL,Email,template_CMP-8OG5OXVROMXD_3,,Sent,True,False,,False,,,False,,,,,,
SND-DEZ2S62G6T9R4QNLQYS0,2025-03-16 01:39:08,2025-03-15,CMP-NHBPKWMCNTDQ,CLI-3PVQR8XV8EP2,SMS,template_CMP-NHBPKWMCNTDQ_3,,Sent,True,False,,False,,,False,,,,,,
SND-C1U68WS5SY526JGZ5UP2,2025-03-15 16:43:08,2025-03-15,CMP-NHBPKWMCNTDQ,CLI-632FJKXTTRBM,SMS,template_CMP-NHBPKWMCNTDQ_4,,Sent,True,True,2025-03-21 15:23:09,False,,,False,,,Tablet,,,0.122
SND-LGDC4L9H0DK4YDC0PNE8,2025-03-15 18:40:13,2025-03-15,CMP-5CYPELXBDSTO,CLI-0W4MJU157GKS,WhatsApp,template_CMP-5CYPELXBDSTO_4,,Bounced,False,,,False,,,False,,,,,Invalid email address,0.0772
SND-Q4R32UXDBICDDDIXHI0D,2025-03-15 09:04:17,2025-03-15,CMP-B9NYN6I82UTE,CLI-XJTVF72SMOSO,Push,template_CMP-B9NYN6I82UTE_5,,Sent,True,True,2025-03-17 07:14:02,True,2025-03-17 07:37:43,3.0,False,,,Mobile,Argentina,,
SND-I8858SWZFEPBTRFBFKCW,2025-03-15 15:46:04,2025-03-15,CMP-GQRJ44RTDT1P,CLI-GBY8R0NEZUKY,WhatsApp,template_CMP-GQRJ44RTDT1P_1,,Sent,True,,,False,,,False,,,,,,0.0265
SND-5TRTDIHYCF621SS45E09,2025-03-15 10:07:58,2025-03-15,CMP-8OG5OXVROMXD,CLI-8C0BNZ0F5PL0,Email,template_CMP-8OG5OXVROMXD_4,¡Oferta especial en Tarjeta Crédito!,Sent,True,False,,False,,,False,,,,,,0.0074
SND-X72UIA7QOLSNEXLB1SXE,2025-03-15 15:26:13,2025-03-15,CMP-NHBPKWMCNTDQ,CLI-I1NDY4CGKTRZ,SMS,template_CMP-NHBPKWMCNTDQ_4,,Sent,True,False,,False,,,False,,,,,,0.1352
SND-XVJPX74YABJ8BBHOWIWR,2025-03-15 17:24:27,2025-03-15,CMP-85H27OFZKCO6,CLI-8TVEZW6VWZ9V,SMS,template_CMP-85H27OFZKCO6_2,,Sent,True,False,,False,,,False,,,,,,
SND-AD9CWDACJ417TRELHSTN,2025-03-15 20:53:43,2025-03-15,CMP-LMRDWALFK2Y3,CLI-Q5TKXYNTFR1Q,SMS,template_CMP-LMRDWALFK2Y3_4,,Sent,True,True,2025-03-17 22:49:41,True,2025-03-17 22:52:21,5.0,False,,,Mobile,México,,
SND-XZ9E2NVRNHI3JUNHMD03,2025-03-15 08:26:27,2025-03-15,CMP-GQRJ44RTDT1P,CLI-EYK951IF7ZJN,WhatsApp,template_CMP-GQRJ44RTDT1P_3,,Bounced,False,,,False,,,False,,,,,Invalid email address,0.0485
SND-DSD6JNBRZR93EW88JDOP,2025-03-15 14:40:36,2025-03-15,CMP-3RQ0RM77AJRO,CLI-4XNNRN7SG3NA,Email,template_CMP-3RQ0RM77AJRO_1,¡Oferta especial en Cuenta Corriente!,Sent,True,False,,False,,,False,,,,,,0.0034
SND-XB9APQ9QPKFTY3XAJQUT,2025-03-15 14:52:29,2025-03-15,CMP-B9NYN6I82UTE,CLI-5M2WUJ8S0VYM,Push,template_CMP-B9NYN6I82UTE_4,,Sent,True,False,,False,,,False,,,,,,0.0006
SND-MMH8AZNA4I8HEK0G3928,2025-03-15 08:59:21,2025-03-15,CMP-8OG5OXVROMXD,CLI-RDUES5WB71D3,Email,template_CMP-8OG5OXVROMXD_1,¡Oferta especial en Tarjeta Crédito!,Sent,True,True,2025-03-21 06:45:48,True,2025-03-21 06:57:57,4.0,False,,,Mobile,México,,0.0011
SND-3C9VK7B05Y07HXOO26OB,2025-03-15 08:21:05,2025-03-15,CMP-LMRDWALFK2Y3,CLI-WSLRSIGCXSXO,SMS,template_CMP-LMRDWALFK2Y3_5,,Bounced,False,,,False,,,False,,,,,Invalid email address,0.1481
SND-HY7S4DHKZU0JB2VYAOXU,2025-03-15 07:36:55,2025-03-15,CMP-LMRDWALFK2Y3,CLI-7909A69HFA4W,SMS,template_CMP-LMRDWALFK2Y3_2,,Sent,True,True,2025-03-16 10:15:39,True,2025-03-16 10:35:47,1.0,True,2025-03-17 17:54:05,2049.16,Desktop,Colombia,,0.102
SND-B5XEZGZF6SACV6E9SP1L,2025-03-15 10:20:28,2025-03-15,CMP-NHBPKWMCNTDQ,CLI-LDS2I83195WX,SMS,template_CMP-NHBPKWMCNTDQ_2,,Sent,True,False,,False,,,False,,,,,,0.1216
SND-Z6F1L8KMSVDP43VJLAZU,2025-03-15 07:54:36,2025-03-15,CMP-LMRDWALFK2Y3,CLI-SRNHNK94P1YE,SMS,template_CMP-LMRDWALFK2Y3_4,,Sent,True,True,2025-03-17 06:54:18,True,2025-03-17 07:00:35,3.0,False,,,Desktop,México,,0.1069
SND-LZBKBR4Z8MTBNNGY1QO2,2025-03-16 04:32:11,2025-03-15,CMP-5CYPELXBDSTO,CLI-418G5R10I78P,WhatsApp,template_CMP-5CYPELXBDSTO_1,,Sent,True,,,False,,,False,,,,,,0.0378
SND-GIZ9GBL10504QZSGNPCN,2025-03-15 20:27:35,2025-03-15,CMP-5CYPELXBDSTO,CLI-2QKEVKIXY1JQ,WhatsApp,template_CMP-5CYPELXBDSTO_1,,Sent,True,,,False,,,False,,,,,,0.0441
SND-DRC55V6OQ38UJDQUOLGB,2025-03-15 06:53:31,2025-03-15,CMP-LMRDWALFK2Y3,CLI-LQZ4F4LFD70A,SMS,template_CMP-LMRDWALFK2Y3_3,,Sent,True,True,2025-03-15 07:50:37,False,,,False,,,Desktop,Colombia,,0.1031
SND-41HM1IIZ1H7UXM2ENTJ7,2025-03-15 15:42:03,2025-03-15,CMP-5CYPELXBDSTO,CLI-QSW1CU9DR1VU,WhatsApp,template_CMP-5CYPELXBDSTO_4,,Sent,True,,,False,,,False,,,,,,0.0408
SND-N97EVBCOWHJHZ5QKG24H,2025-03-16 05:51:56,2025-03-15,CMP-B9NYN6I82UTE,CLI-8KTMEOHDO3IM,Push,template_CMP-B9NYN6I82UTE_5,,Blocked,False,,,False,,,False,,,,,User blocked sender,0.0005
SND-NZCIFN4M1ENX39KXQ4EJ,2025-03-16 03:20:19,2025-03-15,CMP-NHBPKWMCNTDQ,CLI-P1LEE45GKEY1,SMS,template_CMP-NHBPKWMCNTDQ_2,,Sent,True,False,,False,,,False,,,,,,0.1295
SND-X9KUDOK58DYRTX38G3G7,2025-03-15 22:38:15,2025-03-15,CMP-85H27OFZKCO6,CLI-U7I152CJOI4U,SMS,template_CMP-85H27OFZKCO6_5,,Sent,True,False,,False,,,False,,,,,,0.0936
SND-P4XAGLJ1ZNPGJWXTRSI0,2025-03-15 21:41:08,2025-03-15,CMP-8OG5OXVROMXD,CLI-0RSMPASG0A4U,Email,,¡Oferta especial en Tarjeta Crédito!,Sent,True,False,,False,,,False,,,,,,0.0035
SND-ZF0AF9UTV2NVEZV7NJPO,2025-03-15 07:22:50,2025-03-15,CMP-LMRDWALFK2Y3,CLI-CORLFW9AH85Y,SMS,template_CMP-LMRDWALFK2Y3_3,,Sent,True,True,2025-03-18 18:55:23,True,2025-03-18 19:03:46,4.0,False,,,,México,,
SND-NSD9YPJWJ3I9HZP2XHRA,2025-03-15 10:36:35,2025-03-15,CMP-LMRDWALFK2Y3,CLI-QLYMEC6J6I49,SMS,template_CMP-LMRDWALFK2Y3_3,,Sent,True,False,,False,,,False,,,,,,
SND-RZA6L0F0YONEK5HT7H0V,2025-03-15 23:24:50,2025-03-15,CMP-LMRDWALFK2Y3,CLI-RAS0M3115D3M,SMS,,,Sent,True,True,2025-03-17 19:12:31,False,,,False,,,Desktop,Colombia,,0.05
SND-ANR2UM4DI2KLC9SLAY7K,2025-03-16 04:55:27,2025-03-15,CMP-8OG5OXVROMXD,CLI-GTZLRD4DPJ79,Email,template_CMP-8OG5OXVROMXD_5,¡Oferta especial en Tarjeta Crédito!,Sent,True,False,,False,,,False,,,,,,
SND-W12ZHL6FOEIMSHDSUQ0E,2025-03-16 03:26:20,2025-03-15,CMP-3RQ0RM77AJRO,CLI-H8M378M1NG04,Email,template_CMP-3RQ0RM77AJRO_1,¡Oferta especial en Cuenta Corriente!,Sent,True,True,2025-03-20 07:32:56,False,,,False,,,,México,,
SND-XGLSZ6KMOWOL8CGGHR2K,2025-03-15 08:44:58,2025-03-15,CMP-NHBPKWMCNTDQ,CLI-1JJHGBO7DCP1,SMS,template_CMP-NHBPKWMCNTDQ_3,,Sent,True,True,2025-03-16 09:58:13,True,2025-03-16 10:25:04,5.0,True,2025-03-17 13:45:06,2606.26,Mobile,México,,
SND-W1N7E4CQRXK91PN0DM2O,2025-03-15 17:44:42,2025-03-15,CMP-LMRDWALFK2Y3,CLI-60EGDBC291IB,SMS,template_CMP-LMRDWALFK2Y3_5,,Sent,True,False,,False,,,False,,,,,,0.0898
SND-DVPCGFGNDMCBCJFQX3WE,2025-03-15 11:28:33,2025-03-15,CMP-NHBPKWMCNTDQ,CLI-DIJFNYP5CPRL,SMS,template_CMP-NHBPKWMCNTDQ_4,,Sent,True,False,,False,,,False,,,,,,0.0788
SND-O9BMTPFLBJLDUJD4YI49,2025-03-15 19:44:58,2025-03-15,CMP-B9NYN6I82UTE,CLI-TOJUN1DJGBDT,Push,template_CMP-B9NYN6I82UTE_4,,Sent,True,False,,False,,,False,,,,,,0.0007
SND-OWCTBOPZOML08RSBJUER,2025-03-15 20:55:53,2025-03-15,CMP-B9NYN6I82UTE,CLI-X85VVABZ0KXG,Push,template_CMP-B9NYN6I82UTE_4,,Sent,True,False,,False,,,False,,,,,,0.0007
SND-8YR8ES6YDDM0MB8QCNS5,2025-03-15 19:46:16,2025-03-15,CMP-B9NYN6I82UTE,CLI-D1M4W6H47IS4,Push,template_CMP-B9NYN6I82UTE_4,,Sent,True,True,2025-03-16 07:23:25,False,,,False,,,,Colombia,,0.0002
SND-SX5AQFQGF3TGQGTEMX4K,2025-03-15 23:02:42,2025-03-15,CMP-85H27OFZKCO6,CLI-QQZZA36NPJIJ,SMS,template_CMP-85H27OFZKCO6_4,,Sent,True,False,,False,,,False,,,,,,0.124
SND-LBI9IFFHVTZVMURF9SHV,2025-03-15 21:45:38,2025-03-15,CMP-LMRDWALFK2Y3,CLI-O57BJP0N27H0,SMS,template_CMP-LMRDWALFK2Y3_3,,Sent,True,False,,False,,,False,,,,,,0.1425
SND-JOHWV7B74TOXMCQ59UMP,2025-03-15 06:53:28,2025-03-15,CMP-5CYPELXBDSTO,CLI-FKT82Q0P8ODN,WhatsApp,template_CMP-5CYPELXBDSTO_2,,Sent,True,,,False,,,False,,,,,,0.0668
SND-8XR4JAX7N6T70AEU5BJA,2025-03-16 03:40:50,2025-03-15,CMP-85H27OFZKCO6,CLI-POJC9U3Q11JQ,SMS,template_CMP-85H27OFZKCO6_2,,Sent,True,True,2025-03-21 02:05:57,False,,,False,,,,Argentina,,0.0806
SND-L75AI50A3JXMQ4M9DXRF,2025-03-15 11:19:27,2025-03-15,CMP-B9NYN6I82UTE,CLI-II0A04MEZUUN,Push,template_CMP-B9NYN6I82UTE_5,,Sent,True,False,,False,,,False,,,,,,0.0008
SND-TMFOFIJOBZBEQSILU0L5,2025-03-16 00:04:09,2025-03-15,CMP-LMRDWALFK2Y3,CLI-TG2ANBRD7V1W,SMS,template_CMP-LMRDWALFK2Y3_5,,Sent,True,False,,False,,,False,,,,,,0.0941
SND-NN3EZ2K1G9YZR1UUGX27,2025-03-15 09:35:23,2025-03-15,CMP-3RQ0RM77AJRO,CLI-9GEGDA6C9W92,Email,template_CMP-3RQ0RM77AJRO_2,¡Oferta especial en Cuenta Corriente!,Sent,True,False,,False,,,False,,,,,,0.0096
SND-XSRMNJ5PB9IIFQSWRRJX,2025-03-16 04:39:37,2025-03-15,CMP-GQRJ44RTDT1P,CLI-VXNSBES4AE6I,WhatsApp,template_CMP-GQRJ44RTDT1P_5,,Sent,True,,,False,,,False,,,,,,0.0286
SND-DIKM5MT75SN5SUWZWXNJ,2025-03-15 15:42:33,2025-03-15,CMP-8OG5OXVROMXD,CLI-4MKP3HZG02V7,Email,template_CMP-8OG5OXVROMXD_3,¡Oferta especial en Tarjeta Crédito!,Sent,True,True,2025-03-18 11:12:35,False,,,False,,,Desktop,Colombia,,0.0081
SND-D2Q9CRKD9RR1PYVH9N9O,2025-03-15 21:53:26,2025-03-15,CMP-8OG5OXVROMXD,CLI-1JBB5JCW4CWE,Email,template_CMP-8OG5OXVROMXD_1,¡Oferta especial en Tarjeta Crédito!,Sent,True,False,,False,,,False,,,,,,0.0014
SND-5S8M4BRI156ERX0NM7JN,2025-03-15 22:53:16,2025-03-15,CMP-NHBPKWMCNTDQ,CLI-D8WXUN74XZLN,SMS,template_CMP-NHBPKWMCNTDQ_4,,Sent,True,False,,False,,,False,,,,,,0.0788
SND-LUELEV7RVNTFPEEJWYGJ,2025-03-15 22:10:01,2025-03-15,CMP-8OG5OXVROMXD,CLI-SUMRSBY1SGIH,Email,template_CMP-8OG5OXVROMXD_1,¡Oferta especial en Tarjeta Crédito!,Sent,True,False,,False,,,False,,,,,,0.0045
SND-GZXJQWKRFRJ2R6PFS1TY,2025-03-15 07:06:28,2025-03-15,CMP-5CYPELXBDSTO,CLI-0U5ZQ5HNHH0G,WhatsApp,template_CMP-5CYPELXBDSTO_5,,Sent,True,,,False,,,False,,,,,,0.0661
SND-TVKD2Y7BZE9OE8A4X41Y,2025-03-15 21:07:04,2025-03-15,CMP-GQRJ44RTDT1P,CLI-ISAQL6LDV41T,WhatsApp,template_CMP-GQRJ44RTDT1P_1,,Sent,True,,,False,,,False,,,,,,0.0303
SND-J9HMRROEYXZZVHGOZTFM,2025-03-15 22:27:41,2025-03-15,CMP-B9NYN6I82UTE,CLI-XYF03E9V15WT,Push,template_CMP-B9NYN6I82UTE_5,,Sent,True,True,2025-03-21 17:37:46,False,,,False,,,Desktop,Argentina,,0.0001
SND-OV2ZKZPH5UTY65BGNDXU,2025-03-15 06:04:19,2025-03-15,CMP-B9NYN6I82UTE,CLI-AVBG5EXHQY72,Push,template_CMP-B9NYN6I82UTE_5,,Sent,True,True,2025-03-17 19:10:15,False,,,False,,,Tablet,México,,0.0004
SND-YZ915DI2TWKV8PGF5WD4,2025-03-15 11:22:31,2025-03-15,CMP-LMRDWALFK2Y3,CLI-5C740J2DIYKZ,SMS,template_CMP-LMRDWALFK2Y3_4,,Sent,True,False,,False,,,False,,,,,,0.0519
SND-6TDO1CDI4NNTY2YDKAH0,2025-03-15 22:07:38,2025-03-15,CMP-3RQ0RM77AJRO,CLI-Y06FXFOUTA8Y,Email,template_CMP-3RQ0RM77AJRO_2,¡Oferta especial en Cuenta Corriente!,Sent,True,True,2025-03-17 22:10:53,False,,,False,,,Tablet,Colombia,,0.0023
SND-S30N4OQQ1FFFKTOZORVX,2025-03-15 12:36:16,2025-03-15,CMP-B9NYN6I82UTE,CLI-OQCQ6FTQ0L8W,Push,template_CMP-B9NYN6I82UTE_2,,Sent,True,False,,False,,,False,,,,,,0.001
SND-2Y34P8WD2U7KEELJP23L,2025-03-15 14:20:59,2025-03-15,CMP-GQRJ44RTDT1P,CLI-YXW6VUN30MC1,WhatsApp,template_CMP-GQRJ44RTDT1P_5,,Sent,True,,,False,,,False,,,,,,0.0634
SND-8O9CJ0JI97V8HL1R977L,2025-03-16 02:47:48,2025-03-15,CMP-NHBPKWMCNTDQ,CLI-3NCLQWTAEMHO,SMS,template_CMP-NHBPKWMCNTDQ_3,,Sent,True,False,,False,,,False,,,,,,0.0603
SND-D2Y69N5KRUD90732NAH5,2025-03-15 07:49:41,2025-03-15,CMP-3RQ0RM77AJRO,CLI-KN4RY9AVQSJI,Email,template_CMP-3RQ0RM77AJRO_1,,Sent,True,False,,False,,,False,,,,,,0.0073
SND-OR0AIPXSWCFR4ACEE69W,2025-03-15 22:11:00,2025-03-15,CMP-5CYPELXBDSTO,CLI-ALPBQA4B5VQM,WhatsApp,template_CMP-5CYPELXBDSTO_2,,Sent,True,,,False,,,False,,,,,,0.0204
SND-AJHTSRMU2DOEAUUCY273,2025-03-15 15:34:39,2025-03-15,CMP-8OG5OXVROMXD,CLI-0D5U87RBKZJD,Email,template_CMP-8OG5OXVROMXD_1,¡Oferta especial en Tarjeta Crédito!,Sent,True,False,,False,,,False,,,,,,0.004
SND-GECQJ7Q0GXT70MMLLL97,2025-03-15 19:36:44,2025-03-15,CMP-3RQ0RM77AJRO,CLI-DJY2Q67NC8WT,Email,template_CMP-3RQ0RM77AJRO_2,¡Oferta especial en Cuenta Corriente!,Sent,True,True,2025-03-16 11:44:27,True,2025-03-16 12:11:01,3.0,False,,,Tablet,Colombia,,
SND-XL9X3MIPCAC47BBP0EJR,2025-03-15 11:20:01,2025-03-15,CMP-NHBPKWMCNTDQ,CLI-CW7JHOEYDN3Y,SMS,template_CMP-NHBPKWMCNTDQ_1,,Sent,True,True,2025-03-16 06:23:20,False,,,False,,,,Colombia,,0.0842
SND-VXU488EW8FI3KPX84OCD,2025-03-16 00:49:23,2025-03-15,CMP-GQRJ44RTDT1P,CLI-ZLA55RYBV8BL,WhatsApp,template_CMP-GQRJ44RTDT1P_3,,Sent,True,,,False,,,False,,,,,,0.0342
SND-CYNEIESK555FGW1W2QR1,2025-03-15 06:49:43,2025-03-15,CMP-B9NYN6I82UTE,CLI-HPIFJVD5XOS9,Push,template_CMP-B9NYN6I82UTE_4,,Sent,True,False,,False,,,False,,,,,,0.001
SND-I3L9L7VS2R7S679X0DW2,2025-03-15 15:46:57,2025-03-15,CMP-5CYPELXBDSTO,CLI-48AG3W6RTSKF,WhatsApp,template_CMP-5CYPELXBDSTO_2,,Sent,True,,,False,,,False,,,,,,0.0633
SND-V6FZI8UQDQEAUZJOYERP,2025-03-16 01:43:53,2025-03-15,CMP-LMRDWALFK2Y3,CLI-QS7VD66BI8CE,SMS,template_CMP-LMRDWALFK2Y3_3,,Sent,True,False,,False,,,False,,,,,,0.059
SND-Z3DR571XOLWGRBK8YTNR,2025-03-15 10:18:04,2025-03-15,CMP-NHBPKWMCNTDQ,CLI-0OIP3O1BGWVD,SMS,template_CMP-NHBPKWMCNTDQ_2,,Sent,True,True,2025-03-19 14:53:03,True,2025-03-19 15:10:00,5.0,True,2025-03-20 07:36:11,4522.37,Desktop,México,,0.1435
SND-U70BXTDSUMORETPX27ZN,2025-03-15 15:42:36,2025-03-15,CMP-NHBPKWMCNTDQ,CLI-JT1FVFM7PB7I,SMS,template_CMP-NHBPKWMCNTDQ_2,,Sent,True,False,,False,,,False,,,,,,0.1403
SND-2MAOJ39155IVEF32XVK9,2025-03-15 06:49:32,2025-03-15,CMP-NHBPKWMCNTDQ,CLI-MIVB2RUKLDY5,SMS,template_CMP-NHBPKWMCNTDQ_2,,Sent,True,True,2025-03-20 03:16:24,False,,,False,,,Mobile,Colombia,,0.1319
SND-HKYSCDPZB935VFY93KGK,2025-03-16 03:45:12,2025-03-15,CMP-B9NYN6I82UTE,CLI-7SUWLHP9WGS5,Push,template_CMP-B9NYN6I82UTE_2,,Sent,True,False,,False,,,False,,,,,,
SND-HZ9MXME6HXRPTDFERCDX,2025-03-15 19:23:20,2025-03-15,CMP-GQRJ44RTDT1P,CLI-V1U13GB1TZM0,WhatsApp,template_CMP-GQRJ44RTDT1P_2,,Sent,True,,,False,,,False,,,,,,0.0501
SND-E6C31KAJUUUYC0B8QF03,2025-03-16 03:48:15,2025-03-15,CMP-3RQ0RM77AJRO,CLI-JWBGQV9EK8Q8,Email,template_CMP-3RQ0RM77AJRO_5,¡Oferta especial en Cuenta Corriente!,Sent,True,False,,False,,,False,,,,,,0.0011
SND-7A2QJOWHPOJBOXYZGIUN,2025-03-15 08:03:01,2025-03-15,CMP-8OG5OXVROMXD,CLI-2XO9OYQ1L7R4,Email,template_CMP-8OG5OXVROMXD_1,¡Oferta especial en Tarjeta Crédito!,Sent,True,True,2025-03-20 18:52:50,False,,,False,,,Mobile,,,0.0035
SND-GBZYEJPQTY01DMHOJ625,2025-03-15 21:05:06,2025-03-15,CMP-5CYPELXBDSTO,CLI-CLZNKGFDCJ9H,WhatsApp,template_CMP-5CYPELXBDSTO_5,,Sent,True,,,False,,,False,,,,,,0.0347
SND-MY1LQ79JCLBHKYXWK2N3,2025-03-15 17:47:46,2025-03-15,CMP-GQRJ44RTDT1P,CLI-3866UY4ERN06,WhatsApp,template_CMP-GQRJ44RTDT1P_1,,Sent,True,,,False,,,False,,,,,,0.0293
SND-X531SJ3WTV26KN7JRM9M,2025-03-16 00:33:50,2025-03-15,CMP-3RQ0RM77AJRO,CLI-JNXNN1T7VTYM,Email,template_CMP-3RQ0RM77AJRO_3,¡Oferta especial en Cuenta Corriente!,Sent,True,False,,False,,,False,,,,,,0.006
SND-UZH5SDE6214QT3NZKWVM,2025-03-15 08:39:43,2025-03-15,CMP-85H27OFZKCO6,CLI-7EFRAWMPE3TY,SMS,template_CMP-85H27OFZKCO6_2,,Sent,True,True,2025-03-18 01:33:53,False,,,False,,,Mobile,Colombia,,0.1111
SND-H2Z8701ZDFDX3EO81JFS,2025-03-16 03:58:44,2025-03-15,CMP-NHBPKWMCNTDQ,CLI-QVOKG7FVMU78,SMS,template_CMP-NHBPKWMCNTDQ_3,,Sent,True,True,2025-03-17 02:31:54,False,,,False,,,Tablet,México,,0.0916
SND-P4X1PFSIPP6I3UJS3CAR,2025-03-15 10:04:31,2025-03-15,CMP-NHBPKWMCNTDQ,CLI-1BL7N21OH2YV,SMS,template_CMP-NHBPKWMCNTDQ_2,,Sent,True,False,,False,,,False,,,,,,0.0758
SND-RP3PJ8NWPIDHH2JRQ7PH,2025-03-15 06:29:35,2025-03-15,CMP-LMRDWALFK2Y3,CLI-XKRG5IUISJ5A,SMS,template_CMP-LMRDWALFK2Y3_3,,Sent,True,False,,False,,,False,,,,,,0.1212
SND-M1QH18FEMF76I8L1R9G6,2025-03-15 10:11:30,2025-03-15,CMP-GQRJ44RTDT1P,CLI-4NLVA4OT0H0B,WhatsApp,template_CMP-GQRJ44RTDT1P_4,,Sent,True,,,False,,,False,,,,,,0.0505
SND-6S81WOI2U1GNQREQTLIC,2025-03-15 21:02:16,2025-03-15,CMP-3RQ0RM77AJRO,CLI-B1CSGF3JJRCV,Email,template_CMP-3RQ0RM77AJRO_4,¡Oferta especial en Cuenta Corriente!,Sent,True,False,,False,,,False,,,,,,0.0063
SND-GMD252EBNS4K8WE9CEI6,2025-03-15 17:42:12,2025-03-15,CMP-5CYPELXBDSTO,CLI-XDPQVDM0FEU6,WhatsApp,template_CMP-5CYPELXBDSTO_3,,Sent,True,,,False,,,False,,,,,,0.0281
SND-UI7ZRQDGUG8N4SJ8CE7G,2025-03-15 15:36:16,2025-03-15,CMP-NHBPKWMCNTDQ,CLI-M6Z2NMBMOE34,SMS,template_CMP-NHBPKWMCNTDQ_3,,Sent,True,True,2025-03-17 05:45:55,False,,,False,,,Mobile,Argentina,,0.0916
SND-LPRKKTCHJEK3YAWFND8X,2025-03-16 03:41:55,2025-03-15,CMP-5CYPELXBDSTO,CLI-VIIBLFZGBHJT,WhatsApp,template_CMP-5CYPELXBDSTO_4,,Sent,True,,,False,,,False,,,,,,0.042
SND-3EQH6M78CK09TURCZE1G,2025-03-15 10:49:26,2025-03-15,CMP-NHBPKWMCNTDQ,CLI-B82Y1AQUFG32,SMS,template_CMP-NHBPKWMCNTDQ_5,,Sent,True,True,2025-03-16 03:28:58,False,,,False,,,Mobile,México,,0.1206
SND-G57IMWWV1ZHEP2LQ9PK5,2025-03-15 20:38:59,2025-03-15,CMP-3RQ0RM77AJRO,CLI-CYJP99YOR7EB,Email,template_CMP-3RQ0RM77AJRO_3,¡Oferta especial en Cuenta Corriente!,Sent,True,False,,False,,,False,,,,,,0.0012
SND-H5VMDEC8FNH8SPONTN1Y,2025-03-15 19:40:11,2025-03-15,CMP-5CYPELXBDSTO,CLI-4ZCIOZL93B4D,WhatsApp,template_CMP-5CYPELXBDSTO_3,,Sent,True,,,False,,,False,,,,,,0.0589
SND-HWCIBFU0Z9NYK9TXI2QD,2025-03-16 01:08:47,2025-03-15,CMP-GQRJ44RTDT1P,CLI-4D7X1OVHE3LC,WhatsApp,,,Blocked,False,,,False,,,False,,,,,User blocked sender,0.0497
SND-BA9WGGC3T3UFWKV10EVH,2025-03-15 20:15:06,2025-03-15,CMP-8OG5OXVROMXD,CLI-LMLQ29T38TUJ,Email,,¡Oferta especial en Tarjeta Crédito!,Sent,True,False,,False,,,False,,,,,,0.0078
SND-N9FCUOP66292JDK1TJHH,2025-03-15 13:46:11,2025-03-15,CMP-B9NYN6I82UTE,CLI-ZIT7ZJNIN97B,Push,template_CMP-B9NYN6I82UTE_1,,Sent,True,False,,False,,,False,,,,,,0.0004
SND-UFQ3I62QL2UVRFWQXB03,2025-03-15 20:29:50,2025-03-15,CMP-5CYPELXBDSTO,CLI-3RXYJNUW5WZR,WhatsApp,template_CMP-5CYPELXBDSTO_1,,Sent,True,,,False,,,False,,,,,,0.0779
SND-ML81I222V2TH3WC1QA1Y,2025-03-15 13:19:59,2025-03-15,CMP-B9NYN6I82UTE,CLI-ZEJE3ISFUYU0,Push,template_CMP-B9NYN6I82UTE_4,,Sent,True,False,,False,,,False,,,,,,0.0006
SND-54FCY2TUK28VJZ5884I5,2025-03-15 19:30:52,2025-03-15,CMP-LMRDWALFK2Y3,CLI-P5WYX9QNKZ84,SMS,template_CMP-LMRDWALFK2Y3_1,,Failed,False,,,False,,,False,,,,,SMTP error,0.1175
SND-Z4OY0QI5HQ7A3MT6NXG2,2025-03-15 12:48:34,2025-03-15,CMP-8OG5OXVROMXD,CLI-ANQHN9BMT8HB,Email,template_CMP-8OG5OXVROMXD_1,¡Oferta especial en Tarjeta Crédito!,Bounced,False,,,False,,,False,,,,,Invalid email address,0.0069
SND-UGG45LR0GJZBHO599EZK,2025-03-15 23:34:55,2025-03-15,CMP-NHBPKWMCNTDQ,CLI-SJKN3QOFLH6E,SMS,template_CMP-NHBPKWMCNTDQ_3,,Sent,True,False,,False,,,False,,,,,,0.1038
SND-W9NVC1FQQTUZZCB63W4B,2025-03-15 08:37:15,2025-03-15,CMP-3RQ0RM77AJRO,CLI-EJQFY1YON45D,Email,template_CMP-3RQ0RM77AJRO_4,¡Oferta especial en Cuenta Corriente!,Sent,True,False,,False,,,False,,,,,,0.0032
SND-D53PFWJXDLG9M96UKF1S,2025-03-15 20:28:55,2025-03-15,CMP-B9NYN6I82UTE,CLI-FG5I28BLIFW0,Push,template_CMP-B9NYN6I82UTE_2,,Sent,True,False,,False,,,False,,,,,,
SND-6BU32IXHTBF1YSCA4BNE,2025-03-15 16:16:20,2025-03-15,CMP-85H27OFZKCO6,CLI-Z3G270ITO4WK,SMS,template_CMP-85H27OFZKCO6_5,,Sent,True,False,,False,,,False,,,,,,0.1216
SND-X1QF6TCPUZFNBFO3C90E,2025-03-15 13:43:56,2025-03-15,CMP-B9NYN6I82UTE,CLI-33J3BDKKO8XW,Push,template_CMP-B9NYN6I82UTE_2,,Sent,True,True,2025-03-18 12:09:00,True,2025-03-18 12:15:55,3.0,False,,,Mobile,Colombia,,
SND-B96W2TN6IE3NWJNIENML,2025-03-15 19:13:32,2025-03-15,CMP-B9NYN6I82UTE,CLI-YWMORR0QX1CB,Push,template_CMP-B9NYN6I82UTE_2,,Sent,True,False,,False,,,False,,,,,,0.0002
SND-TRNAEZL98Q8XL4EZAVF1,2025-03-15 22:14:48,2025-03-15,CMP-GQRJ44RTDT1P,CLI-OL6RVLQFB3KR,WhatsApp,template_CMP-GQRJ44RTDT1P_3,,Sent,True,,,False,,,False,,,,,,0.0694
SND-7SOBE45AZH8MV3C2YZT5,2025-03-16 05:23:27,2025-03-15,CMP-3RQ0RM77AJRO,CLI-CFJ2GDCDVLA1,Email,template_CMP-3RQ0RM77AJRO_4,¡Oferta especial en Cuenta Corriente!,Sent,True,False,,False,,,False,,,,,,0.0013
SND-6XMJZMWMCI7FVMQFBQ9X,2025-03-16 00:48:44,2025-03-15,CMP-NHBPKWMCNTDQ,CLI-6BHIUYRTYKVH,SMS,template_CMP-NHBPKWMCNTDQ_3,,Sent,True,True,2025-03-18 01:37:43,False,,,False,,,Desktop,Colombia,,
SND-P9FWVQ8CQ3WJ8UACIU0W,2025-03-15 06:19:38,2025-03-15,CMP-GQRJ44RTDT1P,CLI-JZ9KV5J1J7Y5,WhatsApp,template_CMP-GQRJ44RTDT1P_4,,Sent,True,,,False,,,False,,,,,,0.0228
SND-2GFIG7EX2IL44BRWR128,2025-03-16 03:32:02,2025-03-15,CMP-LMRDWALFK2Y3,CLI-B51UEUODZQMC,SMS,template_CMP-LMRDWALFK2Y3_2,,Sent,True,False,,False,,,False,,,,,,0.1398
SND-MD8EQP4M6GX9YZP498DY,2025-03-15 06:16:49,2025-03-15,CMP-NHBPKWMCNTDQ,CLI-085OOKWSIVVP,SMS,template_CMP-NHBPKWMCNTDQ_3,,Sent,True,False,,False,,,False,,,,,,0.0938
SND-NOOV0GLW5QXI8GAN3TBD,2025-03-15 12:05:51,2025-03-15,CMP-NHBPKWMCNTDQ,CLI-ZTBCPAVH4QN4,SMS,template_CMP-NHBPKWMCNTDQ_5,,Sent,True,False,,False,,,False,,,,,,
SND-E2EHCSIBU3G19RG92KU7,2025-03-15 09:18:18,2025-03-15,CMP-LMRDWALFK2Y3,CLI-HMBS1D12NGBP,SMS,template_CMP-LMRDWALFK2Y3_4,,Sent,True,True,2025-03-22 05:23:39,False,,,False,,,,Colombia,,0.0804
SND-TJ1OMQM255N50N87V9SQ,2025-03-15 09:35:02,2025-03-15,CMP-GQRJ44RTDT1P,CLI-RP1DZ5RW5400,WhatsApp,template_CMP-GQRJ44RTDT1P_4,,Sent,True,,,False,,,False,,,,,,0.0556
SND-ABNG2Q3ZA7P36TWRLAJ3,2025-03-15 09:46:00,2025-03-15,CMP-GQRJ44RTDT1P,CLI-ON3CFUSTDJ0G,WhatsApp,template_CMP-GQRJ44RTDT1P_3,,Sent,True,,,False,,,False,,,,,,
SND-RP7IV6Z6WOWDEA7YFWYF,2025-03-16 01:35:39,2025-03-15,CMP-GQRJ44RTDT1P,CLI-EX6BOAOEFZHQ,WhatsApp,template_CMP-GQRJ44RTDT1P_4,,Sent,True,,,False,,,False,,,,,,0.0212
SND-6Z5Z7DWPTBU404WDR813,2025-03-15 14:43:14,2025-03-15,CMP-8OG5OXVROMXD,CLI-8RF0PJ68V7M7,Email,template_CMP-8OG5OXVROMXD_5,¡Oferta especial en Tarjeta Crédito!,Sent,True,False,,False,,,False,,,,,,0.0038
SND-6HTKG8G5QOD19ZESITUW,2025-03-16 04:28:01,2025-03-15,CMP-85H27OFZKCO6,CLI-GWJTMGW1T4SL,SMS,template_CMP-85H27OFZKCO6_1,,Sent,True,True,2025-03-20 22:40:39,False,,,False,,,Desktop,México,,0.1066
SND-PMENI385LA2CLNMTCK9Q,2025-03-16 02:59:40,2025-03-15,CMP-85H27OFZKCO6,CLI-1VZBJO42TU7D,SMS,template_CMP-85H27OFZKCO6_4,,Sent,True,True,2025-03-19 00:41:21,True,2025-03-19 00:46:12,3.0,False,,,Mobile,México,,0.0597
SND-M9XMKZJH24WKL5T42GXQ,2025-03-16 05:13:16,2025-03-15,CMP-8OG5OXVROMXD,CLI-NWF0PSGBBPG9,Email,template_CMP-8OG5OXVROMXD_2,¡Oferta especial en Tarjeta Crédito!,Sent,True,False,,False,,,False,,,,,,0.0049
SND-RWYKYLFCEO019AHGHPYG,2025-03-15 21:59:39,2025-03-15,CMP-LMRDWALFK2Y3,CLI-NTZPEUGU1EV0,SMS,,,Sent,True,False,,False,,,False,,,,,,0.0749
SND-D88OV84QJCMYNCBNP22O,2025-03-15 12:39:34,2025-03-15,CMP-GQRJ44RTDT1P,CLI-N3RGHBJBCY8J,WhatsApp,template_CMP-GQRJ44RTDT1P_5,,Sent,True,,,False,,,False,,,,,,0.0573
SND-41DG1EX6I74PA32TYCIY,2025-03-15 09:32:33,2025-03-15,CMP-NHBPKWMCNTDQ,CLI-H47WWY28JJTN,SMS,template_CMP-NHBPKWMCNTDQ_2,,Sent,True,False,,False,,,False,,,,,,0.121
SND-I9J2ORCT6B09IIJQM42Z,2025-03-15 13:21:19,2025-03-15,CMP-8OG5OXVROMXD,CLI-AAMBFTIPT5B4,Email,template_CMP-8OG5OXVROMXD_4,¡Oferta especial en Tarjeta Crédito!,Sent,True,False,,False,,,False,,,,,,0.0056
SND-Q8UGVJJVHGP7ZJVJBKDK,2025-03-15 10:59:43,2025-03-15,CMP-NHBPKWMCNTDQ,CLI-XXDZJY4PDB2L,SMS,template_CMP-NHBPKWMCNTDQ_4,,Sent,True,False,,False,,,False,,,,,,0.0849
SND-8T176BO1YFYCA0675JP6,2025-03-15 07:03:53,2025-03-15,CMP-LMRDWALFK2Y3,CLI-4WU6P1BQBZ7H,SMS,,,Sent,True,True,2025-03-20 16:33:46,True,2025-03-20 16:43:35,1.0,False,,,Tablet,México,,0.1399
SND-DT13TO6REVQ02HY2X9HJ,2025-03-15 08:01:37,2025-03-15,CMP-B9NYN6I82UTE,CLI-NDWFBBQZLE7E,Push,template_CMP-B9NYN6I82UTE_1,,Sent,True,False,,False,,,False,,,,,,
SND-S6O2Q2XDXQK8ZWPL3986,2025-03-15 17:46:14,2025-03-15,CMP-LMRDWALFK2Y3,CLI-E8CI0QBYXJEG,SMS,template_CMP-LMRDWALFK2Y3_3,,Sent,True,True,2025-03-17 05:34:22,False,,,False,,,Desktop,Colombia,,0.0995
SND-AGP7JK0OQWLRSGQZ7URQ,2025-03-16 02:05:45,2025-03-15,CMP-B9NYN6I82UTE,CLI-K3K8YSEPNOVQ,Push,template_CMP-B9NYN6I82UTE_5,,Sent,True,True,2025-03-21 22:49:00,True,2025-03-21 22:58:00,1.0,False,,,Desktop,Argentina,,0.0009
SND-3476BIPJPEH7A2HYSMDW,2025-03-15 22:00:57,2025-03-15,CMP-3RQ0RM77AJRO,CLI-RACUH8JCSCUV,Email,template_CMP-3RQ0RM77AJRO_1,¡Oferta especial en Cuenta Corriente!,Sent,True,False,,False,,,False,,,,,,0.0015
SND-HSG4X6RMFEPW7U8BSUIM,2025-03-15 22:34:54,2025-03-15,CMP-B9NYN6I82UTE,CLI-R62IHJHBKNHH,Push,template_CMP-B9NYN6I82UTE_3,,Sent,True,False,,False,,,False,,,,,,
SND-VXB7FDXGADEDX10DHQPA,2025-03-15 12:39:23,2025-03-15,CMP-3RQ0RM77AJRO,CLI-LU3FMTBZ2LT1,Email,template_CMP-3RQ0RM77AJRO_2,¡Oferta especial en Cuenta Corriente!,Sent,True,False,,False,,,False,,,,,,0.005
SND-3R7GZJ3L4L74PR0HYBF5,2025-03-15 16:33:46,2025-03-15,CMP-GQRJ44RTDT1P,CLI-1LEKQIRM1M5W,WhatsApp,template_CMP-GQRJ44RTDT1P_5,,Sent,True,,,False,,,False,,,,,,0.0614
SND-AS4YT8A5PQS2JYA5K99I,2025-03-16 04:28:57,2025-03-15,CMP-B9NYN6I82UTE,CLI-NTDN0GBTERIN,Push,template_CMP-B9NYN6I82UTE_1,,Sent,True,True,2025-03-16 07:36:02,False,,,False,,,Tablet,México,,0.0006
SND-D0DKGGBX29RD5CSHYIPH,2025-03-15 10:19:18,2025-03-15,CMP-B9NYN6I82UTE,CLI-ASILQWHL13PR,Push,template_CMP-B9NYN6I82UTE_1,,Sent,True,True,2025-03-17 11:43:43,True,2025-03-17 11:56:59,4.0,False,,,Mobile,México,,0.0006
SND-GQYMQI63O86F0LOCSH7P,2025-03-15 17:52:15,2025-03-15,CMP-GQRJ44RTDT1P,CLI-66DDX0D15UNJ,WhatsApp,template_CMP-GQRJ44RTDT1P_4,,Sent,True,,,False,,,False,,,,,,0.0282
SND-Z8DU5Z56ZAQLRNK09EXR,2025-03-16 04:43:22,2025-03-15,CMP-5CYPELXBDSTO,CLI-9CFNCSQXV7JT,WhatsApp,template_CMP-5CYPELXBDSTO_4,,Sent,True,,,False,,,False,,,,,,
SND-NCKOK62A40SHJURLBUQL,2025-03-15 09:01:56,2025-03-15,CMP-LMRDWALFK2Y3,CLI-3MWG7WE1GOF0,SMS,template_CMP-LMRDWALFK2Y3_1,,Sent,True,True,2025-03-20 00:46:37,False,,,False,,,Mobile,Colombia,,0.066
SND-8SEWVBT61ITUXQOMXJ4R,2025-03-15 08:22:49,2025-03-15,CMP-NHBPKWMCNTDQ,CLI-H4RXDDFJWU23,SMS,template_CMP-NHBPKWMCNTDQ_4,,Sent,True,False,,False,,,False,,,,,,0.0511
SND-42K6BCRIQZSLBM8FMD4X,2025-03-15 08:31:16,2025-03-15,CMP-GQRJ44RTDT1P,CLI-M02AN62H56AA,WhatsApp,template_CMP-GQRJ44RTDT1P_5,,Sent,True,,,False,,,False,,,,,,0.0628
SND-0L0OSVK2RW32OJ0W06ZO,2025-03-15 12:18:57,2025-03-15,CMP-5CYPELXBDSTO,CLI-3C14BURTYAET,WhatsApp,template_CMP-5CYPELXBDSTO_4,,Sent,True,,,False,,,False,,,,,,0.0475
SND-UIR426R5UCV1KCRHVEZQ,2025-03-15 06:24:20,2025-03-15,CMP-NHBPKWMCNTDQ,CLI-KCCPHPAD08UZ,SMS,,,Sent,True,True,2025-03-15 16:37:03,False,,,False,,,,Colombia,,0.0625
SND-3N45ZVGIE8UH6W840TGC,2025-03-15 17:25:01,2025-03-15,CMP-NHBPKWMCNTDQ,CLI-BVR8L49L7JU7,SMS,template_CMP-NHBPKWMCNTDQ_3,,Failed,False,,,False,,,False,,,,,SMTP error,0.0844
SND-41PEPNTMXNYBZ8OIYK0T,2025-03-15 14:14:11,2025-03-15,CMP-3RQ0RM77AJRO,CLI-1RP25I7IUPPT,Email,template_CMP-3RQ0RM77AJRO_4,¡Oferta especial en Cuenta Corriente!,Sent,True,False,,False,,,False,,,,,,0.0017
SND-YK113ESWOA9UYIMSOUW8,2025-03-15 07:53:57,2025-03-15,CMP-3RQ0RM77AJRO,CLI-AK6Q06I8GUNF,Email,template_CMP-3RQ0RM77AJRO_3,¡Oferta especial en Cuenta Corriente!,Sent,True,False,,False,,,False,,,,,,0.0077
SND-5CTGTIZWKDBQPVFLGK5A,2025-03-15 08:57:22,2025-03-15,CMP-LMRDWALFK2Y3,CLI-8DAKZ1IK4NWH,SMS,template_CMP-LMRDWALFK2Y3_1,,Sent,True,False,,False,,,False,,,,,,0.08
SND-GWZDTLG4UX5DGCA1Q859,2025-03-16 03:01:07,2025-03-15,CMP-GQRJ44RTDT1P,CLI-NF5BRPJJ70T1,WhatsApp,template_CMP-GQRJ44RTDT1P_1,,Sent,True,,,False,,,False,,,,,,0.0573
SND-HQN1X8HOOOAS2CYT4JTD,2025-03-15 18:56:27,2025-03-15,CMP-85H27OFZKCO6,CLI-ZIOT2OQJB0Z2,SMS,template_CMP-85H27OFZKCO6_5,,Sent,True,False,,False,,,False,,,,,,0.1315
SND-IKQAMJNT3IXUBDQBFFMR,2025-03-16 01:58:15,2025-03-15,CMP-3RQ0RM77AJRO,CLI-S9SVCJY91PVA,Email,template_CMP-3RQ0RM77AJRO_3,,Sent,True,False,,False,,,False,,,,,,0.0037
SND-54BFVX0O5NOALFQF3DIM,2025-03-15 11:14:33,2025-03-15,CMP-5CYPELXBDSTO,CLI-JBM38WFWSE4C,WhatsApp,template_CMP-5CYPELXBDSTO_2,,Sent,True,,,False,,,False,,,,,,0.0476
SND-J94INE68CX7EBTPCCHV7,2025-03-16 01:50:53,2025-03-15,CMP-85H27OFZKCO6,CLI-9MAR30JWM596,SMS,template_CMP-85H27OFZKCO6_4,,Sent,True,False,,False,,,False,,,,,,0.1133
SND-OT6XLV226TJNERI7WL5Q,2025-03-15 18:46:24,2025-03-15,CMP-B9NYN6I82UTE,CLI-1AB5D4HSKVYF,Push,template_CMP-B9NYN6I82UTE_4,,Sent,True,True,2025-03-18 01:40:46,False,,,False,,,Mobile,México,,0.0008
SND-LAX1LZGM47KUGX5XYAUV,2025-03-15 22:14:12,2025-03-15,CMP-85H27OFZKCO6,CLI-OFUB3RX0WBLS,SMS,template_CMP-85H27OFZKCO6_4,,Sent,True,True,2025-03-22 08:50:20,False,,,False,,,Tablet,México,,0.0661
SND-QBLREKHKG9072BO7UKEC,2025-03-16 01:02:29,2025-03-15,CMP-GQRJ44RTDT1P,CLI-5ODTE4O1P8EO,WhatsApp,template_CMP-GQRJ44RTDT1P_5,,Sent,True,,,False,,,False,,,,,,0.0508
SND-EOILTAHPWC417ZNPU53R,2025-03-16 04:40:06,2025-03-15,CMP-85H27OFZKCO6,CLI-SEZUUVKTDW5T,SMS,template_CMP-85H27OFZKCO6_1,,Sent,True,True,2025-03-23 03:18:34,False,,,False,,,Mobile,México,,0.1044
SND-4GSERBR26A6GXMBOL0CZ,2025-03-15 16:04:40,2025-03-15,CMP-3RQ0RM77AJRO,CLI-YCI5F8KZ7VEG,Email,template_CMP-3RQ0RM77AJRO_3,,Sent,True,False,,False,,,False,,,,,,0.0046
SND-I1WHA7KYJ4NKHKDUWN2S,2025-03-15 11:24:54,2025-03-15,CMP-85H27OFZKCO6,CLI-1SN97S0QUZ1U,SMS,template_CMP-85H27OFZKCO6_3,,Sent,True,True,2025-03-20 11:46:53,False,,,False,,,Desktop,México,,0.0629
SND-AIKDVEWWMSU1DW13ZUIG,2025-03-16 00:19:01,2025-03-15,CMP-8OG5OXVROMXD,CLI-N6NLUDE3ZH1U,Email,,¡Oferta especial en Tarjeta Crédito!,Sent,True,False,,False,,,False,,,,,,0.006
SND-S13LETIKP5QXX6S16SRO,2025-03-15 19:53:31,2025-03-15,CMP-B9NYN6I82UTE,CLI-LZGPJXG4FMQ9,Push,template_CMP-B9NYN6I82UTE_1,,Sent,True,False,,False,,,False,,,,,,0.0006
SND-VSAZXXGSUQ6BRFGEPR2O,2025-03-15 06:34:28,2025-03-15,CMP-3RQ0RM77AJRO,CLI-IYTE6ZDMW9RQ,Email,template_CMP-3RQ0RM77AJRO_1,¡Oferta especial en Cuenta Corriente!,Sent,True,False,,False,,,False,,,,,,0.002
SND-5ICPB2LEDHQE6RRU9335,2025-03-15 22:33:13,2025-03-15,CMP-LMRDWALFK2Y3,CLI-9V3W4XZPDDPY,SMS,template_CMP-LMRDWALFK2Y3_4,,Sent,True,False,,False,,,False,,,,,,0.1087
SND-3JWZHSNP00FC6FR6L53F,2025-03-15 17:04:41,2025-03-15,CMP-8OG5OXVROMXD,CLI-9S264QYHP5E1,Email,template_CMP-8OG5OXVROMXD_4,¡Oferta especial en Tarjeta Crédito!,Sent,True,False,,False,,,False,,,,,,0.0091
SND-QXB6Q0MEKOI89XJZD7JL,2025-03-15 07:42:22,2025-03-15,CMP-3RQ0RM77AJRO,CLI-NEE0O5QB3Y1R,Email,template_CMP-3RQ0RM77AJRO_2,¡Oferta especial en Cuenta Corriente!,Sent,True,False,,False,,,False,,,,,,0.0056
SND-AG0PC9UADB9NL4VXWR4X,2025-03-15 11:34:07,2025-03-15,CMP-GQRJ44RTDT1P,CLI-U5A90156R3H0,WhatsApp,template_CMP-GQRJ44RTDT1P_3,,Sent,True,,,False,,,False,,,,,,0.0481
SND-G8I7TIB9499UIZU0VKJJ,2025-03-15 06:17:53,2025-03-15,CMP-85H27OFZKCO6,CLI-VJJDIJBFQRKB,SMS,template_CMP-85H27OFZKCO6_3,,Sent,True,True,2025-03-21 22:50:23,False,,,False,,,Tablet,Colombia,,0.1164
SND-L2MUN5W08F51T9244VMN,2025-03-15 21:02:56,2025-03-15,CMP-LMRDWALFK2Y3,CLI-ZWTHUB5ZZ4C1,SMS,template_CMP-LMRDWALFK2Y3_5,,Sent,True,True,2025-03-17 23:26:13,False,,,False,,,Mobile,México,,0.0602
SND-0CB2PWLOB0Z6HXVEOA2H,2025-03-16 00:00:35,2025-03-15,CMP-85H27OFZKCO6,CLI-N1CE8EDETTR6,SMS,template_CMP-85H27OFZKCO6_5,,Sent,True,True,2025-03-22 21:53:12,False,,,False,,,Tablet,México,,0.0506
SND-YVDPMLZC16PBAWCHYTP2,2025-03-16 01:01:45,2025-03-15,CMP-85H27OFZKCO6,CLI-LTCZJV543PYK,SMS,template_CMP-85H27OFZKCO6_4,,Sent,True,True,2025-03-16 10:38:44,True,2025-03-16 10:42:59,3.0,False,,,Desktop,Colombia,,0.0525
SND-ZVUW5SMICE6JA63A6E8A,2025-03-15 09:26:38,2025-03-15,CMP-GQRJ44RTDT1P,CLI-WDZGLIBDB4KX,WhatsApp,template_CMP-GQRJ44RTDT1P_4,,Sent,True,,,False,,,False,,,,,,0.0736
SND-YMH3HLHNULWYHSX1H4UJ,2025-03-15 07:28:36,2025-03-15,CMP-3RQ0RM77AJRO,CLI-9USY6TMF6I3K,Email,template_CMP-3RQ0RM77AJRO_1,¡Oferta especial en Cuenta Corriente!,Sent,True,False,,False,,,False,,,,,,0.0013
SND-2IDJ5WN2GB32YWQDZX8W,2025-03-15 15:15:05,2025-03-15,CMP-5CYPELXBDSTO,CLI-IJFIXQCIPL7K,WhatsApp,template_CMP-5CYPELXBDSTO_1,,Sent,True,,,False,,,False,,,,,,0.0323
SND-NQ9PQQ9O4U1WMEC1ZET0,2025-03-16 03:16:44,2025-03-15,CMP-5CYPELXBDSTO,CLI-KI4SCESCIKOP,WhatsApp,template_CMP-5CYPELXBDSTO_5,,Sent,True,,,False,,,False,,,,,,0.0311
SND-964FP0U8R93J98NDCIEH,2025-03-15 16:18:49,2025-03-15,CMP-5CYPELXBDSTO,CLI-Q40L4X9KRT1N,WhatsApp,template_CMP-5CYPELXBDSTO_3,,Sent,True,,,False,,,False,,,,,,0.0491
SND-ZBS48OJQJPQEYCFWBY3G,2025-03-15 06:52:44,2025-03-15,CMP-GQRJ44RTDT1P,CLI-5QXWA1AWT95C,WhatsApp,template_CMP-GQRJ44RTDT1P_4,,Sent,True,,,False,,,False,,,,,,0.0489
SND-BRYZMV33S2XO3MV8PMLD,2025-03-15 07:58:03,2025-03-15,CMP-85H27OFZKCO6,CLI-VZ6BYCVAPJSW,SMS,,,Sent,True,True,2025-03-19 10:59:22,False,,,False,,,Tablet,México,,0.1284
SND-2VX64SZGM322MF4TU24U,2025-03-15 08:31:01,2025-03-15,CMP-B9NYN6I82UTE,CLI-CFLVYYS4OUA4,Push,template_CMP-B9NYN6I82UTE_2,,Sent,True,False,,False,,,False,,,,,,0.0003
SND-3APAU5PDE4LJWHJ90T92,2025-03-15 17:44:31,2025-03-15,CMP-B9NYN6I82UTE,CLI-YNT33G77J0VI,Push,template_CMP-B9NYN6I82UTE_4,,Sent,True,False,,False,,,False,,,,,,0.0003
SND-S8QDQWHD458I95FXLPBK,2025-03-16 05:20:58,2025-03-15,CMP-8OG5OXVROMXD,CLI-D2LIWUDC27LN,Email,template_CMP-8OG5OXVROMXD_4,¡Oferta especial en Tarjeta Crédito!,Sent,True,False,,False,,,False,,,,,,0.0077
SND-PQRJX3220HWAKBIH3ZKY,2025-03-16 00:27:46,2025-03-15,CMP-LMRDWALFK2Y3,CLI-2QOMS9EIY5K3,SMS,template_CMP-LMRDWALFK2Y3_2,,Sent,True,True,2025-03-17 10:23:00,False,,,False,,,,,,
SND-IZHM1G2C5XMNYZM8TEGB,2025-03-15 23:02:59,2025-03-15,CMP-NHBPKWMCNTDQ,CLI-OSWLSOOQFE57,SMS,template_CMP-NHBPKWMCNTDQ_4,,Sent,True,True,2025-03-21 09:10:34,False,,,False,,,Desktop,Argentina,,0.1428
SND-P54486G6Z3B3C6PKTR3W,2025-03-16 05:02:01,2025-03-15,CMP-NHBPKWMCNTDQ,CLI-0KOOFOZGZG06,SMS,template_CMP-NHBPKWMCNTDQ_2,,Sent,True,True,2025-03-23 03:20:06,False,,,False,,,Desktop,Argentina,,0.1319
SND-MGOPCR0V8KAX68Y8NORJ,2025-03-15 17:42:41,2025-03-15,CMP-LMRDWALFK2Y3,CLI-QHNOYRGPM4KR,SMS,template_CMP-LMRDWALFK2Y3_3,,Sent,True,True,2025-03-16 13:17:03,False,,,False,,,Mobile,México,,0.0578
SND-J3OBK4OLYGNC2KNK7B9B,2025-03-15 10:19:06,2025-03-15,CMP-GQRJ44RTDT1P,CLI-CC98OGPHEFRR,WhatsApp,template_CMP-GQRJ44RTDT1P_1,,Sent,True,,,False,,,False,,,,,,0.0619
SND-B4ARR9BE1OKXGC9SJM72,2025-03-15 11:56:10,2025-03-15,CMP-3RQ0RM77AJRO,CLI-T1XKGKCGZX99,Email,template_CMP-3RQ0RM77AJRO_4,¡Oferta especial en Cuenta Corriente!,Bounced,False,,,False,,,False,,,,,Invalid email address,
SND-LNQIQN8IIXTCVEL1RWLT,2025-03-16 02:30:35,2025-03-15,CMP-NHBPKWMCNTDQ,CLI-RGYRO5HCHMY9,SMS,template_CMP-NHBPKWMCNTDQ_3,,Sent,True,True,2025-03-22 04:06:58,False,,,False,,,Tablet,México,,0.0666
SND-GPYLFEBB6QA5JINTM0V4,2025-03-16 00:56:06,2025-03-15,CMP-LMRDWALFK2Y3,CLI-ALTF6HFZMZSZ,SMS,template_CMP-LMRDWALFK2Y3_3,,Sent,True,True,2025-03-19 07:25:06,False,,,False,,,Mobile,Colombia,,0.1392
SND-U5EQDK4Y37KLJ0COM29X,2025-03-15 16:06:33,2025-03-15,CMP-NHBPKWMCNTDQ,CLI-BTHO9TGJDB68,SMS,template_CMP-NHBPKWMCNTDQ_3,,Sent,True,False,,False,,,False,,,,,,0.1484
SND-GFLI3N8DDMHERZSRRAVK,2025-03-16 01:37:14,2025-03-15,CMP-85H27OFZKCO6,CLI-6T6VPD5ADW07,SMS,template_CMP-85H27OFZKCO6_5,,Sent,True,True,2025-03-18 15:22:37,False,,,False,,,Tablet,Colombia,,0.0872
SND-LI72FC5J0C6XO3B7A3CY,2025-03-16 02:53:07,2025-03-15,CMP-3RQ0RM77AJRO,CLI-NMQ61GMV2H21,Email,template_CMP-3RQ0RM77AJRO_4,¡Oferta especial en Cuenta Corriente!,Sent,True,False,,False,,,False,,,,,,0.0071
SND-J90KRLTGDCUEHU7ZLWP4,2025-03-15 09:37:17,2025-03-15,CMP-LMRDWALFK2Y3,CLI-T4M68EHZ8JQJ,SMS,template_CMP-LMRDWALFK2Y3_3,,Sent,True,False,,False,,,False,,,,,,0.062
SND-Y5Y9FY0Y3LCD9PN2D3NR,2025-03-15 23:50:04,2025-03-15,CMP-8OG5OXVROMXD,CLI-72H6ZH0BE11Q,Email,template_CMP-8OG5OXVROMXD_2,¡Oferta especial en Tarjeta Crédito!,Sent,True,False,,False,,,False,,,,,,0.0033
SND-BPIFHNL3HLGAONXXIZ1M,2025-03-15 23:14:40,2025-03-15,CMP-GQRJ44RTDT1P,CLI-8F4G884BQPUI,WhatsApp,,,Sent,True,,,False,,,False,,,,,,0.0417
SND-HMQ8AF6AD6SI1KTYHGF0,2025-03-15 09:46:04,2025-03-15,CMP-B9NYN6I82UTE,CLI-R1KGSC5JEWQV,Push,template_CMP-B9NYN6I82UTE_1,,Bounced,False,,,False,,,False,,,,,Invalid email address,
SND-H1TF15QG0QFH0GTXL3WY,2025-03-15 06:39:47,2025-03-15,CMP-3RQ0RM77AJRO,CLI-CBOI1YK928HJ,Email,template_CMP-3RQ0RM77AJRO_1,¡Oferta especial en Cuenta Corriente!,Sent,True,False,,False,,,False,,,,,,0.0067
SND-ZRYWE8ETYK1E7WHHEP0K,2025-03-16 01:40:45,2025-03-15,CMP-LMRDWALFK2Y3,CLI-J72ZMH18JLYE,SMS,template_CMP-LMRDWALFK2Y3_1,,Sent,True,False,,False,,,False,,,,,,0.1
SND-73AN4NINENG3U4SW4G9G,2025-03-15 06:02:15,2025-03-15,CMP-NHBPKWMCNTDQ,CLI-P3U6F2FT4T3T,SMS,template_CMP-NHBPKWMCNTDQ_1,,Sent,True,True,2025-03-16 14:40:23,False,,,False,,,Desktop,México,,0.1343
SND-2VB7A0P9ZWOLWFE0OLKL,2025-03-16 05:35:42,2025-03-15,CMP-8OG5OXVROMXD,CLI-T1LVB1RXWZWP,Email,template_CMP-8OG5OXVROMXD_1,¡Oferta especial en Tarjeta Crédito!,Sent,True,False,,False,,,False,,,,,,0.009
SND-3UTCP1FFYR2ACMYGSG9W,2025-03-15 11:28:35,2025-03-15,CMP-85H27OFZKCO6,CLI-INANP662X4NF,SMS,template_CMP-85H27OFZKCO6_4,,Sent,True,True,2025-03-15 21:06:01,False,,,False,,,Tablet,México,,0.1085
SND-VIQF2T86CG4MUHZ1O1SE,2025-03-16 03:41:02,2025-03-15,CMP-LMRDWALFK2Y3,CLI-WBHV7JALSKRT,SMS,template_CMP-LMRDWALFK2Y3_1,,Sent,True,True,2025-03-21 17:06:18,False,,,False,,,Tablet,México,,
SND-G4A06TQOOA8XOQX7KC2O,2025-03-15 13:42:22,2025-03-15,CMP-5CYPELXBDSTO,CLI-XIVS7TQDACKB,WhatsApp,template_CMP-5CYPELXBDSTO_5,,Sent,True,,,False,,,False,,,,,,0.0414
SND-KBQRNR3RFF695KTKWY87,2025-03-15 21:56:07,2025-03-15,CMP-8OG5OXVROMXD,CLI-5EO3MZ3QIE1Q,Email,template_CMP-8OG5OXVROMXD_5,¡Oferta especial en Tarjeta Crédito!,Sent,True,False,,False,,,False,,,,,,0.0047
SND-OQ1Y0AHF7H83V7CHEIWF,2025-03-15 13:31:51,2025-03-15,CMP-5CYPELXBDSTO,CLI-U5DZ13G0HV4L,WhatsApp,template_CMP-5CYPELXBDSTO_3,,Sent,True,,,False,,,False,,,,,,0.0233
SND-YPG69C2JOCZN5STZIJFV,2025-03-16 05:23:37,2025-03-15,CMP-GQRJ44RTDT1P,CLI-MK5U2UMAP8Z3,WhatsApp,template_CMP-GQRJ44RTDT1P_3,,Sent,True,,,False,,,False,,,,,,0.0388
SND-VX15WI7L0D0LVUR8RE6P,2025-03-15 07:10:23,2025-03-15,CMP-5CYPELXBDSTO,CLI-U3VSMKTHV6MY,WhatsApp,template_CMP-5CYPELXBDSTO_1,,Sent,True,,,False,,,False,,,,,,0.0798
SND-WWNQ1WTHJWKUX9ISZBB3,2025-03-15 22:31:26,2025-03-15,CMP-5CYPELXBDSTO,CLI-G24VMWEBGRE9,WhatsApp,,,Sent,True,,,False,,,False,,,,,,
SND-3KGF1B5EW7K2OC50ORF0,2025-03-15 12:25:29,2025-03-15,CMP-GQRJ44RTDT1P,CLI-LBHHW6U9071E,WhatsApp,template_CMP-GQRJ44RTDT1P_2,,Sent,True,,,False,,,False,,,,,,0.0498
SND-2MG7LWVV93MMT3JMKGMC,2025-03-15 16:15:41,2025-03-15,CMP-LMRDWALFK2Y3,CLI-5AJ3PXBCAJG0,SMS,template_CMP-LMRDWALFK2Y3_5,,Sent,True,False,,False,,,False,,,,,,0.1155
SND-XHF27ZVNQ3KAN8O7AWJV,2025-03-15 21:45:49,2025-03-15,CMP-85H27OFZKCO6,CLI-UHD6YGAX5USO,SMS,,,Sent,True,True,2025-03-22 10:08:12,True,2025-03-22 10:25:17,1.0,False,,,Desktop,,,0.1336
SND-0S8YILMFJ0RF28163P02,2025-03-15 17:55:23,2025-03-15,CMP-85H27OFZKCO6,CLI-0CEDU23KIDTD,SMS,template_CMP-85H27OFZKCO6_5,,Sent,True,False,,False,,,False,,,,,,0.1423
SND-WRC7C8H0P213MJU4F8P7,2025-03-15 21:18:02,2025-03-15,CMP-B9NYN6I82UTE,CLI-YNFE3MPAYMNV,Push,template_CMP-B9NYN6I82UTE_5,,Blocked,False,,,False,,,False,,,,,User blocked sender,
SND-ADIJ93PJI41C8B6N0V4H,2025-03-16 02:25:24,2025-03-15,CMP-3RQ0RM77AJRO,CLI-VVNDZ4C34HRZ,Email,template_CMP-3RQ0RM77AJRO_2,¡Oferta especial en Cuenta Corriente!,Sent,True,False,,False,,,False,,,,,,0.0014
SND-4Q481CNJ6CB1URB2WI5I,2025-03-15 16:03:13,2025-03-15,CMP-NHBPKWMCNTDQ,CLI-9I26BP69N4L5,SMS,template_CMP-NHBPKWMCNTDQ_4,,Sent,True,True,2025-03-18 18:21:48,False,,,False,,,Desktop,Colombia,,0.1492
SND-7NU30MDTR5HX8K20ZIOK,2025-03-16 02:54:38,2025-03-15,CMP-5CYPELXBDSTO,CLI-TWPPXDTFYUEJ,WhatsApp,template_CMP-5CYPELXBDSTO_5,,Sent,True,,,False,,,False,,,,,,0.0557
SND-57791IFII1T8KZZFC26F,2025-03-15 16:13:20,2025-03-15,CMP-5CYPELXBDSTO,CLI-QXCFNKNFA19W,WhatsApp,template_CMP-5CYPELXBDSTO_3,,Sent,True,,,False,,,False,,,,,,0.0355
SND-XE7UTJ3AJEJPS5PU89BY,2025-03-16 04:36:24,2025-03-15,CMP-GQRJ44RTDT1P,CLI-FHNUKVVK0CAN,WhatsApp,template_CMP-GQRJ44RTDT1P_4,,Bounced,False,,,False,,,False,,,,,Invalid email address,0.0406
SND-ZU7VHGCR4FBKJ90DLZ8K,2025-03-15 09:11:34,2025-03-15,CMP-LMRDWALFK2Y3,CLI-JZLISOELRL79,SMS,template_CMP-LMRDWALFK2Y3_1,,Sent,True,True,2025-03-21 01:56:27,True,2025-03-21 02:16:46,5.0,False,,,Mobile,México,,0.1366
SND-ICHUZLWCN675MH12ZKFS,2025-03-15 18:04:32,2025-03-15,CMP-B9NYN6I82UTE,CLI-MSJQHWTGYP3B,Push,template_CMP-B9NYN6I82UTE_1,,Sent,True,False,,False,,,False,,,,,,0.0004
SND-1ESLJKBLC0FHDVEN86CU,2025-03-15 20:23:15,2025-03-15,CMP-B9NYN6I82UTE,CLI-TQ26NVWE3D8J,Push,template_CMP-B9NYN6I82UTE_1,,Failed,False,,,False,,,False,,,,,SMTP error,0.0007
SND-90WPYP0AV74IBXFRLIZ6,2025-03-15 17:48:27,2025-03-15,CMP-5CYPELXBDSTO,CLI-TUSSCZDR4O7B,WhatsApp,template_CMP-5CYPELXBDSTO_4,,Sent,True,,,False,,,False,,,,,,0.0299
SND-SOOPPJ90L2Z60W6CGXRV,2025-03-15 10:24:02,2025-03-15,CMP-3RQ0RM77AJRO,CLI-I8K9X4YXAJFR,Email,template_CMP-3RQ0RM77AJRO_1,¡Oferta especial en Cuenta Corriente!,Sent,True,False,,False,,,False,,,,,,0.0016
SND-XQ3BYY0QTO7SSG3TMCJ3,2025-03-16 03:47:17,2025-03-15,CMP-LMRDWALFK2Y3,CLI-O3S1P8ETL10S,SMS,template_CMP-LMRDWALFK2Y3_2,,Sent,True,False,,False,,,False,,,,,,0.0779
SND-ZYW3ILAQ1J8ZTI5DNP4Q,2025-03-15 06:03:58,2025-03-15,CMP-GQRJ44RTDT1P,CLI-WSRPCU8CP62M,WhatsApp,template_CMP-GQRJ44RTDT1P_2,,Sent,True,,,False,,,False,,,,,,0.0508
SND-T7DSEK9YXE8AZNW0MKD1,2025-03-15 22:52:09,2025-03-15,CMP-NHBPKWMCNTDQ,CLI-MFZ4985KEIU3,SMS,template_CMP-NHBPKWMCNTDQ_1,,Sent,True,True,2025-03-15 22:57:08,False,,,False,,,Desktop,Colombia,,
SND-ACWR802SXSG8NLBW9XNJ,2025-03-15 16:28:06,2025-03-15,CMP-85H27OFZKCO6,CLI-A22JP031MHGS,SMS,,,Sent,True,False,,False,,,False,,,,,,0.1392
SND-MESIIIN9PTGAG69G6Q00,2025-03-15 18:45:08,2025-03-15,CMP-3RQ0RM77AJRO,CLI-LAEK73FVIOOQ,Email,template_CMP-3RQ0RM77AJRO_3,¡Oferta especial en Cuenta Corriente!,Sent,True,False,,False,,,False,,,,,,0.0067
SND-H08241AIOFVHF9ZZ2FPC,2025-03-15 22:30:58,2025-03-15,CMP-B9NYN6I82UTE,CLI-EQ2SSOAADS2P,Push,,,Sent,True,False,,False,,,False,,,,,,0.001
SND-R0DGR0TDBNWKD68OK7XG,2025-03-15 06:30:59,2025-03-15,CMP-NHBPKWMCNTDQ,CLI-GZG03UNJ650U,SMS,template_CMP-NHBPKWMCNTDQ_5,,Sent,True,False,,False,,,False,,,,,,0.0585
SND-D6Z1QX790UI9PJPNF21B,2025-03-15 12:45:40,2025-03-15,CMP-NHBPKWMCNTDQ,CLI-JG0Y2EHKMPM5,SMS,template_CMP-NHBPKWMCNTDQ_4,,Sent,True,True,2025-03-22 01:26:38,False,,,False,,,Desktop,Colombia,,0.0779
SND-ZIFYRVTXL068STBQ9OYX,2025-03-16 01:04:54,2025-03-15,CMP-LMRDWALFK2Y3,CLI-LTE5X79KGK3J,SMS,,,Sent,True,False,,False,,,False,,,,,,0.087
SND-D6VF6Y4LYWREPEIVVG9Z,2025-03-15 21:59:06,2025-03-15,CMP-85H27OFZKCO6,CLI-KJA2T6MVHE11,SMS,template_CMP-85H27OFZKCO6_2,,Sent,True,True,2025-03-18 21:11:46,False,,,False,,,Tablet,México,,0.1006
SND-4QVQWOTKTAAJ9GGM26JX,2025-03-15 10:30:47,2025-03-15,CMP-LMRDWALFK2Y3,CLI-RHCGVGJQG2N1,SMS,template_CMP-LMRDWALFK2Y3_2,,Sent,True,True,2025-03-21 21:26:50,False,,,False,,,Mobile,México,,0.1165
SND-H45FSI4IQNYINQYBP50C,2025-03-15 07:20:40,2025-03-15,CMP-3RQ0RM77AJRO,CLI-Y9AQ3ZW9U281,Email,template_CMP-3RQ0RM77AJRO_4,¡Oferta especial en Cuenta Corriente!,Sent,True,True,2025-03-18 09:53:58,False,,,False,,,,México,,0.0013
SND-4ITCADX6ZP1HP8ZB587Z,2025-03-15 12:21:58,2025-03-15,CMP-3RQ0RM77AJRO,CLI-NOICSDXHJG5A,Email,template_CMP-3RQ0RM77AJRO_2,¡Oferta especial en Cuenta Corriente!,Sent,True,False,,False,,,False,,,,,,0.0076
SND-EXBDN1L0TZGAGFY5G5G9,2025-03-15 08:25:42,2025-03-15,CMP-B9NYN6I82UTE,CLI-S56S4LLJHHO6,Push,template_CMP-B9NYN6I82UTE_4,,Sent,True,False,,False,,,False,,,,,,0.0005
SND-5IQBZISKE4JPOIHNT1IS,2025-03-15 06:04:05,2025-03-15,CMP-B9NYN6I82UTE,CLI-ECYWT24QTC9X,Push,template_CMP-B9NYN6I82UTE_3,,Sent,True,True,2025-03-17 16:47:30,True,2025-03-17 16:53:28,3.0,False,,,,México,,0.0005
SND-LP97STPLQPTTU56UJQ7D,2025-03-16 04:47:19,2025-03-15,CMP-8OG5OXVROMXD,CLI-F9LOUH7I643F,Email,template_CMP-8OG5OXVROMXD_2,¡Oferta especial en Tarjeta Crédito!,Sent,True,False,,False,,,False,,,,,,
SND-JP51ZH5A7DKK3XO9OQLG,2025-03-16 00:25:42,2025-03-15,CMP-LMRDWALFK2Y3,CLI-KBZ4TVKX8OHV,SMS,template_CMP-LMRDWALFK2Y3_1,,Sent,True,True,2025-03-22 21:30:10,False,,,False,,,Tablet,México,,0.0941
SND-NRXCNSG0XMVXER5XW7NT,2025-03-15 06:41:46,2025-03-15,CMP-85H27OFZKCO6,CLI-S06C8X1ZYJ1F,SMS,template_CMP-85H27OFZKCO6_5,,Sent,True,True,2025-03-16 06:01:07,False,,,False,,,Tablet,Colombia,,0.1292
SND-0J0DKLEQYZ4PMIBNZPBP,2025-03-15 22:10:24,2025-03-15,CMP-B9NYN6I82UTE,CLI-0VJLL0ORVAWF,Push,template_CMP-B9NYN6I82UTE_4,,Sent,True,True,2025-03-20 01:55:52,False,,,False,,,,México,,0.0008
SND-U2ZFAY06ADNGEBCESIBR,2025-03-15 20:09:36,2025-03-15,CMP-B9NYN6I82UTE,CLI-9KTUIQ1X521S,Push,template_CMP-B9NYN6I82UTE_5,,Bounced,False,,,False,,,False,,,,,Invalid email address,0.0005
SND-GC5DVWFFK1RQ5W546CUY,2025-03-15 12:46:33,2025-03-15,CMP-85H27OFZKCO6,CLI-JTK7EPGCH3H9,SMS,template_CMP-85H27OFZKCO6_4,,Sent,True,False,,False,,,False,,,,,,0.1373
SND-FRI8FH3JL9K0B5XQ4K51,2025-03-15 21:50:42,2025-03-15,CMP-NHBPKWMCNTDQ,CLI-ZF8LKGL466LC,SMS,template_CMP-NHBPKWMCNTDQ_2,,Sent,True,True,2025-03-16 17:31:50,False,,,False,,,Mobile,Colombia,,0.063
SND-QLH7WF2TPA51Q5OQ393H,2025-03-15 06:23:23,2025-03-15,CMP-85H27OFZKCO6,CLI-2UKK1PCF8Y2S,SMS,,,Sent,True,False,,False,,,False,,,,,,0.0694
SND-KD8K1FJT3W78QBV2Y8HG,2025-03-15 14:31:09,2025-03-15,CMP-3RQ0RM77AJRO,CLI-XYFSWSSWPL0F,Email,template_CMP-3RQ0RM77AJRO_2,¡Oferta especial en Cuenta Corriente!,Sent,True,False,,False,,,False,,,,,,0.0013
SND-BB80XHCM5SXUGY2DA4TU,2025-03-15 15:29:12,2025-03-15,CMP-B9NYN6I82UTE,CLI-N2ZGXZG8DJOB,Push,template_CMP-B9NYN6I82UTE_1,,Sent,True,True,2025-03-16 19:46:46,False,,,False,,,Mobile,Colombia,,0.0003
SND-I326S771BJEPQRF4NE95,2025-03-15 09:13:35,2025-03-15,CMP-5CYPELXBDSTO,CLI-RER7R4AAPHML,WhatsApp,template_CMP-5CYPELXBDSTO_4,,Sent,True,,,False,,,False,,,,,,0.0267
SND-Y43VATQAEAJ7P8LM8SIF,2025-03-15 07:42:15,2025-03-15,CMP-B9NYN6I82UTE,CLI-VDSI1XHBFFI1,Push,template_CMP-B9NYN6I82UTE_4,,Sent,True,False,,False,,,False,,,,,,0.0002
SND-MG3PR1F4KUKW2HRWQO4J,2025-03-15 10:20:55,2025-03-15,CMP-8OG5OXVROMXD,CLI-QUWIM2VVLA7U,Email,template_CMP-8OG5OXVROMXD_1,¡Oferta especial en Tarjeta Crédito!,Sent,True,False,,False,,,False,,,,,,0.0031
SND-QM4D506RZEN2K1TM3E00,2025-03-15 14:32:48,2025-03-15,CMP-NHBPKWMCNTDQ,CLI-USD68CR5UITE,SMS,,,Sent,True,True,2025-03-19 12:34:14,False,,,False,,,,México,,0.0618
SND-HS8REE2JIY3KQ507GWMS,2025-03-15 12:31:22,2025-03-15,CMP-B9NYN6I82UTE,CLI-3PH3K2F2VDVI,Push,template_CMP-B9NYN6I82UTE_3,,Sent,True,False,,False,,,False,,,,,,0.0004
SND-MJFWOCSTJAVOKBRRORO7,2025-03-15 23:20:35,2025-03-15,CMP-GQRJ44RTDT1P,CLI-BXNBSMSCZRYA,WhatsApp,template_CMP-GQRJ44RTDT1P_1,,Sent,True,,,False,,,False,,,,,,0.0391
SND-MZE3U80SPMKG27SAGWQR,2025-03-16 03:21:40,2025-03-15,CMP-5CYPELXBDSTO,CLI-JRT11SQUU3F1,WhatsApp,template_CMP-5CYPELXBDSTO_4,,Sent,True,,,False,,,False,,,,,,0.0544
SND-XWW1QUSZHRVM5U2EVYU7,2025-03-15 10:24:38,2025-03-15,CMP-5CYPELXBDSTO,CLI-TDVVH2KB3C37,WhatsApp,template_CMP-5CYPELXBDSTO_4,,Sent,True,,,False,,,False,,,,,,0.0459
SND-AXZSOWRG0EOKCW0NNJLX,2025-03-15 12:33:10,2025-03-15,CMP-5CYPELXBDSTO,CLI-RB6C6UWM76GP,WhatsApp,template_CMP-5CYPELXBDSTO_5,,Sent,True,,,False,,,False,,,,,,0.0476
SND-J6GTGXO0JOHE1WZO1S87,2025-03-15 08:29:03,2025-03-15,CMP-85H27OFZKCO6,CLI-8MY4AFPO8JD1,SMS,template_CMP-85H27OFZKCO6_3,,Sent,True,True,2025-03-19 15:55:54,False,,,False,,,Desktop,México,,0.1236
SND-EWGVTAUJ24R3XVD4Z63A,2025-03-15 08:32:48,2025-03-15,CMP-B9NYN6I82UTE,CLI-S02EJV148V8P,Push,template_CMP-B9NYN6I82UTE_5,,Sent,True,False,,False,,,False,,,,,,0.0008
SND-J2GK26REQB2OMRAFKKU7,2025-03-15 19:04:35,2025-03-15,CMP-8OG5OXVROMXD,CLI-Q0LACTR2541F,Email,template_CMP-8OG5OXVROMXD_4,¡Oferta especial en Tarjeta Crédito!,Sent,True,True,2025-03-22 09:33:16,False,,,False,,,Desktop,México,,0.0059
SND-6KK9DABKF0PS4OOA9TCI,2025-03-15 16:12:40,2025-03-15,CMP-B9NYN6I82UTE,CLI-Z860Z7J3HAG4,Push,template_CMP-B9NYN6I82UTE_1,,Sent,True,False,,False,,,False,,,,,,0.0006
SND-SYLEU9XNWK2TKEGK7OVY,2025-03-16 04:24:05,2025-03-15,CMP-LMRDWALFK2Y3,CLI-V67QQS2PU2YN,SMS,template_CMP-LMRDWALFK2Y3_4,,Sent,True,False,,False,,,False,,,,,,
SND-GMLGSW5F6FLID5M27RPM,2025-03-15 12:57:33,2025-03-15,CMP-8OG5OXVROMXD,CLI-2NIN74XGTSW3,Email,template_CMP-8OG5OXVROMXD_1,¡Oferta especial en Tarjeta Crédito!,Sent,True,False,,False,,,False,,,,,,0.0043
SND-BOY6A369MUATMOVYDBTY,2025-03-15 16:02:41,2025-03-15,CMP-85H27OFZKCO6,CLI-NZRTSGIHU8KA,SMS,template_CMP-85H27OFZKCO6_1,,Sent,True,False,,False,,,False,,,,,,0.1495
SND-W3Y3I3NVMOPGMNY3ANZB,2025-03-15 18:31:00,2025-03-15,CMP-85H27OFZKCO6,CLI-ILSNGJ578Q0G,SMS,template_CMP-85H27OFZKCO6_2,,Sent,True,False,,False,,,False,,,,,,0.0549
SND-H7V8HVMIP7QZ3A8DGI98,2025-03-15 06:57:05,2025-03-15,CMP-LMRDWALFK2Y3,CLI-DVZVDEWG0A8A,SMS,template_CMP-LMRDWALFK2Y3_4,,Sent,True,False,,False,,,False,,,,,,0.1067
SND-BKNW77T5TZYRSRNPA1D8,2025-03-15 20:46:00,2025-03-15,CMP-3RQ0RM77AJRO,CLI-8PS09WYIQ2H1,Email,template_CMP-3RQ0RM77AJRO_1,¡Oferta especial en Cuenta Corriente!,Sent,True,False,,False,,,False,,,,,,0.0081
SND-ZBRU52LUMV7YIZ3C4EDG,2025-03-16 03:38:44,2025-03-15,CMP-GQRJ44RTDT1P,CLI-2UJWA43TL4KL,WhatsApp,template_CMP-GQRJ44RTDT1P_3,,Sent,True,,,False,,,False,,,,,,0.043
SND-NP74NROMHQ3N5W5P6TEK,2025-03-16 00:35:48,2025-03-15,CMP-5CYPELXBDSTO,CLI-0E55YXQY4V5C,WhatsApp,template_CMP-5CYPELXBDSTO_3,,Sent,True,,,False,,,False,,,,,,
SND-QB2OXLOO0SUWKJMRU2T1,2025-03-15 10:45:32,2025-03-15,CMP-3RQ0RM77AJRO,CLI-09U89SOJTR34,Email,template_CMP-3RQ0RM77AJRO_4,¡Oferta especial en Cuenta Corriente!,Sent,True,True,2025-03-18 19:00:20,False,,,False,,,Tablet,Colombia,,
SND-YFKVUJ8XTWHH71LNHCC2,2025-03-15 10:58:44,2025-03-15,CMP-LMRDWALFK2Y3,CLI-90W8MVLDSZAJ,SMS,template_CMP-LMRDWALFK2Y3_3,,Sent,True,True,2025-03-15 15:58:04,False,,,False,,,Tablet,Colombia,,0.0743
SND-82CHR0FPV0APP5NSH41N,2025-03-15 10:11:57,2025-03-15,CMP-85H27OFZKCO6,CLI-V2MGPPSF1NTX,SMS,template_CMP-85H27OFZKCO6_5,,Failed,False,,,False,,,False,,,,,SMTP error,0.1317
SND-7XSUXRWUL66Q7T4MA9O2,2025-03-15 23:59:17,2025-03-15,CMP-GQRJ44RTDT1P,CLI-QTGPGD1QT6K1,WhatsApp,template_CMP-GQRJ44RTDT1P_5,,Sent,True,,,False,,,False,,,,,,
SND-N7C83FISBGPTD1A04JU5,2025-03-16 01:25:20,2025-03-15,CMP-3RQ0RM77AJRO,CLI-SL8KUEOQYET5,Email,template_CMP-3RQ0RM77AJRO_3,¡Oferta especial en Cuenta Corriente!,Failed,False,,,False,,,False,,,,,SMTP error,0.0038
SND-B220YZOECJSWXUK8DVND,2025-03-16 05:08:03,2025-03-15,CMP-NHBPKWMCNTDQ,CLI-5VPSEVI248MS,SMS,template_CMP-NHBPKWMCNTDQ_4,,Sent,True,False,,False,,,False,,,,,,0.1367
SND-ZLKXF1ADTW7PB5G9RY4W,2025-03-15 21:15:18,2025-03-15,CMP-3RQ0RM77AJRO,CLI-UAKZW09GQDEX,Email,template_CMP-3RQ0RM77AJRO_1,¡Oferta especial en Cuenta Corriente!,Sent,True,False,,False,,,False,,,,,,0.0028
SND-GPL1EBPALTRG02A2V13N,2025-03-15 17:33:36,2025-03-15,CMP-3RQ0RM77AJRO,CLI-D2ACB6Q9ST1B,Email,,¡Oferta especial en Cuenta Corriente!,Sent,True,False,,False,,,False,,,,,,0.0039
SND-D57VOSAHLNQFK4GI52MJ,2025-03-15 08:14:12,2025-03-15,CMP-8OG5OXVROMXD,CLI-KXIU838S9T5H,Email,template_CMP-8OG5OXVROMXD_3,¡Oferta especial en Tarjeta Crédito!,Sent,True,False,,False,,,False,,,,,,0.0025
SND-HOMBZXXEX0A3SZP8QD63,2025-03-15 09:32:49,2025-03-15,CMP-LMRDWALFK2Y3,CLI-O22C5BAATGTP,SMS,template_CMP-LMRDWALFK2Y3_3,,Sent,True,True,2025-03-19 00:42:45,False,,,False,,,Desktop,México,,0.1443
SND-7KPUYHDCKTW3PL8S2CC2,2025-03-15 11:37:58,2025-03-15,CMP-5CYPELXBDSTO,CLI-G8OH7BQPOER5,WhatsApp,template_CMP-5CYPELXBDSTO_3,,Blocked,False,,,False,,,False,,,,,User blocked sender,0.0409
SND-YWH1T41Q06PLRSY49D8Y,2025-03-15 21:04:44,2025-03-15,CMP-85H27OFZKCO6,CLI-93M0S7Y20A1E,SMS,template_CMP-85H27OFZKCO6_1,,Sent,True,False,,False,,,False,,,,,,0.1167
SND-0AN43PTBGL4VKIU6H8QK,2025-03-15 20:00:16,2025-03-15,CMP-8OG5OXVROMXD,CLI-7W51EKQ82ZMB,Email,template_CMP-8OG5OXVROMXD_4,¡Oferta especial en Tarjeta Crédito!,Sent,True,True,2025-03-21 04:08:07,False,,,False,,,Desktop,México,,0.0083
SND-CYVVNKI92I3A3XOOQK62,2025-03-15 19:56:58,2025-03-15,CMP-5CYPELXBDSTO,CLI-LHNXVWEE9MHN,WhatsApp,template_CMP-5CYPELXBDSTO_3,,Sent,True,,,False,,,False,,,,,,
SND-JP1S8CWVNX22MPQD34FI,2025-03-15 13:53:35,2025-03-15,CMP-85H27OFZKCO6,CLI-TIGWLQFOX274,SMS,template_CMP-85H27OFZKCO6_3,,Sent,True,True,2025-03-20 23:31:13,False,,,False,,,Desktop,México,,0.114
SND-FRQCVWS65G7WP95VYXJH,2025-03-15 22:25:50,2025-03-15,CMP-GQRJ44RTDT1P,CLI-OYU4F1Q9ISIF,WhatsApp,template_CMP-GQRJ44RTDT1P_4,,Sent,True,,,False,,,False,,,,,,0.0679
SND-09W90D3HYBGUGNZVYTT6,2025-03-16 00:24:36,2025-03-15,CMP-LMRDWALFK2Y3,CLI-5PGY1XI80WZ4,SMS,template_CMP-LMRDWALFK2Y3_4,,Sent,True,True,2025-03-17 16:00:03,True,2025-03-17 16:30:00,4.0,False,,,Tablet,México,,
SND-VPD4TPGEGCQ0DAEU3PCA,2025-03-15 21:16:10,2025-03-15,CMP-8OG5OXVROMXD,CLI-Y6A1TGZULGR5,Email,template_CMP-8OG5OXVROMXD_1,¡Oferta especial en Tarjeta Crédito!,Sent,True,False,,False,,,False,,,,,,0.008
SND-Y60ONMLSLRYGDCF4F0OQ,2025-03-15 20:35:11,2025-03-15,CMP-LMRDWALFK2Y3,CLI-2LLR8MA4PRPT,SMS,template_CMP-LMRDWALFK2Y3_3,,Sent,True,False,,False,,,False,,,,,,0.068
SND-FZ73NL3L0S03Z0XRJEC1,2025-03-16 04:39:15,2025-03-15,CMP-5CYPELXBDSTO,CLI-8PC71EL6EVEU,WhatsApp,template_CMP-5CYPELXBDSTO_2,,Sent,True,,,False,,,False,,,,,,0.0719
SND-6F1GD04B0STPMNQ7VHQU,2025-03-16 00:07:21,2025-03-15,CMP-B9NYN6I82UTE,CLI-6EBU2063QIWB,Push,template_CMP-B9NYN6I82UTE_4,,Sent,True,True,2025-03-20 17:23:22,False,,,False,,,Desktop,México,,0.0004
SND-F2YM0B3BZYKR7YXV8C69,2025-03-15 23:33:01,2025-03-15,CMP-NHBPKWMCNTDQ,CLI-FSTUXEWH04UK,SMS,template_CMP-NHBPKWMCNTDQ_4,,Sent,True,True,2025-03-22 22:13:32,False,,,False,,,Tablet,Argentina,,0.0586
SND-TZP8GDBOHVAY5DHU06T7,2025-03-16 01:40:48,2025-03-15,CMP-LMRDWALFK2Y3,CLI-MJQUMFBV3EYK,SMS,template_CMP-LMRDWALFK2Y3_1,,Sent,True,True,2025-03-16 14:51:10,False,,,False,,,Mobile,Argentina,,
SND-3CWJ8V0X8U5H405D7G7N,2025-03-16 05:05:37,2025-03-15,CMP-B9NYN6I82UTE,CLI-B9SRGGT4SGG6,Push,template_CMP-B9NYN6I82UTE_1,,Sent,True,False,,False,,,False,,,,,,0.0005
SND-AW1GERQVZTILM4J8JXK4,2025-03-15 16:34:57,2025-03-15,CMP-NHBPKWMCNTDQ,CLI-ACP60MG02N4D,SMS,template_CMP-NHBPKWMCNTDQ_2,,Sent,True,True,2025-03-21 02:06:35,True,2025-03-21 02:31:11,3.0,False,,,Tablet,México,,0.0834
SND-KRRP5WDUMXX7VBRFY5D0,2025-03-15 07:17:06,2025-03-15,CMP-LMRDWALFK2Y3,CLI-RGCN6GEP7HPK,SMS,template_CMP-LMRDWALFK2Y3_5,,Sent,True,True,2025-03-18 11:18:58,False,,,False,,,Desktop,México,,0.0939
SND-0ILICNQX78PBG8L9HFP6,2025-03-16 00:26:37,2025-03-15,CMP-5CYPELXBDSTO,CLI-IH1JDYPQCKMA,WhatsApp,template_CMP-5CYPELXBDSTO_5,,Sent,True,,,False,,,False,,,,,,0.0461
SND-YJZFMWDJ6JM26UY65BML,2025-03-16 04:32:43,2025-03-15,CMP-5CYPELXBDSTO,CLI-0JSJ5FUXK409,WhatsApp,,,Failed,False,,,False,,,False,,,,,SMTP error,0.0426
SND-KJECHFP57P18ER2VV3OA,2025-03-15 06:05:27,2025-03-15,CMP-85H27OFZKCO6,CLI-ACP60MG02N4D,SMS,template_CMP-85H27OFZKCO6_3,,Sent,True,False,,False,,,False,,,,,,0.1327
SND-XID7MW7C7YU1VDCMN35S,2025-03-16 02:08:49,2025-03-15,CMP-LMRDWALFK2Y3,CLI-KQZ7I63V4IE5,SMS,template_CMP-LMRDWALFK2Y3_1,,Sent,True,True,2025-03-16 20:02:17,False,,,False,,,,Colombia,,0.0966
SND-LX2X20LJVV09G4RVL4Q1,2025-03-15 18:51:20,2025-03-15,CMP-B9NYN6I82UTE,CLI-ZUU5GDMFRB66,Push,template_CMP-B9NYN6I82UTE_2,,Sent,True,False,,False,,,False,,,,,,
SND-ET0FVAX9K2BXUCY3NJ88,2025-03-15 08:42:41,2025-03-15,CMP-8OG5OXVROMXD,CLI-28FOTL5QXMXE,Email,,¡Oferta especial en Tarjeta Crédito!,Sent,True,False,,False,,,False,,,,,,0.0037
SND-V82EGK2F6A78OXHGM6PB,2025-03-15 15:59:05,2025-03-15,CMP-8OG5OXVROMXD,CLI-NP2OJU6URFQW,Email,template_CMP-8OG5OXVROMXD_2,¡Oferta especial en Tarjeta Crédito!,Sent,True,False,,False,,,False,,,,,,
SND-CQEUE2488A3F8U6GJ3SB,2025-03-16 00:09:34,2025-03-15,CMP-NHBPKWMCNTDQ,CLI-QQ1PMUPS8S0I,SMS,template_CMP-NHBPKWMCNTDQ_2,,Sent,True,False,,False,,,False,,,,,,0.0692
SND-AS6SYEX98V9GP7MMVVLQ,2025-03-15 06:17:37,2025-03-15,CMP-NHBPKWMCNTDQ,CLI-G3B0PZ5DU4IN,SMS,template_CMP-NHBPKWMCNTDQ_3,,Sent,True,False,,False,,,False,,,,,,0.0922
SND-TZXBGY11VH1ZBY1R35U4,2025-03-15 06:24:34,2025-03-15,CMP-8OG5OXVROMXD,CLI-SNLV5FC51V7H,Email,template_CMP-8OG5OXVROMXD_5,¡Oferta especial en Tarjeta Crédito!,Sent,True,False,,False,,,False,,,,,,0.0022
SND-K9JD2G2JJUG6XIV6QD7C,2025-03-15 19:26:31,2025-03-15,CMP-8OG5OXVROMXD,CLI-D80KGLEA2W1S,Email,template_CMP-8OG5OXVROMXD_1,¡Oferta especial en Tarjeta Crédito!,Sent,True,False,,False,,,False,,,,,,0.0093
SND-I1CF9IIF6MYJPWGO0CYU,2025-03-15 22:59:44,2025-03-15,CMP-85H27OFZKCO6,CLI-9FXRM9TZJLBX,SMS,template_CMP-85H27OFZKCO6_3,,Sent,True,False,,False,,,False,,,,,,0.137
SND-Q5V2TLS46413JJEWRRWS,2025-03-16 00:10:50,2025-03-15,CMP-8OG5OXVROMXD,CLI-QAASK0NS1SNX,Email,template_CMP-8OG5OXVROMXD_2,¡Oferta especial en Tarjeta Crédito!,Sent,True,False,,False,,,False,,,,,,0.0015
SND-XTFGBBPU7OW66KVMRMB4,2025-03-15 16:00:00,2025-03-15,CMP-3RQ0RM77AJRO,CLI-Q1G65LSX7C9P,Email,template_CMP-3RQ0RM77AJRO_4,¡Oferta especial en Cuenta Corriente!,Sent,True,False,,False,,,False,,,,,,0.0067
SND-KWO4N2MAC2OSIDVY22OB,2025-03-15 12:16:57,2025-03-15,CMP-B9NYN6I82UTE,CLI-RTVC8TKWFWKA,Push,,,Sent,True,False,,False,,,False,,,,,,0.0009
SND-B99NFFY2W8I81QWEHIMN,2025-03-16 00:08:31,2025-03-15,CMP-LMRDWALFK2Y3,CLI-MEJQ7R5OAQ7E,SMS,template_CMP-LMRDWALFK2Y3_3,,Sent,True,False,,False,,,False,,,,,,0.1417
SND-1VZ58VAYN610Y07RLPM9,2025-03-15 09:30:13,2025-03-15,CMP-5CYPELXBDSTO,CLI-WMFQ6ICUPZCK,WhatsApp,template_CMP-5CYPELXBDSTO_2,,Sent,True,,,False,,,False,,,,,,0.0332
SND-Q62OV7ZLPKEXMF2YQM6W,2025-03-15 19:15:04,2025-03-15,CMP-5CYPELXBDSTO,CLI-VE0XGPXELNTQ,WhatsApp,template_CMP-5CYPELXBDSTO_4,,Sent,True,,,False,,,False,,,,,,0.0797
SND-CYD67ZWDPXG759PHC74U,2025-03-15 17:51:33,2025-03-15,CMP-85H27OFZKCO6,CLI-313BV6P8Y6IV,SMS,template_CMP-85H27OFZKCO6_2,,Sent,True,False,,False,,,False,,,,,,0.0548
SND-UZLVN33GM7A3VA8JPEKE,2025-03-16 05:18:17,2025-03-15,CMP-B9NYN6I82UTE,CLI-TCNXIG1WN09H,Push,template_CMP-B9NYN6I82UTE_2,,Sent,True,True,2025-03-21 23:13:48,False,,,False,,,,Colombia,,0.0006
SND-QI9KUDD302BBJGLXZ1SO,2025-03-15 20:20:11,2025-03-15,CMP-LMRDWALFK2Y3,CLI-J02V23MH197V,SMS,template_CMP-LMRDWALFK2Y3_5,,Sent,True,False,,False,,,False,,,,,,0.1251
SND-441CIM18X5CD60F36AC4,2025-03-15 16:53:16,2025-03-15,CMP-GQRJ44RTDT1P,CLI-TYDXB2FL637F,WhatsApp,template_CMP-GQRJ44RTDT1P_1,,Sent,True,,,False,,,False,,,,,,0.0573
SND-047SDKC3UJF5KMWV49MC,2025-03-15 10:07:41,2025-03-15,CMP-85H27OFZKCO6,CLI-V6X03VTZ6N7U,SMS,,,Sent,True,False,,False,,,False,,,,,,0.1256
SND-ZSMSO0U3PLFEKE10AM48,2025-03-15 23:31:50,2025-03-15,CMP-GQRJ44RTDT1P,CLI-8UB7FWFA3VTR,WhatsApp,template_CMP-GQRJ44RTDT1P_1,,Sent,True,,,False,,,False,,,,,,0.042
SND-4DE33BF02XECQE3DHI7B,2025-03-15 20:21:27,2025-03-15,CMP-3RQ0RM77AJRO,CLI-9HNS5D30M93D,Email,template_CMP-3RQ0RM77AJRO_2,¡Oferta especial en Cuenta Corriente!,Sent,True,False,,False,,,False,,,,,,0.0082
SND-IPETPRF4ZJDVN74RWJQL,2025-03-15 12:36:36,2025-03-15,CMP-8OG5OXVROMXD,CLI-7Q8Z6BR1NLUV,Email,template_CMP-8OG5OXVROMXD_5,¡Oferta especial en Tarjeta Crédito!,Sent,True,False,,False,,,False,,,,,,0.0039
SND-PD88E6QHC5DQWW0IQQB0,2025-03-15 17:54:08,2025-03-15,CMP-NHBPKWMCNTDQ,CLI-M9F2TYEV3M66,SMS,,,Sent,True,True,2025-03-16 14:25:17,False,,,False,,,Desktop,,,
SND-0V2RXHU52VOAELTORBMB,2025-03-15 12:52:26,2025-03-15,CMP-NHBPKWMCNTDQ,CLI-1UQDI3AJD0SN,SMS,template_CMP-NHBPKWMCNTDQ_4,,Sent,True,True,2025-03-17 15:40:38,True,2025-03-17 15:58:50,4.0,False,,,Mobile,Argentina,,0.0526
SND-Y2I5IISFBT8TSNZD5ALP,2025-03-16 02:42:33,2025-03-15,CMP-8OG5OXVROMXD,CLI-RWG5TQ335OS8,Email,template_CMP-8OG5OXVROMXD_3,¡Oferta especial en Tarjeta Crédito!,Sent,True,False,,False,,,False,,,,,,0.0037
SND-P62OQT42E6XZVAEAWKBC,2025-03-15 08:47:45,2025-03-15,CMP-GQRJ44RTDT1P,CLI-USZIU0WVG54Q,WhatsApp,,,Sent,True,,,False,,,False,,,,,,
SND-39SRH1FFWKOZVH5ELQC2,2025-03-15 13:37:44,2025-03-15,CMP-85H27OFZKCO6,CLI-7N8995BO7USG,SMS,template_CMP-85H27OFZKCO6_3,,Failed,False,,,False,,,False,,,,,SMTP error,
SND-J9ICQNQ2OHRSJWQYTROY,2025-03-16 02:54:18,2025-03-15,CMP-GQRJ44RTDT1P,CLI-DXNWTMUYMFL8,WhatsApp,template_CMP-GQRJ44RTDT1P_5,,Sent,True,,,False,,,False,,,,,,0.0423
SND-ZA5AX0FJUHUCQQX1VGWB,2025-03-15 07:02:48,2025-03-15,CMP-5CYPELXBDSTO,CLI-Q4X9OVR4FWUU,WhatsApp,template_CMP-5CYPELXBDSTO_2,,Sent,True,,,False,,,False,,,,,,0.0281
SND-4HEKK7I3SUJWXQG0CDAT,2025-03-16 00:11:06,2025-03-15,CMP-5CYPELXBDSTO,CLI-UB6PB297RBEY,WhatsApp,template_CMP-5CYPELXBDSTO_3,,Failed,False,,,False,,,False,,,,,SMTP error,
SND-C5V7PYPV1JCAWVNK3JF0,2025-03-15 17:36:03,2025-03-15,CMP-B9NYN6I82UTE,CLI-PYDRAM5H0N6R,Push,template_CMP-B9NYN6I82UTE_1,,Sent,True,True,2025-03-17 23:03:51,True,2025-03-17 23:12:43,2.0,False,,,Mobile,Argentina,,0.0003
SND-3QPNEIYQBKNQTDYD3W4E,2025-03-16 00:29:58,2025-03-15,CMP-NHBPKWMCNTDQ,CLI-H23BM3TLC4CT,SMS,template_CMP-NHBPKWMCNTDQ_5,,Sent,True,True,2025-03-20 20:33:03,False,,,False,,,Mobile,Argentina,,0.1084
SND-X3AM9K5EJ42I0IPOC7BT,2025-03-15 12:35:00,2025-03-15,CMP-3RQ0RM77AJRO,CLI-XJM83DHGLW38,Email,template_CMP-3RQ0RM77AJRO_5,¡Oferta especial en Cuenta Corriente!,Sent,True,False,,False,,,False,,,,,,
SND-XF5STP8FPDX0D915VRO7,2025-03-15 17:43:57,2025-03-15,CMP-3RQ0RM77AJRO,CLI-FMYKBU2AJ27L,Email,template_CMP-3RQ0RM77AJRO_5,¡Oferta especial en Cuenta Corriente!,Sent,True,True,2025-03-18 00:34:30,False,,,False,,,Mobile,Colombia,,0.01
SND-GXOMAN8P4U5GR1YIZ4UC,2025-03-15 11:32:53,2025-03-15,CMP-NHBPKWMCNTDQ,CLI-UX7XXRV3N65O,SMS,template_CMP-NHBPKWMCNTDQ_4,,Bounced,False,,,False,,,False,,,,,Invalid email address,
SND-5PGH24R30L39MJVKLS6R,2025-03-15 20:35:45,2025-03-15,CMP-5CYPELXBDSTO,CLI-3LICIC99CA2W,WhatsApp,template_CMP-5CYPELXBDSTO_2,,Sent,True,,,False,,,False,,,,,,
SND-0OWO6OL51KJK6XCOMO9R,2025-03-15 11:12:44,2025-03-15,CMP-85H27OFZKCO6,CLI-84087K870WGG,SMS,template_CMP-85H27OFZKCO6_1,,Sent,True,True,2025-03-18 02:11:52,True,2025-03-18 02:37:30,5.0,False,,,Desktop,Colombia,,0.0861
SND-NDY9LX8WO3Z7N9B7XDIW,2025-03-15 16:10:20,2025-03-15,CMP-5CYPELXBDSTO,CLI-DC130BBC3MEY,WhatsApp,template_CMP-5CYPELXBDSTO_4,,Sent,True,,,False,,,False,,,,,,0.0731
SND-IQVILZRC4PXS8UXOQNR5,2025-03-15 13:25:27,2025-03-15,CMP-GQRJ44RTDT1P,CLI-ZGB1WSXXTZVM,WhatsApp,template_CMP-GQRJ44RTDT1P_5,,Sent,True,,,False,,,False,,,,,,0.0269
SND-G6L10XWINH9UG9LSG0A7,2025-03-15 18:18:48,2025-03-15,CMP-GQRJ44RTDT1P,CLI-9YCRRCA8H5IB,WhatsApp,template_CMP-GQRJ44RTDT1P_1,,Sent,True,,,False,,,False,,,,,,
SND-WRIXY7XEMGEM8DOA5KHY,2025-03-15 23:47:05,2025-03-15,CMP-85H27OFZKCO6,CLI-QJRXC7Z5T3LK,SMS,template_CMP-85H27OFZKCO6_4,,Sent,True,True,2025-03-19 14:20:52,False,,,False,,,Tablet,Argentina,,0.1354
SND-9TEHH9A0OKUZY3N8G84Z,2025-03-16 03:06:12,2025-03-15,CMP-GQRJ44RTDT1P,CLI-UG7QU0H4PO5F,WhatsApp,,,Sent,True,,,False,,,False,,,,,,0.036
SND-T9AP8WCVP5CH8K70G3F8,2025-03-15 22:11:41,2025-03-15,CMP-5CYPELXBDSTO,CLI-SO4PDTH4XZB0,WhatsApp,template_CMP-5CYPELXBDSTO_4,,Sent,True,,,False,,,False,,,,,,
SND-6W7M7POAO4MOKBB5PVGW,2025-03-15 19:41:12,2025-03-15,CMP-B9NYN6I82UTE,CLI-UHJFBHUWZIN0,Push,template_CMP-B9NYN6I82UTE_4,,Sent,True,True,2025-03-16 14:26:16,False,,,False,,,Mobile,México,,0.0003
SND-9GAE9CHV0P4HM469D5OV,2025-03-16 05:44:16,2025-03-15,CMP-85H27OFZKCO6,CLI-QR7HZBH6ZSLS,SMS,template_CMP-85H27OFZKCO6_4,,Failed,False,,,False,,,False,,,,,SMTP error,
SND-U3AC8QIWAU4EUMM22RWB,2025-03-15 18:46:47,2025-03-15,CMP-8OG5OXVROMXD,CLI-6JWP597L5QBG,Email,template_CMP-8OG5OXVROMXD_1,¡Oferta especial en Tarjeta Crédito!,Sent,True,False,,False,,,False,,,,,,0.0061
SND-27E45CKOQ7723GCS88PL,2025-03-15 14:57:47,2025-03-15,CMP-3RQ0RM77AJRO,CLI-3L3M5V05R86X,Email,template_CMP-3RQ0RM77AJRO_3,¡Oferta especial en Cuenta Corriente!,Sent,True,False,,False,,,False,,,,,,0.0036
SND-H5OQUNJOU7LSNFFCJIRF,2025-03-15 13:41:09,2025-03-15,CMP-5CYPELXBDSTO,CLI-CB1V2KHBDPSK,WhatsApp,template_CMP-5CYPELXBDSTO_1,,Sent,True,,,False,,,False,,,,,,0.076
SND-D3GYTWB267MHZB51C6GP,2025-03-15 20:24:23,2025-03-15,CMP-3RQ0RM77AJRO,CLI-81K0S3MENW28,Email,template_CMP-3RQ0RM77AJRO_2,¡Oferta especial en Cuenta Corriente!,Sent,True,False,,False,,,False,,,,,,0.0083
SND-HPXF29MB9BTT2C17B300,2025-03-15 23:39:45,2025-03-15,CMP-85H27OFZKCO6,CLI-5TLVL8AB28ZA,SMS,template_CMP-85H27OFZKCO6_4,,Sent,True,False,,False,,,False,,,,,,0.0807
SND-4ND5H28T69CFEX57UQAT,2025-03-15 20:18:55,2025-03-15,CMP-8OG5OXVROMXD,CLI-9RK347TTINU7,Email,template_CMP-8OG5OXVROMXD_2,¡Oferta especial en Tarjeta Crédito!,Sent,True,False,,False,,,False,,,,,,0.0011
SND-A9VDWP7QBTES5BXF67IR,2025-03-15 13:46:29,2025-03-15,CMP-3RQ0RM77AJRO,CLI-AY7ZKBVRWSWK,Email,template_CMP-3RQ0RM77AJRO_4,¡Oferta especial en Cuenta Corriente!,Sent,True,True,2025-03-19 17:19:52,False,,,False,,,Desktop,Colombia,,0.002
SND-K39R6QE1NEEZM6ARC5KU,2025-03-16 02:20:30,2025-03-15,CMP-85H27OFZKCO6,CLI-PKIT7YSSINOW,SMS,template_CMP-85H27OFZKCO6_3,,Sent,True,True,2025-03-16 02:42:48,False,,,False,,,Mobile,México,,0.1419
SND-HAKXK82KWA5QGID8O1FS,2025-03-16 02:49:29,2025-03-15,CMP-3RQ0RM77AJRO,CLI-HV328O8PI8EZ,Email,template_CMP-3RQ0RM77AJRO_2,¡Oferta especial en Cuenta Corriente!,Sent,True,False,,False,,,False,,,,,,0.0016
SND-FXSU000I2T1MZ0G369IZ,2025-03-15 18:19:25,2025-03-15,CMP-8OG5OXVROMXD,CLI-536J6S84HY9V,Email,template_CMP-8OG5OXVROMXD_5,¡Oferta especial en Tarjeta Crédito!,Sent,True,False,,False,,,False,,,,,,0.0092
SND-1G30CR7J14ICNS6UTLBO,2025-03-15 17:33:31,2025-03-15,CMP-5CYPELXBDSTO,CLI-HS788V3T95DL,WhatsApp,template_CMP-5CYPELXBDSTO_3,,Sent,True,,,False,,,False,,,,,,
SND-G1EMOTBTOUCNUIXWVD9W,2025-03-15 08:26:20,2025-03-15,CMP-3RQ0RM77AJRO,CLI-A5FODJT95URE,Email,template_CMP-3RQ0RM77AJRO_5,¡Oferta especial en Cuenta Corriente!,Sent,True,False,,False,,,False,,,,,,0.0033
SND-IHO2GM2TQJPL8KZIDI9G,2025-03-15 08:01:58,2025-03-15,CMP-LMRDWALFK2Y3,CLI-9OX5Z0D0ATEQ,SMS,template_CMP-LMRDWALFK2Y3_1,,Sent,True,True,2025-03-18 11:21:20,True,2025-03-18 11:23:44,2.0,False,,,,México,,0.1001
SND-98BJWO7H1179RLGQVY95,2025-03-15 09:19:59,2025-03-15,CMP-B9NYN6I82UTE,CLI-CIJQGIBG8UME,Push,template_CMP-B9NYN6I82UTE_2,,Sent,True,False,,False,,,False,,,,,,0.0008
SND-W5AUG8Z01F1N05KAVSAH,2025-03-15 15:33:34,2025-03-15,CMP-85H27OFZKCO6,CLI-NGNPGDZAX8E5,SMS,template_CMP-85H27OFZKCO6_2,,Sent,True,True,2025-03-17 17:55:20,False,,,False,,,Mobile,Colombia,,0.1393
SND-VE8HKNG1Y8MA0N61M0M2,2025-03-15 15:02:46,2025-03-15,CMP-GQRJ44RTDT1P,CLI-2PZ9MV9W0RX1,WhatsApp,template_CMP-GQRJ44RTDT1P_3,,Sent,True,,,False,,,False,,,,,,0.0764
SND-5QE8YPAHW1ZCARRNBE5F,2025-03-15 17:31:31,2025-03-15,CMP-NHBPKWMCNTDQ,CLI-RRPXJITQI7X1,SMS,template_CMP-NHBPKWMCNTDQ_3,,Sent,True,False,,False,,,False,,,,,,
SND-6ZXST7M9YWFPK3PBATPL,2025-03-16 04:43:53,2025-03-15,CMP-8OG5OXVROMXD,CLI-AS0Z7VQ3XQ1U,Email,template_CMP-8OG5OXVROMXD_3,¡Oferta especial en Tarjeta Crédito!,Failed,False,,,False,,,False,,,,,SMTP error,0.0084
SND-FA3RYG8AMIHVV1HNI2OU,2025-03-15 17:56:37,2025-03-15,CMP-LMRDWALFK2Y3,CLI-Y65MBST6PSZ9,SMS,template_CMP-LMRDWALFK2Y3_2,,Sent,True,False,,False,,,False,,,,,,0.0742
SND-AW82FE4DISHYBRC39GPZ,2025-03-16 00:05:35,2025-03-15,CMP-GQRJ44RTDT1P,CLI-S49WNR80HJVS,WhatsApp,template_CMP-GQRJ44RTDT1P_3,,Sent,True,,,False,,,False,,,,,,0.049
SND-8OGLBXSGPD1NO21J8Z94,2025-03-16 00:25:48,2025-03-15,CMP-85H27OFZKCO6,CLI-TPGOY62MDGPM,SMS,template_CMP-85H27OFZKCO6_4,,Sent,True,True,2025-03-21 14:51:15,False,,,False,,,Desktop,Colombia,,0.0626
SND-2FX2U0KWD3ONBD9UECSU,2025-03-15 09:42:28,2025-03-15,CMP-GQRJ44RTDT1P,CLI-X5XPRZU1A5HM,WhatsApp,template_CMP-GQRJ44RTDT1P_4,,Sent,True,,,False,,,False,,,,,,0.0366
SND-2HR3ATC1QWNFPLX0SWPO,2025-03-15 08:20:54,2025-03-15,CMP-5CYPELXBDSTO,CLI-DDDZJ7ALOLFR,WhatsApp,template_CMP-5CYPELXBDSTO_2,,Sent,True,,,False,,,False,,,,,,0.0223
SND-L7TUE3U3ILLKBG56BMZG,2025-03-15 20:24:13,2025-03-15,CMP-NHBPKWMCNTDQ,CLI-L18VEPRJPSSW,SMS,template_CMP-NHBPKWMCNTDQ_2,,Sent,True,True,2025-03-21 03:37:10,False,,,False,,,Tablet,México,,0.0671
SND-C7P943M6BMG5YZ6M2BHY,2025-03-15 13:53:17,2025-03-15,CMP-85H27OFZKCO6,CLI-PKY5X15NX2YV,SMS,template_CMP-85H27OFZKCO6_4,,Sent,True,False,,False,,,False,,,,,,
SND-79CVP4HM312LT4WTXM3W,2025-03-16 05:43:14,2025-03-15,CMP-8OG5OXVROMXD,CLI-JPTIVY0VNVBG,Email,template_CMP-8OG5OXVROMXD_2,¡Oferta especial en Tarjeta Crédito!,Sent,True,True,2025-03-22 21:34:45,True,2025-03-22 21:44:23,4.0,False,,,Tablet,Argentina,,
SND-KTPBBT78VUE3H5ILCF7X,2025-03-15 09:25:34,2025-03-15,CMP-B9NYN6I82UTE,CLI-W1RYITFF4GOL,Push,template_CMP-B9NYN6I82UTE_3,,Sent,True,False,,False,,,False,,,,,,0.0006
SND-M37U28AN14B1PX42AYAK,2025-03-16 02:04:34,2025-03-15,CMP-3RQ0RM77AJRO,CLI-E7D9C894E2MM,Email,template_CMP-3RQ0RM77AJRO_4,¡Oferta especial en Cuenta Corriente!,Sent,True,False,,False,,,False,,,,,,
SND-Z00WR0C61MB7K3E9M5GY,2025-03-16 04:15:42,2025-03-15,CMP-3RQ0RM77AJRO,CLI-DF2WV6LBN1U5,Email,template_CMP-3RQ0RM77AJRO_3,¡Oferta especial en Cuenta Corriente!,Sent,True,True,2025-03-17 09:57:19,False,,,False,,,Desktop,México,,0.0094
SND-ZWPF95KLNA05GM2SMYVR,2025-03-15 21:16:51,2025-03-15,CMP-3RQ0RM77AJRO,CLI-3J4RWLIXCQUW,Email,template_CMP-3RQ0RM77AJRO_5,¡Oferta especial en Cuenta Corriente!,Sent,True,False,,False,,,False,,,,,,0.0047
SND-CZRL6YE1P031V2Z7JRKA,2025-03-15 17:34:01,2025-03-15,CMP-GQRJ44RTDT1P,CLI-PZT5413Y40L3,WhatsApp,template_CMP-GQRJ44RTDT1P_5,,Sent,True,,,False,,,False,,,,,,0.059
SND-F320OAGITAO5CMDGJ9IN,2025-03-15 21:26:59,2025-03-15,CMP-LMRDWALFK2Y3,CLI-IJ6H7TPRKNZO,SMS,template_CMP-LMRDWALFK2Y3_1,,Sent,True,True,2025-03-19 21:06:18,False,,,False,,,Tablet,México,,0.0685
SND-F656OO1J3JILETG4LVDQ,2025-03-15 13:20:59,2025-03-15,CMP-LMRDWALFK2Y3,CLI-8UVMEAUA7X22,SMS,template_CMP-LMRDWALFK2Y3_3,,Sent,True,False,,False,,,False,,,,,,0.0982
SND-GNNZUNFSSTD2G5Y8QZZ5,2025-03-15 14:26:25,2025-03-15,CMP-85H27OFZKCO6,CLI-XWWBFRM2UQ3F,SMS,template_CMP-85H27OFZKCO6_4,,Sent,True,False,,False,,,False,,,,,,0.1311
SND-E78YNSXMCKB4IMW9EWN8,2025-03-15 16:50:03,2025-03-15,CMP-3RQ0RM77AJRO,CLI-CFHSFY5CZEH9,Email,template_CMP-3RQ0RM77AJRO_4,¡Oferta especial en Cuenta Corriente!,Sent,True,False,,False,,,False,,,,,,0.0099
SND-DQ9HSSQFHIZ3S621CZ8I,2025-03-15 09:19:03,2025-03-15,CMP-85H27OFZKCO6,CLI-6WT5ZYVNK7Q9,SMS,template_CMP-85H27OFZKCO6_2,,Sent,True,False,,False,,,False,,,,,,
SND-M0ZUAB16GX5SUIGYPAQO,2025-03-15 18:10:48,2025-03-15,CMP-GQRJ44RTDT1P,CLI-UEX6UV77ZUEQ,WhatsApp,template_CMP-GQRJ44RTDT1P_1,,Sent,True,,,False,,,False,,,,,,0.0462
SND-JVKZU3SNVDL8WTYA8JMJ,2025-03-15 08:25:01,2025-03-15,CMP-3RQ0RM77AJRO,CLI-37IW971Q2RUY,Email,template_CMP-3RQ0RM77AJRO_2,,Sent,True,False,,False,,,False,,,,,,0.0087
SND-PW5CMLPWZRK4SX6X12WU,2025-03-16 03:14:40,2025-03-15,CMP-3RQ0RM77AJRO,CLI-HEYR2KED2CL5,Email,template_CMP-3RQ0RM77AJRO_4,¡Oferta especial en Cuenta Corriente!,Sent,True,False,,False,,,False,,,,,,0.0075
SND-Q7S0CNHA82MCB5WNCO84,2025-03-15 16:38:31,2025-03-15,CMP-5CYPELXBDSTO,CLI-7EUYRM0EGBCV,WhatsApp,template_CMP-5CYPELXBDSTO_2,,Sent,True,,,False,,,False,,,,,,0.0513
SND-IC8S9X53K4J2ZMMG4X90,2025-03-15 16:01:54,2025-03-15,CMP-8OG5OXVROMXD,CLI-9EFR1U8OHIXZ,Email,template_CMP-8OG5OXVROMXD_3,¡Oferta especial en Tarjeta Crédito!,Sent,True,False,,False,,,False,,,,,,0.009
SND-0UXQQ3N6VBQFWEOAP09G,2025-03-15 14:13:40,2025-03-15,CMP-B9NYN6I82UTE,CLI-ODRQT1KMMPW9,Push,template_CMP-B9NYN6I82UTE_3,,Sent,True,True,2025-03-18 14:39:51,False,,,False,,,,México,,0.0008
SND-RAMJREWBC6EY8JC0TCAJ,2025-03-15 20:01:55,2025-03-15,CMP-3RQ0RM77AJRO,CLI-P06BE8NG0B3J,Email,,¡Oferta especial en Cuenta Corriente!,Sent,True,True,2025-03-16 00:15:14,False,,,False,,,Tablet,Colombia,,0.0036
SND-BKRVX73SA5KEXUICY279,2025-03-15 14:33:32,2025-03-15,CMP-B9NYN6I82UTE,CLI-GR8LV4QR5G7U,Push,template_CMP-B9NYN6I82UTE_1,,Sent,True,False,,False,,,False,,,,,,0.0004
SND-KA8T9VOWYAIRL37QQWAP,2025-03-15 16:54:42,2025-03-15,CMP-LMRDWALFK2Y3,CLI-M6AVDXQ8P0RA,SMS,template_CMP-LMRDWALFK2Y3_5,,Sent,True,False,,False,,,False,,,,,,0.0566
SND-583DXAHO1J41IV0X1OP9,2025-03-15 13:48:43,2025-03-15,CMP-B9NYN6I82UTE,CLI-OKNDBD7DC048,Push,template_CMP-B9NYN6I82UTE_3,,Sent,True,True,2025-03-17 11:18:22,False,,,False,,,,,,0.0007
SND-EW2C4N0PBV4O3T89I8YW,2025-03-15 17:44:29,2025-03-15,CMP-85H27OFZKCO6,CLI-LRQ9L0KK23V6,SMS,template_CMP-85H27OFZKCO6_3,,Sent,True,True,2025-03-18 02:15:24,True,2025-03-18 02:21:20,4.0,False,,,Mobile,Argentina,,
SND-T6PPHEIIGRU353DOMVMY,2025-03-16 00:16:44,2025-03-15,CMP-85H27OFZKCO6,CLI-M9I2I8D9QG28,SMS,,,Sent,True,True,2025-03-19 11:52:11,False,,,False,,,Tablet,Argentina,,0.138
SND-WQBQ6QXV6H3ZTO9OR3KN,2025-03-15 20:56:59,2025-03-15,CMP-5CYPELXBDSTO,CLI-S7YPOHY4DRTS,WhatsApp,template_CMP-5CYPELXBDSTO_3,,Sent,True,,,False,,,False,,,,,,
SND-7GV4QLMT4WNOODMEOA8P,2025-03-15 23:10:22,2025-03-15,CMP-LMRDWALFK2Y3,CLI-8VWYH2V9UIF7,SMS,template_CMP-LMRDWALFK2Y3_1,,Sent,True,False,,False,,,False,,,,,,0.1133
SND-KJQ25Z1OYQF1SFKU42LX,2025-03-15 11:18:56,2025-03-15,CMP-GQRJ44RTDT1P,CLI-ARF5WBRL87WI,WhatsApp,template_CMP-GQRJ44RTDT1P_4,,Sent,True,,,False,,,False,,,,,,
SND-MEVMRM5OBHLCEDEWLABW,2025-03-15 21:35:40,2025-03-15,CMP-LMRDWALFK2Y3,CLI-VW125YK8224Z,SMS,template_CMP-LMRDWALFK2Y3_4,,Sent,True,True,2025-03-18 14:34:25,False,,,False,,,Desktop,México,,0.1315
SND-K8OA4FIUDL8TQ0XJF87B,2025-03-15 07:50:01,2025-03-15,CMP-5CYPELXBDSTO,CLI-NJJQDVVFLRV2,WhatsApp,template_CMP-5CYPELXBDSTO_2,,Sent,True,,,False,,,False,,,,,,0.0683
SND-TCAB30NGPEAKX06ZLKN4,2025-03-15 22:33:35,2025-03-15,CMP-GQRJ44RTDT1P,CLI-09EEG1JCL0QB,WhatsApp,template_CMP-GQRJ44RTDT1P_4,,Sent,True,,,False,,,False,,,,,,0.0414
SND-C6BZI9HA62S6DPO9BF9C,2025-03-15 16:51:03,2025-03-15,CMP-NHBPKWMCNTDQ,CLI-7V39MWXQDMFX,SMS,template_CMP-NHBPKWMCNTDQ_3,,Sent,True,True,2025-03-22 15:20:39,False,,,False,,,Tablet,México,,0.0509
SND-SKJI48KFJA8AX3VGIQ28,2025-03-15 11:16:15,2025-03-15,CMP-3RQ0RM77AJRO,CLI-X1AN4C8L7BLQ,Email,template_CMP-3RQ0RM77AJRO_2,¡Oferta especial en Cuenta Corriente!,Sent,True,True,2025-03-18 12:35:25,False,,,False,,,Desktop,México,,0.0097
SND-61KZD7G64D4P47SMFUT2,2025-03-16 05:57:37,2025-03-15,CMP-8OG5OXVROMXD,CLI-NPS2KDX8UJQL,Email,template_CMP-8OG5OXVROMXD_2,¡Oferta especial en Tarjeta Crédito!,Sent,True,False,,False,,,False,,,,,,0.0066
SND-PSNTR8S8ZK2797VQDLCO,2025-03-15 17:44:18,2025-03-15,CMP-B9NYN6I82UTE,CLI-0HU0MMA8351W,Push,template_CMP-B9NYN6I82UTE_2,,Sent,True,False,,False,,,False,,,,,,0.0003
SND-IHITM4YY9XMUNL6ZG33R,2025-03-15 15:31:33,2025-03-15,CMP-3RQ0RM77AJRO,CLI-KC6YROIU5O8A,Email,template_CMP-3RQ0RM77AJRO_1,¡Oferta especial en Cuenta Corriente!,Sent,True,False,,False,,,False,,,,,,0.0017
SND-0J7PA12D95JYD36VSYSJ,2025-03-15 20:43:13,2025-03-15,CMP-3RQ0RM77AJRO,CLI-UNQBHKCOZAB8,Email,template_CMP-3RQ0RM77AJRO_1,¡Oferta especial en Cuenta Corriente!,Sent,True,False,,False,,,False,,,,,,0.006
SND-OERXI0D8W1RH6T2APE6M,2025-03-16 02:25:08,2025-03-15,CMP-8OG5OXVROMXD,CLI-1UYQCT8YCZG6,Email,template_CMP-8OG5OXVROMXD_3,¡Oferta especial en Tarjeta Crédito!,Sent,True,False,,False,,,False,,,,,,0.007
SND-JEKX8Z9CYOOW95ORAQU7,2025-03-15 18:47:33,2025-03-15,CMP-8OG5OXVROMXD,CLI-XOB7F8QMBGJU,Email,,¡Oferta especial en Tarjeta Crédito!,Sent,True,False,,False,,,False,,,,,,0.0065
SND-6Q7WVJJ3LC2D03JAG818,2025-03-16 01:08:22,2025-03-15,CMP-85H27OFZKCO6,CLI-X5FFUU41KIH8,SMS,template_CMP-85H27OFZKCO6_2,,Sent,True,True,2025-03-21 04:13:07,True,2025-03-21 04:28:42,2.0,True,2025-03-23 05:45:26,939.82,Tablet,México,,0.0873
SND-22GIHV4E6P5RB1LW5C37,2025-03-15 11:19:32,2025-03-15,CMP-B9NYN6I82UTE,CLI-7DDXSFT1XQSQ,Push,template_CMP-B9NYN6I82UTE_4,,Sent,True,False,,False,,,False,,,,,,0.0003
SND-QCKUWB5QEHIW0QTNACUG,2025-03-15 22:44:06,2025-03-15,CMP-LMRDWALFK2Y3,CLI-LEM56RPH2R3C,SMS,template_CMP-LMRDWALFK2Y3_2,,Sent,True,True,2025-03-22 15:13:23,False,,,False,,,Tablet,Colombia,,0.1312
SND-DD2EWX9SJ72INVAN8GYO,2025-03-16 02:15:57,2025-03-15,CMP-5CYPELXBDSTO,CLI-765RFXZXBV5Q,WhatsApp,template_CMP-5CYPELXBDSTO_5,,Sent,True,,,False,,,False,,,,,,0.05
SND-6T9215O1ZE856BGH87X6,2025-03-16 01:33:31,2025-03-15,CMP-LMRDWALFK2Y3,CLI-NP6K3SRKT5HB,SMS,template_CMP-LMRDWALFK2Y3_3,,Bounced,False,,,False,,,False,,,,,Invalid email address,
SND-S7ZWPJZDDXFACIBECMBK,2025-03-15 18:14:57,2025-03-15,CMP-GQRJ44RTDT1P,CLI-CJPO648MSNPF,WhatsApp,template_CMP-GQRJ44RTDT1P_3,,Sent,True,,,False,,,False,,,,,,0.048
SND-QJZQAJ3A4S3ND6Z4SVS6,2025-03-15 17:26:14,2025-03-15,CMP-85H27OFZKCO6,CLI-B9L50RM8D44A,SMS,template_CMP-85H27OFZKCO6_2,,Sent,True,False,,False,,,False,,,,,,0.1253
SND-VQRCN6N9A5V1NPA53YR5,2025-03-15 19:27:19,2025-03-15,CMP-5CYPELXBDSTO,CLI-PNFPDZJ9WMVS,WhatsApp,template_CMP-5CYPELXBDSTO_2,,Sent,True,,,False,,,False,,,,,,0.0757
SND-93U2C1BO90XWZHPI74MT,2025-03-15 20:43:11,2025-03-15,CMP-8OG5OXVROMXD,CLI-3GFZW95B08XV,Email,,¡Oferta especial en Tarjeta Crédito!,Sent,True,False,,False,,,False,,,,,,
SND-0ELF6DF701JFAFKU0D3F,2025-03-15 15:49:15,2025-03-15,CMP-NHBPKWMCNTDQ,CLI-2DAF5MGMKP6Y,SMS,template_CMP-NHBPKWMCNTDQ_2,,Sent,True,True,2025-03-20 15:54:41,False,,,False,,,Desktop,Argentina,,0.1106
SND-R39LG0082LJHJ50ACQP8,2025-03-15 08:41:34,2025-03-15,CMP-3RQ0RM77AJRO,CLI-BOAP4JMCI4GQ,Email,template_CMP-3RQ0RM77AJRO_1,¡Oferta especial en Cuenta Corriente!,Sent,True,False,,False,,,False,,,,,,
SND-V935QU9K94EBN2ISDA60,2025-03-15 07:25:43,2025-03-15,CMP-NHBPKWMCNTDQ,CLI-T1SBHCU39IQA,SMS,template_CMP-NHBPKWMCNTDQ_3,,Sent,True,False,,False,,,False,,,,,,0.0748
SND-ACUBZWE1H38ZLHRLKMCB,2025-03-15 12:04:18,2025-03-15,CMP-LMRDWALFK2Y3,CLI-P2ZW26JVOMIU,SMS,template_CMP-LMRDWALFK2Y3_1,,Sent,True,True,2025-03-19 21:26:22,False,,,False,,,Mobile,México,,0.0808
SND-HES8SM81YT4EZUZBXMJD,2025-03-16 05:55:51,2025-03-15,CMP-NHBPKWMCNTDQ,CLI-HJP6R0IOLCWY,SMS,template_CMP-NHBPKWMCNTDQ_1,,Sent,True,False,,False,,,False,,,,,,0.0918
SND-4CNSTZPRG1EXQUWFBS4R,2025-03-16 03:26:23,2025-03-15,CMP-3RQ0RM77AJRO,CLI-CC9F2LU4LNBQ,Email,template_CMP-3RQ0RM77AJRO_3,¡Oferta especial en Cuenta Corriente!,Bounced,False,,,False,,,False,,,,,Invalid email address,0.0066
SND-3JPDGHBLBUAEC54RCH93,2025-03-16 01:19:56,2025-03-15,CMP-8OG5OXVROMXD,CLI-ZNSRDZ49ROCJ,Email,template_CMP-8OG5OXVROMXD_2,¡Oferta especial en Tarjeta Crédito!,Sent,True,False,,False,,,False,,,,,,0.0018
SND-Q5BWRMI2RHKKI8H28XDF,2025-03-15 06:45:39,2025-03-15,CMP-B9NYN6I82UTE,CLI-BXKRZWKJM1QC,Push,template_CMP-B9NYN6I82UTE_2,,Sent,True,True,2025-03-16 21:38:50,False,,,False,,,Mobile,México,,0.0004
SND-AID7P44HFNZW1GQC7OXR,2025-03-15 12:03:40,2025-03-15,CMP-85H27OFZKCO6,CLI-YOGSMJYYF5YL,SMS,template_CMP-85H27OFZKCO6_1,,Sent,True,True,2025-03-17 06:52:06,False,,,False,,,Mobile,Argentina,,
SND-MYC7T01AB40E58EZ9W25,2025-03-15 11:35:55,2025-03-15,CMP-B9NYN6I82UTE,CLI-2SMI6HNOJJCZ,Push,template_CMP-B9NYN6I82UTE_2,,Sent,True,False,,False,,,False,,,,,,0.0006
SND-IDDYKMMEOHS5J8N3PBYA,2025-03-16 00:35:04,2025-03-15,CMP-B9NYN6I82UTE,CLI-WBJ4JELZWD9Z,Push,,,Sent,True,False,,False,,,False,,,,,,0.001
SND-JDLMN5907D3TYPP6W7Y0,2025-03-16 02:18:46,2025-03-15,CMP-3RQ0RM77AJRO,CLI-DAG0SSHBS1GH,Email,template_CMP-3RQ0RM77AJRO_1,¡Oferta especial en Cuenta Corriente!,Failed,False,,,False,,,False,,,,,SMTP error,0.0026
SND-WWTJWWY81GDOYCVK6VXZ,2025-03-15 23:04:39,2025-03-15,CMP-B9NYN6I82UTE,CLI-SKR5FKH63VAA,Push,template_CMP-B9NYN6I82UTE_5,,Sent,True,False,,False,,,False,,,,,,0.0009
SND-IY1K5FPX4CDEPKY95WMW,2025-03-16 05:54:38,2025-03-15,CMP-3RQ0RM77AJRO,CLI-UIX5QG75R4E5,Email,template_CMP-3RQ0RM77AJRO_5,¡Oferta especial en Cuenta Corriente!,Sent,True,False,,False,,,False,,,,,,0.0092
SND-ROBJIC1AODHYZSH8RI6Z,2025-03-15 16:29:27,2025-03-15,CMP-GQRJ44RTDT1P,CLI-HWIQXR7GSV00,WhatsApp,template_CMP-GQRJ44RTDT1P_1,,Sent,True,,,False,,,False,,,,,,0.0783
SND-WCS68PP9QS4BRRG093SX,2025-03-15 15:12:29,2025-03-15,CMP-B9NYN6I82UTE,CLI-ZTCDWQSS6HF6,Push,template_CMP-B9NYN6I82UTE_5,,Sent,True,False,,False,,,False,,,,,,
SND-GI3KUQC1N9ZTSTC3A3LZ,2025-03-15 21:25:10,2025-03-15,CMP-NHBPKWMCNTDQ,CLI-M88TJZ88KU3C,SMS,template_CMP-NHBPKWMCNTDQ_2,,Sent,True,False,,False,,,False,,,,,,0.0859
SND-PFPFZCMU6PWRXRZWFA9C,2025-03-15 15:22:29,2025-03-15,CMP-GQRJ44RTDT1P,CLI-FDPTV9CY4DPM,WhatsApp,template_CMP-GQRJ44RTDT1P_5,,Sent,True,,,False,,,False,,,,,,0.0287
SND-P0WUQ0T7P7GXJA1NIBFT,2025-03-16 00:04:47,2025-03-15,CMP-LMRDWALFK2Y3,CLI-UEJM874V8JHO,SMS,template_CMP-LMRDWALFK2Y3_4,,Sent,True,False,,False,,,False,,,,,,0.1291
SND-Q2U4E60VN98IZID5EM6O,2025-03-16 02:26:58,2025-03-15,CMP-8OG5OXVROMXD,CLI-WQR8O8SF7MUJ,Email,template_CMP-8OG5OXVROMXD_5,¡Oferta especial en Tarjeta Crédito!,Sent,True,False,,False,,,False,,,,,,
SND-S7LHADIIITJJCW5N0A9Q,2025-03-16 04:20:29,2025-03-15,CMP-GQRJ44RTDT1P,CLI-PFYWU3RNBTKB,WhatsApp,template_CMP-GQRJ44RTDT1P_3,,Sent,True,,,False,,,False,,,,,,0.0738
SND-GTW0U08OH72UPU6AA97M,2025-03-16 00:48:21,2025-03-15,CMP-85H27OFZKCO6,CLI-DT4XT638ODVU,SMS,template_CMP-85H27OFZKCO6_4,,Failed,False,,,False,,,False,,,,,SMTP error,0.0739
SND-EUQJU51LLW805FB58NSH,2025-03-15 14:27:09,2025-03-15,CMP-LMRDWALFK2Y3,CLI-WJZ9SK7NY0HV,SMS,template_CMP-LMRDWALFK2Y3_4,,Sent,True,True,2025-03-16 21:00:34,False,,,False,,,Tablet,Colombia,,0.0542
SND-OZWKKSZN143ZXWT3589L,2025-03-15 14:31:27,2025-03-15,CMP-3RQ0RM77AJRO,CLI-7SUACPH6DARG,Email,template_CMP-3RQ0RM77AJRO_2,¡Oferta especial en Cuenta Corriente!,Sent,True,False,,False,,,False,,,,,,0.0014
SND-WYFR9O6AXCENVR7V0IBH,2025-03-15 22:44:08,2025-03-15,CMP-B9NYN6I82UTE,CLI-8QN0LXEMEVE3,Push,template_CMP-B9NYN6I82UTE_1,,Sent,True,False,,False,,,False,,,,,,0.0004
SND-LNA93L2WD328IM9FRGFL,2025-03-15 15:10:00,2025-03-15,CMP-NHBPKWMCNTDQ,CLI-HZ0KSVS4UE3H,SMS,template_CMP-NHBPKWMCNTDQ_2,,Sent,True,True,2025-03-21 00:49:46,False,,,False,,,Tablet,México,,0.081
SND-MO3C5G8DRZ0WU7WLSAWA,2025-03-15 22:54:50,2025-03-15,CMP-GQRJ44RTDT1P,CLI-4M6YW8LM4WUE,WhatsApp,template_CMP-GQRJ44RTDT1P_4,,Sent,True,,,False,,,False,,,,,,0.0515
SND-KRWZEAAEGQ3R6KEP8DM7,2025-03-15 07:35:37,2025-03-15,CMP-3RQ0RM77AJRO,CLI-9USG59L5TRXP,Email,template_CMP-3RQ0RM77AJRO_4,¡Oferta especial en Cuenta Corriente!,Sent,True,False,,False,,,False,,,,,,0.009
SND-S21A1Y11SRPBJTJ8TLVE,2025-03-15 20:52:49,2025-03-15,CMP-GQRJ44RTDT1P,CLI-MIA9Z2SH4IY6,WhatsApp,template_CMP-GQRJ44RTDT1P_5,,Sent,True,,,False,,,False,,,,,,0.0715
SND-8UHV5KYWIMHJ6ZXA1E4S,2025-03-16 03:05:39,2025-03-15,CMP-GQRJ44RTDT1P,CLI-EMGIWRI8HOHH,WhatsApp,template_CMP-GQRJ44RTDT1P_2,,Sent,True,,,False,,,False,,,,,,0.0393
SND-RM30XKDJSK2XOXBNHN86,2025-03-15 13:51:08,2025-03-15,CMP-NHBPKWMCNTDQ,CLI-DLC91F233PYQ,SMS,template_CMP-NHBPKWMCNTDQ_3,,Sent,True,True,2025-03-20 22:08:32,False,,,False,,,Desktop,Colombia,,0.0542
SND-0QLPUKAPWBG5K4DQHGPN,2025-03-15 16:35:47,2025-03-15,CMP-3RQ0RM77AJRO,CLI-KW7TI5G372BZ,Email,template_CMP-3RQ0RM77AJRO_1,¡Oferta especial en Cuenta Corriente!,Blocked,False,,,False,,,False,,,,,User blocked sender,0.0025
SND-XWUP7M8NJ717VMMGK8K3,2025-03-15 08:16:14,2025-03-15,CMP-85H27OFZKCO6,CLI-CPEYQN7PAXXH,SMS,template_CMP-85H27OFZKCO6_5,,Sent,True,True,2025-03-19 01:55:20,False,,,False,,,Tablet,México,,0.1123
SND-FB321UIZF06YJPHNCSY9,2025-03-16 02:58:45,2025-03-15,CMP-B9NYN6I82UTE,CLI-4SWMWVQNJ6SQ,Push,template_CMP-B9NYN6I82UTE_5,,Sent,True,True,2025-03-16 18:44:47,False,,,False,,,Tablet,,,0.0003
SND-YL1WPB4XFSNF5LL6YPRZ,2025-03-15 21:19:04,2025-03-15,CMP-NHBPKWMCNTDQ,CLI-F3AJ4JJMLYUA,SMS,template_CMP-NHBPKWMCNTDQ_1,,Sent,True,False,,False,,,False,,,,,,
SND-DAI9DFNB9JKWMJUU6XT4,2025-03-15 22:53:50,2025-03-15,CMP-B9NYN6I82UTE,CLI-MF9C34233AIM,Push,template_CMP-B9NYN6I82UTE_1,,Sent,True,True,2025-03-19 08:02:22,True,2025-03-19 08:30:11,5.0,False,,,Tablet,México,,0.0007
SND-TDEGT9VR8QMOOSCB1QB5,2025-03-15 07:40:02,2025-03-15,CMP-GQRJ44RTDT1P,CLI-P6S6D2D2QPVC,WhatsApp,template_CMP-GQRJ44RTDT1P_5,,Sent,True,,,False,,,False,,,,,,0.078
SND-6OAYCIR53PNNILA594Z3,2025-03-15 22:28:34,2025-03-15,CMP-85H27OFZKCO6,CLI-HB6MRYZ57NL6,SMS,template_CMP-85H27OFZKCO6_4,,Sent,True,True,2025-03-18 12:27:46,False,,,False,,,,Colombia,,0.0974
SND-X57MRJRNKNHAQH6PN42I,2025-03-16 02:44:52,2025-03-15,CMP-5CYPELXBDSTO,CLI-85UR6X9IUFAJ,WhatsApp,template_CMP-5CYPELXBDSTO_5,,Sent,True,,,False,,,False,,,,,,0.0748
SND-LTSAER7JMY3BGT8NTZ7W,2025-03-15 07:59:15,2025-03-15,CMP-NHBPKWMCNTDQ,CLI-N5GV3A6A58FW,SMS,template_CMP-NHBPKWMCNTDQ_5,,Sent,True,False,,False,,,False,,,,,,0.0702
SND-7DDN96CEYUIFJETOQ16O,2025-03-15 08:02:53,2025-03-15,CMP-LMRDWALFK2Y3,CLI-P20UQESYDYDG,SMS,template_CMP-LMRDWALFK2Y3_2,,Sent,True,False,,False,,,False,,,,,,
SND-NACRJSAV1OOT6LW56YUS,2025-03-15 10:20:48,2025-03-15,CMP-LMRDWALFK2Y3,CLI-885BKDN9K0KT,SMS,template_CMP-LMRDWALFK2Y3_5,,Sent,True,True,2025-03-18 08:11:43,False,,,False,,,Desktop,México,,0.0774
SND-5XMOKTZGY42VGPEGXFF5,2025-03-15 10:49:37,2025-03-15,CMP-B9NYN6I82UTE,CLI-QD42TW5CYDWV,Push,template_CMP-B9NYN6I82UTE_1,,Sent,True,False,,False,,,False,,,,,,0.0002
SND-NKOSNUX1B450FXEFOQ13,2025-03-15 22:18:26,2025-03-15,CMP-5CYPELXBDSTO,CLI-K6YCQO7CVZ7P,WhatsApp,template_CMP-5CYPELXBDSTO_3,,Sent,True,,,False,,,False,,,,,,
SND-8MOZOM68MDJIKHW1NNCD,2025-03-15 18:22:27,2025-03-15,CMP-GQRJ44RTDT1P,CLI-QVN4M9AVCK14,WhatsApp,template_CMP-GQRJ44RTDT1P_5,,Sent,True,,,False,,,False,,,,,,0.0686
SND-NTWSCYTXRHUKTYVIRWPK,2025-03-15 22:28:41,2025-03-15,CMP-NHBPKWMCNTDQ,CLI-M1SAT1EREJLZ,SMS,template_CMP-NHBPKWMCNTDQ_2,,Failed,False,,,False,,,False,,,,,SMTP error,0.0939
SND-5US2D3KLBRAVZSQQO3SG,2025-03-15 08:39:58,2025-03-15,CMP-85H27OFZKCO6,CLI-BRHARO30BA0A,SMS,template_CMP-85H27OFZKCO6_4,,Sent,True,True,2025-03-19 17:05:47,True,2025-03-19 17:28:42,2.0,False,,,Mobile,,,0.1105
SND-JGNO5EKT8J7EXFB1EGKK,2025-03-15 16:26:24,2025-03-15,CMP-5CYPELXBDSTO,CLI-7D5MDNCWDZX5,WhatsApp,template_CMP-5CYPELXBDSTO_3,,Sent,True,,,False,,,False,,,,,,0.0204
SND-JWD5K3XAR8QMQSYRE3F2,2025-03-16 00:01:46,2025-03-15,CMP-8OG5OXVROMXD,CLI-A8BGX1YLZR40,Email,template_CMP-8OG5OXVROMXD_3,,Sent,True,False,,False,,,False,,,,,,
SND-YL6NGY2T2HK7QAQTE1O3,2025-03-15 19:48:02,2025-03-15,CMP-NHBPKWMCNTDQ,CLI-JZB4A8T6YE7F,SMS,template_CMP-NHBPKWMCNTDQ_4,,Bounced,False,,,False,,,False,,,,,Invalid email address,0.1194
SND-9XGPNRT26GOAKIHS5Y4F,2025-03-15 18:22:39,2025-03-15,CMP-GQRJ44RTDT1P,CLI-KZ5I84H9WRZ6,WhatsApp,template_CMP-GQRJ44RTDT1P_5,,Sent,True,,,False,,,False,,,,,,0.0328
SND-PWM0FPCLM4P2F94T35TO,2025-03-16 04:00:41,2025-03-15,CMP-GQRJ44RTDT1P,CLI-NV3MLMT55ZGN,WhatsApp,template_CMP-GQRJ44RTDT1P_2,,Sent,True,,,False,,,False,,,,,,0.0224
SND-NLZS3SKYOAFWX08BAF6I,2025-03-15 15:23:49,2025-03-15,CMP-85H27OFZKCO6,CLI-FB7CSVDA5X3Q,SMS,template_CMP-85H27OFZKCO6_4,,Sent,True,False,,False,,,False,,,,,,0.0767
SND-0QTIEB1WYKCQL4DFBGPP,2025-03-15 11:36:59,2025-03-15,CMP-3RQ0RM77AJRO,CLI-AD3Z2XRWK1ID,Email,template_CMP-3RQ0RM77AJRO_1,¡Oferta especial en Cuenta Corriente!,Sent,True,False,,False,,,False,,,,,,0.0045
SND-M981917YK0BAY5960843,2025-03-15 11:04:42,2025-03-15,CMP-GQRJ44RTDT1P,CLI-JUKPBZP7Q0T2,WhatsApp,template_CMP-GQRJ44RTDT1P_1,,Sent,True,,,False,,,False,,,,,,0.0666
SND-QBNSQBVL8HNW0NLWLPGX,2025-03-16 01:37:20,2025-03-15,CMP-3RQ0RM77AJRO,CLI-MBU6FIIUGRT6,Email,template_CMP-3RQ0RM77AJRO_4,¡Oferta especial en Cuenta Corriente!,Sent,True,False,,False,,,False,,,,,,0.0084
SND-66SQZYF0N6OOWAW181YV,2025-03-15 15:05:11,2025-03-15,CMP-8OG5OXVROMXD,CLI-4MTAJ5YS9638,Email,template_CMP-8OG5OXVROMXD_3,¡Oferta especial en Tarjeta Crédito!,Sent,True,False,,False,,,False,,,,,,0.008
SND-K282MCYL21D5KDCXM2BZ,2025-03-15 13:51:17,2025-03-15,CMP-GQRJ44RTDT1P,CLI-A7P1UUHEM04G,WhatsApp,template_CMP-GQRJ44RTDT1P_4,,Sent,True,,,False,,,False,,,,,,
SND-WJ6VPWHQVMI2IPB0EWOH,2025-03-15 21:13:08,2025-03-15,CMP-NHBPKWMCNTDQ,CLI-XTP576E7QRU3,SMS,template_CMP-NHBPKWMCNTDQ_5,,Sent,True,False,,False,,,False,,,,,,0.1389
SND-VYZ28GHFA4UF2SVE3DQO,2025-03-16 02:26:13,2025-03-15,CMP-B9NYN6I82UTE,CLI-RI6IAEE2Q5ZL,Push,template_CMP-B9NYN6I82UTE_2,,Sent,True,True,2025-03-16 14:11:39,False,,,False,,,Tablet,Argentina,,0.0005
SND-O74R439S2TRN6B5GH6CD,2025-03-15 17:47:22,2025-03-15,CMP-85H27OFZKCO6,CLI-1DJIAW8SFWV5,SMS,template_CMP-85H27OFZKCO6_2,,Sent,True,False,,False,,,False,,,,,,0.0734
SND-M4H39GLDDL33GBGG4SWM,2025-03-15 11:40:48,2025-03-15,CMP-85H27OFZKCO6,CLI-EFUS6S306XOY,SMS,,,Sent,True,True,2025-03-16 14:20:16,False,,,False,,,Tablet,México,,0.1485
SND-4LLA66EEUT6Z96XEQ178,2025-03-15 21:23:53,2025-03-15,CMP-GQRJ44RTDT1P,CLI-EJIYL521DQIJ,WhatsApp,template_CMP-GQRJ44RTDT1P_4,,Sent,True,,,False,,,False,,,,,,0.0733
SND-GPP1Q2AEDLV1AQ8KEVA8,2025-03-16 03:05:04,2025-03-15,CMP-LMRDWALFK2Y3,CLI-AHOYWECI0BRE,SMS,template_CMP-LMRDWALFK2Y3_2,,Sent,True,False,,False,,,False,,,,,,0.0539
SND-Z5CLWUZDIGUUWQG3S2HU,2025-03-15 18:48:02,2025-03-15,CMP-8OG5OXVROMXD,CLI-HNUDJCKR88R0,Email,template_CMP-8OG5OXVROMXD_4,¡Oferta especial en Tarjeta Crédito!,Sent,True,False,,False,,,False,,,,,,0.0036
SND-ICIXCH5AYR5SQMN1J1I8,2025-03-15 13:35:23,2025-03-15,CMP-5CYPELXBDSTO,CLI-0PI1QC4P4MZN,WhatsApp,template_CMP-5CYPELXBDSTO_4,,Sent,True,,,False,,,False,,,,,,0.0323
SND-OSMLQYTNCBDQ4SBFW0W2,2025-03-15 10:58:29,2025-03-15,CMP-85H27OFZKCO6,CLI-SJADTWD5W9WK,SMS,template_CMP-85H27OFZKCO6_3,,Sent,True,False,,False,,,False,,,,,,0.1163
SND-O2G8M8L3QOF2RK87E8BL,2025-03-16 01:11:09,2025-03-15,CMP-8OG5OXVROMXD,CLI-KZOT211LVBYG,Email,template_CMP-8OG5OXVROMXD_4,¡Oferta especial en Tarjeta Crédito!,Sent,True,True,2025-03-22 22:06:36,False,,,False,,,Desktop,Colombia,,
SND-GB6CSPRW27A7BMR19JJ5,2025-03-15 22:51:41,2025-03-15,CMP-3RQ0RM77AJRO,CLI-2PIUPGESODDC,Email,template_CMP-3RQ0RM77AJRO_4,¡Oferta especial en Cuenta Corriente!,Sent,True,False,,False,,,False,,,,,,
SND-GVRYMPBUGP6PY6GWO66G,2025-03-16 05:55:54,2025-03-15,CMP-8OG5OXVROMXD,CLI-5H88SMUJTOLO,Email,template_CMP-8OG5OXVROMXD_2,¡Oferta especial en Tarjeta Crédito!,Sent,True,False,,False,,,False,,,,,,0.0038
SND-540N495FQZJABYGZ42QO,2025-03-15 12:34:03,2025-03-15,CMP-3RQ0RM77AJRO,CLI-4UX6HGGMQH90,Email,template_CMP-3RQ0RM77AJRO_1,¡Oferta especial en Cuenta Corriente!,Sent,True,True,2025-03-18 11:10:29,False,,,False,,,Tablet,Colombia,,0.0027
SND-UM6GO9AAKTKJ7A3ZKHN8,2025-03-16 02:10:51,2025-03-15,CMP-NHBPKWMCNTDQ,CLI-N4PTNJ3MOCE1,SMS,template_CMP-NHBPKWMCNTDQ_2,,Sent,True,False,,False,,,False,,,,,,0.134
SND-42MRAA72UIJQ7338Y5P1,2025-03-15 12:06:51,2025-03-15,CMP-LMRDWALFK2Y3,CLI-6SA66Z1ZWID4,SMS,template_CMP-LMRDWALFK2Y3_4,,Sent,True,False,,False,,,False,,,,,,0.0616
SND-96BCGOGG197M6FVDIEVD,2025-03-15 15:26:22,2025-03-15,CMP-8OG5OXVROMXD,CLI-LFZGTU7CCTHQ,Email,template_CMP-8OG5OXVROMXD_2,¡Oferta especial en Tarjeta Crédito!,Blocked,False,,,False,,,False,,,,,,0.0083
SND-6KZTKSWIAKBCB3TN3N5W,2025-03-16 05:37:46,2025-03-15,CMP-85H27OFZKCO6,CLI-K4UM2EC6JDXG,SMS,template_CMP-85H27OFZKCO6_4,,Sent,True,False,,False,,,False,,,,,,0.077
SND-IAGH7YIMGI7LCMS6F0UC,2025-03-15 15:09:18,2025-03-15,CMP-GQRJ44RTDT1P,CLI-CO00CD18Y6FK,WhatsApp,template_CMP-GQRJ44RTDT1P_2,,Sent,True,,,False,,,False,,,,,,0.0551
SND-QSRQEMEWOQRL5T7TLFE4,2025-03-16 03:29:19,2025-03-15,CMP-B9NYN6I82UTE,CLI-YY4ZUXLR437Q,Push,template_CMP-B9NYN6I82UTE_2,,Sent,True,True,2025-03-18 15:55:17,True,2025-03-18 16:03:48,2.0,False,,,Tablet,México,,0.0004
SND-1U9Y5IQAAKHJ3T1RERXX,2025-03-15 09:41:00,2025-03-15,CMP-NHBPKWMCNTDQ,CLI-3XTBQK7JL9AF,SMS,template_CMP-NHBPKWMCNTDQ_4,,Sent,True,False,,False,,,False,,,,,,
SND-LB62DCC9TOP84J97TW3R,2025-03-15 13:36:40,2025-03-15,CMP-LMRDWALFK2Y3,CLI-TOE74ZDFYAHV,SMS,,,Sent,True,False,,False,,,False,,,,,,0.0925
SND-6MH5UYP3ACD723USRTAM,2025-03-15 10:03:25,2025-03-15,CMP-NHBPKWMCNTDQ,CLI-RAXWELHYL845,SMS,template_CMP-NHBPKWMCNTDQ_2,,Sent,True,True,2025-03-18 05:13:15,False,,,False,,,Desktop,Argentina,,0.13
SND-BUGA3GI8ETSFWJCR512F,2025-03-15 11:23:19,2025-03-15,CMP-85H27OFZKCO6,CLI-PGLM6R3AHDNP,SMS,template_CMP-85H27OFZKCO6_2,,Sent,True,False,,False,,,False,,,,,,0.1465
SND-YMSPAN7OKZE870DR0DZ4,2025-03-15 13:08:17,2025-03-15,CMP-85H27OFZKCO6,CLI-ESVURQUNGK9K,SMS,template_CMP-85H27OFZKCO6_2,,Sent,True,True,2025-03-17 15:35:17,False,,,False,,,Desktop,México,,
SND-CAJ973L9EO6KA0TL9KKA,2025-03-15 06:43:23,2025-03-15,CMP-3RQ0RM77AJRO,CLI-7N1ES0MT4IFD,Email,template_CMP-3RQ0RM77AJRO_4,¡Oferta especial en Cuenta Corriente!,Sent,True,False,,False,,,False,,,,,,0.0018
SND-1BL306V56YK4J5EXBTNJ,2025-03-15 07:16:10,2025-03-15,CMP-B9NYN6I82UTE,CLI-VVWS8FVX6BG4,Push,template_CMP-B9NYN6I82UTE_5,,Sent,True,False,,False,,,False,,,,,,0.0004
SND-91TFWBLZJPK5AEFMF9O6,2025-03-16 01:14:45,2025-03-15,CMP-8OG5OXVROMXD,CLI-VJ481S57OOGI,Email,template_CMP-8OG5OXVROMXD_2,¡Oferta especial en Tarjeta Crédito!,Sent,True,False,,False,,,False,,,,,,0.0023
SND-49UH1JRKITPZHMVKYZEM,2025-03-16 01:33:50,2025-03-15,CMP-LMRDWALFK2Y3,CLI-SV3A1BNM1IXM,SMS,template_CMP-LMRDWALFK2Y3_5,,Sent,True,True,2025-03-18 05:44:39,False,,,False,,,Tablet,Colombia,,0.0972
SND-GSJV7LSDCU6SEACOKX78,2025-03-15 13:07:43,2025-03-15,CMP-B9NYN6I82UTE,CLI-8JOU02Y0S29Z,Push,template_CMP-B9NYN6I82UTE_1,,Sent,True,False,,False,,,False,,,,,,0.0002
SND-UDYNZ76VMZVHRH1E0U75,2025-03-15 06:23:41,2025-03-15,CMP-5CYPELXBDSTO,CLI-BOZSPS046G0U,WhatsApp,template_CMP-5CYPELXBDSTO_1,,Failed,False,,,False,,,False,,,,,SMTP error,0.0534
SND-HXCV5SAGUMV5A5K0UH75,2025-03-15 10:35:07,2025-03-15,CMP-B9NYN6I82UTE,CLI-P4CRK0E19VPE,Push,template_CMP-B9NYN6I82UTE_1,,Sent,True,False,,False,,,False,,,,,,
SND-PUXKTF85RX1UYUR73AHT,2025-03-15 22:05:15,2025-03-15,CMP-GQRJ44RTDT1P,CLI-0A7APOZL19DU,WhatsApp,template_CMP-GQRJ44RTDT1P_2,,Sent,True,,,False,,,False,,,,,,0.0312
SND-U7CT2LS1ISFUPTUADJ03,2025-03-15 19:17:17,2025-03-15,CMP-8OG5OXVROMXD,CLI-N3C4BHNVONPR,Email,template_CMP-8OG5OXVROMXD_3,¡Oferta especial en Tarjeta Crédito!,Sent,True,False,,False,,,False,,,,,,0.0035
SND-PP10Y5JYNT6WSZJUJKT5,2025-03-16 02:22:34,2025-03-15,CMP-5CYPELXBDSTO,CLI-KK64GTH0UPJC,WhatsApp,template_CMP-5CYPELXBDSTO_3,,Sent,True,,,False,,,False,,,,,,0.0782
SND-DJE2SBLYBUEF2L3UOKRJ,2025-03-16 01:59:53,2025-03-15,CMP-8OG5OXVROMXD,CLI-I28BES6LOUDI,Email,template_CMP-8OG5OXVROMXD_1,¡Oferta especial en Tarjeta Crédito!,Sent,True,False,,False,,,False,,,,,,0.0068
SND-E9N2JUTV5DMRIYU4P7V0,2025-03-15 17:20:36,2025-03-15,CMP-5CYPELXBDSTO,CLI-N94KHONEE128,WhatsApp,,,Sent,True,,,False,,,False,,,,,,0.0709
SND-4HPQ0LT0W6TJQFF3QWSY,2025-03-15 15:04:27,2025-03-15,CMP-LMRDWALFK2Y3,CLI-RELBZD88LFC7,SMS,template_CMP-LMRDWALFK2Y3_5,,Sent,True,False,,False,,,False,,,,,,0.0732
SND-VVLXKTCWO3RLV8G5U608,2025-03-16 01:49:50,2025-03-15,CMP-5CYPELXBDSTO,CLI-T5GAKGO4T6VY,WhatsApp,template_CMP-5CYPELXBDSTO_3,,Sent,True,,,False,,,False,,,,,,0.0327
SND-QEYJD0X7FZ517CK69Y19,2025-03-15 08:07:00,2025-03-15,CMP-GQRJ44RTDT1P,CLI-WWIHBSUR0B7L,WhatsApp,,,Sent,True,,,False,,,False,,,,,,0.0556
SND-PMF64AAMI49NWGXIZUII,2025-03-15 20:50:55,2025-03-15,CMP-LMRDWALFK2Y3,CLI-QN4VK6X43XPH,SMS,,,Sent,True,True,2025-03-18 23:57:56,False,,,False,,,Tablet,Colombia,,
SND-03E748AJIKTG5XWW2KQM,2025-03-15 15:15:56,2025-03-15,CMP-85H27OFZKCO6,CLI-3TIIYHE6B7KL,SMS,template_CMP-85H27OFZKCO6_1,,Sent,True,False,,False,,,False,,,,,,0.1209
SND-IDH4W99XXLDBIWS0A212,2025-03-16 01:26:22,2025-03-15,CMP-GQRJ44RTDT1P,CLI-OT5S9DPAEAPM,WhatsApp,,,Failed,False,,,False,,,False,,,,,SMTP error,0.0788
SND-4M67IZ2UALSB7J8C946F,2025-03-15 20:50:40,2025-03-15,CMP-GQRJ44RTDT1P,CLI-F8OSVBOUAPF0,WhatsApp,template_CMP-GQRJ44RTDT1P_5,,Sent,True,,,False,,,False,,,,,,0.0632
SND-EAVXIEJRGQTW2ALFR3T5,2025-03-15 20:47:39,2025-03-15,CMP-NHBPKWMCNTDQ,CLI-6HVN0RY30MS4,SMS,template_CMP-NHBPKWMCNTDQ_4,,Sent,True,True,2025-03-18 23:14:25,False,,,False,,,Desktop,México,,0.1473
SND-VL7K162AXMXD8ND5UR07,2025-03-15 17:35:14,2025-03-15,CMP-NHBPKWMCNTDQ,CLI-V243PWWMI7Q1,SMS,template_CMP-NHBPKWMCNTDQ_5,,Sent,True,True,2025-03-20 06:09:49,False,,,False,,,Tablet,Argentina,,0.0951
SND-JZ7ZU93J94HAJDGMF9K5,2025-03-15 22:03:08,2025-03-15,CMP-GQRJ44RTDT1P,CLI-U864CH9WRFZP,WhatsApp,template_CMP-GQRJ44RTDT1P_5,,Sent,True,,,False,,,False,,,,,,
SND-FEHJ18O7AXGQTDA4V7SA,2025-03-15 11:57:28,2025-03-15,CMP-NHBPKWMCNTDQ,CLI-4W631EV099FJ,SMS,template_CMP-NHBPKWMCNTDQ_2,,Sent,True,False,,False,,,False,,,,,,0.0845
SND-T1Z5R3SKYTDZ7I5Z0CCE,2025-03-15 11:18:55,2025-03-15,CMP-85H27OFZKCO6,CLI-VCVHXYD0BAXE,SMS,template_CMP-85H27OFZKCO6_1,,Sent,True,True,2025-03-19 23:15:37,False,,,False,,,Desktop,México,,0.109
SND-HSJK4WWYV2W26M2H2CY7,2025-03-15 09:02:22,2025-03-15,CMP-85H27OFZKCO6,CLI-0CZG7O4H0MV6,SMS,template_CMP-85H27OFZKCO6_4,,Sent,True,False,,False,,,False,,,,,,0.0649
SND-WTV1YR18N7IDMJULSNTH,2025-03-15 11:46:43,2025-03-15,CMP-B9NYN6I82UTE,CLI-5FS9HD88WQ9V,Push,template_CMP-B9NYN6I82UTE_4,,Sent,True,False,,False,,,False,,,,,,0.0003
SND-FVLWX71JW46JKETO68VM,2025-03-15 09:45:03,2025-03-15,CMP-8OG5OXVROMXD,CLI-82KL55LNCRPR,Email,template_CMP-8OG5OXVROMXD_4,¡Oferta especial en Tarjeta Crédito!,Sent,True,True,2025-03-19 01:51:00,False,,,False,,,Desktop,México,,0.0092
SND-EVDT5X5W3HQ8I069PDNT,2025-03-15 21:50:23,2025-03-15,CMP-LMRDWALFK2Y3,CLI-Z0S1VQ35X2BI,SMS,template_CMP-LMRDWALFK2Y3_2,,Sent,True,False,,False,,,False,,,,,,0.1013
SND-6VJIHD876KUJYNIM1T3K,2025-03-15 11:13:37,2025-03-15,CMP-8OG5OXVROMXD,CLI-V5882IS3VFKH,Email,template_CMP-8OG5OXVROMXD_2,¡Oferta especial en Tarjeta Crédito!,Sent,True,False,,False,,,False,,,,,,0.0041
SND-E7COD45WFQG9B7WI39S2,2025-03-15 20:30:16,2025-03-15,CMP-NHBPKWMCNTDQ,CLI-G5369Z4N1PB0,SMS,template_CMP-NHBPKWMCNTDQ_5,,Sent,True,False,,False,,,False,,,,,,0.1393
SND-6MBOZ04JB4A3JKERM0GN,2025-03-15 18:52:39,2025-03-15,CMP-3RQ0RM77AJRO,CLI-UOGGD4XQD0FU,Email,template_CMP-3RQ0RM77AJRO_2,¡Oferta especial en Cuenta Corriente!,Sent,True,False,,False,,,False,,,,,,0.0092
SND-PXYH1P1GSIULH0BWNUEY,2025-03-15 07:46:15,2025-03-15,CMP-8OG5OXVROMXD,CLI-7AIIMWW27LOO,Email,template_CMP-8OG5OXVROMXD_3,¡Oferta especial en Tarjeta Crédito!,Sent,True,False,,False,,,False,,,,,,0.0094
SND-VIMLV0OHLMHP0CDCU4U7,2025-03-15 08:25:57,2025-03-15,CMP-LMRDWALFK2Y3,CLI-WV2573H0VMJG,SMS,,,Sent,True,False,,False,,,False,,,,,,0.1064
SND-H5XYE45PEXJYT15AFCI9,2025-03-15 11:12:31,2025-03-15,CMP-85H27OFZKCO6,CLI-27PSIUQN0SG9,SMS,template_CMP-85H27OFZKCO6_3,,Sent,True,True,2025-03-21 16:35:01,False,,,False,,,Tablet,Colombia,,0.1127
SND-I3YBH9U5YB5MX0OGIBIS,2025-03-15 14:43:13,2025-03-15,CMP-8OG5OXVROMXD,CLI-4HYQLAVPQD50,Email,template_CMP-8OG5OXVROMXD_1,,Sent,True,True,2025-03-19 05:09:00,False,,,False,,,Mobile,Colombia,,0.0085
SND-V8SRE2R45WR4ZH6N9V0K,2025-03-15 12:12:15,2025-03-15,CMP-NHBPKWMCNTDQ,CLI-LBZEWCCBGRS8,SMS,template_CMP-NHBPKWMCNTDQ_5,,Sent,True,False,,False,,,False,,,,,,0.1169
SND-OMTB4I0JUYQV1XME9A7Q,2025-03-15 19:47:35,2025-03-15,CMP-5CYPELXBDSTO,CLI-UPLHGM59ZSEI,WhatsApp,template_CMP-5CYPELXBDSTO_4,,Sent,True,,,False,,,False,,,,,,
SND-0DO9N1QWO65I902ELOYE,2025-03-15 14:11:27,2025-03-15,CMP-85H27OFZKCO6,CLI-1N8MJ1XGJKE3,SMS,template_CMP-85H27OFZKCO6_2,,Sent,True,False,,False,,,False,,,,,,0.1237
SND-17O1V53397V95TCS6RDJ,2025-03-15 13:11:31,2025-03-15,CMP-B9NYN6I82UTE,CLI-0XEH74H756R2,Push,template_CMP-B9NYN6I82UTE_2,,Sent,True,False,,False,,,False,,,,,,0.0005
SND-7GP3E8VHVK1UVX1LMNZM,2025-03-16 00:28:16,2025-03-15,CMP-85H27OFZKCO6,CLI-N6M3SGGJ1MMO,SMS,template_CMP-85H27OFZKCO6_3,,Sent,True,False,,False,,,False,,,,,,0.1083
SND-HONYCW142T2L3954E5FQ,2025-03-15 12:34:16,2025-03-15,CMP-GQRJ44RTDT1P,CLI-3LWC7K86KZHN,WhatsApp,template_CMP-GQRJ44RTDT1P_2,,Sent,True,,,False,,,False,,,,,,0.0297
SND-VB010WXYCS07MR9EKD9S,2025-03-15 12:44:49,2025-03-15,CMP-85H27OFZKCO6,CLI-28I19000RCDS,SMS,template_CMP-85H27OFZKCO6_4,,Sent,True,True,2025-03-16 18:21:26,False,,,False,,,Tablet,México,,0.1181
SND-KDK1XOOEKI97885PVLSG,2025-03-15 09:24:31,2025-03-15,CMP-85H27OFZKCO6,CLI-87DY7EVRJJQI,SMS,template_CMP-85H27OFZKCO6_4,,Sent,True,True,2025-03-17 20:21:02,False,,,False,,,Desktop,México,,0.1116
SND-Y50SB0IF54OPXXMU3YS2,2025-03-15 22:51:23,2025-03-15,CMP-85H27OFZKCO6,CLI-E6N8SR3EYRLJ,SMS,template_CMP-85H27OFZKCO6_5,,Sent,True,False,,False,,,False,,,,,,
SND-ZY9EZF6PNFIHJB9XIMX8,2025-03-15 19:11:48,2025-03-15,CMP-NHBPKWMCNTDQ,CLI-6EM6B1BA0F1R,SMS,template_CMP-NHBPKWMCNTDQ_2,,Sent,True,False,,False,,,False,,,,,,0.135
SND-PTPR1CQHALDR89QQYAAE,2025-03-15 23:52:39,2025-03-15,CMP-8OG5OXVROMXD,CLI-5WV5OPJK9MA1,Email,template_CMP-8OG5OXVROMXD_3,¡Oferta especial en Tarjeta Crédito!,Sent,True,False,,False,,,False,,,,,,0.0041
SND-6R9DP4MMNS75B9LM7J9W,2025-03-15 19:28:13,2025-03-15,CMP-85H27OFZKCO6,CLI-MTEIK02DERBX,SMS,template_CMP-85H27OFZKCO6_4,,Sent,True,True,2025-03-19 01:57:35,False,,,False,,,Mobile,Argentina,,0.1054
SND-KCEAD379N3M4NEJFZ1HS,2025-03-16 05:46:37,2025-03-15,CMP-NHBPKWMCNTDQ,CLI-FPHUM1JRVRAQ,SMS,template_CMP-NHBPKWMCNTDQ_5,,Sent,True,False,,False,,,False,,,,,,0.0594
SND-N5C3N3AKN2HIBPNLF490,2025-03-16 00:06:25,2025-03-15,CMP-5CYPELXBDSTO,CLI-9399ZB72XJEO,WhatsApp,,,Sent,True,,,False,,,False,,,,,,0.0376
SND-WWAGXPCR3M61KZUEEPA5,2025-03-15 09:46:37,2025-03-15,CMP-5CYPELXBDSTO,CLI-8SI8N95AUXQL,WhatsApp,template_CMP-5CYPELXBDSTO_2,,Sent,True,,,False,,,False,,,,,,0.0691
SND-LETJLHD4VKBNJ3JGUWZI,2025-03-16 05:48:29,2025-03-15,CMP-GQRJ44RTDT1P,CLI-ODGTN9B2Y7SR,WhatsApp,template_CMP-GQRJ44RTDT1P_5,,Sent,True,,,False,,,False,,,,,,0.0201
SND-5MLH1AH83A3KPKXJPMZ7,2025-03-16 01:22:51,2025-03-15,CMP-5CYPELXBDSTO,CLI-XDSQJG927PWO,WhatsApp,template_CMP-5CYPELXBDSTO_3,,Sent,True,,,False,,,False,,,,,,0.0778
SND-DLTYQV34IE3L4THFHAT8,2025-03-16 05:04:59,2025-03-15,CMP-8OG5OXVROMXD,CLI-TTTPIWKM1KKD,Email,template_CMP-8OG5OXVROMXD_3,¡Oferta especial en Tarjeta Crédito!,Sent,True,True,2025-03-19 07:08:59,False,,,False,,,Mobile,,,0.0054
SND-MNUSQKCAP8D3M3BL68EI,2025-03-15 11:03:22,2025-03-15,CMP-85H27OFZKCO6,CLI-UNNLCM8JY1UU,SMS,template_CMP-85H27OFZKCO6_2,,Sent,True,True,2025-03-17 02:04:43,False,,,False,,,Tablet,Argentina,,0.1184
SND-IOQ8RFCM2VIQJD19WRW6,2025-03-15 06:49:29,2025-03-15,CMP-LMRDWALFK2Y3,CLI-41ZUWCIKPWEC,SMS,,,Sent,True,False,,False,,,False,,,,,,0.1309
SND-RFNZWM6BCQZVIYTTXJ2A,2025-03-15 17:25:19,2025-03-15,CMP-5CYPELXBDSTO,CLI-SQSPOCQJHBFL,WhatsApp,template_CMP-5CYPELXBDSTO_2,,Sent,True,,,False,,,False,,,,,,0.0282
SND-26GO00QEW2HR1SOLDPLL,2025-03-15 10:45:07,2025-03-15,CMP-8OG5OXVROMXD,CLI-SYRXZV30OMAO,Email,,¡Oferta especial en Tarjeta Crédito!,Sent,True,False,,False,,,False,,,,,,0.0097
SND-IVV3PB7OJOQ26GGV9TNH,2025-03-15 16:13:54,2025-03-15,CMP-NHBPKWMCNTDQ,CLI-N6TAPGKKO7LC,SMS,template_CMP-NHBPKWMCNTDQ_5,,Sent,True,False,,False,,,False,,,,,,0.0534
SND-6VOHXELDU35MHX9ZGYHD,2025-03-15 14:35:39,2025-03-15,CMP-85H27OFZKCO6,CLI-8BDKWDTLYAFP,SMS,template_CMP-85H27OFZKCO6_5,,Sent,True,False,,False,,,False,,,,,,0.137
SND-TU5K8PON9P88RU396SJN,2025-03-15 14:34:38,2025-03-15,CMP-B9NYN6I82UTE,CLI-ZNKP0M6JD01Z,Push,,,Sent,True,True,2025-03-21 05:35:48,True,2025-03-21 05:43:24,5.0,False,,,Tablet,Colombia,,
SND-U016UDOO3FEVQ26Y89OW,2025-03-15 10:44:32,2025-03-15,CMP-8OG5OXVROMXD,CLI-TH98U93JLOEH,Email,template_CMP-8OG5OXVROMXD_3,¡Oferta especial en Tarjeta Crédito!,Sent,True,False,,False,,,False,,,,,,0.0033
SND-9S73H8IN435F12N151Y5,2025-03-15 22:44:33,2025-03-15,CMP-8OG5OXVROMXD,CLI-CE9D42VHS75K,Email,template_CMP-8OG5OXVROMXD_4,¡Oferta especial en Tarjeta Crédito!,Sent,True,False,,False,,,False,,,,,,0.0053
SND-ZUQL65D79TE8GPTB7W4C,2025-03-15 15:11:04,2025-03-15,CMP-LMRDWALFK2Y3,CLI-Q8LZHK5GF2JB,SMS,template_CMP-LMRDWALFK2Y3_3,,Sent,True,False,,False,,,False,,,,,,0.1229
SND-50GTIMOPOD9CCCXIRLQC,2025-03-15 15:06:25,2025-03-15,CMP-5CYPELXBDSTO,CLI-FTOFZEP5KQD4,WhatsApp,template_CMP-5CYPELXBDSTO_1,,Sent,True,,,False,,,False,,,,,,
SND-XH8H5HJ5GU2ZEQMJ9OQU,2025-03-15 07:52:08,2025-03-15,CMP-GQRJ44RTDT1P,CLI-TPHQSOJQ9AU1,WhatsApp,template_CMP-GQRJ44RTDT1P_2,,Failed,False,,,False,,,False,,,,,SMTP error,0.0769
SND-18ZA3HO8FRGDC6OKRS35,2025-03-16 05:09:55,2025-03-15,CMP-GQRJ44RTDT1P,CLI-SOSQN9JYGPTW,WhatsApp,template_CMP-GQRJ44RTDT1P_4,,Sent,True,,,False,,,False,,,,,,0.0669
SND-MY2291BVP78VXIMSZBRK,2025-03-15 20:08:08,2025-03-15,CMP-B9NYN6I82UTE,CLI-9MKNTBORFHHP,Push,template_CMP-B9NYN6I82UTE_1,,Sent,True,True,2025-03-18 01:31:35,False,,,False,,,Tablet,Colombia,,0.0009
SND-RT9VJHJWEPDHKR5YGXU9,2025-03-16 02:34:41,2025-03-15,CMP-B9NYN6I82UTE,CLI-APU0JC43C1LH,Push,template_CMP-B9NYN6I82UTE_5,,Sent,True,False,,False,,,False,,,,,,0.0002
SND-XLBA6DOD13YQHMACJSNP,2025-03-15 19:36:55,2025-03-15,CMP-3RQ0RM77AJRO,CLI-Y6Q64BXDFU8P,Email,template_CMP-3RQ0RM77AJRO_4,¡Oferta especial en Cuenta Corriente!,Sent,True,False,,False,,,False,,,,,,0.0012
SND-5F6WOXPCEPKRNWF9IE2E,2025-03-15 22:58:32,2025-03-15,CMP-8OG5OXVROMXD,CLI-XXWMEVLZPN3X,Email,template_CMP-8OG5OXVROMXD_2,¡Oferta especial en Tarjeta Crédito!,Sent,True,False,,False,,,False,,,,,,0.0029
SND-REU8E7YDNWECLQO6IPF5,2025-03-15 07:18:57,2025-03-15,CMP-LMRDWALFK2Y3,CLI-J9B9GEAAZKBQ,SMS,template_CMP-LMRDWALFK2Y3_2,,Sent,True,True,2025-03-19 08:22:34,False,,,False,,,Tablet,Argentina,,0.1414
SND-K9LPUZUOYZIZ1PBV6JWM,2025-03-15 23:18:26,2025-03-15,CMP-3RQ0RM77AJRO,CLI-YWKMEKNAA8MR,Email,template_CMP-3RQ0RM77AJRO_5,¡Oferta especial en Cuenta Corriente!,Sent,True,True,2025-03-17 22:59:06,False,,,False,,,Mobile,México,,0.0033
SND-V5KK9FQPXU7EGM82PUQU,2025-03-16 01:38:46,2025-03-15,CMP-5CYPELXBDSTO,CLI-GCKJ32VPJHPA,WhatsApp,template_CMP-5CYPELXBDSTO_4,,Sent,True,,,False,,,False,,,,,,
SND-B7LYATCVL3NYKADIGN4T,2025-03-15 21:36:38,2025-03-15,CMP-8OG5OXVROMXD,CLI-32XXPE7APE38,Email,template_CMP-8OG5OXVROMXD_5,¡Oferta especial en Tarjeta Crédito!,Sent,True,False,,False,,,False,,,,,,0.0027
SND-ERSQZOK9MH8LJD6CUTIA,2025-03-15 11:18:35,2025-03-15,CMP-3RQ0RM77AJRO,CLI-7T9I03TD72RQ,Email,template_CMP-3RQ0RM77AJRO_3,¡Oferta especial en Cuenta Corriente!,Sent,True,False,,False,,,False,,,,,,0.0072
SND-ZWTBWQRZK8EUUAGDTD1L,2025-03-15 10:22:09,2025-03-15,CMP-3RQ0RM77AJRO,CLI-OJY2KH3B01RU,Email,template_CMP-3RQ0RM77AJRO_4,¡Oferta especial en Cuenta Corriente!,Sent,True,False,,False,,,False,,,,,,0.0031
SND-FF6PK68KYHS0RD2C4CFV,2025-03-15 15:23:02,2025-03-15,CMP-LMRDWALFK2Y3,CLI-PBLG2JJ92ZXN,SMS,,,Sent,True,False,,False,,,False,,,,,,0.1259
SND-BWWWFEY4M3C9N01R13RN,2025-03-15 18:33:33,2025-03-15,CMP-LMRDWALFK2Y3,CLI-RXLUJDKYRP4K,SMS,template_CMP-LMRDWALFK2Y3_3,,Sent,True,False,,False,,,False,,,,,,0.115
SND-JS3GTYG3YQ0TIUO1DM79,2025-03-15 23:18:39,2025-03-15,CMP-NHBPKWMCNTDQ,CLI-CS1T1X0EXTNK,SMS,template_CMP-NHBPKWMCNTDQ_1,,Sent,True,True,2025-03-21 04:30:54,False,,,False,,,Desktop,México,,0.1256
SND-CH28G04H4EEYB3E9STX2,2025-03-15 06:15:56,2025-03-15,CMP-B9NYN6I82UTE,CLI-7J50PWRIMA2S,Push,template_CMP-B9NYN6I82UTE_4,,Sent,True,False,,False,,,False,,,,,,0.0002
SND-4P8ICLTJQ8EU3FULXDTD,2025-03-16 03:54:00,2025-03-15,CMP-B9NYN6I82UTE,CLI-TQEMM0VJF3ET,Push,template_CMP-B9NYN6I82UTE_1,,Sent,True,False,,False,,,False,,,,,,0.0005
SND-362T4SW0VWNZR6PIY2JU,2025-03-15 21:43:13,2025-03-15,CMP-B9NYN6I82UTE,CLI-9GQMFSKAF4FZ,Push,template_CMP-B9NYN6I82UTE_1,,Sent,True,True,2025-03-18 21:03:41,False,,,False,,,Tablet,Colombia,,0.0002
SND-GFXDQUO9P3G3KC4BZ93O,2025-03-15 20:27:02,2025-03-15,CMP-5CYPELXBDSTO,CLI-KD7OZ9BC5W3O,WhatsApp,template_CMP-5CYPELXBDSTO_2,,Sent,True,,,False,,,False,,,,,,0.0507
SND-9JQHG9GBSX651Z2WV1BB,2025-03-15 21:37:01,2025-03-15,CMP-LMRDWALFK2Y3,CLI-QRFMBRQ36WJU,SMS,template_CMP-LMRDWALFK2Y3_4,,Sent,True,False,,False,,,False,,,,,,0.1243
SND-L8EAZCDL4MDNUL0GDNTN,2025-03-16 04:26:45,2025-03-15,CMP-LMRDWALFK2Y3,CLI-WOPAU2PA7VP7,SMS,template_CMP-LMRDWALFK2Y3_2,,Sent,True,False,,False,,,False,,,,,,0.1003
SND-8L5RVL616WRE2QOGW54T,2025-03-15 18:43:55,2025-03-15,CMP-B9NYN6I82UTE,CLI-EWAWDQTZIBQR,Push,template_CMP-B9NYN6I82UTE_2,,Sent,True,False,,False,,,False,,,,,,0.0004
SND-3VUMODRKG39R76E8LV5N,2025-03-16 05:50:38,2025-03-15,CMP-8OG5OXVROMXD,CLI-H1GPC07ATMMR,Email,template_CMP-8OG5OXVROMXD_1,¡Oferta especial en Tarjeta Crédito!,Sent,True,False,,False,,,False,,,,,,0.0079
SND-FW6NOT9Y9U3LRN9S563O,2025-03-15 17:52:26,2025-03-15,CMP-5CYPELXBDSTO,CLI-Y4WV0WJRK3K4,WhatsApp,template_CMP-5CYPELXBDSTO_5,,Sent,True,,,False,,,False,,,,,,0.038
SND-JE5KG6G2ZE19VZG76KZY,2025-03-16 03:05:01,2025-03-15,CMP-8OG5OXVROMXD,CLI-QHK6B3HH7L4B,Email,template_CMP-8OG5OXVROMXD_2,¡Oferta especial en Tarjeta Crédito!,Sent,True,True,2025-03-16 04:02:35,False,,,False,,,Tablet,México,,0.0095
SND-0ABA3FEP2P9KNEN1N0GW,2025-03-15 17:43:18,2025-03-15,CMP-3RQ0RM77AJRO,CLI-10ZUATF1RCD6,Email,template_CMP-3RQ0RM77AJRO_3,¡Oferta especial en Cuenta Corriente!,Sent,True,True,2025-03-19 16:51:36,False,,,False,,,,Colombia,,0.0086
SND-B9VMLYYM93YEDGOTSIYA,2025-03-15 14:47:53,2025-03-15,CMP-3RQ0RM77AJRO,CLI-4FT6YYS5P8U9,Email,template_CMP-3RQ0RM77AJRO_4,¡Oferta especial en Cuenta Corriente!,Sent,True,True,2025-03-19 19:35:37,False,,,False,,,Tablet,Colombia,,
SND-RG8T7HCIL5CUH8JUPF0P,2025-03-15 07:27:20,2025-03-15,CMP-LMRDWALFK2Y3,CLI-MSZ7K8UOI6RF,SMS,template_CMP-LMRDWALFK2Y3_2,,Sent,True,False,,False,,,False,,,,,,0.0548
SND-OBLOAFZYDEVKOTW2TUFQ,2025-03-15 20:17:54,2025-03-15,CMP-GQRJ44RTDT1P,CLI-MA2C55W1V8RS,WhatsApp,template_CMP-GQRJ44RTDT1P_1,,Sent,True,,,False,,,False,,,,,,0.0278
SND-ZJ7DR9LI7IFAIURO8ZB9,2025-03-16 05:26:50,2025-03-15,CMP-8OG5OXVROMXD,CLI-UGB24GUNOFF7,Email,template_CMP-8OG5OXVROMXD_3,¡Oferta especial en Tarjeta Crédito!,Sent,True,True,2025-03-18 02:19:48,False,,,False,,,Desktop,Colombia,,0.0045
SND-6HSH1VTBEM5LS523DOV7,2025-03-15 07:10:24,2025-03-15,CMP-B9NYN6I82UTE,CLI-Z4VEJACDBONE,Push,template_CMP-B9NYN6I82UTE_3,,Sent,True,False,,False,,,False,,,,,,0.0005
SND-HJLZX86T712K36H24H88,2025-03-15 21:28:19,2025-03-15,CMP-8OG5OXVROMXD,CLI-HTGPAXJDEZAB,Email,template_CMP-8OG5OXVROMXD_2,,Sent,True,False,,False,,,False,,,,,,0.0043
SND-ZFEINIMOVHOLBDXLW2OZ,2025-03-16 05:03:33,2025-03-15,CMP-85H27OFZKCO6,CLI-Y9WU1GYHKZK1,SMS,template_CMP-85H27OFZKCO6_4,,Sent,True,True,2025-03-18 08:24:55,True,2025-03-18 08:41:59,4.0,False,,,Desktop,México,,0.0774
SND-Z4D6HXPDI0PA6QKKJ49R,2025-03-16 03:34:59,2025-03-15,CMP-8OG5OXVROMXD,CLI-OI6E68TFEG29,Email,template_CMP-8OG5OXVROMXD_2,¡Oferta especial en Tarjeta Crédito!,Sent,True,False,,False,,,False,,,,,,0.0071
SND-K74MR37GFPQDOXDXL9IM,2025-03-15 10:00:51,2025-03-15,CMP-B9NYN6I82UTE,CLI-TVYA1CFF31Z1,Push,template_CMP-B9NYN6I82UTE_3,,Sent,True,False,,False,,,False,,,,,,0.0005
SND-X96YUYZJ7M5TB63K68HO,2025-03-15 08:42:50,2025-03-15,CMP-LMRDWALFK2Y3,CLI-R1YOUH7FB4CU,SMS,,,Sent,True,False,,False,,,False,,,,,,0.1186
SND-BSL8IS3SBE636K7SA156,2025-03-15 21:29:03,2025-03-15,CMP-LMRDWALFK2Y3,CLI-L43DYOJXPQ1E,SMS,template_CMP-LMRDWALFK2Y3_4,,Sent,True,False,,False,,,False,,,,,,0.0926
SND-UMNMLTYBAX6FSPPOBB2C,2025-03-15 15:33:58,2025-03-15,CMP-5CYPELXBDSTO,CLI-DGRLER3UZZO9,WhatsApp,template_CMP-5CYPELXBDSTO_4,,Sent,True,,,False,,,False,,,,,,0.0221
SND-GAYRH6SSE48AFNBGTS3L,2025-03-16 00:13:47,2025-03-15,CMP-GQRJ44RTDT1P,CLI-1EQJ93SR5TYH,WhatsApp,template_CMP-GQRJ44RTDT1P_1,,Bounced,False,,,False,,,False,,,,,Invalid email address,0.0435
SND-OITWGAVZL09L4KKO09G5,2025-03-15 11:41:20,2025-03-15,CMP-5CYPELXBDSTO,CLI-7J01GSG7X7RB,WhatsApp,template_CMP-5CYPELXBDSTO_2,,Sent,True,,,False,,,False,,,,,,0.0325
SND-FJ3RDHW0AZXC5R90WTZM,2025-03-16 04:22:00,2025-03-15,CMP-5CYPELXBDSTO,CLI-RJ3GDK3CVFP4,WhatsApp,template_CMP-5CYPELXBDSTO_1,,Sent,True,,,False,,,False,,,,,,
SND-5N42Z2G1034EC6JNOJYJ,2025-03-15 13:44:34,2025-03-15,CMP-3RQ0RM77AJRO,CLI-GMRLM8KN5TJC,Email,,¡Oferta especial en Cuenta Corriente!,Sent,True,False,,False,,,False,,,,,,
SND-KRMDR3W1G13YBU1X6XRD,2025-03-15 22:48:17,2025-03-15,CMP-85H27OFZKCO6,CLI-WFWJGOO26C5K,SMS,template_CMP-85H27OFZKCO6_1,,Sent,True,False,,False,,,False,,,,,,0.1352
SND-HECL6L3GQKFE44I4M90P,2025-03-16 05:39:26,2025-03-15,CMP-85H27OFZKCO6,CLI-JPU6862W3GCM,SMS,template_CMP-85H27OFZKCO6_4,,Sent,True,True,2025-03-18 07:19:51,False,,,False,,,Desktop,México,,0.1139
SND-47CGA1I3FPBTXP3HYCT4,2025-03-15 22:41:56,2025-03-15,CMP-GQRJ44RTDT1P,CLI-ARDGH4ZY2LMD,WhatsApp,template_CMP-GQRJ44RTDT1P_1,,Sent,True,,,False,,,False,,,,,,
SND-I92DE78YWENJCHUNC03S,2025-03-15 08:38:18,2025-03-15,CMP-3RQ0RM77AJRO,CLI-JS10SHOWM1TM,Email,,¡Oferta especial en Cuenta Corriente!,Sent,True,True,2025-03-17 13:36:11,True,2025-03-17 13:53:51,2.0,False,,,Mobile,Colombia,,
SND-MPE0DH2K2QHQKLUGO43M,2025-03-15 20:30:06,2025-03-15,CMP-LMRDWALFK2Y3,CLI-9FNR132EPQN4,SMS,template_CMP-LMRDWALFK2Y3_3,,Sent,True,True,2025-03-21 03:57:39,False,,,False,,,Tablet,Argentina,,0.103
SND-L3KAAZEMZC5DQHIEZ8QJ,2025-03-16 02:47:30,2025-03-15,CMP-8OG5OXVROMXD,CLI-K6957PMPZVCE,Email,,¡Oferta especial en Tarjeta Crédito!,Sent,True,False,,False,,,False,,,,,,0.0023
SND-N586H3DD4XBBHG7T41W2,2025-03-15 10:23:12,2025-03-15,CMP-NHBPKWMCNTDQ,CLI-UULGSKZVO0X7,SMS,template_CMP-NHBPKWMCNTDQ_1,,Sent,True,True,2025-03-15 11:03:27,False,,,False,,,Desktop,México,,0.137
SND-XFEY21DG16SRN9SFEAKG,2025-03-15 20:35:21,2025-03-15,CMP-3RQ0RM77AJRO,CLI-5Z9N5MCRLPQA,Email,template_CMP-3RQ0RM77AJRO_5,¡Oferta especial en Cuenta Corriente!,Sent,True,False,,False,,,False,,,,,,0.002
SND-7VLC8AEC4JO2QDQYU6BN,2025-03-15 23:42:34,2025-03-15,CMP-LMRDWALFK2Y3,CLI-EQ7F87GYUIE0,SMS,template_CMP-LMRDWALFK2Y3_1,,Sent,True,True,2025-03-16 01:44:31,False,,,False,,,Desktop,,,0.0956
SND-NNKVRDIAZVQ988FGIFS4,2025-03-16 00:15:56,2025-03-15,CMP-8OG5OXVROMXD,CLI-G0V5HDS3CJNQ,Email,template_CMP-8OG5OXVROMXD_2,¡Oferta especial en Tarjeta Crédito!,Sent,True,False,,False,,,False,,,,,,0.0037
SND-J9LCXVGNLBNKBMRBXRHE,2025-03-15 07:30:00,2025-03-15,CMP-3RQ0RM77AJRO,CLI-WT62OR5K3D05,Email,template_CMP-3RQ0RM77AJRO_5,¡Oferta especial en Cuenta Corriente!,Failed,False,,,False,,,False,,,,,SMTP error,0.0035
SND-YM7YHUAKMX9HB9RL8XKN,2025-03-15 07:15:06,2025-03-15,CMP-3RQ0RM77AJRO,CLI-WIINU41DHEHV,Email,template_CMP-3RQ0RM77AJRO_4,¡Oferta especial en Cuenta Corriente!,Sent,True,False,,False,,,False,,,,,,
SND-1OA50O109B9T6V002SJ4,2025-03-15 20:47:03,2025-03-15,CMP-LMRDWALFK2Y3,CLI-17QW5ZU6RD1M,SMS,template_CMP-LMRDWALFK2Y3_2,,Sent,True,True,2025-03-16 05:42:38,False,,,False,,,Tablet,Argentina,,
SND-REUDQGV4RF2DCTFPP5QD,2025-03-16 02:21:02,2025-03-15,CMP-8OG5OXVROMXD,CLI-H4T1LT64C9BJ,Email,template_CMP-8OG5OXVROMXD_3,¡Oferta especial en Tarjeta Crédito!,Sent,True,True,2025-03-16 23:24:53,False,,,False,,,Tablet,Argentina,,
SND-QQHJ6WJP56YGJ9RR0895,2025-03-16 05:21:46,2025-03-15,CMP-8OG5OXVROMXD,CLI-1MFW0YZSC72N,Email,template_CMP-8OG5OXVROMXD_3,¡Oferta especial en Tarjeta Crédito!,Sent,True,False,,False,,,False,,,,,,0.0056
SND-Q4P9MG0G0Z1D5GXLNUK4,2025-03-15 14:05:13,2025-03-15,CMP-5CYPELXBDSTO,CLI-SAH77F2AFLN1,WhatsApp,template_CMP-5CYPELXBDSTO_1,,Sent,True,,,False,,,False,,,,,,0.0572
SND-EKMH1B7XNJXCQRALOVTR,2025-03-15 21:04:32,2025-03-15,CMP-NHBPKWMCNTDQ,CLI-6GDZ5Z7PLVTH,SMS,template_CMP-NHBPKWMCNTDQ_5,,Sent,True,True,2025-03-20 17:29:44,False,,,False,,,Tablet,Colombia,,0.1253
SND-0VG94RVWQR44C59KC95C,2025-03-15 18:42:20,2025-03-15,CMP-85H27OFZKCO6,CLI-V5KW9AWCPMEY,SMS,template_CMP-85H27OFZKCO6_3,,Sent,True,False,,False,,,False,,,,,,
SND-HCXDOKSEBWTMZ0JUUPKD,2025-03-16 02:34:39,2025-03-15,CMP-NHBPKWMCNTDQ,CLI-31F0D0H2KMP8,SMS,template_CMP-NHBPKWMCNTDQ_3,,Sent,True,False,,False,,,False,,,,,,0.1378
SND-PZVKDD0FQX5DQ0R23XWL,2025-03-15 07:44:36,2025-03-15,CMP-GQRJ44RTDT1P,CLI-YBKTIKCQY0E2,WhatsApp,template_CMP-GQRJ44RTDT1P_3,,Sent,True,,,False,,,False,,,,,,0.0211
SND-FK8IEQGHE6MA0GC29BGE,2025-03-15 07:13:28,2025-03-15,CMP-NHBPKWMCNTDQ,CLI-IV092VZR6NQT,SMS,template_CMP-NHBPKWMCNTDQ_5,,Failed,False,,,False,,,False,,,,,SMTP error,0.1396
SND-RDYJVH7NZWZM75LIQXN7,2025-03-15 18:53:55,2025-03-15,CMP-8OG5OXVROMXD,CLI-QTVI0VFCCBG1,Email,template_CMP-8OG5OXVROMXD_5,¡Oferta especial en Tarjeta Crédito!,Sent,True,True,2025-03-16 21:58:07,False,,,False,,,Tablet,México,,
SND-UW5U48SSY0JD0VHNDQMY,2025-03-16 03:27:19,2025-03-15,CMP-GQRJ44RTDT1P,CLI-B954HXMM287A,WhatsApp,template_CMP-GQRJ44RTDT1P_2,,Sent,True,,,False,,,False,,,,,,0.0443
SND-IVPSRPX5FOWFSLHJ1D1J,2025-03-15 22:45:12,2025-03-15,CMP-NHBPKWMCNTDQ,CLI-IOY3YVZO2B64,SMS,template_CMP-NHBPKWMCNTDQ_2,,Failed,False,,,False,,,False,,,,,SMTP error,0.1008
SND-W0MB4F59J2E9COIRD1UW,2025-03-15 23:17:04,2025-03-15,CMP-3RQ0RM77AJRO,CLI-6A1834JHWZO1,Email,template_CMP-3RQ0RM77AJRO_4,¡Oferta especial en Cuenta Corriente!,Sent,True,False,,False,,,False,,,,,,0.0085
SND-Q4XPIQBLBPZQC74FUAEC,2025-03-16 01:19:15,2025-03-15,CMP-5CYPELXBDSTO,CLI-IUO2X485J0OK,WhatsApp,template_CMP-5CYPELXBDSTO_1,,Failed,False,,,False,,,False,,,,,SMTP error,0.0435
SND-YD891J19ZROPL5KEAE9P,2025-03-15 16:54:14,2025-03-15,CMP-8OG5OXVROMXD,CLI-8736N0FOYS50,Email,template_CMP-8OG5OXVROMXD_3,¡Oferta especial en Tarjeta Crédito!,Sent,True,False,,False,,,False,,,,,,0.0052
SND-V1VQ0NIAFTUF41AX99SW,2025-03-16 02:48:57,2025-03-15,CMP-8OG5OXVROMXD,CLI-WPWKJA370APV,Email,template_CMP-8OG5OXVROMXD_3,¡Oferta especial en Tarjeta Crédito!,Sent,True,False,,False,,,False,,,,,,0.0085
SND-RZ3ZAIB0FICGJA3QAH16,2025-03-15 19:06:33,2025-03-15,CMP-B9NYN6I82UTE,CLI-O23SP62YCFLH,Push,template_CMP-B9NYN6I82UTE_1,,Sent,True,True,2025-03-20 23:50:09,False,,,False,,,Desktop,México,,0.0002
SND-L0A7BIT3E8AN530U6TUP,2025-03-16 02:59:58,2025-03-15,CMP-8OG5OXVROMXD,CLI-PTIJVXZCCWIO,Email,template_CMP-8OG5OXVROMXD_2,,Sent,True,False,,False,,,False,,,,,,0.0057
SND-CEOEFAIMM8WORVQFEC7P,2025-03-16 05:04:50,2025-03-15,CMP-B9NYN6I82UTE,CLI-8UDKRABTDV30,Push,,,Blocked,False,,,False,,,False,,,,,User blocked sender,0.0006
SND-51TKXI9XJKCP6Z0WKKWM,2025-03-15 11:08:44,2025-03-15,CMP-B9NYN6I82UTE,CLI-8SRSXEHYA5HO,Push,template_CMP-B9NYN6I82UTE_5,,Sent,True,False,,False,,,False,,,,,,0.0008
SND-I22DNNK3JLSHGXGD1AK3,2025-03-15 13:24:08,2025-03-15,CMP-3RQ0RM77AJRO,CLI-GOJIDGZBSTAG,Email,template_CMP-3RQ0RM77AJRO_5,¡Oferta especial en Cuenta Corriente!,Sent,True,False,,False,,,False,,,,,,0.0084
SND-04SDN0J3SUAXHSFXJX2W,2025-03-15 10:36:36,2025-03-15,CMP-GQRJ44RTDT1P,CLI-71N2BSIA8NMM,WhatsApp,,,Sent,True,,,False,,,False,,,,,,0.0505
SND-33WMU3064VHIOGS2HPUF,2025-03-15 22:18:23,2025-03-15,CMP-85H27OFZKCO6,CLI-HVDCXUVNSZV8,SMS,template_CMP-85H27OFZKCO6_4,,Sent,True,True,2025-03-20 22:55:05,False,,,False,,,,Argentina,,0.1092
SND-W57Q57BOZK2OUJS8MB1N,2025-03-16 01:24:47,2025-03-15,CMP-8OG5OXVROMXD,CLI-8GARHHO4MGJT,Email,template_CMP-8OG5OXVROMXD_4,¡Oferta especial en Tarjeta Crédito!,Sent,True,True,2025-03-22 01:58:03,False,,,False,,,,Argentina,,0.0028
SND-XD2DU37FR2ZAGTZ1CHCH,2025-03-15 09:47:51,2025-03-15,CMP-5CYPELXBDSTO,CLI-US4P9JBPIIW4,WhatsApp,template_CMP-5CYPELXBDSTO_3,,Sent,True,,,False,,,False,,,,,,0.0223
SND-E8HEPAVAN1XNU5TAQHBG,2025-03-15 12:27:46,2025-03-15,CMP-8OG5OXVROMXD,CLI-XKI17NUEEJXX,Email,,¡Oferta especial en Tarjeta Crédito!,Sent,True,False,,False,,,False,,,,,,0.0028
SND-NSLVO25I8T0F8M9AEZZ2,2025-03-15 21:16:42,2025-03-15,CMP-B9NYN6I82UTE,CLI-HPPVAWGDD96P,Push,template_CMP-B9NYN6I82UTE_2,,Sent,True,True,2025-03-18 10:04:31,False,,,False,,,Mobile,México,,0.0001
SND-ZG0VSSJRFBJO68Y6FMD7,2025-03-15 08:25:41,2025-03-15,CMP-LMRDWALFK2Y3,CLI-4KBYI0H6QU66,SMS,template_CMP-LMRDWALFK2Y3_1,,Sent,True,True,2025-03-19 00:22:10,False,,,False,,,Tablet,Argentina,,0.0903
SND-YUUOPHMQK7X6RND8PVG2,2025-03-15 23:09:58,2025-03-15,CMP-8OG5OXVROMXD,CLI-NA4285Y0PLYU,Email,template_CMP-8OG5OXVROMXD_3,¡Oferta especial en Tarjeta Crédito!,Sent,True,False,,False,,,False,,,,,,0.0067
SND-CWEMOTZW1DKDEW07DUSM,2025-03-15 07:35:05,2025-03-15,CMP-5CYPELXBDSTO,CLI-KOSNSL7ZAEFI,WhatsApp,template_CMP-5CYPELXBDSTO_1,,Sent,True,,,False,,,False,,,,,,0.068
SND-FOSQD10P27ITSTU1BD7M,2025-03-15 17:21:48,2025-03-15,CMP-5CYPELXBDSTO,CLI-SACQC9YUV7SO,WhatsApp,template_CMP-5CYPELXBDSTO_4,,Sent,True,,,False,,,False,,,,,,0.0645
SND-O4XGLR9W4AIMH9H9R0FI,2025-03-15 12:00:44,2025-03-15,CMP-8OG5OXVROMXD,CLI-W6CYG2XGJXVX,Email,template_CMP-8OG5OXVROMXD_3,¡Oferta especial en Tarjeta Crédito!,Sent,True,False,,False,,,False,,,,,,
SND-OT119KEP8TK8A2OFZO3H,2025-03-15 13:14:59,2025-03-15,CMP-GQRJ44RTDT1P,CLI-6DJZPIKLUR0C,WhatsApp,template_CMP-GQRJ44RTDT1P_4,,Sent,True,,,False,,,False,,,,,,0.0463
SND-WPQSJKDNVOLJWHYAL2G7,2025-03-15 23:44:22,2025-03-15,CMP-B9NYN6I82UTE,CLI-OJI6837SHE48,Push,template_CMP-B9NYN6I82UTE_4,,Sent,True,True,2025-03-22 21:33:23,False,,,False,,,Mobile,México,,0.0005
SND-GPR676A46F2RINL0LFV6,2025-03-15 10:48:05,2025-03-15,CMP-B9NYN6I82UTE,CLI-00YDI3NV2WUU,Push,,,Sent,True,True,2025-03-15 13:22:59,False,,,False,,,Mobile,México,,0.0003
SND-VCKY6AK2S2K6UWYP592Z,2025-03-15 09:20:53,2025-03-15,CMP-LMRDWALFK2Y3,CLI-9W18LV4W3X2B,SMS,template_CMP-LMRDWALFK2Y3_5,,Sent,True,True,2025-03-20 21:43:30,False,,,False,,,Tablet,Colombia,,0.1095
SND-36P81VNH8UC5RZ7NV1R9,2025-03-15 09:43:52,2025-03-15,CMP-3RQ0RM77AJRO,CLI-ERG31FW67JHK,Email,template_CMP-3RQ0RM77AJRO_5,¡Oferta especial en Cuenta Corriente!,Sent,True,False,,False,,,False,,,,,,0.0087
SND-CUPKDJKXPPQB09PGIVOX,2025-03-15 21:05:42,2025-03-15,CMP-LMRDWALFK2Y3,CLI-V59NF8DPBJSG,SMS,template_CMP-LMRDWALFK2Y3_4,,Sent,True,True,2025-03-22 03:54:49,False,,,False,,,Mobile,Argentina,,0.0507
SND-O1LVDBH02I9THH7LRUNZ,2025-03-15 06:02:23,2025-03-15,CMP-LMRDWALFK2Y3,CLI-G9ZLFLK5IXHG,SMS,template_CMP-LMRDWALFK2Y3_5,,Bounced,False,,,False,,,False,,,,,Invalid email address,0.109
SND-6IB1NTGOL9MO5V45ULMT,2025-03-16 00:22:45,2025-03-15,CMP-LMRDWALFK2Y3,CLI-V4L3J8UH8V51,SMS,template_CMP-LMRDWALFK2Y3_5,,Sent,True,True,2025-03-22 04:57:12,False,,,False,,,Mobile,Colombia,,0.1174
SND-Q0FR6KX2C5E1TAL6NZ0Q,2025-03-15 12:43:22,2025-03-15,CMP-5CYPELXBDSTO,CLI-RFLNWZDAY05N,WhatsApp,template_CMP-5CYPELXBDSTO_2,,Sent,True,,,False,,,False,,,,,,0.076
SND-51803BWG5N7TCO40MY9G,2025-03-15 07:17:47,2025-03-15,CMP-5CYPELXBDSTO,CLI-2RMSA4VSIB92,WhatsApp,template_CMP-5CYPELXBDSTO_2,,Sent,True,,,False,,,False,,,,,,0.0483
SND-8GHVCUFXYWE4AX3CWAOI,2025-03-15 17:19:52,2025-03-15,CMP-85H27OFZKCO6,CLI-CDT5SON03JGD,SMS,template_CMP-85H27OFZKCO6_4,,Sent,True,False,,False,,,False,,,,,,0.0606
SND-SDI65SZ7NW0E02TM5LVN,2025-03-15 09:32:07,2025-03-15,CMP-NHBPKWMCNTDQ,CLI-0DHER1W85YG5,SMS,template_CMP-NHBPKWMCNTDQ_5,,Sent,True,False,,False,,,False,,,,,,0.1114
SND-3RNNJ4O6S4U4GK0GUZ86,2025-03-16 00:36:10,2025-03-15,CMP-NHBPKWMCNTDQ,CLI-T5HWG332U5Q7,SMS,template_CMP-NHBPKWMCNTDQ_4,,Sent,True,True,2025-03-18 12:54:09,False,,,False,,,Mobile,Colombia,,0.1273
SND-OA7J1FWTFS6ONW47DJAF,2025-03-15 20:22:22,2025-03-15,CMP-NHBPKWMCNTDQ,CLI-FX2EPYUO1U9W,SMS,template_CMP-NHBPKWMCNTDQ_4,,Sent,True,True,2025-03-20 20:50:30,False,,,False,,,Tablet,Colombia,,0.0925
SND-8O5YE659GUV5TP1PJ5DT,2025-03-15 08:01:01,2025-03-15,CMP-5CYPELXBDSTO,CLI-10PYCSZZOUQD,WhatsApp,template_CMP-5CYPELXBDSTO_1,,Failed,False,,,False,,,False,,,,,,0.0552
SND-I3P0IGDO8PV3EIX3U7R2,2025-03-16 02:46:33,2025-03-15,CMP-B9NYN6I82UTE,CLI-UDNKZTR4MPEZ,Push,template_CMP-B9NYN6I82UTE_1,,Sent,True,False,,False,,,False,,,,,,
SND-XYO2NN3B78S46FRW3C94,2025-03-16 02:30:39,2025-03-15,CMP-LMRDWALFK2Y3,CLI-SBGNBNIEI1M0,SMS,template_CMP-LMRDWALFK2Y3_1,,Sent,True,False,,False,,,False,,,,,,0.0562
SND-ZI76MY388P9VEFBW3GEZ,2025-03-15 20:05:39,2025-03-15,CMP-LMRDWALFK2Y3,CLI-G12L1N1DGYA1,SMS,template_CMP-LMRDWALFK2Y3_1,,Sent,True,False,,False,,,False,,,,,,0.1201
SND-3QN7NPI8N8AGUNRI7DHY,2025-03-15 15:21:09,2025-03-15,CMP-LMRDWALFK2Y3,CLI-8NCY4PU2EMPY,SMS,template_CMP-LMRDWALFK2Y3_5,,Sent,True,False,,False,,,False,,,,,,0.1191
SND-WIDPGRFYXW94DCPWFMQR,2025-03-15 07:35:26,2025-03-15,CMP-5CYPELXBDSTO,CLI-B18LH92CSNJO,WhatsApp,,,Sent,True,,,False,,,False,,,,,,0.0748
SND-ES9SY5M5FQ0BZMEDH9HU,2025-03-16 00:25:30,2025-03-15,CMP-85H27OFZKCO6,CLI-RPGMQOLJ58Q5,SMS,template_CMP-85H27OFZKCO6_2,,Sent,True,True,2025-03-17 10:06:08,False,,,False,,,Mobile,México,,0.106
SND-V8UB7MDAEAB7A9WTND9T,2025-03-15 13:26:30,2025-03-15,CMP-5CYPELXBDSTO,CLI-2HPNKQX68SGL,WhatsApp,,,Sent,True,,,False,,,False,,,,,,0.0437
SND-1HP9LYS06E4YXM5JUMG7,2025-03-15 16:34:53,2025-03-15,CMP-NHBPKWMCNTDQ,CLI-U0QH1ESA513S,SMS,template_CMP-NHBPKWMCNTDQ_4,,Sent,True,False,,False,,,False,,,,,,0.0798
SND-JNH707SBPW50U3BLK7SH,2025-03-15 19:31:13,2025-03-15,CMP-B9NYN6I82UTE,CLI-GFZ275EYGKVA,Push,template_CMP-B9NYN6I82UTE_1,,Sent,True,False,,False,,,False,,,,,,0.0006
SND-TJR6JTVIIPGX8UIADKO9,2025-03-15 17:20:54,2025-03-15,CMP-8OG5OXVROMXD,CLI-AZ8IVQNFYKWG,Email,template_CMP-8OG5OXVROMXD_5,¡Oferta especial en Tarjeta Crédito!,Sent,True,False,,False,,,False,,,,,,
SND-FV1QR526ZS871AJ2UF98,2025-03-15 11:46:08,2025-03-15,CMP-GQRJ44RTDT1P,CLI-APFGF4P7779P,WhatsApp,template_CMP-GQRJ44RTDT1P_5,,Sent,True,,,False,,,False,,,,,,0.0348
SND-TVF8GLXTP8TLXTXVFPSM,2025-03-16 05:13:15,2025-03-15,CMP-B9NYN6I82UTE,CLI-KBOLX598GQ1G,Push,template_CMP-B9NYN6I82UTE_1,,Sent,True,False,,False,,,False,,,,,,
SND-757CTVAT3V5QBHEYR25C,2025-03-15 12:51:11,2025-03-15,CMP-LMRDWALFK2Y3,CLI-8L8AMZKW5B5X,SMS,template_CMP-LMRDWALFK2Y3_4,,Sent,True,True,2025-03-16 06:39:02,False,,,False,,,Tablet,Argentina,,
SND-C3Y1VUPG7J1D9SHBU5EC,2025-03-15 20:28:30,2025-03-15,CMP-8OG5OXVROMXD,CLI-SKQRTT4FMC65,Email,template_CMP-8OG5OXVROMXD_4,¡Oferta especial en Tarjeta Crédito!,Sent,True,False,,False,,,False,,,,,,0.0045
SND-UE0JOE2RRXLBIEQHQQP8,2025-03-15 20:03:42,2025-03-15,CMP-B9NYN6I82UTE,CLI-XWI30V03RFR3,Push,,,Sent,True,True,2025-03-21 00:30:37,False,,,False,,,Desktop,Argentina,,0.0004
SND-0BDGV30E8MP18RD6USPK,2025-03-15 23:44:31,2025-03-15,CMP-LMRDWALFK2Y3,CLI-XSQF6QXFE1GQ,SMS,template_CMP-LMRDWALFK2Y3_2,,Sent,True,True,2025-03-17 14:02:51,False,,,False,,,Tablet,Colombia,,0.1312
SND-BMWHLWS9Z862LFQW9Z2W,2025-03-15 11:19:14,2025-03-15,CMP-NHBPKWMCNTDQ,CLI-EW7MJ9PG7S7J,SMS,template_CMP-NHBPKWMCNTDQ_4,,Sent,True,False,,False,,,False,,,,,,0.1472
SND-ADHPJ8UHPKQREBGRZFTI,2025-03-15 10:44:58,2025-03-15,CMP-5CYPELXBDSTO,CLI-M0WO0EYEDYV7,WhatsApp,template_CMP-5CYPELXBDSTO_3,,Sent,True,,,False,,,False,,,,,,0.0532
SND-UJQGKTYM5M46C6F76403,2025-03-15 17:09:09,2025-03-15,CMP-NHBPKWMCNTDQ,CLI-F6KOJ0DDFYE7,SMS,template_CMP-NHBPKWMCNTDQ_4,,Sent,True,False,,False,,,False,,,,,,0.1192
SND-EH77751A8IQMSFR43IPR,2025-03-15 14:16:29,2025-03-15,CMP-LMRDWALFK2Y3,CLI-Q7KGD1FH7T3Y,SMS,template_CMP-LMRDWALFK2Y3_4,,Sent,True,True,2025-03-15 20:00:27,False,,,False,,,Mobile,México,,0.0733
SND-C65T2U6PKW3YLY9FHUPK,2025-03-15 13:41:44,2025-03-15,CMP-5CYPELXBDSTO,CLI-62XTES20QW5J,WhatsApp,template_CMP-5CYPELXBDSTO_5,,Sent,True,,,False,,,False,,,,,,0.0249
SND-9NITDLVLWTV2Y8SN2RE6,2025-03-15 15:53:52,2025-03-15,CMP-GQRJ44RTDT1P,CLI-5GJWSXIZ6CVK,WhatsApp,template_CMP-GQRJ44RTDT1P_2,,Sent,True,,,False,,,False,,,,,,0.051
SND-Y3HGRTFB85QDVROJNS2Z,2025-03-16 02:23:54,2025-03-15,CMP-GQRJ44RTDT1P,CLI-M8L92J6JU0B6,WhatsApp,template_CMP-GQRJ44RTDT1P_2,,Sent,True,,,False,,,False,,,,,,
SND-QT9210STFDASPQCYUWW7,2025-03-15 15:03:25,2025-03-15,CMP-LMRDWALFK2Y3,CLI-9Q1V0HT0VM86,SMS,template_CMP-LMRDWALFK2Y3_5,,Sent,True,False,,False,,,False,,,,,,0.0794
SND-ALUT4ZDEH0ZH2VG2IP15,2025-03-15 18:09:20,2025-03-15,CMP-GQRJ44RTDT1P,CLI-9ZXNJB67FU4D,WhatsApp,template_CMP-GQRJ44RTDT1P_5,,Sent,True,,,False,,,False,,,,,,0.036
SND-BD6H428CEXR16RUZ5OB5,2025-03-15 20:28:25,2025-03-15,CMP-3RQ0RM77AJRO,CLI-VR3SN8Y5MWX7,Email,,,Sent,True,False,,False,,,False,,,,,,0.0086
SND-KN6CSDVTNOUKAO2WFGKT,2025-03-15 12:00:29,2025-03-15,CMP-NHBPKWMCNTDQ,CLI-9DAEXJVC2BJY,SMS,,,Sent,True,True,2025-03-15 19:40:51,True,2025-03-15 19:56:50,5.0,False,,,Mobile,México,,0.0659
SND-4MCYKE0H9U91Z0J89VIZ,2025-03-15 18:20:07,2025-03-15,CMP-B9NYN6I82UTE,CLI-X5LI8D98ZD8U,Push,template_CMP-B9NYN6I82UTE_5,,Sent,True,True,2025-03-19 04:34:30,False,,,False,,,,Argentina,,0.0003
SND-D7IWZFR1SFTS7YZKZMBC,2025-03-15 07:18:22,2025-03-15,CMP-LMRDWALFK2Y3,CLI-QOM5NU6EPJ7Q,SMS,template_CMP-LMRDWALFK2Y3_2,,Sent,True,True,2025-03-17 00:24:22,False,,,False,,,,Argentina,,0.0808
SND-UH46ROWBW3T98XBGPRM5,2025-03-15 06:16:21,2025-03-15,CMP-3RQ0RM77AJRO,CLI-MT6PRO09UN1B,Email,template_CMP-3RQ0RM77AJRO_2,¡Oferta especial en Cuenta Corriente!,Sent,True,True,2025-03-21 20:11:14,False,,,False,,,Tablet,,,0.0053
SND-GU336IKI3STZNHC8VMO2,2025-03-16 00:10:08,2025-03-15,CMP-LMRDWALFK2Y3,CLI-SM6Q0O9AZ85J,SMS,template_CMP-LMRDWALFK2Y3_5,,Sent,True,False,,False,,,False,,,,,,0.0691
SND-06Z04YQSJ0AV8IO5ZU5L,2025-03-15 21:26:56,2025-03-15,CMP-8OG5OXVROMXD,CLI-XUN5HQG6OITF,Email,template_CMP-8OG5OXVROMXD_2,¡Oferta especial en Tarjeta Crédito!,Sent,True,False,,False,,,False,,,,,,0.0026
SND-HHE9HNULZOXHA9Y8F8H2,2025-03-16 00:00:57,2025-03-15,CMP-LMRDWALFK2Y3,CLI-SJXRR99S53KC,SMS,template_CMP-LMRDWALFK2Y3_4,,Sent,True,True,2025-03-20 16:15:26,False,,,False,,,Mobile,México,,
SND-QL4V6IMRIV4DY7YEW0LD,2025-03-15 06:40:18,2025-03-15,CMP-GQRJ44RTDT1P,CLI-XJMY6JAHJVIR,WhatsApp,template_CMP-GQRJ44RTDT1P_4,,Sent,True,,,False,,,False,,,,,,0.058
SND-4206669ETBI0Z28673SP,2025-03-15 14:35:46,2025-03-15,CMP-3RQ0RM77AJRO,CLI-7MTGYVSFTYZH,Email,template_CMP-3RQ0RM77AJRO_4,¡Oferta especial en Cuenta Corriente!,Sent,True,True,2025-03-17 21:46:02,True,2025-03-17 21:56:58,5.0,False,,,Mobile,México,,0.0012
SND-LF2C48CXPEG3QW3BVIC8,2025-03-15 08:09:52,2025-03-15,CMP-85H27OFZKCO6,CLI-ES1PYV9ERTQR,SMS,template_CMP-85H27OFZKCO6_2,,Sent,True,False,,False,,,False,,,,,,0.1344
SND-850RM8J5JX9QZQXYOOAT,2025-03-15 18:11:46,2025-03-15,CMP-LMRDWALFK2Y3,CLI-22BRPTTWXWPS,SMS,template_CMP-LMRDWALFK2Y3_1,,Sent,True,False,,False,,,False,,,,,,0.0947
SND-FKDC8O96XZLV1GUC8I3F,2025-03-15 15:07:56,2025-03-15,CMP-8OG5OXVROMXD,CLI-AUBO1ECSTFZK,Email,template_CMP-8OG5OXVROMXD_2,¡Oferta especial en Tarjeta Crédito!,Sent,True,False,,False,,,False,,,,,,0.0022
SND-VB0HYDP7BJDUG8M8I0QG,2025-03-16 05:34:42,2025-03-15,CMP-85H27OFZKCO6,CLI-PZU6FPOY4MV1,SMS,,,Sent,True,False,,False,,,False,,,,,,0.1299
SND-WALZU7V0KS8PBPXHMAZQ,2025-03-15 15:14:05,2025-03-15,CMP-NHBPKWMCNTDQ,CLI-KBHSNAHGFB0L,SMS,template_CMP-NHBPKWMCNTDQ_2,,Sent,True,False,,False,,,False,,,,,,0.1199
SND-1D09GLS2PE954NX75OOH,2025-03-15 20:18:54,2025-03-15,CMP-NHBPKWMCNTDQ,CLI-PZ851KGDZASL,SMS,template_CMP-NHBPKWMCNTDQ_3,,Bounced,False,,,False,,,False,,,,,,0.1017
SND-Q26HTJT7N0HR7KDW0ZU3,2025-03-15 23:32:06,2025-03-15,CMP-B9NYN6I82UTE,CLI-IWSOFG8PX1I5,Push,template_CMP-B9NYN6I82UTE_3,,Sent,True,False,,False,,,False,,,,,,0.0003
SND-IB89LHYSQF4I46FLJ9W2,2025-03-15 15:44:35,2025-03-15,CMP-LMRDWALFK2Y3,CLI-W0PQAMN4LOOB,SMS,template_CMP-LMRDWALFK2Y3_5,,Sent,True,True,2025-03-16 05:42:37,False,,,False,,,,Colombia,,0.1465
SND-Z1J641CIL8TKCVLY9BDO,2025-03-15 06:41:37,2025-03-15,CMP-5CYPELXBDSTO,CLI-QYTCW83TONMW,WhatsApp,template_CMP-5CYPELXBDSTO_4,,Sent,True,,,False,,,False,,,,,,0.0545
SND-N2O91R1N8J6DMLVHS8EG,2025-03-16 03:24:11,2025-03-15,CMP-85H27OFZKCO6,CLI-53OTS9YNSUQL,SMS,template_CMP-85H27OFZKCO6_4,,Sent,True,False,,False,,,False,,,,,,
SND-T0XAT5F0HI3P13QSYWI1,2025-03-16 00:17:13,2025-03-15,CMP-5CYPELXBDSTO,CLI-XGPJCR5HMKA2,WhatsApp,,,Sent,True,,,False,,,False,,,,,,0.067
SND-NVJR5Z9UTVU3K8UJ8P0S,2025-03-16 01:10:25,2025-03-15,CMP-3RQ0RM77AJRO,CLI-1OV8U2WNH4K9,Email,,¡Oferta especial en Cuenta Corriente!,Sent,True,False,,False,,,False,,,,,,0.0072
SND-NDDEZDWQS5M8KZ8QWAM9,2025-03-15 14:30:22,2025-03-15,CMP-5CYPELXBDSTO,CLI-059KL6JL439P,WhatsApp,template_CMP-5CYPELXBDSTO_3,,Sent,True,,,False,,,False,,,,,,0.0458
SND-2NIRMPPZ3G71293LIKU2,2025-03-15 11:44:49,2025-03-15,CMP-8OG5OXVROMXD,CLI-K4HM1SYKGWZO,Email,template_CMP-8OG5OXVROMXD_4,¡Oferta especial en Tarjeta Crédito!,Sent,True,True,2025-03-18 23:46:09,False,,,False,,,Mobile,Colombia,,0.004
SND-G12IWU9Q3S5UTS13M9JI,2025-03-15 12:14:24,2025-03-15,CMP-8OG5OXVROMXD,CLI-PYKW3GMQ1JAM,Email,template_CMP-8OG5OXVROMXD_2,,Sent,True,True,2025-03-15 15:36:57,False,,,False,,,Mobile,,,0.0053
SND-RN67X3NB20XAJV5WANLU,2025-03-16 00:48:21,2025-03-15,CMP-NHBPKWMCNTDQ,CLI-E68PWL1H2T17,SMS,,,Sent,True,True,2025-03-21 12:59:10,False,,,False,,,Desktop,Argentina,,0.1451
SND-COJDPPKKBJ7JE062FTRT,2025-03-15 22:58:59,2025-03-15,CMP-B9NYN6I82UTE,CLI-MT7YR952OXOU,Push,,,Sent,True,True,2025-03-16 02:38:19,False,,,False,,,Tablet,México,,0.0004
SND-8AJ4211BX27KVKLASG6Y,2025-03-16 04:08:10,2025-03-15,CMP-8OG5OXVROMXD,CLI-TEHEB82HGL13,Email,template_CMP-8OG5OXVROMXD_3,¡Oferta especial en Tarjeta Crédito!,Sent,True,True,2025-03-16 04:52:55,True,2025-03-16 05:02:25,2.0,False,,,Mobile,Argentina,,0.0086
SND-ONPBN3YHAEE8AQQP92N5,2025-03-15 15:01:25,2025-03-15,CMP-NHBPKWMCNTDQ,CLI-KL8LKAU8BR7N,SMS,template_CMP-NHBPKWMCNTDQ_3,,Sent,True,False,,False,,,False,,,,,,
SND-FCQQKTUZQJCQX0QWSZPH,2025-03-15 14:58:53,2025-03-15,CMP-GQRJ44RTDT1P,CLI-AJPSXFNFA9CI,WhatsApp,template_CMP-GQRJ44RTDT1P_2,,Sent,True,,,False,,,False,,,,,,0.0529
SND-FECOSM2X9B619XY0WMQA,2025-03-15 10:37:20,2025-03-15,CMP-85H27OFZKCO6,CLI-EUGLQWTMHJF3,SMS,template_CMP-85H27OFZKCO6_4,,Sent,True,False,,False,,,False,,,,,,0.1331
SND-PEAVTDGD3SLAMVBA97XX,2025-03-15 23:23:38,2025-03-15,CMP-NHBPKWMCNTDQ,CLI-N7Z7YYTHZKI8,SMS,template_CMP-NHBPKWMCNTDQ_1,,Failed,False,,,False,,,False,,,,,SMTP error,0.1114
SND-R9FAES2SINDZVSRLTT7P,2025-03-16 01:05:34,2025-03-15,CMP-B9NYN6I82UTE,CLI-AQKDUJFTKYC9,Push,template_CMP-B9NYN6I82UTE_1,,Sent,True,False,,False,,,False,,,,,,0.0009
SND-C04D0AHT83NMA8U474RM,2025-03-15 11:30:08,2025-03-15,CMP-NHBPKWMCNTDQ,CLI-URYA2H92XQ9O,SMS,template_CMP-NHBPKWMCNTDQ_3,,Sent,True,True,2025-03-19 23:52:15,False,,,False,,,Desktop,México,,0.0883
